received_at,sequence,millis,gain,integration_time,pwm_percent,pwm_raw,page,415,445,480,515,555,590,630,680,nir,clear
2026-09-14T22:09:23.054428+00:00,4,2838,128x,300ms,25,64,0,0,0,0,0,0,0,0,0,0,0
2026-09-14T22:09:23.759018+00:00,5,3555,128x,300ms,25,64,0,0,0,0,0,0,0,0,0,0,0
2026-09-14T22:09:24.479036+00:00,6,4272,128x,300ms,25,64,1,0,0,0,0,0,0,0,0,0,0
2026-09-14T22:09:25.199948+00:00,7,4988,128x,300ms,25,64,1,0,0,0,0,0,0,0,0,0,0
2026-09-14T22:09:25.919289+00:00,8,5705,128x,300ms,25,64,1,0,0,0,0,0,0,0,0,0,1
2026-09-14T22:09:26.639009+00:00,9,6422,128x,300ms,25,64,1,0,0,0,0,0,0,0,0,0,1
2026-09-14T22:09:27.359193+00:00,10,7139,128x,300ms,25,64,1,0,0,0,0,472,371,526,200,204,1164
2026-09-14T22:09:28.079011+00:00,11,7862,128x,300ms,25,64,0,51,141,169,193,463,366,540,204,215,1155
2026-09-14T22:09:28.799494+00:00,12,8583,128x,300ms,25,64,0,49,138,165,191,506,407,562,216,220,1188
2026-09-14T22:09:29.526871+00:00,13,9305,128x,300ms,25,64,0,47,130,153,181,465,364,546,204,220,1165
2026-09-14T22:09:30.247336+00:00,14,10027,128x,300ms,25,64,0,113,1153,564,234,695,540,695,340,285,3677
2026-09-14T22:09:30.975276+00:00,15,10749,128x,300ms,25,64,0,128,1248,1253,346,561,407,547,218,253,1486
2026-09-14T22:09:31.695775+00:00,16,11473,128x,300ms,25,64,1,61,170,208,238,744,656,722,310,337,1927
2026-09-14T22:09:32.415451+00:00,17,12196,128x,300ms,25,64,1,75,245,372,277,401,335,445,203,259,1324
2026-09-14T22:09:33.135926+00:00,18,12920,128x,300ms,25,64,1,95,1180,714,202,418,294,468,170,213,1134
2026-09-14T22:09:33.863163+00:00,19,13643,128x,300ms,25,64,1,30,77,83,115,103,99,158,55,53,307
2026-09-14T22:09:34.583204+00:00,20,14365,128x,300ms,25,64,1,17,48,54,66,142,114,188,65,57,384
2026-09-14T22:09:35.294544+00:00,21,15086,128x,300ms,25,64,0,22,60,68,87,283,207,341,120,130,708
2026-09-14T22:09:36.016057+00:00,22,15807,128x,300ms,25,64,0,27,77,87,109,254,187,305,107,105,627
2026-09-14T22:09:36.735283+00:00,23,16528,128x,300ms,25,64,0,25,67,77,98,91,71,123,40,38,266
2026-09-14T22:09:37.455179+00:00,24,17248,128x,300ms,25,64,0,6,17,18,33,67,51,72,32,43,191
2026-09-14T22:09:38.166847+00:00,25,17967,128x,300ms,25,64,0,5,14,17,27,15,4,3,0,0,28
2026-09-14T22:09:38.886764+00:00,26,18684,128x,300ms,25,64,1,0,14,6,0,0,0,0,0,0,14
2026-09-14T22:09:39.607054+00:00,27,19401,128x,300ms,25,64,1,0,14,8,0,0,0,0,0,0,9
2026-09-14T22:09:40.327722+00:00,28,20119,128x,300ms,25,64,1,0,13,8,0,0,0,0,0,0,14
2026-09-14T22:09:41.038953+00:00,29,20836,128x,300ms,25,64,1,0,18,10,0,0,0,0,0,0,7
2026-09-14T22:09:41.758998+00:00,30,21554,128x,300ms,25,64,1,0,10,6,0,0,0,0,0,0,13
2026-09-14T22:09:42.471007+00:00,31,22272,128x,300ms,25,64,0,0,29,15,0,0,0,0,0,0,17
2026-09-14T22:09:43.191929+00:00,32,22989,128x,300ms,25,64,0,0,12,8,0,0,0,0,0,0,9
2026-09-14T22:09:43.910218+00:00,33,23706,128x,300ms,25,64,0,0,11,6,0,0,0,0,0,0,9
2026-09-14T22:09:44.623889+00:00,34,24423,128x,300ms,25,64,0,0,10,6,0,0,0,0,0,0,9
2026-09-14T22:09:45.343606+00:00,35,25141,128x,300ms,25,64,0,0,11,7,0,0,0,0,0,0,10
2026-09-14T22:09:46.055117+00:00,36,25858,128x,300ms,25,64,1,0,11,7,0,0,0,0,0,0,10
2026-09-14T22:09:46.775147+00:00,37,26575,128x,300ms,25,64,1,0,11,7,0,0,1,0,0,0,11
2026-09-14T22:09:47.495886+00:00,38,27292,128x,300ms,25,64,1,0,11,7,0,0,0,0,0,0,11
2026-09-14T22:09:48.209905+00:00,39,28010,128x,300ms,25,64,1,0,11,7,0,1,1,0,0,0,11
2026-09-14T22:09:48.927583+00:00,40,28727,128x,300ms,25,64,1,0,11,7,0,0,0,0,0,0,10
2026-09-14T22:09:49.647215+00:00,41,29445,128x,300ms,25,64,0,0,10,6,0,0,0,0,0,0,14
2026-09-14T22:09:50.367132+00:00,42,30162,128x,300ms,25,64,0,26,473,216,24,29,37,31,29,3,569
2026-09-14T22:09:51.087946+00:00,43,30882,128x,300ms,25,64,0,30,541,246,28,29,37,30,28,3,569
2026-09-14T22:09:51.815731+00:00,44,31603,128x,300ms,25,64,0,30,541,246,29,29,38,31,29,3,569
2026-09-14T22:09:52.529346+00:00,45,32324,128x,300ms,25,64,0,30,540,246,29,29,37,31,28,3,568
2026-09-14T22:09:53.256158+00:00,46,33045,128x,300ms,25,64,1,30,540,246,28,29,38,31,28,3,568
2026-09-14T22:09:53.970205+00:00,47,33765,128x,300ms,25,64,1,31,540,246,29,29,37,31,29,3,569
2026-09-14T22:09:54.688837+00:00,48,34485,128x,300ms,25,64,1,30,541,246,29,29,37,31,29,3,569
2026-09-14T22:09:55.410978+00:00,49,35206,128x,300ms,25,64,1,30,541,246,28,29,38,31,29,3,569
2026-09-14T22:09:56.131475+00:00,50,35926,128x,300ms,25,64,1,30,541,245,27,21,25,23,25,1,548
2026-09-14T22:09:56.849490+00:00,51,36646,128x,300ms,25,64,0,29,540,243,24,22,25,23,26,2,548
2026-09-14T22:09:57.568799+00:00,52,37366,128x,300ms,25,64,0,30,540,243,25,22,25,23,25,2,549
2026-09-14T22:09:58.288884+00:00,53,38087,128x,300ms,25,64,0,30,540,244,25,23,28,25,26,2,553
2026-09-14T22:09:59.013061+00:00,54,38808,128x,300ms,25,64,0,30,542,247,29,29,38,31,29,3,571
2026-09-14T22:09:59.733186+00:00,55,39529,128x,300ms,25,64,0,30,541,246,28,29,38,31,29,3,570
2026-09-14T22:10:00.445005+00:00,56,40250,128x,300ms,25,64,1,30,541,246,28,26,33,28,27,3,552
2026-09-14T22:10:01.173238+00:00,57,40970,128x,300ms,25,64,1,13,259,120,12,12,14,12,11,0,256
2026-09-14T22:10:01.892465+00:00,58,41690,128x,300ms,25,64,1,13,257,122,13,15,19,16,13,0,280
2026-09-14T22:10:02.613702+00:00,59,42411,128x,300ms,25,64,1,13,258,122,14,15,19,16,13,0,280
2026-09-14T22:10:03.325842+00:00,60,43130,128x,300ms,25,64,1,14,258,122,14,15,19,16,13,0,280
2026-09-14T22:10:04.053829+00:00,61,43850,128x,300ms,25,64,0,13,257,122,14,15,19,15,14,0,280
2026-09-14T22:10:04.772720+00:00,62,44570,128x,300ms,25,64,0,13,258,122,14,13,17,14,13,0,276
2026-09-14T22:10:05.484717+00:00,63,45291,128x,300ms,25,64,0,11,225,106,9,8,8,8,9,0,226
2026-09-14T22:10:06.205059+00:00,64,46010,128x,300ms,25,64,0,14,265,126,14,15,19,16,14,0,286
2026-09-14T22:10:06.925828+00:00,65,46730,128x,300ms,25,64,0,14,266,127,15,15,20,16,14,0,287
2026-09-14T22:10:07.653369+00:00,66,47450,128x,300ms,25,64,1,55,985,441,42,58,59,62,80,12,1887
2026-09-14T22:10:08.372750+00:00,67,48171,128x,300ms,25,64,1,116,2066,905,85,66,66,71,92,13,2105
2026-09-14T22:10:09.092867+00:00,68,48892,128x,300ms,25,64,1,121,2141,938,88,64,64,68,88,13,2042
2026-09-14T22:10:09.812829+00:00,69,49614,128x,300ms,25,64,1,117,2068,906,85,64,64,69,90,13,2094
2026-09-14T22:10:10.533023+00:00,70,50335,128x,300ms,25,64,1,117,2073,908,85,65,66,70,91,13,2119
2026-09-14T22:10:11.263131+00:00,71,51056,128x,300ms,25,64,0,117,2069,908,85,65,66,70,90,13,2112
2026-09-14T22:10:11.983396+00:00,72,51778,128x,300ms,25,64,0,117,2068,908,85,65,66,70,90,13,2113
2026-09-14T22:10:12.704638+00:00,73,52500,128x,300ms,25,64,0,117,2069,909,85,65,66,70,91,14,2115
2026-09-14T22:10:13.424341+00:00,74,53222,128x,300ms,25,64,0,117,2076,913,85,66,67,71,92,14,2147
2026-09-14T22:10:14.144573+00:00,75,53944,128x,300ms,25,64,0,120,2130,938,88,67,68,73,94,14,2152
2026-09-14T22:10:14.865228+00:00,76,54666,128x,300ms,25,64,1,115,2053,907,85,66,67,71,92,13,2108
2026-09-14T22:10:15.584663+00:00,77,55387,128x,300ms,25,64,1,119,2112,933,87,53,55,57,73,10,1705
2026-09-14T22:10:16.304884+00:00,78,56109,128x,300ms,25,64,1,10,201,94,12,15,19,16,16,0,357
2026-09-14T22:10:17.017452+00:00,79,56828,128x,300ms,25,64,1,13,249,117,14,30,39,33,31,3,617
2026-09-14T22:10:17.736767+00:00,80,57548,128x,300ms,25,64,1,16,312,146,17,6,6,7,9,0,265
2026-09-14T22:10:18.448908+00:00,81,58266,128x,300ms,25,64,0,0,10,6,0,0,0,0,0,0,10
2026-09-14T22:10:19.167956+00:00,82,58984,128x,300ms,25,64,0,0,11,7,0,0,0,0,0,0,10
2026-09-14T22:10:19.889474+00:00,83,59701,128x,300ms,25,64,0,0,10,6,0,0,0,0,0,0,9
2026-09-14T22:10:20.600435+00:00,84,60418,128x,300ms,25,64,0,0,10,6,0,0,0,0,0,0,9
2026-09-14T22:10:21.321301+00:00,85,61135,128x,300ms,25,64,0,0,10,6,0,0,0,0,0,0,8
2026-09-14T22:10:22.032969+00:00,86,61852,128x,300ms,25,64,1,0,10,6,0,0,0,0,0,0,10
2026-09-14T22:10:22.759578+00:00,87,62570,128x,300ms,25,64,1,0,10,6,0,0,0,0,0,0,10
2026-09-14T22:10:23.473159+00:00,88,63288,128x,300ms,25,64,1,0,10,6,0,0,0,0,0,0,10
2026-09-14T22:10:24.192505+00:00,89,64006,128x,300ms,25,64,1,0,10,6,0,0,0,0,0,0,8
2026-09-14T22:10:24.904737+00:00,90,64722,128x,300ms,25,64,1,0,10,6,0,0,0,0,0,0,8
2026-09-14T22:10:25.617089+00:00,91,65440,128x,300ms,25,64,0,0,10,6,0,0,0,0,0,0,8
2026-09-14T22:10:26.336235+00:00,92,66157,128x,300ms,25,64,0,0,9,5,0,0,0,0,0,0,2
2026-09-14T22:10:27.056427+00:00,93,66874,128x,300ms,25,64,0,0,0,0,0,0,0,0,0,0,1
2026-09-14T22:10:27.767929+00:00,94,67591,128x,300ms,25,64,0,0,0,0,0,0,0,0,0,0,0
2026-09-14T22:10:28.488984+00:00,95,68307,128x,300ms,25,64,0,0,0,0,0,0,0,0,0,0,0
2026-09-14T22:10:29.210205+00:00,96,69024,128x,300ms,25,64,1,0,0,0,0,0,0,0,0,0,0
2026-09-14T22:10:29.920608+00:00,97,69742,128x,300ms,25,64,1,0,0,0,0,0,0,0,0,0,0
2026-09-14T22:10:30.640836+00:00,98,70459,128x,300ms,25,64,1,0,0,0,0,0,0,0,0,0,0
2026-09-14T22:10:31.353203+00:00,99,71177,128x,300ms,25,64,1,0,0,0,0,0,0,0,0,0,0
2026-09-14T22:10:32.072549+00:00,100,71894,128x,300ms,25,64,1,0,0,0,0,0,0,0,0,0,0
2026-09-14T22:10:32.792591+00:00,101,72611,128x,300ms,25,64,0,0,0,0,0,0,0,0,0,0,1
2026-09-14T22:10:33.504304+00:00,102,73328,128x,300ms,25,64,0,0,0,0,0,0,0,0,0,0,13
2026-09-14T22:10:34.224581+00:00,103,74045,128x,300ms,25,64,0,1,36,19,0,0,1,1,0,0,34
2026-09-14T22:10:34.944498+00:00,104,74763,128x,300ms,25,64,0,1,43,22,0,1,1,1,0,0,37
2026-09-14T22:10:35.664902+00:00,105,75481,128x,300ms,25,64,0,1,44,22,0,1,1,0,0,0,37
2026-09-14T22:10:36.376228+00:00,106,76197,128x,300ms,25,64,1,1,43,22,0,0,0,0,0,0,35
2026-09-14T22:10:37.097033+00:00,107,76915,128x,300ms,25,64,1,1,43,21,0,0,0,0,0,0,34
2026-09-14T22:10:37.816653+00:00,108,77634,128x,300ms,25,64,1,1,43,21,0,1,1,0,0,0,36
2026-09-14T22:10:38.528884+00:00,109,78352,128x,300ms,25,64,1,1,44,21,0,0,0,0,0,0,35
2026-09-14T22:10:39.248201+00:00,110,79070,128x,300ms,25,64,1,1,43,21,0,0,1,0,0,0,36
2026-09-14T22:10:39.969208+00:00,111,79788,128x,300ms,25,64,0,1,42,21,0,0,0,0,0,0,34
2026-09-14T22:10:40.688808+00:00,112,80505,128x,300ms,25,64,0,1,39,19,0,0,0,0,0,0,33
2026-09-14T22:10:41.408718+00:00,113,81222,128x,300ms,25,64,0,39,739,342,31,18,21,19,21,0,457
2026-09-14T22:10:42.128932+00:00,114,81943,128x,300ms,25,64,0,24,450,213,21,19,23,20,21,1,460
2026-09-14T22:10:42.849423+00:00,115,82664,128x,300ms,25,64,0,24,449,212,21,20,24,21,22,1,462
2026-09-14T22:10:43.569093+00:00,116,83384,128x,300ms,25,64,1,24,450,214,23,22,27,22,22,1,465
2026-09-14T22:10:44.288678+00:00,117,84105,128x,300ms,25,64,1,24,450,213,23,21,27,23,22,1,465
2026-09-14T22:10:45.008710+00:00,118,84825,128x,300ms,25,64,1,24,449,213,23,22,27,23,22,1,465
2026-09-14T22:10:45.721009+00:00,119,85544,128x,300ms,25,64,1,24,449,213,23,22,27,23,22,1,465
2026-09-14T22:10:46.448270+00:00,120,86265,128x,300ms,25,64,1,24,449,213,23,22,27,23,22,1,465
2026-09-14T22:10:47.167853+00:00,121,86985,128x,300ms,25,64,0,24,448,213,23,22,27,23,22,1,464
2026-09-14T22:10:47.881128+00:00,122,87706,128x,300ms,25,64,0,24,448,213,22,21,26,22,22,1,463
2026-09-14T22:10:48.600710+00:00,123,88426,128x,300ms,25,64,0,26,477,226,24,58,60,64,75,14,2198
2026-09-14T22:10:49.320874+00:00,124,89147,128x,300ms,25,64,0,1,42,21,0,1,1,1,0,0,35
2026-09-14T22:10:50.040409+00:00,125,89865,128x,300ms,25,64,0,1,42,21,0,1,1,1,0,0,35
2026-09-14T22:10:50.753023+00:00,126,90582,128x,300ms,25,64,1,1,42,21,1,0,0,0,0,0,34
2026-09-14T22:10:51.473047+00:00,127,91299,128x,300ms,25,64,1,1,41,20,0,1,1,1,0,0,34
2026-09-14T22:10:52.184529+00:00,128,92017,128x,300ms,25,64,1,1,41,20,0,1,1,0,0,0,34
2026-09-14T22:10:52.912876+00:00,129,92735,128x,300ms,25,64,1,1,39,19,0,0,0,0,0,0,31
2026-09-14T22:10:53.624482+00:00,130,93453,128x,300ms,25,64,1,1,39,19,0,0,0,0,0,0,31
2026-09-14T22:10:54.344668+00:00,131,94171,128x,300ms,25,64,0,1,38,18,0,1,1,1,1,0,70
2026-09-14T22:10:55.057088+00:00,132,94888,128x,300ms,25,64,0,3,80,38,2,1,1,1,2,0,85
2026-09-14T22:10:55.776188+00:00,133,95606,128x,300ms,25,64,0,3,80,37,2,1,1,1,2,0,84
2026-09-14T22:10:56.497041+00:00,134,96324,128x,300ms,25,64,0,3,80,37,2,1,1,1,2,0,85
2026-09-14T22:10:57.210125+00:00,135,97041,128x,300ms,25,64,0,3,80,37,1,0,0,1,2,0,84
2026-09-14T22:10:57.928589+00:00,136,97760,128x,300ms,25,64,1,3,79,37,2,1,0,1,2,0,85
2026-09-14T22:10:58.648318+00:00,137,98477,128x,300ms,25,64,1,5,123,59,3,3,3,3,4,0,144
2026-09-14T22:10:59.366036+00:00,138,99195,128x,300ms,25,64,1,6,137,66,4,4,4,4,5,0,144
2026-09-14T22:11:00.085020+00:00,139,99913,128x,300ms,25,64,1,6,135,66,5,4,4,4,5,0,145
2026-09-14T22:11:00.805047+00:00,140,100632,128x,300ms,25,64,1,6,136,66,5,4,4,4,5,0,145
2026-09-14T22:11:01.516965+00:00,141,101350,128x,300ms,25,64,0,6,136,67,5,4,4,5,5,0,145
2026-09-14T22:11:02.237196+00:00,142,102069,128x,300ms,25,64,0,6,135,67,5,4,4,4,4,0,145
2026-09-14T22:11:02.957411+00:00,143,102787,128x,300ms,25,64,0,6,135,66,5,4,4,4,5,0,145
2026-09-14T22:11:03.677475+00:00,144,103505,128x,300ms,25,64,0,6,135,66,4,4,5,5,4,0,145
2026-09-14T22:11:04.389071+00:00,145,104223,128x,300ms,25,64,0,6,135,66,5,4,5,5,4,0,145
2026-09-14T22:11:05.109010+00:00,146,104942,128x,300ms,25,64,1,6,135,66,5,4,4,4,4,0,144
2026-09-14T22:11:05.829772+00:00,147,105660,128x,300ms,25,64,1,6,135,66,4,4,4,4,4,0,144
2026-09-14T22:11:06.549474+00:00,148,106378,128x,300ms,25,64,1,6,135,66,4,3,3,3,4,0,144
2026-09-14T22:11:07.261223+00:00,149,107097,128x,300ms,25,64,1,9,193,93,6,4,4,5,6,0,180
2026-09-14T22:11:07.980787+00:00,150,107814,128x,300ms,25,64,1,8,186,91,5,3,3,4,6,0,174
2026-09-14T22:11:08.701104+00:00,151,108533,128x,300ms,25,64,0,9,192,94,6,4,4,5,7,0,193
2026-09-14T22:11:09.421323+00:00,152,109251,128x,300ms,25,64,0,10,211,102,7,3,3,5,7,0,200
2026-09-14T22:11:10.141106+00:00,153,109971,128x,300ms,25,64,0,10,214,103,6,3,3,4,7,0,198
2026-09-14T22:11:10.853797+00:00,154,110690,128x,300ms,25,64,0,10,214,102,6,3,3,4,7,0,199
2026-09-14T22:11:11.573402+00:00,155,111409,128x,300ms,25,64,0,10,214,103,6,3,3,4,7,0,198
2026-09-14T22:11:12.292697+00:00,156,112129,128x,300ms,25,64,1,10,214,103,6,3,3,4,7,0,198
2026-09-14T22:11:13.013608+00:00,157,112847,128x,300ms,25,64,1,10,214,103,6,3,3,4,7,0,198
2026-09-14T22:11:13.733194+00:00,158,113565,128x,300ms,25,64,1,10,214,104,7,8,9,8,8,0,209
2026-09-14T22:11:14.453131+00:00,159,114284,128x,300ms,25,64,1,10,216,105,6,6,6,6,8,0,210
2026-09-14T22:11:15.173901+00:00,160,115003,128x,300ms,25,64,1,11,220,107,8,7,8,7,8,0,213
2026-09-14T22:11:15.901026+00:00,161,115722,128x,300ms,25,64,0,11,220,106,7,69,68,76,104,17,2727
2026-09-14T22:11:16.621463+00:00,162,116443,128x,300ms,25,64,0,265,4622,2075,185,145,149,158,204,38,5189
2026-09-14T22:11:17.341060+00:00,163,117167,128x,300ms,25,64,0,283,4964,2219,203,141,147,155,199,37,5004
2026-09-14T22:11:18.061559+00:00,164,117891,128x,300ms,25,64,0,188,3357,1510,142,140,146,151,194,34,4488
2026-09-14T22:11:18.789023+00:00,165,118614,128x,300ms,25,64,0,246,4354,1947,182,140,146,151,194,34,4496
2026-09-14T22:11:19.509772+00:00,166,119337,128x,300ms,25,64,1,247,4366,1952,182,144,150,156,201,35,4668
2026-09-14T22:11:20.237387+00:00,167,120061,128x,300ms,25,64,1,261,4581,2059,190,146,151,158,204,36,4732
2026-09-14T22:11:20.958046+00:00,168,120784,128x,300ms,25,64,1,261,4567,2054,190,147,152,159,204,36,4752
2026-09-14T22:11:21.677661+00:00,169,121508,128x,300ms,25,64,1,260,4556,2049,189,147,152,159,204,36,4763
2026-09-14T22:11:22.396893+00:00,170,122231,128x,300ms,25,64,1,236,4156,1865,173,114,118,124,161,27,3629
2026-09-14T22:11:23.116971+00:00,171,122954,128x,300ms,25,64,0,121,2185,971,89,14,21,15,10,1,187
2026-09-14T22:11:23.828964+00:00,172,123676,128x,300ms,25,64,0,0,2,4,5,12,21,13,5,0,39
2026-09-14T22:11:24.549342+00:00,173,124394,128x,300ms,25,64,0,0,2,2,2,2,5,4,1,0,14
2026-09-14T22:11:25.269830+00:00,174,125111,128x,300ms,25,64,0,0,0,0,0,2,4,3,1,0,12
2026-09-14T22:11:25.988549+00:00,175,125828,128x,300ms,25,64,0,0,1,3,5,22,38,23,10,1,69
2026-09-14T22:11:26.709738+00:00,176,126545,128x,300ms,25,64,1,1,5,9,12,21,38,23,10,1,68
2026-09-14T22:11:27.421028+00:00,177,127264,128x,300ms,25,64,1,1,5,9,11,22,38,23,10,1,70
2026-09-14T22:11:28.141495+00:00,178,127984,128x,300ms,25,64,1,1,5,9,12,22,39,24,10,1,71
2026-09-14T22:11:28.861806+00:00,179,128703,128x,300ms,25,64,1,1,5,9,12,4,7,6,2,0,18
2026-09-14T22:11:29.573844+00:00,180,129421,128x,300ms,25,64,1,0,0,1,2,3,7,5,1,0,16
2026-09-14T22:11:30.293904+00:00,181,130138,128x,300ms,25,64,0,0,0,1,2,4,6,5,2,0,16
2026-09-14T22:11:31.005171+00:00,182,130854,128x,300ms,25,64,0,0,0,0,2,6,10,7,2,0,21
2026-09-14T22:11:31.725181+00:00,183,131572,128x,300ms,25,64,0,1,5,9,12,23,39,24,10,1,72
2026-09-14T22:11:32.444791+00:00,184,132290,128x,300ms,25,64,0,1,5,9,12,20,35,21,9,1,64
2026-09-14T22:11:33.165827+00:00,185,133008,128x,300ms,25,64,0,0,3,5,7,17,30,19,7,0,56
2026-09-14T22:11:33.885755+00:00,186,133726,128x,300ms,25,64,1,0,4,7,9,20,35,21,8,0,64
2026-09-14T22:11:34.605086+00:00,187,134444,128x,300ms,25,64,1,1,5,9,12,36,68,23,10,2,87
2026-09-14T22:11:35.325494+00:00,188,135163,128x,300ms,25,64,1,1,5,10,12,53,106,25,10,5,114
2026-09-14T22:11:36.045555+00:00,189,135883,128x,300ms,25,64,1,4,7,15,14,108,227,29,12,13,206
2026-09-14T22:11:36.764846+00:00,190,136604,128x,300ms,25,64,1,5,8,16,14,118,251,30,13,15,224
2026-09-14T22:11:37.477297+00:00,191,137325,128x,300ms,25,64,0,5,8,16,15,118,251,30,13,15,226
2026-09-14T22:11:38.205090+00:00,192,138045,128x,300ms,25,64,0,5,8,17,15,119,254,30,13,16,228
2026-09-14T22:11:38.917693+00:00,193,138764,128x,300ms,25,64,0,5,8,17,15,120,255,31,13,16,228
2026-09-14T22:11:39.637621+00:00,194,139483,128x,300ms,25,64,0,5,8,17,15,119,255,31,13,16,228
2026-09-14T22:11:40.357193+00:00,195,140201,128x,300ms,25,64,0,5,8,17,15,120,255,30,13,16,228
2026-09-14T22:11:41.077270+00:00,196,140921,128x,300ms,25,64,1,4,8,17,15,119,254,30,13,15,228
2026-09-14T22:11:41.797710+00:00,197,141642,128x,300ms,25,64,1,2,5,11,12,23,40,23,10,1,73
2026-09-14T22:11:42.517653+00:00,198,142362,128x,300ms,25,64,1,1,5,10,12,23,39,24,10,1,75
2026-09-14T22:11:43.237192+00:00,199,143081,128x,300ms,25,64,1,1,5,10,12,24,43,25,10,2,78
2026-09-14T22:11:43.949987+00:00,200,143800,128x,300ms,25,64,1,1,5,10,13,25,43,25,10,1,78
2026-09-14T22:11:44.669272+00:00,201,144520,128x,300ms,25,64,0,1,5,10,12,23,39,24,10,1,75
2026-09-14T22:11:45.388455+00:00,202,145238,128x,300ms,25,64,0,3,6,13,13,130,279,31,13,17,245
2026-09-14T22:11:46.109768+00:00,203,145957,128x,300ms,25,64,0,5,8,18,15,133,285,32,14,18,251
2026-09-14T22:11:46.829656+00:00,204,146676,128x,300ms,25,64,0,5,8,18,15,133,285,32,14,18,251
2026-09-14T22:11:47.549375+00:00,205,147396,128x,300ms,25,64,0,5,8,18,15,133,286,32,14,18,252
2026-09-14T22:11:48.269632+00:00,206,148115,128x,300ms,25,64,1,5,8,18,15,133,285,32,14,18,250
2026-09-14T22:11:48.988442+00:00,207,148837,128x,300ms,25,64,1,5,8,17,15,86,184,21,9,10,165
2026-09-14T22:11:49.701693+00:00,208,149557,128x,300ms,25,64,1,0,0,3,1,8,20,0,0,0,15
2026-09-14T22:11:50.421311+00:00,209,150276,128x,300ms,25,64,1,0,0,0,0,5,15,0,0,0,9
2026-09-14T22:11:51.133513+00:00,210,150992,128x,300ms,25,64,1,0,0,0,0,5,16,0,0,0,9
2026-09-14T22:11:51.853029+00:00,211,151711,128x,300ms,25,64,0,0,0,0,0,5,16,0,0,0,10
2026-09-14T22:11:52.573186+00:00,212,152428,128x,300ms,25,64,0,0,0,0,0,6,16,0,0,0,10
2026-09-14T22:11:53.284826+00:00,213,153146,128x,300ms,25,64,0,0,0,0,0,5,16,0,0,0,10
2026-09-14T22:11:54.005103+00:00,214,153863,128x,300ms,25,64,0,0,0,0,0,6,17,0,0,0,10
2026-09-14T22:11:54.724435+00:00,215,154580,128x,300ms,25,64,0,0,0,0,0,5,14,0,0,0,9
2026-09-14T22:11:55.444318+00:00,216,155297,128x,300ms,25,64,1,0,0,0,0,5,14,0,0,0,10
2026-09-14T22:11:56.165789+00:00,217,156015,128x,300ms,25,64,1,0,0,1,0,103,235,12,5,13,174
2026-09-14T22:11:56.884754+00:00,218,156735,128x,300ms,25,64,1,3,2,8,3,136,304,10,4,16,211
2026-09-14T22:11:57.604612+00:00,219,157455,128x,300ms,25,64,1,4,3,10,3,138,308,10,4,16,214
2026-09-14T22:11:58.325133+00:00,220,158176,128x,300ms,25,64,1,4,3,10,3,136,303,9,4,16,210
2026-09-14T22:11:59.037135+00:00,221,158896,128x,300ms,25,64,0,3,2,8,3,72,158,7,3,7,122
2026-09-14T22:11:59.757788+00:00,222,159613,128x,300ms,25,64,0,0,0,0,0,0,1,0,0,0,3
2026-09-14T22:12:00.469197+00:00,223,160330,128x,300ms,25,64,0,0,0,0,0,2,4,3,0,0,10
2026-09-14T22:12:01.188393+00:00,224,161047,128x,300ms,25,64,0,0,0,0,0,2,4,3,0,0,11
2026-09-14T22:12:01.909749+00:00,225,161765,128x,300ms,25,64,0,0,0,0,1,13,22,15,6,0,45
2026-09-14T22:12:02.629455+00:00,226,162482,128x,300ms,25,64,1,1,4,8,10,20,33,21,8,1,65
2026-09-14T22:12:03.341359+00:00,227,163201,128x,300ms,25,64,1,1,4,8,11,20,33,21,8,0,64
2026-09-14T22:12:04.061726+00:00,228,163919,128x,300ms,25,64,1,1,4,8,10,6,11,8,2,0,24
2026-09-14T22:12:04.781480+00:00,229,164637,128x,300ms,25,64,1,0,0,0,1,3,5,4,1,0,13
2026-09-14T22:12:05.493725+00:00,230,165355,128x,300ms,25,64,1,0,0,0,1,2,5,4,1,0,13
2026-09-14T22:12:06.213345+00:00,231,166073,128x,300ms,25,64,0,0,0,0,1,2,4,4,1,0,12
2026-09-14T22:12:06.925405+00:00,232,166790,128x,300ms,25,64,0,0,0,0,1,9,15,10,3,0,32
2026-09-14T22:12:07.644827+00:00,233,167506,128x,300ms,25,64,0,1,4,8,10,20,33,21,8,0,64
2026-09-14T22:12:08.365214+00:00,234,168224,128x,300ms,25,64,0,1,4,8,10,20,33,21,8,1,65
2026-09-14T22:12:09.084869+00:00,235,168942,128x,300ms,25,64,0,1,4,8,10,20,33,21,8,0,64
2026-09-14T22:12:09.796714+00:00,236,169661,128x,300ms,25,64,1,0,3,7,10,15,26,17,6,0,51
2026-09-14T22:12:10.517680+00:00,237,170379,128x,300ms,25,64,1,1,4,8,11,20,34,22,9,1,66
2026-09-14T22:12:11.237115+00:00,238,171098,128x,300ms,25,64,1,1,5,8,11,20,33,22,9,1,66
2026-09-14T22:12:11.957259+00:00,239,171816,128x,300ms,25,64,1,0,4,8,10,5,8,6,2,0,21
2026-09-14T22:12:12.668820+00:00,240,172534,128x,300ms,25,64,1,0,0,1,2,3,7,5,2,0,17
2026-09-14T22:12:13.389756+00:00,241,173252,128x,300ms,25,64,0,0,1,3,5,13,22,15,5,0,45
2026-09-14T22:12:14.102031+00:00,242,173969,128x,300ms,25,64,0,0,3,4,7,11,18,13,5,0,39
2026-09-14T22:12:14.821295+00:00,243,174687,128x,300ms,25,64,0,0,2,3,6,3,6,5,1,0,16
2026-09-14T22:12:15.541016+00:00,244,175404,128x,300ms,25,64,0,0,0,1,2,14,21,14,5,0,47
2026-09-14T22:12:16.260501+00:00,245,176120,128x,300ms,25,64,0,0,1,5,14,487,98,64,47,58,1715
2026-09-14T22:12:16.988298+00:00,246,176839,128x,300ms,25,64,1,49,27,289,2821,863,163,103,82,86,2576
2026-09-14T22:12:17.708720+00:00,247,177562,128x,300ms,25,64,1,50,27,294,2868,866,164,104,83,87,2587
2026-09-14T22:12:18.429300+00:00,248,178285,128x,300ms,25,64,1,50,28,294,2868,867,165,104,83,87,2592
2026-09-14T22:12:19.149440+00:00,249,179007,128x,300ms,25,64,1,50,28,295,2872,873,169,107,84,88,2617
2026-09-14T22:12:19.877634+00:00,250,179730,128x,300ms,25,64,1,51,29,297,2881,877,174,110,85,89,2631
2026-09-14T22:12:20.596659+00:00,251,180453,128x,300ms,25,64,0,51,29,299,2890,879,176,111,86,90,2639
2026-09-14T22:12:21.309584+00:00,252,181175,128x,300ms,25,64,0,50,29,293,2832,24,36,22,9,1,76
2026-09-14T22:12:22.029125+00:00,253,181896,128x,300ms,25,64,0,1,4,9,19,23,35,23,9,1,74
2026-09-14T22:12:22.749547+00:00,254,182614,128x,300ms,25,64,0,1,4,7,10,3,5,7,1,0,15
2026-09-14T22:12:23.469209+00:00,255,183331,128x,300ms,25,64,0,0,1,1,4,19,32,24,8,1,65
2026-09-14T22:12:24.189241+00:00,256,184048,128x,300ms,25,64,1,1,6,9,13,23,39,27,10,1,77
2026-09-14T22:12:24.900802+00:00,257,184767,128x,300ms,25,64,1,1,5,9,12,22,38,25,10,1,74
2026-09-14T22:12:25.621194+00:00,258,185486,128x,300ms,25,64,1,1,5,9,12,23,38,26,10,1,75
2026-09-14T22:12:26.333303+00:00,259,186206,128x,300ms,25,64,1,0,2,3,6,15,25,18,6,0,51
2026-09-14T22:12:27.054016+00:00,260,186925,128x,300ms,25,64,1,0,3,6,8,17,29,19,7,0,57
2026-09-14T22:12:27.773326+00:00,261,187642,128x,300ms,25,64,0,1,4,7,10,18,29,20,7,0,59
2026-09-14T22:12:28.493721+00:00,262,188360,128x,300ms,25,64,0,0,4,7,10,18,29,20,7,0,59
2026-09-14T22:12:29.204934+00:00,263,189078,128x,300ms,25,64,0,1,4,7,10,16,27,19,7,0,55
2026-09-14T22:12:29.925352+00:00,264,189796,128x,300ms,25,64,0,1,4,6,10,18,29,20,7,0,59
2026-09-14T22:12:30.644948+00:00,265,190514,128x,300ms,25,64,0,0,4,7,9,17,28,19,7,0,56
2026-09-14T22:12:31.365507+00:00,266,191230,128x,300ms,25,64,1,0,4,7,9,18,29,20,7,0,58
2026-09-14T22:12:32.085719+00:00,267,191949,128x,300ms,25,64,1,0,4,7,9,17,28,19,7,0,56
2026-09-14T22:12:32.813273+00:00,268,192668,128x,300ms,25,64,1,12,22,32,40,714,535,695,307,376,1612
2026-09-14T22:12:33.534014+00:00,269,193392,128x,300ms,25,64,1,98,227,285,320,863,577,901,378,655,3338
2026-09-14T22:12:34.260860+00:00,270,194115,128x,300ms,25,64,1,70,157,214,238,591,477,672,310,383,1844
2026-09-14T22:12:34.981151+00:00,271,194839,128x,300ms,25,64,0,101,196,266,317,822,658,819,407,511,2263
2026-09-14T22:12:35.701352+00:00,272,195562,128x,300ms,25,64,0,108,277,350,391,1189,1083,1049,462,469,2469
2026-09-14T22:12:36.429094+00:00,273,196285,128x,300ms,25,64,0,158,407,517,576,821,740,784,367,443,2092
2026-09-14T22:12:37.149404+00:00,274,197008,128x,300ms,25,64,0,99,234,306,370,788,724,754,362,449,2147
2026-09-14T22:12:37.869727+00:00,275,197731,128x,300ms,25,64,0,191,521,637,698,605,500,573,271,347,1437
2026-09-14T22:12:38.596618+00:00,276,198454,128x,300ms,25,64,1,42,101,136,165,372,389,513,244,312,1364
2026-09-14T22:12:38.629361+00:00,277,199178,128x,300ms,25,64,1,87,219,310,326,5189,5110,3722,1472,1074,13545
2026-09-14T22:12:39.357164+00:00,278,199903,128x,300ms,25,64,1,465,1817,1881,1602,2083,2089,2181,841,540,4135
2026-09-14T22:12:40.774043+00:00,279,200629,128x,300ms,25,64,1,454,1283,1369,1503,5043,2638,4506,1280,1899,19520
2026-09-14T22:12:40.812597+00:00,280,201356,128x,300ms,25,64,1,23,56,68,82,65535,15741,7093,5616,534,4465
2026-09-14T22:12:41.533620+00:00,281,202081,128x,300ms,25,64,0,2617,1349,14059,44256,3502,602,398,294,192,2448
2026-09-14T22:12:42.261467+00:00,282,202807,128x,300ms,25,64,0,8111,4254,43451,65535,65535,19544,13360,11967,14431,65535
2026-09-14T22:12:42.989852+00:00,283,203534,128x,300ms,25,64,0,8695,4325,54181,65535,65535,18443,12605,11232,13210,65535
2026-09-14T22:12:43.716880+00:00,284,204261,128x,300ms,25,64,0,8081,4001,50448,65535,65535,18665,12865,11367,13699,65535
2026-09-14T22:12:44.445108+00:00,285,204989,128x,300ms,25,64,0,8184,4073,50711,65535,65535,18637,12797,11292,13480,65535
2026-09-14T22:12:45.173408+00:00,286,205715,128x,300ms,25,64,1,8094,4039,49842,65535,65535,18623,12661,11257,13243,65535
2026-09-14T22:12:45.896954+00:00,287,206444,128x,300ms,25,64,1,8089,4046,49776,65535,65535,18629,12673,11260,13248,65535
2026-09-14T22:12:46.633548+00:00,288,207172,128x,300ms,25,64,1,8094,4053,49786,65535,65535,18614,12652,11251,13225,65535
2026-09-14T22:12:47.361003+00:00,289,207900,128x,300ms,25,64,1,8095,4057,49784,65535,65535,18616,12651,11248,13215,65535
2026-09-14T22:12:48.085891+00:00,290,208628,128x,300ms,25,64,1,8099,4061,49805,65535,65535,18627,12658,11254,13215,65535
2026-09-14T22:12:48.814164+00:00,291,209357,128x,300ms,25,64,0,8102,4065,49830,65535,65535,18631,12662,11259,13217,65535
2026-09-14T22:12:49.533823+00:00,292,210084,128x,300ms,25,64,0,8107,4070,49856,65535,65535,18637,12664,11262,13215,65535
2026-09-14T22:12:50.263233+00:00,293,210811,128x,300ms,25,64,0,8109,4073,49842,65535,65535,18637,12666,11260,13210,65535
2026-09-14T22:12:50.987979+00:00,294,211538,128x,300ms,25,64,0,8110,4075,49855,65535,65535,18640,12671,11264,13216,65535
2026-09-14T22:12:51.724575+00:00,295,212265,128x,300ms,25,64,0,8113,4078,49886,65535,65535,18652,12675,11264,13213,65535
2026-09-14T22:12:52.444740+00:00,296,212994,128x,300ms,25,64,1,8108,4076,49848,65535,65535,18654,12681,11269,13216,65535
2026-09-14T22:12:53.172136+00:00,297,213722,128x,300ms,25,64,1,8109,4077,49852,65535,65535,18674,12696,11281,13217,65535
2026-09-14T22:12:53.907820+00:00,298,214450,128x,300ms,25,64,1,8109,4077,49860,65535,65535,18657,12678,11268,13211,65535
2026-09-14T22:12:54.627718+00:00,299,215178,128x,300ms,25,64,1,8109,4079,49859,65535,65535,18662,12679,11268,13207,65535
2026-09-14T22:12:55.355981+00:00,300,215906,128x,300ms,25,64,1,8109,4080,49843,65535,65535,18676,12683,11276,13197,65535
2026-09-14T22:12:56.083964+00:00,301,216634,128x,300ms,25,64,0,8117,4086,49869,65535,65535,18665,12677,11263,13198,65535
2026-09-14T22:12:56.811839+00:00,302,217361,128x,300ms,25,64,0,8124,4091,49930,65535,65535,18673,12697,11268,13225,65535
2026-09-14T22:12:57.540488+00:00,303,218088,128x,300ms,25,64,0,8222,4128,50938,65535,65535,20374,13844,12371,14864,65535
2026-09-14T22:12:58.268719+00:00,304,218816,128x,300ms,25,64,0,8927,4549,55324,65535,65535,20356,13831,12374,14827,65535
2026-09-14T22:12:58.995867+00:00,305,219543,128x,300ms,25,64,0,8923,4540,55301,65535,65535,20348,13831,12373,14807,65535
2026-09-14T22:12:59.724343+00:00,306,220270,128x,300ms,25,64,1,8916,4535,55271,65535,65535,20305,13808,12347,14795,65535
2026-09-14T22:13:00.450099+00:00,307,220999,128x,300ms,25,64,1,8914,4532,55258,65535,65535,20284,13786,12327,14767,65535
2026-09-14T22:13:01.177232+00:00,308,221727,128x,300ms,25,64,1,8882,4520,54934,65535,65535,20139,13717,12248,14749,65535
2026-09-14T22:13:01.906120+00:00,309,222455,128x,300ms,25,64,1,8651,4382,53323,65535,65535,19366,13196,11789,14340,65535
2026-09-14T22:13:02.631556+00:00,310,223183,128x,300ms,25,64,1,8763,4413,54508,65535,65535,20169,13760,12280,14807,65535
2026-09-14T22:13:03.358834+00:00,311,223912,128x,300ms,25,64,0,8853,4480,55058,65535,65535,20090,13711,12241,14750,65535
2026-09-14T22:13:04.119625+00:00,312,224675,64x,300ms,25,64,0,4245,1998,27390,65535,61204,9953,6757,5988,7338,65535
2026-09-14T22:13:04.847575+00:00,313,225402,64x,300ms,25,64,0,4234,1991,27334,65535,61053,9922,6738,5969,7317,65535
2026-09-14T22:13:05.574634+00:00,314,226128,64x,300ms,25,64,0,4228,1986,27289,65535,61051,9924,6737,5968,7316,65535
2026-09-14T22:13:06.302910+00:00,315,226854,64x,300ms,25,64,0,4235,1990,27328,65535,61068,9924,6738,5968,7316,65535
2026-09-14T22:13:07.022657+00:00,316,227581,64x,300ms,25,64,1,4233,1991,27324,65535,61069,9924,6738,5967,7314,65535
2026-09-14T22:13:07.782819+00:00,317,228341,16x,300ms,25,64,1,1065,496,6949,59522,15505,2515,1713,1513,1858,58582
2026-09-14T22:13:08.510816+00:00,318,229064,16x,300ms,25,64,1,1065,497,6951,59590,15506,2515,1713,1513,1858,58583
2026-09-14T22:13:09.230665+00:00,319,229789,16x,300ms,25,64,1,1060,495,6889,59283,10617,1700,1152,1005,1257,32758
2026-09-14T22:13:10.639857+00:00,320,230513,16x,300ms,25,64,1,626,303,3844,35741,11612,1902,1278,1105,1358,34848
2026-09-14T22:13:11.361989+00:00,321,231238,16x,300ms,25,64,0,699,458,2205,26729,8912,1630,796,705,76,1644
2026-09-14T22:13:12.081763+00:00,322,231961,16x,300ms,25,64,0,66,179,203,212,1068,810,816,276,190,2090
2026-09-14T22:13:12.794230+00:00,323,232681,16x,300ms,25,64,0,118,389,451,432,1312,1086,983,344,255,2692
2026-09-14T22:13:13.521616+00:00,324,233400,16x,300ms,25,64,0,182,529,660,641,1186,1030,907,328,305,3789
2026-09-14T22:13:14.241450+00:00,325,234120,16x,300ms,25,64,0,98,290,343,335,957,240,619,108,317,2222
2026-09-14T22:13:14.961925+00:00,326,234841,16x,300ms,25,64,1,48,70,139,968,1895,319,256,180,227,3902
2026-09-14T22:13:15.689805+00:00,327,235563,16x,300ms,25,64,1,211,157,726,7908,3041,680,491,170,285,2872
2026-09-14T22:13:15.722264+00:00,328,236283,16x,300ms,25,64,1,404,302,978,12900,14932,2769,1227,1048,162,1265
2026-09-14T22:13:16.450108+00:00,329,237008,16x,300ms,25,64,1,912,431,5462,51318,11797,1916,1277,1121,1221,33013
2026-09-14T22:13:17.169362+00:00,330,237730,16x,300ms,25,64,1,754,369,4595,42263,14017,2214,1511,1301,1516,47819
2026-09-14T22:13:17.889499+00:00,331,238453,16x,300ms,25,64,0,877,434,5338,49280,13990,2225,1503,1302,1518,47470
2026-09-14T22:13:18.609959+00:00,332,239177,16x,300ms,25,64,0,882,435,5383,49846,14012,2226,1506,1303,1518,47521
2026-09-14T22:13:19.337587+00:00,333,239899,16x,300ms,25,64,0,882,436,5385,49892,14017,2226,1506,1302,1517,47522
2026-09-14T22:13:20.057427+00:00,334,240623,16x,300ms,25,64,0,882,436,5384,49880,14016,2226,1506,1302,1517,47513
2026-09-14T22:13:20.777820+00:00,335,241346,16x,300ms,25,64,0,881,436,5382,49862,14013,2225,1506,1302,1517,47496
2026-09-14T22:13:21.505584+00:00,336,242069,16x,300ms,25,64,1,882,436,5383,49862,14017,2226,1506,1302,1517,47502
2026-09-14T22:13:22.226231+00:00,337,242792,16x,300ms,25,64,1,881,436,5382,49852,14014,2226,1506,1302,1516,47479
2026-09-14T22:13:22.953533+00:00,338,243516,16x,300ms,25,64,1,881,436,5382,49852,14015,2227,1506,1302,1517,47486
2026-09-14T22:13:23.673803+00:00,339,244241,16x,300ms,25,64,1,881,436,5383,49848,14029,2226,1507,1301,1516,47574
2026-09-14T22:13:24.394089+00:00,340,244965,16x,300ms,25,64,1,884,438,5379,49766,14032,2221,1511,1300,1515,47743
2026-09-14T22:13:25.121333+00:00,341,245687,16x,300ms,25,64,0,883,438,5376,49754,14036,2222,1511,1300,1516,47762
2026-09-14T22:13:25.849855+00:00,342,246413,16x,300ms,25,64,0,894,440,5431,50076,15090,2446,1642,1427,1730,54162
2026-09-14T22:13:26.570090+00:00,343,247136,16x,300ms,25,64,0,965,458,5839,53062,14479,2339,1569,1357,1668,52513
2026-09-14T22:13:27.289470+00:00,344,247860,16x,300ms,25,64,0,957,453,5782,52561,14593,2339,1581,1371,1675,53179
2026-09-14T22:13:28.016626+00:00,345,248582,16x,300ms,25,64,0,977,457,6005,53444,14819,2385,1603,1403,1713,54682
2026-09-14T22:13:28.777397+00:00,346,249342,32x,300ms,25,64,1,1999,932,12437,65535,29593,4774,3200,2810,3426,65535
2026-09-14T22:13:29.504661+00:00,347,250068,32x,300ms,25,64,1,1996,930,12414,65535,29582,4772,3198,2809,3425,65535
2026-09-14T22:13:30.233333+00:00,348,250795,32x,300ms,25,64,1,1999,931,12437,65535,29610,4776,3202,2812,3429,65535
2026-09-14T22:13:30.953175+00:00,349,251521,32x,300ms,25,64,1,1999,931,12439,65535,29626,4779,3204,2814,3430,65535
2026-09-14T22:13:31.681536+00:00,350,252246,32x,300ms,25,64,1,1999,931,12441,65535,29625,4780,3204,2814,3431,65535
2026-09-14T22:13:32.401011+00:00,351,252972,32x,300ms,25,64,0,1999,931,12439,65535,29623,4779,3203,2814,3431,65535
2026-09-14T22:13:33.128441+00:00,352,253698,32x,300ms,25,64,0,1999,931,12442,65535,29616,4778,3203,2813,3430,65535
2026-09-14T22:13:33.855907+00:00,353,254427,32x,300ms,25,64,0,1999,931,12443,65535,29619,4778,3204,2813,3431,65535
2026-09-14T22:13:34.584750+00:00,354,255153,32x,300ms,25,64,0,1999,931,12444,65535,29613,4777,3202,2813,3430,65535
2026-09-14T22:13:35.312512+00:00,355,255878,32x,300ms,25,64,0,1999,931,12439,65535,29616,4777,3204,2813,3429,65535
2026-09-14T22:13:36.033413+00:00,356,256603,32x,300ms,25,64,1,1999,930,12437,65535,29614,4777,3203,2812,3430,65535
2026-09-14T22:13:36.760320+00:00,357,257328,32x,300ms,25,64,1,1999,931,12437,65535,29608,4776,3202,2812,3428,65535
2026-09-14T22:13:37.486962+00:00,358,258054,32x,300ms,25,64,1,1999,931,12439,65535,29612,4777,3202,2813,3429,65535
2026-09-14T22:13:38.206618+00:00,359,258779,32x,300ms,25,64,1,1999,931,12439,65535,29609,4777,3202,2813,3430,65535
2026-09-14T22:13:38.974811+00:00,360,259539,32x,300ms,24,61,1,1926,897,11715,65535,28874,4645,3097,2708,3313,65535
2026-09-14T22:13:39.727298+00:00,361,260300,32x,300ms,24,61,0,1927,897,11717,65535,28878,4646,3097,2708,3315,65535
2026-09-14T22:13:40.487009+00:00,362,261061,32x,300ms,23,59,0,1878,875,11241,65535,28372,4557,3026,2637,3236,65535
2026-09-14T22:13:41.246348+00:00,363,261820,32x,300ms,23,59,0,1878,875,11242,65535,28374,4557,3026,2637,3236,65535
2026-09-14T22:13:42.015282+00:00,364,262581,32x,300ms,22,56,0,1804,841,10532,65535,27605,4421,2918,2530,3117,65535
2026-09-14T22:13:42.742623+00:00,365,263311,32x,300ms,22,56,1,1805,841,10535,65535,27604,4420,2918,2530,3118,65535
2026-09-14T22:13:43.470447+00:00,366,264041,32x,300ms,22,56,1,1804,841,10538,65535,27603,4420,2918,2530,3118,65535
2026-09-14T22:13:44.199180+00:00,367,264771,32x,300ms,22,56,1,1804,841,10533,65535,27599,4420,2917,2530,3117,65535
2026-09-14T22:13:44.958375+00:00,368,265532,32x,300ms,21,54,1,1754,818,10065,65535,27058,4325,2842,2456,3036,65535
2026-09-14T22:13:45.718497+00:00,369,266293,32x,300ms,21,54,1,1753,817,10063,65535,27058,4326,2842,2456,3036,65535
2026-09-14T22:13:46.454624+00:00,370,267023,32x,300ms,21,54,0,1754,818,10064,65535,27061,4325,2842,2456,3036,65535
2026-09-14T22:13:47.209354+00:00,371,267784,32x,300ms,20,51,0,1677,783,9373,65535,26235,4182,2729,2345,2912,65535
2026-09-14T22:13:47.245794+00:00,372,268513,32x,300ms,20,51,0,1677,783,9369,65535,26231,4182,2729,2345,2912,65535
2026-09-14T22:13:48.703334+00:00,373,269277,32x,300ms,19,48,0,1600,747,8691,65535,25380,4035,2615,2232,2784,65535
2026-09-14T22:13:49.462289+00:00,374,270036,32x,300ms,19,48,1,1601,747,8692,65535,25384,4035,2615,2233,2785,65535
2026-09-14T22:13:50.190324+00:00,375,270766,32x,300ms,19,48,1,1600,747,8692,65535,25371,4034,2615,2232,2784,65535
2026-09-14T22:13:50.926504+00:00,376,271500,32x,300ms,19,48,1,1599,748,8685,65535,25388,4036,2615,2233,2786,65535
2026-09-14T22:13:51.686807+00:00,377,272261,32x,300ms,18,46,1,1549,724,8252,65535,24823,3942,2542,2160,2705,65535
2026-09-14T22:13:52.414615+00:00,378,272991,32x,300ms,18,46,1,1550,724,8256,65535,24823,3941,2542,2160,2705,65535
2026-09-14T22:13:53.174448+00:00,379,273750,32x,300ms,17,43,0,1470,688,7592,65535,23906,3784,2422,2043,2572,65535
2026-09-14T22:13:53.902287+00:00,380,274480,32x,300ms,17,43,0,1470,688,7592,65535,23903,3783,2422,2043,2572,65535
2026-09-14T22:13:54.629939+00:00,381,275209,32x,300ms,17,43,0,1469,688,7590,65535,23897,3783,2421,2042,2571,65535
2026-09-14T22:13:55.358297+00:00,382,275935,32x,300ms,17,43,0,1469,688,7589,65535,23894,3783,2422,2042,2571,65535
2026-09-14T22:13:56.086805+00:00,383,276661,32x,300ms,17,43,0,1462,688,7558,65535,23708,3762,2414,2026,2541,65535
2026-09-14T22:13:56.814501+00:00,384,277390,32x,300ms,17,43,1,1450,687,7499,65535,23672,3755,2410,2022,2535,65535
2026-09-14T22:13:57.542063+00:00,385,278120,32x,300ms,17,43,1,1459,686,7555,65535,23811,3768,2418,2031,2555,65535
2026-09-14T22:13:58.270360+00:00,386,278850,32x,300ms,17,43,1,1460,686,7555,65535,23812,3769,2419,2032,2555,65535
2026-09-14T22:13:58.999303+00:00,387,279580,32x,300ms,17,43,1,1460,686,7556,65535,23818,3769,2419,2032,2556,65535
2026-09-14T22:13:59.727143+00:00,388,280306,32x,300ms,17,43,1,1460,687,7557,65535,23821,3769,2419,2032,2557,65535
2026-09-14T22:14:00.454008+00:00,389,281032,32x,300ms,17,43,0,1460,687,7556,65535,23822,3770,2419,2032,2556,65535
2026-09-14T22:14:01.182311+00:00,390,281761,32x,300ms,17,43,0,1460,686,7556,65535,23810,3767,2418,2031,2556,65535
2026-09-14T22:14:01.902432+00:00,391,282489,32x,300ms,17,43,0,275,189,1105,12363,183,104,114,51,82,467
2026-09-14T22:14:02.622951+00:00,392,283216,32x,300ms,17,43,0,15,30,40,103,184,106,115,52,82,469
2026-09-14T22:14:03.350396+00:00,393,283941,32x,300ms,17,43,0,16,35,46,109,182,103,113,50,81,461
2026-09-14T22:14:04.766254+00:00,394,284665,32x,300ms,17,43,1,11,21,29,89,122,60,60,28,35,226
2026-09-14T22:14:04.798585+00:00,395,285386,32x,300ms,17,43,1,18,46,57,66,153,120,191,68,65,310
2026-09-14T22:14:05.526385+00:00,396,286107,32x,300ms,17,43,1,31,72,86,117,4512,924,343,241,76,519
2026-09-14T22:14:06.254120+00:00,397,286832,32x,300ms,17,43,1,1318,665,6008,65535,27385,4459,2754,2259,2036,38631
2026-09-14T22:14:07.014399+00:00,398,287594,32x,300ms,16,41,1,1535,756,7083,65535,26697,4335,2667,2171,1959,37034
2026-09-14T22:14:07.742058+00:00,399,288324,32x,300ms,16,41,0,846,655,1273,28584,14312,2730,1092,762,68,305
2026-09-14T22:14:08.470234+00:00,400,289053,32x,300ms,16,41,0,1140,606,4559,59514,28205,4508,2808,2315,2295,60580
2026-09-14T22:14:09.198486+00:00,401,289783,32x,300ms,16,41,0,1652,765,8832,65535,26536,4179,2716,2294,2695,65535
2026-09-14T22:14:09.924923+00:00,402,290509,32x,300ms,16,41,0,1655,769,8829,65535,26535,4186,2717,2296,2696,65535
2026-09-14T22:14:10.654960+00:00,403,291234,32x,300ms,16,41,0,1654,769,8828,65535,26532,4186,2716,2296,2696,65535
2026-09-14T22:14:11.376410+00:00,404,291959,32x,300ms,16,41,1,1649,764,8833,65535,26439,4135,2705,2278,2683,65535
2026-09-14T22:14:12.101926+00:00,405,292684,32x,300ms,16,41,1,1648,762,8838,65535,26453,4139,2705,2280,2685,65535
2026-09-14T22:14:12.822649+00:00,406,293411,32x,300ms,16,41,1,1648,761,8833,65535,26452,4139,2704,2280,2684,65535
2026-09-14T22:14:13.547682+00:00,407,294137,32x,300ms,16,41,1,1649,762,8819,65535,26527,4176,2710,2294,2695,65535
2026-09-14T22:14:14.276442+00:00,408,294861,32x,300ms,16,41,1,1653,764,8829,65535,26512,4167,2711,2291,2692,65535
2026-09-14T22:14:15.003657+00:00,409,295590,32x,300ms,16,41,0,1653,764,8829,65535,26508,4164,2708,2289,2690,65535
2026-09-14T22:14:15.731910+00:00,410,296316,32x,300ms,16,41,0,1650,763,8827,65535,26513,4164,2708,2288,2690,65535
2026-09-14T22:14:16.455164+00:00,411,297041,32x,300ms,16,41,0,1652,764,8835,65535,26513,4166,2709,2289,2689,65535
2026-09-14T22:14:17.183291+00:00,412,297767,32x,300ms,16,41,0,1652,764,8836,65535,26509,4164,2708,2289,2689,65535
2026-09-14T22:14:17.935519+00:00,413,298528,16x,300ms,16,41,0,829,383,4443,44378,13315,2091,1362,1150,1352,42466
2026-09-14T22:14:18.662916+00:00,414,299250,16x,300ms,16,41,1,829,383,4444,44395,13315,2091,1362,1150,1352,42476
2026-09-14T22:14:19.382967+00:00,415,299973,16x,300ms,16,41,1,829,383,4444,44400,13314,2091,1362,1150,1352,42476
2026-09-14T22:14:20.111144+00:00,416,300697,16x,300ms,16,41,1,829,383,4444,44399,13312,2091,1362,1150,1352,42468
2026-09-14T22:14:20.831251+00:00,417,301422,16x,300ms,16,41,1,829,383,4443,44396,13312,2091,1362,1150,1352,42468
2026-09-14T22:14:21.551674+00:00,418,302145,16x,300ms,16,41,1,829,383,4442,44391,13313,2091,1362,1150,1352,42471
2026-09-14T22:14:22.279001+00:00,419,302868,16x,300ms,16,41,0,829,383,4443,44401,13314,2092,1362,1151,1353,42476
2026-09-14T22:14:22.999278+00:00,420,303591,16x,300ms,16,41,0,829,384,4442,44394,13313,2091,1362,1150,1353,42470
2026-09-14T22:14:23.727309+00:00,421,304315,16x,300ms,16,41,0,828,383,4443,44357,13309,2090,1362,1150,1352,42452
2026-09-14T22:14:24.447331+00:00,422,305039,16x,300ms,16,41,0,829,384,4441,44449,13297,2084,1362,1148,1350,42409
2026-09-14T22:14:25.174837+00:00,423,305764,16x,300ms,16,41,0,829,383,4447,44339,13344,2117,1371,1158,1393,44291
2026-09-14T22:14:25.894928+00:00,424,306486,16x,300ms,16,41,1,835,386,4449,44840,13323,2111,1368,1160,1362,42826
2026-09-14T22:14:26.615526+00:00,425,307212,16x,300ms,16,41,1,840,389,4473,45044,13405,2119,1380,1159,1401,44584
2026-09-14T22:14:28.023957+00:00,426,307934,16x,300ms,16,41,1,811,379,4303,43592,12847,2023,1332,1107,1383,43950
2026-09-14T22:14:28.742975+00:00,427,308659,16x,300ms,16,41,1,491,226,2625,26250,1080,168,111,92,121,3865
2026-09-14T22:14:29.454480+00:00,428,309380,16x,300ms,16,41,1,2,2,9,78,4,7,5,3,1,15
2026-09-14T22:14:30.167905+00:00,429,310096,16x,300ms,16,41,0,1,3,4,5,5,8,5,3,2,17
2026-09-14T22:14:30.879034+00:00,430,310811,16x,300ms,16,41,0,4,9,13,9,4,7,5,2,1,14
2026-09-14T22:14:31.599064+00:00,431,311524,16x,300ms,16,41,0,6,16,22,16,35,17,28,7,2,25
2026-09-14T22:14:32.310755+00:00,432,312240,16x,300ms,16,41,0,1,3,4,5,71,42,55,14,2,17
2026-09-14T22:14:33.030784+00:00,433,312954,16x,300ms,16,41,0,1,3,4,5,5,7,5,3,1,16
2026-09-14T22:14:33.742960+00:00,434,313669,16x,300ms,16,41,1,1,3,4,5,7,12,7,4,2,25
2026-09-14T22:14:34.454411+00:00,435,314384,16x,300ms,16,41,1,2,4,6,6,32,20,23,7,2,21
2026-09-14T22:14:35.167936+00:00,436,315100,16x,300ms,16,41,1,2,3,7,3,23,11,15,4,0,2
2026-09-14T22:14:35.878985+00:00,437,315813,16x,300ms,16,41,1,2,1,4,2,8,5,5,2,0,4
2026-09-14T22:14:36.599006+00:00,438,316527,16x,300ms,16,41,1,1,3,3,4,22,11,17,4,0,4
2026-09-14T22:14:37.310749+00:00,439,317241,16x,300ms,16,41,0,3,7,8,7,1,1,1,0,0,1
2026-09-14T22:14:38.023137+00:00,440,317955,16x,300ms,16,41,0,0,0,0,0,21,10,15,4,0,3
2026-09-14T22:14:38.743015+00:00,441,318670,16x,300ms,16,41,0,6,10,19,9,46,19,34,7,0,5
2026-09-14T22:14:39.462704+00:00,442,319386,16x,300ms,16,41,0,5,9,17,8,14,5,11,2,0,10
2026-09-14T22:14:40.175131+00:00,443,320103,16x,300ms,16,41,0,3,5,10,5,34,17,22,6,0,6
2026-09-14T22:14:40.894850+00:00,444,320819,16x,300ms,16,41,1,5,7,14,6,342,588,41,17,47,485
2026-09-14T22:14:41.615736+00:00,445,321538,16x,300ms,16,41,1,13,12,29,14,221,405,17,9,33,346
2026-09-14T22:14:42.334830+00:00,446,322255,16x,300ms,16,41,1,9,8,19,11,374,650,40,17,53,548
2026-09-14T22:14:43.046084+00:00,447,322973,16x,300ms,16,41,1,14,12,29,16,367,677,21,13,56,578
2026-09-14T22:14:43.767569+00:00,448,323690,16x,300ms,16,41,1,13,10,27,14,365,676,21,13,56,574
2026-09-14T22:14:44.478959+00:00,449,324411,16x,300ms,16,41,0,13,10,27,14,366,679,21,13,56,576
2026-09-14T22:14:45.198656+00:00,450,325127,16x,300ms,16,41,0,13,12,28,16,363,670,24,14,56,574
2026-09-14T22:14:45.919432+00:00,451,325847,16x,300ms,16,41,0,13,11,28,15,361,669,21,13,56,570
2026-09-14T22:14:46.639743+00:00,452,326562,16x,300ms,16,41,0,13,10,26,14,354,653,21,13,55,558
2026-09-14T22:14:47.351120+00:00,453,327279,16x,300ms,16,41,0,13,10,26,14,352,652,20,13,55,556
2026-09-14T22:14:48.077285+00:00,454,327999,16x,300ms,16,41,1,13,10,26,14,352,651,20,13,54,556
2026-09-14T22:14:48.789821+00:00,455,328717,16x,300ms,16,41,1,13,10,26,14,351,650,20,13,54,555
2026-09-14T22:14:49.510998+00:00,456,329436,16x,300ms,16,41,1,13,10,26,14,350,650,20,13,54,554
2026-09-14T22:14:49.542282+00:00,457,330156,16x,300ms,16,41,1,13,10,26,14,349,649,20,13,54,553
2026-09-14T22:14:50.262334+00:00,458,330873,16x,300ms,16,41,1,13,10,26,14,349,649,20,13,54,553
2026-09-14T22:14:51.014575+00:00,459,331626,16x,300ms,17,43,0,13,11,28,14,370,689,21,14,57,587
2026-09-14T22:14:51.733952+00:00,460,332348,16x,300ms,17,43,0,13,11,28,14,369,689,21,14,57,587
2026-09-14T22:14:52.454320+00:00,461,333070,16x,300ms,17,43,0,13,11,28,14,369,689,22,14,57,587
2026-09-14T22:14:53.182330+00:00,462,333791,16x,300ms,17,43,0,13,12,29,15,368,686,22,14,57,586
2026-09-14T22:14:53.902698+00:00,463,334513,16x,300ms,17,43,0,13,11,28,14,366,685,21,14,57,584
2026-09-14T22:14:54.622984+00:00,464,335235,16x,300ms,17,43,1,13,11,27,14,365,684,21,13,57,583
2026-09-14T22:14:55.342801+00:00,465,335958,16x,300ms,17,43,1,13,11,27,14,365,683,21,13,57,582
2026-09-14T22:14:56.070535+00:00,466,336680,16x,300ms,17,43,1,13,11,27,14,364,683,21,14,57,582
2026-09-14T22:14:56.790268+00:00,467,337401,16x,300ms,17,43,1,13,11,27,14,370,695,21,14,58,590
2026-09-14T22:14:57.504310+00:00,468,338123,16x,300ms,17,43,1,15,12,30,16,372,700,21,14,57,594
2026-09-14T22:14:58.230847+00:00,469,338846,16x,300ms,17,43,0,14,11,28,15,374,703,24,14,58,597
2026-09-14T22:14:58.950064+00:00,470,339566,16x,300ms,17,43,0,14,12,29,16,374,703,24,14,58,596
2026-09-14T22:15:00.354329+00:00,471,340288,16x,300ms,17,43,0,13,12,28,15,372,699,23,14,58,596
2026-09-14T22:15:01.073786+00:00,472,341006,16x,300ms,17,43,0,13,11,28,15,370,697,22,14,57,591
2026-09-14T22:15:01.105722+00:00,473,341726,16x,300ms,17,43,0,13,11,28,15,370,697,22,14,57,590
2026-09-14T22:15:01.825820+00:00,474,342441,16x,300ms,17,43,1,13,11,28,14,369,697,22,14,57,590
2026-09-14T22:15:03.234267+00:00,475,343163,16x,300ms,17,43,1,13,11,28,14,369,697,22,14,57,590
2026-09-14T22:15:03.945490+00:00,476,343880,16x,300ms,17,43,1,14,11,28,15,371,699,23,14,57,592
2026-09-14T22:15:04.665584+00:00,477,344600,16x,300ms,17,43,1,14,12,29,15,370,698,23,14,57,592
2026-09-14T22:15:05.386034+00:00,478,345319,16x,300ms,17,43,1,13,12,28,15,369,698,23,14,57,591
2026-09-14T22:15:06.105501+00:00,479,346038,16x,300ms,17,43,0,13,12,28,15,369,697,23,14,57,591
2026-09-14T22:15:06.817428+00:00,480,346756,16x,300ms,17,43,0,13,11,28,15,369,697,23,14,57,590
2026-09-14T22:15:07.537186+00:00,481,347472,16x,300ms,17,43,0,14,12,29,16,371,700,25,15,57,593
2026-09-14T22:15:08.253138+00:00,482,348190,16x,300ms,17,43,0,14,12,29,16,365,692,22,14,56,586
2026-09-14T22:15:08.284777+00:00,483,348907,16x,300ms,17,43,0,13,11,27,14,364,691,20,13,56,584
2026-09-14T22:15:09.013178+00:00,484,349623,16x,300ms,17,43,1,13,11,28,14,366,693,23,14,57,587
2026-09-14T22:15:10.452691+00:00,485,350379,128x,300ms,17,43,1,107,99,233,130,2889,5450,173,107,437,4632
2026-09-14T22:15:11.185162+00:00,486,351102,128x,300ms,17,43,1,108,101,236,133,2930,5492,204,116,439,4681
2026-09-14T22:15:11.217774+00:00,487,351826,128x,300ms,17,43,1,108,102,237,134,2924,5491,200,116,439,4675
2026-09-14T22:15:11.937632+00:00,488,352551,128x,300ms,17,43,1,107,99,233,131,2912,5481,194,113,438,4658
2026-09-14T22:15:13.385582+00:00,489,353310,128x,300ms,17,43,0,105,92,224,122,2903,5464,190,112,437,4641
2026-09-14T22:15:14.106778+00:00,490,354034,128x,300ms,17,43,0,104,91,224,121,2900,5463,189,112,436,4639
2026-09-14T22:15:14.830993+00:00,491,354757,128x,300ms,17,43,0,104,92,224,121,2883,5436,184,110,434,4616
2026-09-14T22:15:15.558305+00:00,492,355480,128x,300ms,17,43,0,104,92,224,121,2889,5447,187,111,435,4626
2026-09-14T22:15:16.278222+00:00,493,356203,128x,300ms,17,43,0,104,91,223,120,2886,5443,186,110,435,4626
2026-09-14T22:15:16.998648+00:00,494,356927,128x,300ms,17,43,1,104,91,223,120,2884,5438,186,110,434,4620
2026-09-14T22:15:17.728813+00:00,495,357651,128x,300ms,17,43,1,104,90,222,119,2870,5429,176,107,433,4609
2026-09-14T22:15:18.450823+00:00,496,358375,128x,300ms,17,43,1,103,89,220,117,2889,5452,191,112,435,4632
2026-09-14T22:15:19.170101+00:00,497,359099,128x,300ms,17,43,1,105,95,228,125,2891,5455,193,113,435,4632
2026-09-14T22:15:19.890693+00:00,498,359823,128x,300ms,17,43,1,105,95,228,125,2889,5451,193,113,435,4631
2026-09-14T22:15:20.618809+00:00,499,360547,128x,300ms,17,43,0,105,95,227,125,2888,5450,193,113,434,4630
2026-09-14T22:15:21.337618+00:00,500,361271,128x,300ms,17,43,0,106,95,228,125,2887,5446,193,113,435,4630
2026-09-14T22:15:22.066519+00:00,501,361994,128x,300ms,17,43,0,104,92,225,122,2858,5411,174,106,432,4592
2026-09-14T22:15:22.778013+00:00,502,362718,128x,300ms,17,43,0,101,84,213,111,2855,5413,170,105,432,4592
2026-09-14T22:15:23.506006+00:00,503,363440,128x,300ms,17,43,0,95,79,201,104,2160,4082,136,82,321,3425
2026-09-14T22:15:24.226247+00:00,504,364163,128x,300ms,17,43,1,3,9,13,14,26,35,28,12,2,76
2026-09-14T22:15:24.945483+00:00,505,364881,128x,300ms,17,43,1,3,11,15,17,69,93,61,26,18,203
2026-09-14T22:15:25.666837+00:00,506,365602,128x,300ms,17,43,1,9,27,35,40,40,52,37,17,8,115
2026-09-14T22:15:26.385954+00:00,507,366322,128x,300ms,17,43,1,9,24,34,39,74,109,67,33,19,252
2026-09-14T22:15:27.105974+00:00,508,367043,128x,300ms,17,43,1,11,29,41,48,68,94,63,30,19,235
2026-09-14T22:15:27.824341+00:00,509,367764,128x,300ms,17,43,0,9,26,36,42,71,102,65,32,20,254
2026-09-14T22:15:28.545122+00:00,510,368483,128x,300ms,17,43,0,10,27,37,45,69,91,63,30,20,239
2026-09-14T22:15:29.256443+00:00,511,369203,128x,300ms,17,43,0,8,23,30,36,33,24,30,8,2,87
2026-09-14T22:15:29.976698+00:00,512,369923,128x,300ms,17,43,0,1,8,9,9,37,23,31,8,4,103
2026-09-14T22:15:30.696328+00:00,513,370639,128x,300ms,17,43,0,2,9,10,10,21,12,16,4,1,46
2026-09-14T22:15:31.416286+00:00,514,371358,128x,300ms,17,43,1,0,2,4,3,18,9,13,3,0,31
2026-09-14T22:15:32.144404+00:00,515,372076,128x,300ms,17,43,1,0,3,4,3,19,10,15,4,0,36
2026-09-14T22:15:32.871078+00:00,516,372795,128x,300ms,17,43,1,0,5,5,5,339,6474,27167,681,3141,19265
2026-09-14T22:15:32.902997+00:00,517,373520,128x,300ms,17,43,1,323,214,370,480,336,6435,27159,683,3137,19232
2026-09-14T22:15:33.621665+00:00,518,374246,128x,300ms,17,43,1,322,211,366,475,335,6414,27162,685,3135,19219
2026-09-14T22:15:35.037914+00:00,519,374972,128x,300ms,17,43,0,321,210,366,474,335,6398,27148,685,3134,19207
2026-09-14T22:15:35.761733+00:00,520,375696,128x,300ms,17,43,0,321,211,365,473,336,6384,27151,687,3134,19199
2026-09-14T22:15:35.793212+00:00,521,376419,128x,300ms,17,43,0,323,219,374,481,337,6375,27150,688,3133,19200
2026-09-14T22:15:36.521894+00:00,522,377142,128x,300ms,17,43,0,321,212,365,472,349,6375,27148,691,3134,19200
2026-09-14T22:15:37.932620+00:00,523,377866,128x,300ms,17,43,0,324,220,377,483,365,6401,27217,697,3144,19275
2026-09-14T22:15:38.659883+00:00,524,378590,128x,300ms,17,43,1,322,218,373,480,353,6374,27184,694,3138,19235
2026-09-14T22:15:38.692498+00:00,525,379315,128x,300ms,17,43,1,322,218,373,479,353,6360,27174,695,3137,19223
2026-09-14T22:15:39.420396+00:00,526,380041,128x,300ms,17,43,1,322,218,372,478,353,6357,27187,696,3139,19231
2026-09-14T22:15:40.832909+00:00,527,380767,128x,300ms,17,43,1,322,218,373,479,351,6344,27174,695,3138,19215
2026-09-14T22:15:41.559696+00:00,528,381493,128x,300ms,17,43,1,322,218,371,477,351,6334,27165,696,3138,19207
2026-09-14T22:15:41.592692+00:00,529,382219,128x,300ms,17,43,0,321,217,371,476,345,6313,27124,695,3132,19173
2026-09-14T22:15:41.631908+00:00,530,382943,128x,300ms,17,43,0,320,215,367,472,342,6301,27114,694,3131,19160
2026-09-14T22:15:43.160709+00:00,531,383500,128x,200ms,17,43,0,213,143,244,314,227,4199,18082,463,2088,12775
2026-09-14T22:15:43.192238+00:00,532,384021,128x,200ms,17,43,0,213,143,244,314,227,4196,18086,464,2089,12777
2026-09-14T22:15:43.720273+00:00,533,384542,128x,200ms,17,43,0,213,143,244,313,226,4188,18072,463,2088,12766
2026-09-14T22:15:44.240224+00:00,534,385063,128x,200ms,17,43,1,212,143,243,313,226,4187,18071,463,2088,12762
2026-09-14T22:15:44.760305+00:00,535,385588,128x,200ms,17,43,1,212,143,243,312,226,4181,18069,464,2088,12759
2026-09-14T22:15:45.775544+00:00,536,386112,128x,200ms,17,43,1,212,142,243,312,226,4179,18070,464,2087,12760
2026-09-14T22:15:46.297013+00:00,537,386635,128x,200ms,17,43,1,212,143,243,312,226,4175,18068,464,2086,12756
2026-09-14T22:15:46.335358+00:00,538,387160,128x,200ms,17,43,1,212,142,243,312,226,4171,18060,464,2087,12749
2026-09-14T22:15:46.853632+00:00,539,387684,128x,200ms,17,43,1,212,142,243,311,225,4168,18060,464,2085,12747
2026-09-14T22:15:47.372969+00:00,540,388208,128x,200ms,17,43,0,212,142,243,311,225,4167,18066,465,2086,12751
2026-09-14T22:15:48.413803+00:00,541,388764,64x,200ms,17,43,0,105,71,121,154,112,2081,9029,230,1050,6348
2026-09-14T22:15:48.932823+00:00,542,389283,64x,200ms,17,43,0,105,71,121,154,112,2080,9033,231,1050,6347
2026-09-14T22:15:49.453727+00:00,543,389804,64x,200ms,17,43,0,105,71,121,154,112,2079,9034,231,1050,6350
2026-09-14T22:15:49.973114+00:00,544,390323,64x,200ms,17,43,0,105,71,121,154,112,2078,9030,231,1050,6347
2026-09-14T22:15:50.493780+00:00,545,390842,64x,200ms,17,43,0,105,71,120,154,112,2077,9033,231,1050,6346
2026-09-14T22:15:51.020811+00:00,546,391362,64x,200ms,17,43,1,105,71,120,154,112,2073,9025,231,1049,6339
2026-09-14T22:15:51.541359+00:00,547,391884,64x,200ms,17,43,1,105,71,121,154,114,2075,9029,231,1050,6343
2026-09-14T22:15:52.069580+00:00,548,392408,64x,200ms,17,43,1,106,72,122,156,117,2077,9033,232,1050,6348
2026-09-14T22:15:52.589598+00:00,549,392930,64x,200ms,17,43,1,106,73,123,156,119,2078,9027,233,1049,6342
2026-09-14T22:15:53.108943+00:00,550,393452,64x,200ms,17,43,1,106,74,124,157,117,2072,9014,232,1047,6322
2026-09-14T22:15:53.629147+00:00,551,393975,64x,200ms,17,43,1,107,77,128,161,127,2062,8878,232,1033,6275
2026-09-14T22:15:54.148837+00:00,552,394498,64x,200ms,17,43,0,106,75,125,157,120,2054,8881,230,1032,6274
2026-09-14T22:15:54.669551+00:00,553,395018,64x,200ms,17,43,0,105,73,122,155,118,2064,8985,232,1041,6318
2026-09-14T22:15:55.181571+00:00,554,395537,64x,200ms,17,43,0,106,73,123,156,118,2063,8986,232,1041,6318
2026-09-14T22:15:55.700448+00:00,555,396057,64x,200ms,17,43,0,105,71,121,154,112,2060,8993,231,1044,6311
2026-09-14T22:15:56.229160+00:00,556,396576,64x,200ms,17,43,0,105,71,120,153,114,2062,9002,231,1045,6314
2026-09-14T22:15:56.749123+00:00,557,397096,64x,200ms,17,43,0,106,73,123,156,117,2062,8997,232,1045,6322
2026-09-14T22:15:57.268995+00:00,558,397616,64x,200ms,17,43,1,105,70,119,152,110,2058,9003,231,1047,6319
2026-09-14T22:15:57.789822+00:00,559,398138,64x,200ms,17,43,1,82,55,94,119,93,1746,7584,193,866,5279
2026-09-14T22:15:58.309717+00:00,560,398659,64x,200ms,17,43,1,95,63,108,137,104,1953,8511,218,988,5994
2026-09-14T22:15:58.836953+00:00,561,399181,64x,200ms,17,43,1,99,66,113,144,104,1954,8524,218,989,6002
2026-09-14T22:15:59.357134+00:00,562,399704,64x,200ms,17,43,1,99,66,113,144,104,1954,8520,218,989,5999
2026-09-14T22:15:59.869533+00:00,563,400226,64x,200ms,17,43,1,99,66,113,144,105,1953,8517,218,988,5997
2026-09-14T22:16:00.389999+00:00,564,400747,64x,200ms,17,43,0,99,66,113,144,104,1953,8516,218,988,5995
2026-09-14T22:16:00.909766+00:00,565,401266,64x,200ms,17,43,0,99,66,113,144,104,1954,8519,218,988,5997
2026-09-14T22:16:01.429106+00:00,566,401785,64x,200ms,17,43,0,99,66,113,144,104,1951,8515,218,988,5993
2026-09-14T22:16:01.949524+00:00,567,402305,64x,200ms,17,43,0,99,66,113,143,104,1952,8518,218,988,5995
2026-09-14T22:16:02.469511+00:00,568,402824,64x,200ms,17,43,0,99,66,113,144,104,1950,8513,218,987,5992
2026-09-14T22:16:02.989704+00:00,569,403343,64x,200ms,17,43,0,99,66,113,144,105,1952,8517,219,988,5995
2026-09-14T22:16:03.517612+00:00,570,403862,64x,200ms,17,43,1,99,66,113,144,105,1950,8511,218,987,5989
2026-09-14T22:16:04.036981+00:00,571,404384,64x,200ms,17,43,1,99,66,113,144,105,1970,8598,221,991,6053
2026-09-14T22:16:04.557134+00:00,572,404905,64x,200ms,17,43,1,100,67,114,145,90,1674,7327,186,824,4951
2026-09-14T22:16:05.077075+00:00,573,405428,64x,200ms,17,43,1,78,52,89,113,85,1573,6863,175,759,4673
2026-09-14T22:16:05.596964+00:00,574,405949,64x,200ms,17,43,1,80,53,91,115,96,1784,7851,200,894,5281
2026-09-14T22:16:06.109694+00:00,575,406470,64x,200ms,17,43,1,90,61,103,129,96,1762,7739,197,882,5218
2026-09-14T22:16:06.629097+00:00,576,406991,64x,200ms,17,43,0,84,57,96,121,88,1589,6953,178,775,4737
2026-09-14T22:16:07.150038+00:00,577,407510,64x,200ms,17,43,0,84,57,96,121,87,1652,7231,184,811,4924
2026-09-14T22:16:07.669105+00:00,578,408028,64x,200ms,17,43,0,84,56,95,120,88,1651,7229,184,810,4922
2026-09-14T22:16:08.189033+00:00,579,408547,64x,200ms,17,43,0,83,56,95,119,88,1649,7223,184,809,4917
2026-09-14T22:16:08.709892+00:00,580,409065,64x,200ms,17,43,0,83,55,95,119,86,1647,7223,183,809,4914
2026-09-14T22:16:09.229325+00:00,581,409584,64x,200ms,17,43,0,83,55,94,118,88,1662,7260,185,816,4953
2026-09-14T22:16:09.748828+00:00,582,410102,64x,200ms,17,43,1,85,57,96,122,90,1679,7380,188,830,5012
2026-09-14T22:16:10.277062+00:00,583,410625,64x,200ms,17,43,1,85,57,97,122,89,1678,7366,187,827,4997
2026-09-14T22:16:10.797741+00:00,584,411146,64x,200ms,17,43,1,85,57,96,121,98,1816,7971,205,907,5453
2026-09-14T22:16:11.317645+00:00,585,411667,64x,200ms,17,43,1,92,63,105,133,98,1806,7947,204,908,5431
2026-09-14T22:16:11.836893+00:00,586,412188,64x,200ms,17,43,1,93,63,106,134,96,1776,7804,201,897,5336
2026-09-14T22:16:12.349088+00:00,587,412710,64x,200ms,17,43,1,93,63,106,133,97,1764,7755,200,883,5396
2026-09-14T22:16:12.868089+00:00,588,413232,64x,200ms,17,43,0,90,61,103,129,96,1742,7651,198,871,5337
2026-09-14T22:16:13.388661+00:00,589,413751,64x,200ms,17,43,0,84,59,98,123,116,1257,5419,144,590,3784
2026-09-14T22:16:13.901517+00:00,590,414270,64x,200ms,17,43,0,44,42,92,59,39,272,1139,32,107,699
2026-09-14T22:16:14.421506+00:00,591,414787,64x,200ms,17,43,0,0,3,3,4,11,15,14,4,2,34
2026-09-14T22:16:14.941148+00:00,592,415302,64x,200ms,17,43,0,4,7,9,11,31,311,1312,34,130,885
2026-09-14T22:16:15.460587+00:00,593,415817,64x,200ms,17,43,0,81,57,94,118,112,1924,8430,220,962,5974
2026-09-14T22:16:15.980560+00:00,594,416336,64x,200ms,17,43,1,99,70,115,145,113,1954,8543,217,965,5801
2026-09-14T22:16:16.501343+00:00,595,416858,64x,200ms,17,43,1,102,70,117,147,106,1833,8075,207,915,5477
2026-09-14T22:16:17.028460+00:00,596,417380,64x,200ms,17,43,1,116,82,135,167,121,2096,9254,243,1070,6470
2026-09-14T22:16:17.548787+00:00,597,417902,64x,200ms,17,43,1,86,61,101,126,110,1826,8119,217,950,5535
2026-09-14T22:16:18.068360+00:00,598,418424,64x,200ms,17,43,1,117,84,136,170,125,2229,9603,236,1081,6826
2026-09-14T22:16:18.588625+00:00,599,418947,64x,200ms,17,43,1,104,72,121,153,113,1926,8316,211,959,5937
2026-09-14T22:16:19.101108+00:00,600,419469,64x,200ms,17,43,0,109,77,130,160,179,2120,9358,242,1044,6501
2026-09-14T22:16:19.620971+00:00,601,419988,64x,200ms,17,43,0,118,107,178,178,275,1089,4828,135,486,2761
2026-09-14T22:16:20.148812+00:00,602,420508,64x,200ms,17,43,0,127,111,185,192,273,2337,10145,262,1090,6629
2026-09-14T22:16:20.660223+00:00,603,421028,64x,200ms,17,43,0,113,78,131,167,121,2106,9043,223,1039,6554
2026-09-14T22:16:21.180260+00:00,604,421548,64x,200ms,17,43,0,104,71,120,153,119,2076,8916,219,1018,6415
2026-09-14T22:16:21.700683+00:00,605,422067,64x,200ms,17,43,0,49,36,59,74,21,32,20,9,5,76
2026-09-14T22:16:22.212485+00:00,606,422584,64x,200ms,17,43,1,0,2,3,4,6,12,35,2,2,29
2026-09-14T22:16:22.723358+00:00,607,423100,64x,200ms,17,43,1,1,3,4,6,10,16,10,4,1,37
2026-09-14T22:16:23.243853+00:00,608,423615,64x,200ms,17,43,1,2,6,8,9,9,14,9,4,1,30
2026-09-14T22:16:23.755326+00:00,609,424130,64x,200ms,17,43,1,1,3,5,6,9,15,10,5,2,34
2026-09-14T22:16:24.268373+00:00,610,424646,64x,200ms,17,43,1,0,2,2,2,5,6,6,2,0,15
2026-09-14T22:16:24.780740+00:00,611,425161,64x,200ms,17,43,1,1,10,5,17,4,9,7,3,0,18
2026-09-14T22:16:25.300763+00:00,612,425675,64x,200ms,17,43,0,2,15,7,24,5,7,7,3,1,16
2026-09-14T22:16:25.812050+00:00,613,426190,64x,200ms,17,43,0,0,1,1,2,1,2,2,1,0,5
2026-09-14T22:16:26.324261+00:00,614,426704,64x,200ms,17,43,0,0,0,0,0,2,4,3,2,0,10
2026-09-14T22:16:26.843929+00:00,615,427218,64x,200ms,17,43,0,0,0,0,0,1,1,1,1,0,4
2026-09-14T22:16:27.355935+00:00,616,427732,64x,200ms,17,43,0,0,0,0,0,0,1,1,0,0,3
2026-09-14T22:16:27.867706+00:00,617,428248,64x,200ms,17,43,0,0,0,0,0,3,3,3,1,0,5
2026-09-14T22:16:28.380155+00:00,618,428762,64x,200ms,17,43,1,0,0,0,1,3,3,3,1,0,5
2026-09-14T22:16:28.900446+00:00,619,429276,64x,200ms,17,43,1,0,0,1,1,9,9,8,3,0,11
2026-09-14T22:16:29.411996+00:00,620,429791,64x,200ms,17,43,1,0,3,3,4,9,10,8,3,0,19
2026-09-14T22:16:29.932243+00:00,621,430306,64x,200ms,17,43,1,1,4,4,5,28,33,27,14,10,84
2026-09-14T22:16:30.443808+00:00,622,430822,64x,200ms,17,43,1,4,12,16,18,25,30,23,10,5,62
2026-09-14T22:16:30.963168+00:00,623,431339,64x,200ms,17,43,1,4,12,16,17,41,47,37,14,7,94
2026-09-14T22:16:31.475515+00:00,624,431856,64x,200ms,17,43,0,6,17,22,23,47,54,41,16,8,111
2026-09-14T22:16:31.995533+00:00,625,432372,64x,200ms,17,43,0,7,20,26,29,57,71,49,19,10,149
2026-09-14T22:16:32.516070+00:00,626,432888,64x,200ms,17,43,0,8,22,28,31,56,69,48,19,10,145
2026-09-14T22:16:33.027523+00:00,627,433405,64x,200ms,17,43,0,8,21,28,30,54,66,47,18,9,139
2026-09-14T22:16:33.547831+00:00,628,433922,64x,200ms,17,43,0,8,22,29,32,52,62,45,17,9,130
2026-09-14T22:16:34.059516+00:00,629,434439,64x,200ms,17,43,0,4,12,16,17,28,32,27,10,6,71
2026-09-14T22:16:34.580531+00:00,630,434955,64x,200ms,17,43,1,6,18,23,25,59,75,51,20,10,156
2026-09-14T22:16:35.100264+00:00,631,435473,64x,200ms,17,43,1,9,24,32,34,60,77,52,20,10,160
2026-09-14T22:16:35.612285+00:00,632,435990,64x,200ms,17,43,1,9,24,32,34,60,77,52,20,10,160
2026-09-14T22:16:36.131696+00:00,633,436508,64x,200ms,17,43,1,9,24,31,34,58,74,51,20,10,153
2026-09-14T22:16:36.651507+00:00,634,437025,64x,200ms,17,43,1,8,23,30,33,58,73,50,20,10,152
2026-09-14T22:16:37.171402+00:00,635,437543,64x,200ms,17,43,1,8,22,29,32,57,72,50,19,10,151
2026-09-14T22:16:37.684334+00:00,636,438061,64x,200ms,17,43,0,9,23,30,33,56,71,49,19,10,150
2026-09-14T22:16:38.204402+00:00,637,438578,64x,200ms,17,43,0,9,24,32,35,60,77,52,21,11,162
2026-09-14T22:16:38.715250+00:00,638,439095,64x,200ms,17,43,0,9,24,32,34,60,77,52,20,10,161
2026-09-14T22:16:39.235679+00:00,639,439611,64x,200ms,17,43,0,9,24,32,34,60,77,52,20,11,160
2026-09-14T22:16:39.747072+00:00,640,440128,64x,200ms,17,43,0,9,24,32,34,59,76,52,20,10,158
2026-09-14T22:16:40.267356+00:00,641,440645,64x,200ms,17,43,0,9,23,30,33,57,74,50,20,10,156
2026-09-14T22:16:40.787748+00:00,642,441161,64x,200ms,17,43,1,9,24,32,34,60,77,52,20,10,161
2026-09-14T22:16:41.299397+00:00,643,441679,64x,200ms,17,43,1,9,24,32,34,60,77,52,20,10,161
2026-09-14T22:16:41.818941+00:00,644,442196,64x,200ms,17,43,1,9,24,32,34,60,77,52,20,10,160
2026-09-14T22:16:42.339762+00:00,645,442715,64x,200ms,17,43,1,9,24,32,35,60,77,52,20,11,162
2026-09-14T22:16:42.851354+00:00,646,443232,64x,200ms,17,43,1,9,24,32,34,60,77,52,20,10,161
2026-09-14T22:16:43.371326+00:00,647,443750,64x,200ms,17,43,1,9,24,32,34,60,77,52,20,11,161
2026-09-14T22:16:43.883056+00:00,648,444267,64x,200ms,17,43,0,9,24,32,35,60,78,52,20,11,162
2026-09-14T22:16:44.403269+00:00,649,444784,64x,200ms,17,43,0,9,25,32,35,61,78,53,20,10,163
2026-09-14T22:16:44.915507+00:00,650,445300,64x,200ms,17,43,0,9,25,32,35,60,78,53,21,11,163
2026-09-14T22:16:45.435545+00:00,651,445817,64x,200ms,17,43,0,9,24,32,35,61,78,53,20,11,162
2026-09-14T22:16:45.947441+00:00,652,446333,64x,200ms,17,43,0,8,22,29,32,60,76,52,20,10,159
2026-09-14T22:16:46.467890+00:00,653,446851,64x,200ms,17,43,0,8,21,27,29,40,55,36,15,8,121
2026-09-14T22:16:46.980250+00:00,654,447368,64x,200ms,17,43,1,1,4,5,5,15,16,12,4,0,21
2026-09-14T22:16:47.500018+00:00,655,447883,64x,200ms,17,43,1,1,6,7,8,11,13,10,4,1,23
2026-09-14T22:16:48.018829+00:00,656,448399,64x,200ms,17,43,1,1,5,7,7,14,20,13,6,3,52
2026-09-14T22:16:48.531716+00:00,657,448915,64x,200ms,17,43,1,3,8,11,12,22,28,18,8,4,63
2026-09-14T22:16:49.043369+00:00,658,449431,64x,200ms,17,43,1,2,8,10,11,22,28,19,8,4,58
2026-09-14T22:16:49.556136+00:00,659,449947,64x,200ms,17,43,1,1,3,4,5,21,30,18,7,2,50
2026-09-14T22:16:50.075723+00:00,660,450463,64x,200ms,17,43,0,2,7,9,10,11,16,11,5,2,34
2026-09-14T22:16:50.587438+00:00,661,450978,64x,200ms,17,43,0,0,2,3,3,8,10,7,4,1,21
2026-09-14T22:16:51.099958+00:00,662,451492,64x,200ms,17,43,0,0,1,2,3,7,7,9,3,1,20
2026-09-14T22:16:51.619985+00:00,663,452006,64x,200ms,17,43,0,1,3,4,6,101,67,94,36,79,432
2026-09-14T22:16:52.139880+00:00,664,452521,64x,200ms,17,43,0,11,26,34,41,63,36,62,19,48,251
2026-09-14T22:16:52.659148+00:00,665,453039,64x,200ms,17,43,0,12,22,26,42,88,68,93,31,69,359
2026-09-14T22:16:53.179576+00:00,666,453556,64x,200ms,17,43,1,13,22,28,46,89,70,94,32,69,362
2026-09-14T22:16:53.692017+00:00,667,454074,64x,200ms,17,43,1,14,23,28,47,95,79,101,34,70,379
2026-09-14T22:16:54.211865+00:00,668,454592,64x,200ms,17,43,1,15,25,31,50,98,80,103,34,71,389
2026-09-14T22:16:54.730802+00:00,669,455110,64x,200ms,17,43,1,15,25,31,50,99,81,104,35,70,392
2026-09-14T22:16:55.251255+00:00,670,455628,64x,200ms,17,43,1,15,25,31,49,98,80,103,34,70,390
2026-09-14T22:16:55.763299+00:00,671,456147,64x,200ms,17,43,1,15,25,31,50,99,81,103,34,70,391
2026-09-14T22:16:56.284062+00:00,672,456666,64x,200ms,17,43,0,15,25,31,50,99,80,103,34,70,391
2026-09-14T22:16:56.796167+00:00,673,457183,64x,200ms,17,43,0,15,25,31,50,98,80,103,34,69,388
2026-09-14T22:16:57.315038+00:00,674,457700,64x,200ms,17,43,0,13,23,28,46,89,71,93,31,65,345
2026-09-14T22:16:57.834884+00:00,675,458217,64x,200ms,17,43,0,12,22,27,45,89,70,93,31,65,346
2026-09-14T22:16:58.347337+00:00,676,458734,64x,200ms,17,43,0,13,22,26,45,92,73,96,32,67,360
2026-09-14T22:16:58.867435+00:00,677,459251,64x,200ms,17,43,0,15,25,31,50,99,80,103,34,70,392
2026-09-14T22:16:59.388097+00:00,678,459768,64x,200ms,17,43,1,15,25,31,50,98,80,103,34,70,391
2026-09-14T22:16:59.907831+00:00,679,460288,64x,200ms,17,43,1,15,25,31,49,98,80,103,34,70,391
2026-09-14T22:17:00.419922+00:00,680,460806,64x,200ms,17,43,1,15,25,31,49,98,80,102,34,70,390
2026-09-14T22:17:00.939430+00:00,681,461325,64x,200ms,17,43,1,15,25,31,49,98,80,102,34,70,390
2026-09-14T22:17:01.459051+00:00,682,461843,64x,200ms,17,43,1,15,25,31,49,98,80,102,34,69,390
2026-09-14T22:17:01.971492+00:00,683,462362,64x,200ms,17,43,1,15,25,31,49,98,79,102,34,70,389
2026-09-14T22:17:02.491960+00:00,684,462880,64x,200ms,17,43,0,15,25,31,49,98,79,102,33,69,389
2026-09-14T22:17:03.010255+00:00,685,463397,64x,200ms,17,43,0,15,25,31,49,98,79,101,33,69,388
2026-09-14T22:17:03.523521+00:00,686,463915,64x,200ms,17,43,0,14,25,31,49,98,79,101,33,69,388
2026-09-14T22:17:04.043189+00:00,687,464432,64x,200ms,17,43,0,14,25,31,49,98,79,101,33,69,388
2026-09-14T22:17:04.563119+00:00,688,464949,64x,200ms,17,43,0,14,25,31,49,98,79,101,33,69,388
2026-09-14T22:17:05.076003+00:00,689,465466,64x,200ms,17,43,0,14,25,31,49,97,79,101,33,69,388
2026-09-14T22:17:05.594934+00:00,690,465983,64x,200ms,17,43,1,14,25,31,49,97,79,101,33,69,387
2026-09-14T22:17:06.115610+00:00,691,466501,64x,200ms,17,43,1,14,25,31,49,97,79,101,33,69,387
2026-09-14T22:17:06.635289+00:00,692,467019,64x,200ms,17,43,1,14,25,31,48,97,79,101,33,69,386
2026-09-14T22:17:07.154922+00:00,693,467537,64x,200ms,17,43,1,14,25,30,48,97,78,101,33,68,386
2026-09-14T22:17:07.667759+00:00,694,468056,64x,200ms,17,43,1,14,25,30,48,97,79,101,33,68,386
2026-09-14T22:17:08.187083+00:00,695,468574,64x,200ms,17,43,1,14,25,31,48,97,79,101,33,69,387
2026-09-14T22:17:08.699835+00:00,696,469092,64x,200ms,17,43,0,14,25,31,48,97,79,101,33,68,386
2026-09-14T22:17:09.218601+00:00,697,469609,64x,200ms,17,43,0,14,24,31,48,97,78,100,33,68,386
2026-09-14T22:17:09.738949+00:00,698,470126,64x,200ms,17,43,0,14,24,31,48,97,78,100,33,68,386
2026-09-14T22:17:10.251080+00:00,699,470643,64x,200ms,17,43,0,14,24,30,48,97,78,100,33,68,385
2026-09-14T22:17:10.771114+00:00,700,471160,64x,200ms,17,43,0,14,24,30,48,97,78,100,33,68,385
2026-09-14T22:17:11.291890+00:00,701,471677,64x,200ms,17,43,0,14,24,30,48,97,78,100,33,68,385
2026-09-14T22:17:11.803988+00:00,702,472195,64x,200ms,17,43,1,14,24,30,48,97,78,100,33,68,384
2026-09-14T22:17:12.323580+00:00,703,472713,64x,200ms,17,43,1,14,24,30,48,96,78,100,33,68,384
2026-09-14T22:17:12.843092+00:00,704,473232,64x,200ms,17,43,1,14,24,30,48,96,77,99,32,68,383
2026-09-14T22:17:13.354805+00:00,705,473750,64x,200ms,17,43,1,14,24,30,48,96,77,99,32,68,383
2026-09-14T22:17:13.876095+00:00,706,474267,64x,200ms,17,43,1,14,24,30,48,96,77,99,32,68,383
2026-09-14T22:17:14.395265+00:00,707,474785,64x,200ms,17,43,1,14,24,30,48,96,77,99,32,68,383
2026-09-14T22:17:14.908124+00:00,708,475303,64x,200ms,17,43,0,14,24,30,48,96,77,99,32,68,383
2026-09-14T22:17:15.426918+00:00,709,475821,64x,200ms,17,43,0,14,24,30,48,96,77,99,32,68,382
2026-09-14T22:17:15.939051+00:00,710,476338,64x,200ms,17,43,0,14,24,30,48,96,77,99,32,67,382
2026-09-14T22:17:16.459738+00:00,711,476855,64x,200ms,17,43,0,14,24,30,48,96,77,99,32,68,382
2026-09-14T22:17:16.979186+00:00,712,477372,64x,200ms,17,43,0,14,24,30,48,96,77,99,32,68,383
2026-09-14T22:17:17.491882+00:00,713,477889,64x,200ms,17,43,0,14,24,30,48,96,77,99,32,67,381
2026-09-14T22:17:18.011988+00:00,714,478406,64x,200ms,17,43,1,14,24,30,48,95,77,99,32,67,380
2026-09-14T22:17:18.531521+00:00,715,478924,64x,200ms,17,43,1,14,24,30,47,96,77,98,32,67,380
2026-09-14T22:17:19.050992+00:00,716,479442,64x,200ms,17,43,1,14,24,30,47,95,76,98,32,67,380
2026-09-14T22:17:19.571195+00:00,717,479961,64x,200ms,17,43,1,14,24,30,47,95,76,98,32,67,380
2026-09-14T22:17:20.082813+00:00,718,480479,64x,200ms,17,43,1,14,24,30,47,95,76,97,32,65,377
2026-09-14T22:17:20.604000+00:00,719,480996,64x,200ms,17,43,1,11,21,26,41,90,71,91,26,50,352
2026-09-14T22:17:21.115706+00:00,720,481514,64x,200ms,17,43,0,14,24,29,47,94,75,97,32,66,375
2026-09-14T22:17:21.635230+00:00,721,482031,64x,200ms,17,43,0,14,24,30,47,95,76,97,32,67,378
2026-09-14T22:17:22.155206+00:00,722,482548,64x,200ms,17,43,0,14,24,30,47,95,76,98,32,67,380
2026-09-14T22:17:22.667224+00:00,723,483065,64x,200ms,17,43,0,14,24,30,47,95,77,98,32,67,380
2026-09-14T22:17:23.187037+00:00,724,483582,64x,200ms,17,43,0,14,24,30,47,95,76,98,32,67,380
2026-09-14T22:17:23.707883+00:00,725,484099,64x,200ms,17,43,0,14,24,30,47,95,76,98,32,67,380
2026-09-14T22:17:24.218500+00:00,726,484616,64x,200ms,17,43,1,14,24,30,47,95,76,98,32,67,379
2026-09-14T22:17:24.738880+00:00,727,485134,64x,200ms,17,43,1,14,24,30,47,94,76,97,32,67,378
2026-09-14T22:17:25.258944+00:00,728,485652,64x,200ms,17,43,1,14,23,29,47,94,75,97,32,67,376
2026-09-14T22:17:25.771014+00:00,729,486169,64x,200ms,17,43,1,14,24,30,47,95,76,97,32,67,377
2026-09-14T22:17:26.291282+00:00,730,486687,64x,200ms,17,43,1,14,24,29,47,94,75,96,32,66,376
2026-09-14T22:17:26.803973+00:00,731,487204,64x,200ms,17,43,1,14,23,29,47,94,75,97,31,66,376
2026-09-14T22:17:27.323607+00:00,732,487723,64x,200ms,17,43,0,14,24,29,47,94,75,97,31,67,376
2026-09-14T22:17:27.842942+00:00,733,488240,64x,200ms,17,43,0,14,23,29,47,94,75,97,32,66,376
2026-09-14T22:17:28.356017+00:00,734,488757,64x,200ms,17,43,0,14,24,29,47,94,75,96,31,66,376
2026-09-14T22:17:28.875142+00:00,735,489273,64x,200ms,17,43,0,14,24,30,47,93,75,96,31,66,373
2026-09-14T22:17:29.387962+00:00,736,489790,64x,200ms,17,43,0,14,24,29,47,94,75,97,31,67,376
2026-09-14T22:17:29.907723+00:00,737,490307,64x,200ms,17,43,0,14,23,29,47,94,75,97,31,66,376
2026-09-14T22:17:30.427771+00:00,738,490824,64x,200ms,17,43,1,14,23,29,46,93,74,95,30,63,370
2026-09-14T22:17:30.947404+00:00,739,491342,64x,200ms,17,43,1,11,21,25,41,90,71,92,26,52,354
2026-09-14T22:17:31.459706+00:00,740,491860,64x,200ms,17,43,1,14,23,29,47,91,73,94,30,64,358
2026-09-14T22:17:31.987082+00:00,741,492378,64x,200ms,17,43,1,12,21,25,43,85,68,89,29,61,332
2026-09-14T22:17:32.499693+00:00,742,492896,64x,200ms,17,43,1,7,11,15,25,210,162,174,70,91,604
2026-09-14T22:17:33.019643+00:00,743,493415,64x,200ms,17,43,1,32,72,91,113,235,192,192,77,103,700
2026-09-14T22:17:33.539405+00:00,744,493934,64x,200ms,17,43,0,77,207,256,292,754,657,648,255,214,1542
2026-09-14T22:17:34.059685+00:00,745,494453,64x,200ms,17,43,0,123,357,426,470,1118,998,926,350,255,2132
2026-09-14T22:17:34.579117+00:00,746,494974,64x,200ms,17,43,0,136,396,473,517,1182,1057,974,365,262,2253
2026-09-14T22:17:35.099764+00:00,747,495495,64x,200ms,17,43,0,138,401,479,523,1186,1060,977,365,261,2255
2026-09-14T22:17:35.627754+00:00,748,496015,64x,200ms,17,43,0,138,401,479,523,1185,1060,976,365,261,2252
2026-09-14T22:17:36.148061+00:00,749,496536,64x,200ms,17,43,0,138,400,479,523,1186,1060,977,365,261,2251
2026-09-14T22:17:36.667197+00:00,750,497056,64x,200ms,17,43,1,138,401,479,523,1184,1058,975,365,261,2247
2026-09-14T22:17:37.187399+00:00,751,497579,64x,200ms,17,43,1,137,399,477,522,1183,1057,975,365,261,2246
2026-09-14T22:17:37.708228+00:00,752,498100,64x,200ms,17,43,1,137,400,478,523,1182,1057,974,364,260,2242
2026-09-14T22:17:38.227079+00:00,753,498622,64x,200ms,17,43,1,137,400,478,522,1182,1056,973,364,260,2241
2026-09-14T22:17:38.747150+00:00,754,499143,64x,200ms,17,43,1,137,399,477,522,1181,1055,973,363,260,2238
2026-09-14T22:17:39.267548+00:00,755,499665,64x,200ms,17,43,1,137,400,477,521,1183,1057,975,364,260,2243
2026-09-14T22:17:39.787576+00:00,756,500188,64x,200ms,17,43,0,137,400,478,522,1184,1057,975,364,260,2241
2026-09-14T22:17:40.315656+00:00,757,500708,64x,200ms,17,43,0,137,400,478,522,1185,1058,976,364,261,2243
2026-09-14T22:17:40.835092+00:00,758,501229,64x,200ms,17,43,0,137,401,479,523,1184,1058,975,364,260,2242
2026-09-14T22:17:41.355936+00:00,759,501749,64x,200ms,17,43,0,137,400,477,522,1183,1057,975,364,261,2240
2026-09-14T22:17:41.875094+00:00,760,502269,64x,200ms,17,43,0,137,400,478,522,1182,1057,975,365,292,2245
2026-09-14T22:17:42.395682+00:00,761,502791,64x,200ms,17,43,0,137,399,477,522,1181,1055,974,365,261,2239
2026-09-14T22:17:42.914238+00:00,762,503311,64x,200ms,17,43,1,137,399,476,522,1183,1057,976,365,261,2242
2026-09-14T22:17:43.442888+00:00,763,503833,64x,200ms,17,43,1,137,400,477,522,1182,1056,976,365,261,2241
2026-09-14T22:17:43.963283+00:00,764,504354,64x,200ms,17,43,1,137,400,477,522,1183,1057,977,365,261,2242
2026-09-14T22:17:44.482813+00:00,765,504876,64x,200ms,17,43,1,138,401,479,523,1188,1061,979,366,260,2246
2026-09-14T22:17:45.003015+00:00,766,505398,64x,200ms,17,43,1,137,401,479,524,1189,1062,980,366,261,2248
2026-09-14T22:17:45.523604+00:00,767,505920,64x,200ms,17,43,1,138,402,480,525,1190,1063,980,366,260,2248
2026-09-14T22:17:46.042972+00:00,768,506442,64x,200ms,17,43,0,138,402,480,525,1192,1065,982,366,260,2253
2026-09-14T22:17:46.563286+00:00,769,506962,64x,200ms,17,43,0,138,403,481,526,1192,1065,982,366,261,2252
2026-09-14T22:17:47.082713+00:00,770,507484,64x,200ms,17,43,0,138,403,481,526,1192,1065,983,366,261,2254
2026-09-14T22:17:47.603946+00:00,771,508005,64x,200ms,17,43,0,138,403,481,526,1192,1065,982,366,261,2253
2026-09-14T22:17:48.123576+00:00,772,508525,64x,200ms,17,43,0,138,403,481,526,1192,1065,982,366,261,2252
2026-09-14T22:17:48.651725+00:00,773,509046,64x,200ms,17,43,0,138,403,481,526,1194,1067,984,367,261,2256
2026-09-14T22:17:49.171655+00:00,774,509566,64x,200ms,17,43,1,138,403,481,526,1193,1066,982,367,261,2253
2026-09-14T22:17:49.691847+00:00,775,510089,64x,200ms,17,43,1,138,404,482,527,1195,1067,985,367,261,2256
2026-09-14T22:17:50.218386+00:00,776,510610,64x,200ms,17,43,1,138,403,481,526,1194,1067,984,367,261,2255
2026-09-14T22:17:50.739707+00:00,777,511132,64x,200ms,17,43,1,138,404,482,527,1194,1067,984,367,261,2255
2026-09-14T22:17:51.259178+00:00,778,511653,64x,200ms,17,43,1,138,404,482,527,1195,1069,986,367,262,2258
2026-09-14T22:17:51.778830+00:00,779,512176,64x,200ms,17,43,1,138,403,481,527,1193,1066,984,367,261,2254
2026-09-14T22:17:52.299798+00:00,780,512697,64x,200ms,17,43,0,138,404,482,527,1193,1066,983,367,261,2252
2026-09-14T22:17:52.819522+00:00,781,513218,64x,200ms,17,43,0,138,403,481,526,1193,1065,983,366,261,2252
2026-09-14T22:17:53.338984+00:00,782,513738,64x,200ms,17,43,0,138,404,482,526,1194,1067,983,366,260,2252
2026-09-14T22:17:53.859174+00:00,783,514259,64x,200ms,17,43,0,138,403,481,526,1193,1066,983,366,260,2253
2026-09-14T22:17:54.378944+00:00,784,514781,64x,200ms,17,43,0,138,404,482,527,1193,1066,983,366,260,2250
2026-09-14T22:17:54.899769+00:00,785,515301,64x,200ms,17,43,0,138,403,481,526,1194,1066,984,366,259,2251
2026-09-14T22:17:55.426708+00:00,786,515822,64x,200ms,17,43,1,138,403,481,526,1193,1066,982,365,259,2249
2026-09-14T22:17:55.947868+00:00,787,516343,64x,200ms,17,43,1,138,404,481,526,1194,1067,984,366,259,2252
2026-09-14T22:17:56.467098+00:00,788,516866,64x,200ms,17,43,1,138,402,480,525,1192,1065,982,365,259,2248
2026-09-14T22:17:56.988014+00:00,789,517388,64x,200ms,17,43,1,138,403,480,526,1192,1065,982,365,259,2247
2026-09-14T22:17:57.507667+00:00,790,517910,64x,200ms,17,43,1,138,403,481,526,1193,1065,983,366,259,2250
2026-09-14T22:17:58.027668+00:00,791,518432,64x,200ms,17,43,1,138,402,480,525,1192,1065,982,366,259,2249
2026-09-14T22:17:58.555903+00:00,792,518955,64x,200ms,17,43,0,138,402,480,526,1192,1064,982,366,259,2247
2026-09-14T22:17:59.075009+00:00,793,519475,64x,200ms,17,43,0,138,403,481,526,1193,1065,983,366,259,2250
2026-09-14T22:17:59.594984+00:00,794,519996,64x,200ms,17,43,0,138,402,481,526,1192,1064,982,366,259,2247
2026-09-14T22:18:00.115630+00:00,795,520517,64x,200ms,17,43,0,138,403,481,526,1192,1065,983,366,259,2248
2026-09-14T22:18:00.634989+00:00,796,521037,64x,200ms,17,43,0,138,403,480,526,1191,1064,982,366,259,2246
2026-09-14T22:18:01.155383+00:00,797,521559,64x,200ms,17,43,0,138,402,480,525,1192,1065,983,366,260,2249
2026-09-14T22:18:01.684040+00:00,798,522080,64x,200ms,17,43,1,138,403,481,526,1191,1064,982,365,259,2245
2026-09-14T22:18:02.203525+00:00,799,522601,64x,200ms,17,43,1,138,403,480,525,1193,1065,983,366,259,2248
2026-09-14T22:18:02.723083+00:00,800,523123,64x,200ms,17,43,1,138,402,480,525,1192,1064,982,366,259,2245
2026-09-14T22:18:03.242871+00:00,801,523645,64x,200ms,17,43,1,138,403,480,526,1193,1065,982,366,259,2245
2026-09-14T22:18:03.763716+00:00,802,524168,64x,200ms,17,43,1,137,402,479,525,1191,1064,981,365,258,2245
2026-09-14T22:18:04.282675+00:00,803,524689,64x,200ms,17,43,1,138,402,480,525,1190,1063,981,365,258,2242
2026-09-14T22:18:04.803349+00:00,804,525211,64x,200ms,17,43,0,138,402,480,525,1191,1064,982,365,258,2244
2026-09-14T22:18:05.323576+00:00,805,525732,64x,200ms,17,43,0,137,401,479,525,1189,1061,980,364,258,2239
2026-09-14T22:18:05.843238+00:00,806,526253,64x,200ms,17,43,0,137,402,479,524,1190,1063,981,365,259,2243
2026-09-14T22:18:06.370985+00:00,807,526774,64x,200ms,17,43,0,138,402,480,525,1191,1063,981,365,258,2242
2026-09-14T22:18:06.890849+00:00,808,527294,64x,200ms,17,43,0,137,401,479,524,1190,1062,981,365,259,2242
2026-09-14T22:18:07.411755+00:00,809,527815,64x,200ms,17,43,0,138,402,480,525,1191,1064,982,365,259,2245
2026-09-14T22:18:07.932056+00:00,810,528335,64x,200ms,17,43,1,137,401,479,525,1189,1062,980,365,258,2242
2026-09-14T22:18:08.459076+00:00,811,528858,64x,200ms,17,43,1,138,402,480,525,1191,1063,981,365,259,2243
2026-09-14T22:18:08.979971+00:00,812,529380,64x,200ms,17,43,1,137,401,479,524,1190,1062,981,365,258,2242
2026-09-14T22:18:09.498910+00:00,813,529902,64x,200ms,17,43,1,137,401,479,524,1189,1061,980,365,258,2238
2026-09-14T22:18:10.019452+00:00,814,530423,64x,200ms,17,43,1,137,401,479,524,1188,1061,980,365,258,2239
2026-09-14T22:18:10.531035+00:00,815,530946,64x,200ms,17,43,1,105,303,362,407,116,97,121,62,63,288
2026-09-14T22:18:11.055299+00:00,816,531465,64x,200ms,17,43,0,18,45,56,84,243,204,263,119,141,695
2026-09-14T22:18:11.575495+00:00,817,531983,64x,200ms,17,43,0,69,186,227,266,573,494,511,208,183,1171
2026-09-14T22:18:12.096102+00:00,818,532503,64x,200ms,17,43,0,63,171,208,246,554,477,491,201,184,1180
2026-09-14T22:18:12.612651+00:00,819,533022,64x,200ms,17,43,0,61,166,202,239,548,471,485,199,184,1175
2026-09-14T22:18:13.133103+00:00,820,533542,64x,200ms,17,43,0,61,167,202,240,547,470,484,199,184,1175
2026-09-14T22:18:13.654024+00:00,821,534062,64x,200ms,17,43,0,61,166,202,239,546,470,484,198,183,1173
2026-09-14T22:18:14.173866+00:00,822,534582,64x,200ms,17,43,1,61,166,202,239,546,469,483,198,183,1174
2026-09-14T22:18:14.693895+00:00,823,535102,64x,200ms,17,43,1,61,166,202,239,580,505,511,208,181,1234
2026-09-14T22:18:15.213336+00:00,824,535623,64x,200ms,17,43,1,57,153,187,228,374,324,353,167,161,841
2026-09-14T22:18:15.733252+00:00,825,536143,64x,200ms,17,43,1,78,152,195,228,793,796,772,670,1056,3335
2026-09-14T22:18:16.253097+00:00,826,536665,64x,200ms,17,43,1,90,153,226,198,649,515,590,269,1228,2680
2026-09-14T22:18:16.765841+00:00,827,537186,64x,200ms,17,43,1,144,330,438,513,219,224,265,232,399,1006
2026-09-14T22:18:17.285074+00:00,828,537708,64x,200ms,17,43,0,2,3,3,5,11,14,33,28,24,62
2026-09-14T22:18:17.805311+00:00,829,538222,64x,200ms,17,43,0,4,6,8,10,134,106,174,85,116,501
2026-09-14T22:18:18.317624+00:00,830,538739,64x,200ms,17,43,0,41,101,121,148,270,252,327,181,230,757
2026-09-14T22:18:18.837022+00:00,831,539257,64x,200ms,17,43,0,33,75,97,116,175,107,123,51,67,430
2026-09-14T22:18:19.356770+00:00,832,539776,64x,200ms,17,43,0,10,20,27,75,98,49,48,21,24,176
2026-09-14T22:18:19.877791+00:00,833,540293,64x,200ms,17,43,0,7,14,19,65,134,76,81,32,31,242
2026-09-14T22:18:20.389089+00:00,834,540810,64x,200ms,17,43,1,13,30,39,84,188,113,125,48,58,408
2026-09-14T22:18:20.909482+00:00,835,541329,64x,200ms,17,43,1,13,29,38,82,105,56,56,24,24,184
2026-09-14T22:18:21.437027+00:00,836,541847,64x,200ms,17,43,1,7,13,18,61,140,91,96,40,35,254
2026-09-14T22:18:21.949717+00:00,837,542365,64x,200ms,17,43,1,5,7,11,75,361,302,335,127,101,694
2026-09-14T22:18:22.468702+00:00,838,542884,64x,200ms,17,43,1,43,120,148,162,420,377,434,179,214,955
2026-09-14T22:18:22.989065+00:00,839,543405,64x,200ms,17,43,1,52,136,180,188,331,247,385,170,183,838
2026-09-14T22:18:23.501600+00:00,840,543925,64x,200ms,17,43,0,32,85,109,105,201,182,223,102,134,539
2026-09-14T22:18:24.021169+00:00,841,544444,64x,200ms,17,43,0,23,59,73,84,160,131,171,68,113,480
2026-09-14T22:18:24.533301+00:00,842,544962,64x,200ms,17,43,0,2,3,4,7,7,4,4,2,1,16
2026-09-14T22:18:25.045342+00:00,843,545476,64x,200ms,17,43,0,0,0,1,3,3,3,2,1,0,9
2026-09-14T22:18:25.565058+00:00,844,545990,64x,200ms,17,43,0,0,0,0,1,2,3,2,1,0,8
2026-09-14T22:18:26.077641+00:00,845,546504,64x,200ms,17,43,0,0,0,0,1,3,4,3,2,0,12
2026-09-14T22:18:26.589095+00:00,846,547018,64x,200ms,17,43,1,0,1,1,2,2,3,2,1,0,8
2026-09-14T22:18:27.100849+00:00,847,547532,64x,200ms,17,43,1,0,0,0,1,2,3,2,1,0,8
2026-09-14T22:18:27.621144+00:00,848,548046,64x,200ms,17,43,1,0,0,0,1,2,3,2,1,0,8
2026-09-14T22:18:28.133080+00:00,849,548561,64x,200ms,17,43,1,0,0,0,1,3,6,3,2,0,12
2026-09-14T22:18:28.653369+00:00,850,549075,64x,200ms,17,43,1,0,1,1,2,4,7,4,2,0,16
2026-09-14T22:18:29.173293+00:00,851,549591,64x,200ms,17,43,1,0,0,0,1,187,153,201,121,246,701
2026-09-14T22:18:29.693396+00:00,852,550110,64x,200ms,17,43,0,16,41,49,60,139,97,130,47,50,250
2026-09-14T22:18:30.213265+00:00,853,550628,64x,200ms,17,43,0,48,132,162,193,471,400,442,183,161,1018
2026-09-14T22:18:30.725343+00:00,854,551147,64x,200ms,17,43,0,60,168,206,239,585,494,533,213,191,1297
2026-09-14T22:18:31.244978+00:00,855,551667,64x,200ms,17,43,0,66,186,228,261,618,523,561,220,190,1342
2026-09-14T22:18:31.765276+00:00,856,552186,64x,200ms,17,43,0,68,194,237,269,619,522,561,219,192,1360
2026-09-14T22:18:32.285379+00:00,857,552707,64x,200ms,17,43,0,68,193,236,268,678,569,606,232,203,1506
2026-09-14T22:18:32.805233+00:00,858,553226,64x,200ms,17,43,1,82,241,292,323,779,651,687,256,222,1754
2026-09-14T22:18:33.325419+00:00,859,553747,64x,200ms,17,43,1,81,238,288,320,546,462,508,200,174,1199
2026-09-14T22:18:33.844963+00:00,860,554268,64x,200ms,17,43,1,17,43,54,63,13,21,44,28,21,75
2026-09-14T22:18:34.365083+00:00,861,554785,64x,200ms,17,43,1,18,38,51,63,240,239,276,166,162,634
2026-09-14T22:18:34.877354+00:00,862,555305,64x,200ms,17,43,1,4,9,11,18,47,34,49,25,17,74
2026-09-14T22:18:35.389018+00:00,863,555822,64x,200ms,17,43,1,0,1,1,3,5,5,4,2,1,15
2026-09-14T22:18:35.901483+00:00,864,556336,64x,200ms,17,43,0,0,0,1,2,4,5,3,1,0,13
2026-09-14T22:18:36.421058+00:00,865,556850,64x,200ms,17,43,0,0,1,2,3,3,5,4,2,0,12
2026-09-14T22:18:36.933182+00:00,866,557364,64x,200ms,17,43,0,2,6,8,9,4,6,5,2,1,16
2026-09-14T22:18:37.444925+00:00,867,557878,64x,200ms,17,43,0,0,0,0,1,0,2,1,1,0,5
2026-09-14T22:18:37.957018+00:00,868,558392,64x,200ms,17,43,0,0,0,0,0,1,3,2,1,0,9
2026-09-14T22:18:38.477761+00:00,869,558907,64x,200ms,17,43,0,0,2,3,5,6,11,7,3,1,27
2026-09-14T22:18:38.988996+00:00,870,559421,64x,200ms,17,43,1,0,2,3,5,10,17,11,6,4,45
2026-09-14T22:18:39.508840+00:00,871,559936,64x,200ms,17,43,1,2,7,9,12,4,10,10,4,1,24
2026-09-14T22:18:40.028967+00:00,872,560452,64x,200ms,17,43,1,0,0,1,1,4,42,158,5,16,124
2026-09-14T22:18:40.549877+00:00,873,560969,64x,200ms,17,43,1,8,5,8,11,8,155,615,14,60,424
2026-09-14T22:18:41.069615+00:00,874,561487,64x,200ms,17,43,1,107,67,120,159,120,2488,10092,239,1097,6941
2026-09-14T22:18:41.588561+00:00,875,562011,64x,200ms,17,43,1,115,73,130,171,120,2460,10017,237,1093,6895
2026-09-14T22:18:42.109279+00:00,876,562534,64x,200ms,17,43,0,116,73,131,173,116,2386,9780,236,1112,6929
2026-09-14T22:18:42.628956+00:00,877,563053,64x,200ms,17,43,0,117,73,131,172,117,2388,9796,238,1116,6953
2026-09-14T22:18:43.149740+00:00,878,563571,64x,200ms,17,43,0,117,74,132,173,117,2379,9802,239,1109,6905
2026-09-14T22:18:43.661824+00:00,879,564090,64x,200ms,17,43,0,116,73,131,171,116,2383,9775,236,1112,6937
2026-09-14T22:18:44.188972+00:00,880,564610,64x,200ms,17,43,0,116,73,131,172,116,2380,9773,236,1110,6932
2026-09-14T22:18:44.709259+00:00,881,565129,64x,200ms,17,43,0,116,73,131,171,118,2379,9777,236,1109,6932
2026-09-14T22:18:45.229851+00:00,882,565648,64x,200ms,17,43,1,116,73,131,171,116,2376,9772,236,1108,6925
2026-09-14T22:18:45.749462+00:00,883,566170,64x,200ms,17,43,1,116,73,130,171,116,2377,9765,236,1110,6931
2026-09-14T22:18:46.277542+00:00,884,566692,64x,200ms,17,43,1,116,73,130,171,116,2376,9764,236,1109,6931
2026-09-14T22:18:46.797306+00:00,885,567215,64x,200ms,17,43,1,116,73,130,171,116,2375,9766,236,1110,6931
2026-09-14T22:18:47.316517+00:00,886,567737,64x,200ms,17,43,1,116,73,130,171,116,2374,9764,236,1110,6931
2026-09-14T22:18:47.836898+00:00,887,568259,64x,200ms,17,43,1,116,73,130,170,116,2374,9765,236,1110,6928
2026-09-14T22:18:48.353500+00:00,888,568781,64x,200ms,17,43,0,116,73,130,170,116,2372,9762,236,1110,6928
2026-09-14T22:18:48.870272+00:00,889,569300,64x,200ms,17,43,0,116,73,130,170,116,2371,9762,236,1109,6926
2026-09-14T22:18:49.398313+00:00,890,569821,64x,200ms,17,43,0,116,73,130,171,116,2369,9757,236,1109,6924
2026-09-14T22:18:49.917651+00:00,891,570340,64x,200ms,17,43,0,116,73,130,170,116,2369,9758,236,1109,6923
2026-09-14T22:18:50.438570+00:00,892,570859,64x,200ms,17,43,0,116,73,130,170,116,2369,9759,236,1109,6924
2026-09-14T22:18:50.959230+00:00,893,571378,64x,200ms,17,43,0,116,73,130,170,116,2368,9758,236,1109,6923
2026-09-14T22:18:51.478779+00:00,894,571898,64x,200ms,17,43,1,115,73,130,170,116,2368,9761,236,1109,6923
2026-09-14T22:18:52.003029+00:00,895,572421,64x,200ms,17,43,1,116,73,130,170,116,2367,9757,237,1109,6923
2026-09-14T22:18:52.034346+00:00,896,572943,64x,200ms,17,43,1,115,73,130,170,116,2367,9757,236,1109,6922
2026-09-14T22:18:52.563287+00:00,897,573465,64x,200ms,17,43,1,116,73,130,170,116,2367,9757,236,1109,6923
2026-09-14T22:18:53.606556+00:00,898,574023,128x,200ms,17,43,1,232,146,261,343,232,4727,19493,476,2202,13883
2026-09-14T22:18:54.125868+00:00,899,574546,128x,200ms,17,43,1,232,146,261,343,232,4727,19493,476,2201,13881
2026-09-14T22:18:54.166036+00:00,900,575071,128x,200ms,17,43,0,232,146,261,343,232,4727,19496,477,2202,13886
2026-09-14T22:18:54.678624+00:00,901,575592,128x,200ms,17,43,0,232,146,261,343,232,4724,19490,476,2200,13878
2026-09-14T22:18:55.692671+00:00,902,576113,128x,200ms,17,43,0,232,146,261,343,232,4724,19488,476,2201,13876
2026-09-14T22:18:56.213275+00:00,903,576635,128x,200ms,17,43,0,232,146,261,343,232,4724,19492,476,2201,13883
2026-09-14T22:18:56.244988+00:00,904,577157,128x,200ms,17,43,0,232,146,261,342,232,4721,19485,476,2199,13876
2026-09-14T22:18:56.773186+00:00,905,577678,128x,200ms,17,43,0,232,146,261,342,232,4721,19485,476,2201,13876
2026-09-14T22:18:57.780149+00:00,906,578199,128x,200ms,17,43,1,231,146,261,342,232,4721,19488,476,2200,13875
2026-09-14T22:18:58.308807+00:00,907,578723,128x,200ms,17,43,1,231,146,261,342,232,4720,19489,476,2200,13875
2026-09-14T22:18:58.337116+00:00,908,579248,128x,200ms,17,43,1,232,146,261,342,232,4718,19489,476,2200,13876
2026-09-14T22:18:58.868573+00:00,909,579772,128x,200ms,17,43,1,232,146,260,342,232,4718,19486,477,2200,13877
2026-09-14T22:18:59.388491+00:00,910,580295,128x,200ms,17,43,1,232,146,261,343,232,4719,19489,477,2200,13875
2026-09-14T22:19:00.427854+00:00,911,580854,64x,200ms,17,43,1,115,73,130,170,116,2359,9750,237,1108,6914
2026-09-14T22:19:00.948438+00:00,912,581378,64x,200ms,17,43,0,116,73,130,170,115,2359,9748,237,1108,6914
2026-09-14T22:19:01.468049+00:00,913,581897,64x,200ms,17,43,0,115,73,130,170,116,2359,9750,237,1108,6916
2026-09-14T22:19:01.987796+00:00,914,582416,64x,200ms,17,43,0,115,73,130,170,116,2359,9752,237,1108,6916
2026-09-14T22:19:02.499596+00:00,915,582936,64x,200ms,17,43,0,115,73,130,170,116,2358,9749,237,1108,6913
2026-09-14T22:19:03.028217+00:00,916,583455,64x,200ms,17,43,0,115,73,130,170,116,2359,9753,237,1108,6914
2026-09-14T22:19:03.548004+00:00,917,583974,64x,200ms,17,43,0,115,73,130,170,116,2358,9751,237,1108,6915
2026-09-14T22:19:04.068063+00:00,918,584495,64x,200ms,17,43,1,115,73,130,170,116,2357,9748,237,1107,6912
2026-09-14T22:19:04.591306+00:00,919,585017,64x,200ms,17,43,1,115,73,130,170,116,2357,9747,237,1107,6911
2026-09-14T22:19:04.622765+00:00,920,585538,64x,200ms,17,43,1,115,73,130,170,116,2357,9749,237,1108,6911
2026-09-14T22:19:05.958892+00:00,921,586060,64x,200ms,17,43,1,115,73,130,170,115,2357,9747,237,1107,6911
2026-09-14T22:19:07.311565+00:00,922,587423,64x,600ms,17,43,1,345,218,389,509,346,7069,29247,710,3322,20738
2026-09-14T22:19:08.639485+00:00,923,588752,64x,600ms,17,43,0,346,218,389,509,346,7068,29247,710,3323,20735
2026-09-14T22:19:09.999774+00:00,924,590114,64x,600ms,18,46,0,372,236,420,546,374,7596,31492,769,3584,22332
2026-09-14T22:19:11.335475+00:00,925,591440,64x,600ms,18,46,0,372,236,420,546,374,7593,31488,769,3582,22328
2026-09-14T22:19:12.694722+00:00,926,592802,64x,600ms,18,46,1,372,236,420,547,374,7593,31488,769,3583,22330
2026-09-14T22:19:14.055029+00:00,927,594166,64x,600ms,19,48,1,390,248,440,572,392,7943,32991,808,3758,23398
2026-09-14T22:19:15.386932+00:00,928,595500,64x,600ms,19,48,1,390,248,440,571,392,7943,32991,808,3758,23396
2026-09-14T22:19:18.015583+00:00,929,596833,64x,600ms,19,48,0,390,248,440,572,391,7939,32987,808,3757,23392
2026-09-14T22:19:19.334611+00:00,930,598159,64x,600ms,19,48,0,390,248,440,571,392,7937,32985,808,3757,23391
2026-09-14T22:19:20.663407+00:00,931,599486,64x,600ms,19,48,0,390,248,440,571,392,7938,32985,808,3758,23388
2026-09-14T22:19:22.000744+00:00,932,600812,64x,600ms,19,48,1,390,248,440,571,392,7937,32982,808,3757,23387
2026-09-14T22:19:23.320470+00:00,933,602141,64x,600ms,19,48,1,389,248,440,572,392,7935,32979,808,3756,23378
2026-09-14T22:19:24.644825+00:00,934,603470,64x,600ms,19,48,1,390,247,439,571,392,7936,32980,808,3756,23384
2026-09-14T22:19:24.684095+00:00,935,604800,64x,600ms,19,48,0,390,248,440,572,392,7935,32984,808,3756,23387
2026-09-14T22:19:26.003781+00:00,936,606126,64x,600ms,19,48,0,390,248,440,571,392,7934,32982,808,3756,23387
2026-09-14T22:19:28.668480+00:00,937,607488,64x,600ms,20,51,0,416,266,470,610,420,8464,35244,868,4020,24993
2026-09-14T22:19:29.995719+00:00,938,608815,64x,600ms,20,51,1,417,266,470,610,420,8462,35238,868,4020,24991
2026-09-14T22:19:31.316219+00:00,939,610144,64x,600ms,20,51,1,417,266,470,610,419,8460,35239,867,4019,24990
2026-09-14T22:19:32.644799+00:00,940,611473,64x,600ms,20,51,1,417,266,470,610,420,8461,35241,868,4018,24992
2026-09-14T22:19:33.972084+00:00,941,612802,64x,600ms,20,51,0,416,266,470,610,419,8460,35237,868,4018,24991
2026-09-14T22:19:35.300569+00:00,942,614128,64x,600ms,20,51,0,417,266,470,610,419,8459,35235,868,4018,24979
2026-09-14T22:19:36.628803+00:00,943,615454,64x,600ms,20,51,0,417,266,470,610,419,8457,35234,868,4016,24987
2026-09-14T22:19:37.958551+00:00,944,616780,64x,600ms,20,51,1,416,266,470,609,419,8456,35231,867,4016,24983
2026-09-14T22:19:39.282605+00:00,945,618109,64x,600ms,20,51,1,416,266,470,609,419,8458,35236,868,4016,24986
2026-09-14T22:19:39.322928+00:00,946,619439,64x,600ms,20,51,1,416,266,470,609,419,8458,35224,868,4016,24983
2026-09-14T22:19:40.642430+00:00,947,620769,64x,600ms,20,51,0,416,266,470,609,419,8456,35226,868,4016,24981
2026-09-14T22:19:43.269416+00:00,948,622098,64x,600ms,20,51,0,416,266,470,609,419,8457,35230,867,4016,24977
2026-09-14T22:19:43.302197+00:00,949,623425,64x,600ms,20,51,0,416,266,470,610,419,8457,35237,868,4015,24982
2026-09-14T22:19:44.629531+00:00,950,624751,64x,600ms,20,51,1,416,266,470,610,419,8456,35229,868,4015,24977
2026-09-14T22:19:47.286504+00:00,951,626115,32x,600ms,20,51,1,210,135,238,308,212,4270,17853,439,2028,12629
2026-09-14T22:19:47.319229+00:00,952,627444,32x,600ms,20,51,1,210,134,238,308,212,4270,17852,439,2027,12628
2026-09-14T22:19:48.646569+00:00,953,628773,32x,600ms,20,51,0,210,135,238,308,212,4270,17852,439,2028,12629
2026-09-14T22:19:51.301299+00:00,954,630135,32x,600ms,20,51,0,210,134,238,308,212,4270,17853,439,2028,12629
2026-09-14T22:19:51.341379+00:00,955,631461,32x,600ms,20,51,0,210,134,238,308,212,4269,17852,439,2028,12626
2026-09-14T22:19:51.558315+00:00,956,632788,32x,600ms,20,51,1,210,134,238,308,212,4270,17851,439,2027,12628
2026-09-14T22:19:51.997035+00:00,957,633047,32x,50ms,20,51,1,18,12,20,26,18,356,1487,37,169,1051
2026-09-14T22:19:52.029189+00:00,958,633264,32x,50ms,20,51,1,18,12,20,26,18,356,1489,37,169,1053
2026-09-14T22:19:52.237093+00:00,959,633481,32x,50ms,20,51,1,18,12,20,26,18,356,1488,37,169,1053
2026-09-14T22:19:52.672015+00:00,960,633733,16x,50ms,20,51,1,9,6,10,13,9,179,748,19,85,529
2026-09-14T22:19:52.880361+00:00,961,633947,16x,50ms,20,51,1,9,6,10,13,9,179,749,19,85,530
2026-09-14T22:19:53.096150+00:00,962,634161,16x,50ms,20,51,1,9,6,10,13,9,178,748,19,85,529
2026-09-14T22:19:53.312245+00:00,963,634376,16x,50ms,20,51,1,9,6,10,13,9,178,748,19,85,528
2026-09-14T22:19:53.520303+00:00,964,634590,16x,50ms,20,51,1,9,6,10,13,9,179,749,19,85,528
2026-09-14T22:19:53.736964+00:00,965,634804,16x,50ms,20,51,0,9,6,10,13,9,178,748,19,85,528
2026-09-14T22:19:53.768497+00:00,966,635016,16x,50ms,20,51,0,9,6,10,13,9,179,749,19,85,530
2026-09-14T22:19:53.983986+00:00,967,635228,16x,50ms,20,51,0,9,6,10,13,9,178,748,19,85,529
2026-09-14T22:19:54.417106+00:00,968,635478,32x,50ms,20,51,0,18,12,20,26,18,356,1488,37,169,1053
2026-09-14T22:19:54.625280+00:00,969,635691,32x,50ms,20,51,0,18,12,20,26,18,356,1489,37,169,1053
2026-09-14T22:19:54.840780+00:00,970,635906,32x,50ms,20,51,0,18,12,20,26,18,356,1489,37,169,1053
2026-09-14T22:19:55.064985+00:00,971,636122,32x,50ms,20,51,0,18,12,20,26,18,356,1489,37,169,1052
2026-09-14T22:19:55.272906+00:00,972,636338,32x,50ms,20,51,0,18,12,20,26,18,356,1487,37,169,1052
2026-09-14T22:19:55.488195+00:00,973,636555,32x,50ms,20,51,0,18,12,20,26,18,356,1488,37,169,1053
2026-09-14T22:19:55.712994+00:00,974,636770,32x,50ms,20,51,0,18,12,20,26,18,355,1486,37,168,1051
2026-09-14T22:19:55.920966+00:00,975,636987,32x,50ms,20,51,0,18,12,20,26,18,356,1487,37,169,1052
2026-09-14T22:19:56.136620+00:00,976,637202,32x,50ms,20,51,0,18,12,20,26,18,356,1489,37,169,1053
2026-09-14T22:19:56.352708+00:00,977,637416,32x,50ms,20,51,0,18,12,20,26,18,356,1487,37,169,1052
2026-09-14T22:19:56.568807+00:00,978,637631,32x,50ms,20,51,0,18,12,20,26,18,356,1487,37,169,1051
2026-09-14T22:19:56.792333+00:00,979,637846,32x,50ms,20,51,1,18,12,20,26,18,356,1487,37,169,1052
2026-09-14T22:19:57.008046+00:00,980,638064,32x,50ms,20,51,1,18,12,20,26,18,356,1489,37,169,1052
2026-09-14T22:19:57.224904+00:00,981,638280,32x,50ms,20,51,1,18,12,20,26,18,356,1488,37,169,1052
2026-09-14T22:19:57.440542+00:00,982,638497,32x,50ms,20,51,1,18,12,20,26,18,355,1486,37,168,1052
2026-09-14T22:19:57.664463+00:00,983,638717,32x,50ms,20,51,1,18,12,20,26,18,356,1489,37,169,1054
2026-09-14T22:19:57.880439+00:00,984,638935,32x,50ms,20,51,1,18,12,20,26,18,356,1488,37,169,1053
2026-09-14T22:19:58.096281+00:00,985,639155,32x,50ms,20,51,1,18,12,20,26,18,356,1488,37,169,1052
2026-09-14T22:19:58.312753+00:00,986,639373,32x,50ms,20,51,1,18,12,20,26,18,356,1489,37,169,1052
2026-09-14T22:19:58.536433+00:00,987,639590,32x,50ms,20,51,1,18,12,20,26,18,356,1487,37,169,1051
2026-09-14T22:19:58.752643+00:00,988,639808,32x,50ms,20,51,1,18,12,20,26,18,356,1487,37,168,1051
2026-09-14T22:19:58.967612+00:00,989,640025,32x,50ms,20,51,1,18,12,20,26,18,356,1488,37,169,1052
2026-09-14T22:19:59.183993+00:00,990,640243,32x,50ms,20,51,1,18,12,20,26,18,356,1488,37,169,1053
2026-09-14T22:19:59.400994+00:00,991,640459,32x,50ms,20,51,1,18,12,20,26,18,356,1488,37,169,1053
2026-09-14T22:19:59.440631+00:00,992,640679,32x,50ms,20,51,1,18,12,20,26,18,356,1488,37,169,1053
2026-09-14T22:19:59.655749+00:00,993,640899,32x,50ms,20,51,0,18,12,20,26,18,356,1489,37,169,1054
2026-09-14T22:20:00.079523+00:00,994,641148,32x,50ms,20,51,0,18,12,20,26,18,356,1487,37,168,1051
2026-09-14T22:20:00.294892+00:00,995,641363,32x,50ms,20,51,0,18,12,20,26,18,356,1488,37,169,1053
2026-09-14T22:20:00.511944+00:00,996,641579,32x,50ms,20,51,0,18,12,20,26,18,356,1488,37,169,1053
2026-09-14T22:20:00.720516+00:00,997,641793,32x,50ms,20,51,0,18,12,20,26,18,356,1488,37,169,1052
2026-09-14T22:20:00.936572+00:00,998,642007,32x,50ms,20,51,0,18,12,20,26,18,356,1489,37,169,1053
2026-09-14T22:20:01.152692+00:00,999,642220,32x,50ms,20,51,0,18,12,20,26,18,356,1487,37,169,1053
2026-09-14T22:20:01.365685+00:00,1000,642436,32x,50ms,20,51,0,18,12,20,26,18,356,1489,37,169,1052
2026-09-14T22:20:01.399624+00:00,1001,642651,32x,50ms,20,51,0,18,12,20,26,18,356,1489,37,169,1054
2026-09-14T22:20:01.620677+00:00,1002,642865,32x,50ms,20,51,0,18,12,20,26,18,356,1488,37,169,1053
2026-09-14T22:20:02.050828+00:00,1003,643115,64x,50ms,20,51,0,35,22,39,51,35,705,2936,73,334,2082
2026-09-14T22:20:02.266548+00:00,1004,643331,64x,50ms,20,51,0,35,22,39,51,35,704,2935,73,334,2081
2026-09-14T22:20:02.490613+00:00,1005,643548,64x,50ms,20,51,0,35,22,39,51,35,704,2937,73,334,2082
2026-09-14T22:20:02.707449+00:00,1006,643764,64x,50ms,20,51,0,35,22,39,51,35,705,2938,73,334,2083
2026-09-14T22:20:02.923196+00:00,1007,643982,64x,50ms,20,51,1,35,22,39,51,35,704,2934,73,334,2081
2026-09-14T22:20:03.139020+00:00,1008,644201,64x,50ms,20,51,1,35,22,39,51,35,705,2938,73,335,2082
2026-09-14T22:20:03.362835+00:00,1009,644419,64x,50ms,20,51,1,35,22,39,51,35,704,2936,73,334,2081
2026-09-14T22:20:03.578152+00:00,1010,644638,64x,50ms,20,51,1,35,22,39,51,35,704,2934,73,334,2081
2026-09-14T22:20:03.802837+00:00,1011,644856,64x,50ms,20,51,1,35,22,39,51,35,704,2935,72,334,2081
2026-09-14T22:20:04.019075+00:00,1012,645076,64x,50ms,20,51,1,35,22,39,51,35,704,2936,73,334,2081
2026-09-14T22:20:04.242364+00:00,1013,645296,64x,50ms,20,51,1,35,22,39,51,35,705,2937,73,334,2083
2026-09-14T22:20:04.459121+00:00,1014,645516,64x,50ms,20,51,1,35,22,39,51,35,703,2934,73,334,2078
2026-09-14T22:20:04.674841+00:00,1015,645734,64x,50ms,20,51,1,35,22,39,51,35,704,2938,73,334,2083
2026-09-14T22:20:04.891133+00:00,1016,645952,64x,50ms,20,51,1,35,22,39,51,35,706,2938,73,335,2083
2026-09-14T22:20:05.114348+00:00,1017,646172,64x,50ms,20,51,1,35,22,39,51,35,704,2935,73,334,2081
2026-09-14T22:20:05.330234+00:00,1018,646388,64x,50ms,20,51,1,35,22,39,51,35,704,2937,73,334,2083
2026-09-14T22:20:05.547042+00:00,1019,646607,64x,50ms,20,51,1,35,22,39,51,35,705,2938,73,334,2083
2026-09-14T22:20:05.763144+00:00,1020,646828,64x,50ms,20,51,1,35,22,39,51,35,704,2936,73,334,2081
2026-09-14T22:20:05.978805+00:00,1021,647047,64x,50ms,20,51,0,35,22,39,51,35,704,2935,73,334,2080
2026-09-14T22:20:06.202890+00:00,1022,647264,64x,50ms,20,51,0,35,22,39,51,35,704,2935,73,334,2081
2026-09-14T22:20:06.419016+00:00,1023,647481,64x,50ms,20,51,0,35,22,39,51,35,704,2936,73,334,2081
2026-09-14T22:20:06.626541+00:00,1024,647698,64x,50ms,20,51,0,35,22,39,51,35,703,2933,73,334,2079
2026-09-14T22:20:06.842980+00:00,1025,647914,64x,50ms,20,51,0,35,22,39,51,35,704,2935,73,334,2081
2026-09-14T22:20:07.066921+00:00,1026,648129,64x,50ms,20,51,0,35,22,39,51,35,703,2934,73,334,2079
2026-09-14T22:20:07.275505+00:00,1027,648346,64x,50ms,20,51,0,35,22,39,51,35,704,2937,73,334,2083
2026-09-14T22:20:07.490590+00:00,1028,648560,64x,50ms,20,51,0,35,22,39,51,35,703,2933,72,334,2080
2026-09-14T22:20:07.715044+00:00,1029,648776,64x,50ms,20,51,0,35,22,39,51,35,703,2934,72,334,2079
2026-09-14T22:20:07.931035+00:00,1030,648992,64x,50ms,20,51,0,35,22,39,51,35,705,2937,73,334,2083
2026-09-14T22:20:08.146743+00:00,1031,649209,64x,50ms,20,51,0,35,22,39,51,35,703,2933,72,334,2079
2026-09-14T22:20:08.354729+00:00,1032,649425,64x,50ms,20,51,0,35,22,39,51,35,703,2933,73,334,2080
2026-09-14T22:20:08.578812+00:00,1033,649643,64x,50ms,20,51,0,35,22,39,51,35,703,2933,72,334,2078
2026-09-14T22:20:08.794752+00:00,1034,649858,64x,50ms,20,51,0,35,22,39,51,35,705,2937,73,334,2082
2026-09-14T22:20:09.019202+00:00,1035,650075,64x,50ms,20,51,1,35,22,39,51,35,703,2933,72,334,2079
2026-09-14T22:20:09.241405+00:00,1036,650294,64x,50ms,20,51,1,35,22,39,51,35,705,2937,73,334,2082
2026-09-14T22:20:09.273753+00:00,1037,650514,64x,50ms,20,51,1,35,22,39,51,35,704,2935,73,334,2081
2026-09-14T22:20:09.789837+00:00,1038,650733,64x,50ms,20,51,1,35,22,39,51,35,704,2935,73,334,2080
2026-09-14T22:20:10.837375+00:00,1039,651289,64x,200ms,20,51,1,139,89,157,203,140,2817,11741,289,1337,8325
2026-09-14T22:20:11.358171+00:00,1040,651811,64x,200ms,20,51,1,139,89,156,203,140,2817,11743,290,1337,8325
2026-09-14T22:20:11.877637+00:00,1041,652334,64x,200ms,20,51,1,139,89,156,203,140,2816,11740,289,1337,8323
2026-09-14T22:20:12.396915+00:00,1042,652857,64x,200ms,20,51,1,139,89,157,203,140,2816,11740,289,1337,8324
2026-09-14T22:20:12.918423+00:00,1043,653379,64x,200ms,20,51,0,139,89,156,203,140,2817,11739,289,1337,8324
2026-09-14T22:20:13.437339+00:00,1044,653900,64x,200ms,20,51,0,139,89,157,203,140,2818,11743,289,1337,8326
2026-09-14T22:20:13.966148+00:00,1045,654420,64x,200ms,20,51,0,139,89,156,203,140,2817,11744,289,1337,8326
2026-09-14T22:20:14.478105+00:00,1046,654941,64x,200ms,20,51,0,139,89,157,203,140,2818,11742,289,1337,8325
2026-09-14T22:20:15.005254+00:00,1047,655461,64x,200ms,20,51,0,139,89,157,203,140,2817,11743,289,1337,8324
2026-09-14T22:20:15.525759+00:00,1048,655981,64x,200ms,20,51,0,139,89,157,203,140,2817,11740,289,1336,8320
2026-09-14T22:20:16.053956+00:00,1049,656501,64x,200ms,20,51,1,139,89,157,203,140,2816,11735,289,1336,8320
2026-09-14T22:20:16.573646+00:00,1050,657025,64x,200ms,20,51,1,139,89,157,203,140,2816,11736,289,1336,8323
2026-09-14T22:20:17.093591+00:00,1051,657548,64x,200ms,20,51,1,139,89,156,203,140,2816,11738,289,1336,8321
2026-09-14T22:20:17.613560+00:00,1052,658070,64x,200ms,20,51,1,139,89,157,203,140,2816,11738,289,1336,8322
2026-09-14T22:20:18.134105+00:00,1053,658593,64x,200ms,20,51,1,139,89,157,203,140,2816,11735,289,1336,8320
2026-09-14T22:20:18.653950+00:00,1054,659116,64x,200ms,20,51,1,139,89,157,203,140,2817,11737,289,1336,8322
2026-09-14T22:20:19.173722+00:00,1055,659639,64x,200ms,20,51,0,139,89,157,203,140,2818,11740,289,1336,8324
2026-09-14T22:20:19.693604+00:00,1056,660159,64x,200ms,20,51,0,139,89,156,203,140,2818,11740,289,1336,8324
2026-09-14T22:20:20.213530+00:00,1057,660679,64x,200ms,20,51,0,139,89,156,203,140,2817,11739,289,1336,8323
2026-09-14T22:20:20.733579+00:00,1058,661199,64x,200ms,20,51,0,139,89,157,203,140,2817,11739,289,1337,8324
2026-09-14T22:20:21.262030+00:00,1059,661720,64x,200ms,20,51,0,139,89,157,203,140,2817,11739,289,1337,8322
2026-09-14T22:20:21.781493+00:00,1060,662240,64x,200ms,20,51,0,139,89,157,203,140,2817,11735,289,1336,8321
2026-09-14T22:20:22.301571+00:00,1061,662760,64x,200ms,20,51,1,139,89,157,203,140,2817,11739,289,1336,8323
2026-09-14T22:20:22.813521+00:00,1062,663283,64x,200ms,20,51,1,139,89,157,203,140,2818,11744,291,1349,8373
2026-09-14T22:20:23.333116+00:00,1063,663805,64x,200ms,20,51,1,60,39,68,88,8,157,621,16,67,462
2026-09-14T22:20:23.845965+00:00,1064,664324,64x,200ms,20,51,1,0,0,0,0,0,2,2,0,0,5
2026-09-14T22:20:24.358118+00:00,1065,664839,64x,200ms,20,51,1,0,0,0,0,2,5,3,2,0,12
2026-09-14T22:20:24.877678+00:00,1066,665354,64x,200ms,20,51,1,0,1,1,2,4,8,4,2,0,18
2026-09-14T22:20:25.388553+00:00,1067,665869,64x,200ms,20,51,0,0,0,0,0,0,2,1,1,0,5
2026-09-14T22:20:25.902161+00:00,1068,666383,64x,200ms,20,51,0,0,0,0,0,0,1,1,0,0,4
2026-09-14T22:20:26.421387+00:00,1069,666898,64x,200ms,20,51,0,0,0,0,0,1,2,1,1,0,5
2026-09-14T22:20:26.934298+00:00,1070,667412,64x,200ms,20,51,0,0,0,0,0,1,2,1,0,0,5
2026-09-14T22:20:27.446003+00:00,1071,667926,64x,200ms,20,51,0,0,0,0,1,1,3,1,1,0,6
2026-09-14T22:20:27.966127+00:00,1072,668440,64x,200ms,20,51,0,0,0,0,0,0,1,1,0,0,3
2026-09-14T22:20:28.477675+00:00,1073,668954,64x,200ms,20,51,1,0,0,0,0,0,1,0,0,0,3
2026-09-14T22:20:28.988569+00:00,1074,669469,64x,200ms,20,51,1,0,0,0,0,0,1,1,0,0,4
2026-09-14T22:20:29.501336+00:00,1075,669983,64x,200ms,20,51,1,0,0,0,0,0,1,1,0,0,4
2026-09-14T22:20:30.021349+00:00,1076,670497,64x,200ms,20,51,1,0,0,0,0,1,3,1,1,0,7
2026-09-14T22:20:30.541517+00:00,1077,671012,64x,200ms,20,51,1,0,0,0,0,1,3,2,1,0,7
2026-09-14T22:20:30.581405+00:00,1078,671526,64x,200ms,20,51,1,0,2,3,5,3348,531,356,307,354,10958
2026-09-14T22:20:31.101220+00:00,1079,672048,64x,200ms,20,51,0,1725,806,9683,65535,20594,3287,2200,1933,2228,53512
2026-09-14T22:20:31.621290+00:00,1080,672571,64x,200ms,20,51,0,990,453,5907,54121,14824,2327,1584,1378,1548,49329
2026-09-14T22:20:32.149303+00:00,1081,673094,64x,200ms,20,51,0,1575,725,9321,65535,18489,2936,1972,1725,2142,59085
2026-09-14T22:20:32.670353+00:00,1082,673618,64x,200ms,20,51,0,1461,669,8569,65535,15563,2423,1660,1462,1715,55346
2026-09-14T22:20:33.196748+00:00,1083,674142,64x,200ms,20,51,0,1230,565,7231,65020,15659,2470,1666,1470,1744,55514
2026-09-14T22:20:33.717418+00:00,1084,674666,64x,200ms,20,51,0,1646,759,9629,65535,17284,2710,1830,1611,1919,60474
2026-09-14T22:20:34.245270+00:00,1085,675189,64x,200ms,20,51,1,1006,464,5939,56352,15303,2381,1620,1422,1661,53158
2026-09-14T22:20:34.765350+00:00,1086,675714,64x,200ms,20,51,1,1005,464,5931,56278,15293,2380,1619,1421,1661,53112
2026-09-14T22:20:35.293718+00:00,1087,676237,64x,200ms,20,51,1,1004,463,5932,56266,15291,2379,1618,1421,1660,53103
2026-09-14T22:20:35.812934+00:00,1088,676761,64x,200ms,20,51,1,1004,463,5930,56270,15285,2379,1618,1421,1660,53084
2026-09-14T22:20:36.341415+00:00,1089,677285,64x,200ms,20,51,1,1005,463,5928,56252,15285,2380,1618,1421,1660,53089
2026-09-14T22:20:36.861214+00:00,1090,677810,64x,200ms,20,51,1,1004,463,5928,56243,15285,2379,1618,1420,1659,53078
2026-09-14T22:20:37.390169+00:00,1091,678334,64x,200ms,20,51,0,1004,463,5929,56231,15282,2379,1618,1421,1660,53056
2026-09-14T22:20:37.910269+00:00,1092,678858,64x,200ms,20,51,0,1004,463,5927,56239,15284,2380,1618,1421,1660,53071
2026-09-14T22:20:38.437237+00:00,1093,679383,64x,200ms,20,51,0,1004,463,5927,56229,15280,2379,1618,1421,1659,53050
2026-09-14T22:20:38.958369+00:00,1094,679907,64x,200ms,20,51,0,1004,463,5924,56226,15279,2379,1617,1420,1659,53036
2026-09-14T22:20:39.485290+00:00,1095,680431,64x,200ms,20,51,0,1004,463,5927,56218,15282,2379,1618,1420,1659,53047
2026-09-14T22:20:40.005055+00:00,1096,680955,64x,200ms,20,51,0,1004,463,5925,56221,15282,2380,1618,1421,1659,53028
2026-09-14T22:20:40.533735+00:00,1097,681480,64x,200ms,20,51,1,1004,463,5926,56201,15280,2379,1617,1420,1659,53033
2026-09-14T22:20:41.053883+00:00,1098,682004,64x,200ms,20,51,1,1003,463,5926,56217,15276,2379,1617,1420,1659,53029
2026-09-14T22:20:41.574339+00:00,1099,682528,64x,200ms,20,51,1,1003,463,5925,56200,15278,2379,1617,1420,1658,53024
2026-09-14T22:20:42.101203+00:00,1100,683053,64x,200ms,20,51,1,1004,463,5926,56204,15279,2379,1617,1420,1658,53016
2026-09-14T22:20:42.629543+00:00,1101,683577,64x,200ms,20,51,1,1003,463,5924,56188,15279,2380,1617,1420,1659,53024
2026-09-14T22:20:43.150149+00:00,1102,684101,64x,200ms,20,51,1,1003,463,5926,56209,15280,2380,1617,1420,1659,53028
2026-09-14T22:20:43.677875+00:00,1103,684625,64x,200ms,20,51,0,1004,463,5925,56190,15273,2379,1617,1420,1658,53009
2026-09-14T22:20:44.197907+00:00,1104,685150,64x,200ms,20,51,0,1003,463,5924,56186,15275,2379,1617,1420,1658,53001
2026-09-14T22:20:44.725465+00:00,1105,685674,64x,200ms,20,51,0,1003,463,5922,56181,15276,2379,1617,1420,1658,53000
2026-09-14T22:20:45.245350+00:00,1106,686198,64x,200ms,20,51,0,1003,463,5922,56187,15278,2379,1617,1420,1659,53007
2026-09-14T22:20:45.773289+00:00,1107,686722,64x,200ms,20,51,0,1003,463,5922,56175,15277,2380,1617,1420,1658,53012
2026-09-14T22:20:46.293659+00:00,1108,687246,64x,200ms,20,51,0,1003,463,5920,56168,15272,2379,1617,1420,1659,53016
2026-09-14T22:20:46.821192+00:00,1109,687770,64x,200ms,20,51,1,1003,463,5919,56165,15270,2379,1617,1420,1659,53006
2026-09-14T22:20:47.342268+00:00,1110,688294,64x,200ms,20,51,1,1003,463,5921,56172,15278,2379,1617,1420,1659,53019
2026-09-14T22:20:47.862302+00:00,1111,688819,64x,200ms,20,51,1,1003,463,5920,56155,15273,2379,1616,1420,1659,53016
2026-09-14T22:20:48.389956+00:00,1112,689343,64x,200ms,20,51,1,1003,463,5920,56155,15274,2379,1617,1420,1659,53011
2026-09-14T22:20:48.918099+00:00,1113,689866,64x,200ms,20,51,1,1002,463,5921,56155,15270,2378,1616,1419,1659,52997
2026-09-14T22:20:49.437294+00:00,1114,690391,64x,200ms,20,51,1,1003,463,5920,56145,15269,2378,1617,1419,1658,52982
2026-09-14T22:20:49.965420+00:00,1115,690915,64x,200ms,20,51,0,1003,463,5921,56153,15269,2378,1616,1419,1658,52985
2026-09-14T22:20:50.485259+00:00,1116,691439,64x,200ms,20,51,0,1003,463,5920,56144,15267,2378,1616,1419,1658,52967
2026-09-14T22:20:51.008754+00:00,1117,691963,64x,200ms,20,51,0,1002,463,5919,56134,15269,2378,1616,1419,1658,52971
2026-09-14T22:20:51.537533+00:00,1118,692488,64x,200ms,20,51,0,1003,463,5919,56148,15265,2378,1616,1419,1658,52970
2026-09-14T22:20:52.057722+00:00,1119,693011,64x,200ms,20,51,0,1002,463,5918,56130,15268,2378,1617,1419,1658,52994
2026-09-14T22:20:52.586452+00:00,1120,693535,64x,200ms,20,51,0,1003,463,5918,56130,15268,2378,1616,1420,1659,52978
2026-09-14T22:20:53.106365+00:00,1121,694060,64x,200ms,20,51,1,1002,463,5917,56128,15267,2378,1616,1419,1658,52982
2026-09-14T22:20:53.625698+00:00,1122,694584,64x,200ms,20,51,1,1002,463,5917,56124,15270,2378,1616,1419,1658,52986
2026-09-14T22:20:54.154442+00:00,1123,695108,64x,200ms,20,51,1,1003,463,5918,56128,15270,2378,1617,1420,1658,52996
2026-09-14T22:20:54.674072+00:00,1124,695632,64x,200ms,20,51,1,1002,463,5918,56124,15268,2379,1616,1419,1659,52981
2026-09-14T22:20:55.201482+00:00,1125,696157,64x,200ms,20,51,1,1002,463,5916,56111,15267,2378,1616,1419,1658,52971
2026-09-14T22:20:55.729596+00:00,1126,696680,64x,200ms,20,51,1,1002,463,5916,56109,15264,2377,1615,1419,1658,52966
2026-09-14T22:20:56.249668+00:00,1127,697204,64x,200ms,20,51,0,1003,463,5917,56132,15261,2377,1616,1419,1658,52973
2026-09-14T22:20:56.772745+00:00,1128,697729,64x,200ms,20,51,0,1002,463,5916,56128,15261,2377,1616,1419,1658,52970
2026-09-14T22:20:57.291761+00:00,1129,698252,64x,200ms,20,51,0,1002,463,5917,56118,15264,2377,1616,1419,1658,52965
2026-09-14T22:20:57.820088+00:00,1130,698776,64x,200ms,20,51,0,1002,463,5914,56117,15260,2378,1616,1419,1658,52977
2026-09-14T22:20:58.340685+00:00,1131,699299,64x,200ms,20,51,0,1002,463,5914,56110,15261,2377,1616,1419,1658,52979
2026-09-14T22:20:58.868851+00:00,1132,699824,64x,200ms,20,51,0,1002,463,5918,56130,15263,2377,1616,1419,1659,52967
2026-09-14T22:20:59.396248+00:00,1133,700348,64x,200ms,20,51,1,1002,463,5917,56121,15262,2376,1616,1419,1657,52953
2026-09-14T22:20:59.916832+00:00,1134,700872,64x,200ms,20,51,1,1002,463,5917,56149,15260,2377,1616,1419,1658,52961
2026-09-14T22:21:00.436095+00:00,1135,701395,64x,200ms,20,51,1,1002,463,5917,56121,15265,2377,1616,1420,1659,52971
2026-09-14T22:21:00.964348+00:00,1136,701920,64x,200ms,20,51,1,1002,463,5916,56136,15263,2377,1616,1419,1658,52967
2026-09-14T22:21:01.483725+00:00,1137,702443,64x,200ms,20,51,1,1002,463,5914,56109,15258,2376,1616,1419,1658,52962
2026-09-14T22:21:02.012600+00:00,1138,702967,64x,200ms,20,51,1,1002,463,5912,56101,15258,2376,1615,1418,1657,52948
2026-09-14T22:21:02.531958+00:00,1139,703492,64x,200ms,20,51,0,1002,463,5915,56117,15256,2376,1614,1418,1657,52952
2026-09-14T22:21:03.060540+00:00,1140,704016,64x,200ms,20,51,0,1002,462,5916,56116,15256,2376,1615,1418,1658,52952
2026-09-14T22:21:03.579536+00:00,1141,704539,64x,200ms,20,51,0,1002,463,5915,56117,15257,2376,1615,1418,1658,52958
2026-09-14T22:21:04.108342+00:00,1142,705063,64x,200ms,20,51,0,1002,463,5915,56110,15258,2377,1616,1419,1658,52963
2026-09-14T22:21:04.628781+00:00,1143,705588,64x,200ms,20,51,0,1002,462,5914,56110,15258,2376,1615,1419,1657,52974
2026-09-14T22:21:05.148216+00:00,1144,706112,64x,200ms,20,51,0,1002,463,5915,56121,15257,2376,1616,1419,1658,52960
2026-09-14T22:21:05.676484+00:00,1145,706635,64x,200ms,20,51,1,1002,462,5915,56117,15254,2376,1615,1419,1658,52955
2026-09-14T22:21:06.196615+00:00,1146,707160,64x,200ms,20,51,1,1002,463,5915,56121,15253,2376,1616,1419,1658,52964
2026-09-14T22:21:06.724562+00:00,1147,707684,64x,200ms,20,51,1,1002,463,5915,56132,15255,2376,1615,1419,1658,52957
2026-09-14T22:21:07.252481+00:00,1148,708208,64x,200ms,20,51,1,1002,463,5915,56128,15254,2376,1616,1419,1658,52947
2026-09-14T22:21:07.771601+00:00,1149,708731,64x,200ms,20,51,1,1002,463,5916,56126,15251,2376,1615,1418,1658,52949
2026-09-14T22:21:08.299955+00:00,1150,709256,64x,200ms,20,51,1,1002,463,5914,56123,15253,2376,1615,1419,1658,52952
2026-09-14T22:21:08.820147+00:00,1151,709780,64x,200ms,20,51,0,1001,463,5912,56112,15253,2375,1615,1419,1657,52955
2026-09-14T22:21:09.348486+00:00,1152,710304,64x,200ms,20,51,0,1002,463,5912,56105,15250,2375,1615,1419,1658,52948
2026-09-14T22:21:09.868396+00:00,1153,710829,64x,200ms,20,51,0,1002,462,5913,56115,15253,2376,1615,1419,1658,52967
2026-09-14T22:21:10.387660+00:00,1154,711353,64x,200ms,20,51,0,1002,463,5913,56113,15250,2376,1615,1419,1658,52968
2026-09-14T22:21:10.916307+00:00,1155,711876,64x,200ms,20,51,0,1002,463,5913,56116,15253,2376,1616,1419,1658,52965
2026-09-14T22:21:11.436503+00:00,1156,712400,64x,200ms,20,51,0,1002,463,5914,56117,15252,2376,1615,1419,1658,52942
2026-09-14T22:21:11.963148+00:00,1157,712925,64x,200ms,20,51,1,1002,463,5915,56128,15251,2376,1615,1419,1658,52946
2026-09-14T22:21:12.484630+00:00,1158,713449,64x,200ms,20,51,1,1002,463,5915,56126,15251,2376,1615,1419,1658,52947
2026-09-14T22:21:13.011933+00:00,1159,713972,64x,200ms,20,51,1,1002,463,5915,56128,15255,2376,1615,1419,1658,52960
2026-09-14T22:21:13.540470+00:00,1160,714497,64x,200ms,20,51,1,1002,463,5916,56133,15252,2375,1615,1419,1658,52954
2026-09-14T22:21:14.059960+00:00,1161,715021,64x,200ms,20,51,1,1002,463,5914,56129,15255,2376,1616,1419,1658,52965
2026-09-14T22:21:14.579957+00:00,1162,715545,64x,200ms,20,51,1,1002,463,5914,56130,15253,2375,1615,1419,1659,52971
2026-09-14T22:21:15.108263+00:00,1163,716068,64x,200ms,20,51,0,1002,462,5912,56119,15247,2375,1615,1419,1658,52959
2026-09-14T22:21:15.628672+00:00,1164,716593,64x,200ms,20,51,0,1002,462,5913,56124,15243,2375,1615,1419,1657,52934
2026-09-14T22:21:16.156125+00:00,1165,717117,64x,200ms,20,51,0,1002,462,5914,56137,15245,2374,1614,1418,1657,52945
2026-09-14T22:21:16.675752+00:00,1166,717640,64x,200ms,20,51,0,1002,462,5914,56133,15245,2374,1615,1419,1658,52948
2026-09-14T22:21:17.204412+00:00,1167,718164,64x,200ms,20,51,0,1001,462,5911,56127,15246,2374,1614,1419,1657,52938
2026-09-14T22:21:17.724711+00:00,1168,718689,64x,200ms,20,51,0,1001,462,5910,56104,15244,2374,1614,1419,1657,52952
2026-09-14T22:21:18.244910+00:00,1169,719212,64x,200ms,20,51,1,1001,462,5911,56118,15244,2374,1615,1419,1658,52948
2026-09-14T22:21:18.772087+00:00,1170,719736,64x,200ms,20,51,1,1001,462,5911,56113,15244,2374,1615,1419,1657,52942
2026-09-14T22:21:19.300205+00:00,1171,720261,64x,200ms,20,51,1,1002,462,5913,56129,15239,2374,1615,1418,1658,52939
2026-09-14T22:21:19.820024+00:00,1172,720785,64x,200ms,20,51,1,1002,462,5914,56147,15242,2374,1615,1418,1657,52944
2026-09-14T22:21:20.347934+00:00,1173,721308,64x,200ms,20,51,1,1001,463,5911,56146,15246,2374,1615,1419,1658,52936
2026-09-14T22:21:20.868541+00:00,1174,721832,64x,200ms,20,51,1,1001,462,5911,56125,15243,2374,1615,1419,1658,52944
2026-09-14T22:21:21.396160+00:00,1175,722357,64x,200ms,20,51,0,1001,462,5910,56127,15243,2374,1615,1418,1657,52948
2026-09-14T22:21:21.917000+00:00,1176,722880,64x,200ms,20,51,0,1002,462,5908,56131,15242,2373,1615,1419,1658,52941
2026-09-14T22:21:22.436959+00:00,1177,723404,64x,200ms,20,51,0,1002,462,5911,56122,15238,2374,1614,1419,1657,52947
2026-09-14T22:21:22.963377+00:00,1178,723929,64x,200ms,20,51,0,1001,462,5911,56129,15238,2373,1615,1419,1658,52946
2026-09-14T22:21:23.484428+00:00,1179,724452,64x,200ms,20,51,0,1002,462,5912,56142,15234,2373,1614,1419,1657,52937
2026-09-14T22:21:24.012354+00:00,1180,724976,64x,200ms,20,51,0,1001,462,5912,56131,15239,2373,1614,1418,1658,52942
2026-09-14T22:21:24.531557+00:00,1181,725500,64x,200ms,20,51,1,1001,462,5910,56122,15240,2373,1614,1419,1658,52965
2026-09-14T22:21:25.060167+00:00,1182,726025,64x,200ms,20,51,1,1001,462,5909,56137,15241,2373,1614,1419,1658,52954
2026-09-14T22:21:25.579437+00:00,1183,726548,64x,200ms,20,51,1,1002,462,5910,56134,15235,2373,1614,1418,1658,52949
2026-09-14T22:21:26.100436+00:00,1184,727072,64x,200ms,20,51,1,1001,462,5909,56139,15238,2373,1615,1419,1658,52950
2026-09-14T22:21:26.628948+00:00,1185,727597,64x,200ms,20,51,1,1001,462,5909,56122,15238,2373,1614,1419,1658,52945
2026-09-14T22:21:27.155911+00:00,1186,728121,64x,200ms,20,51,1,1001,462,5911,56155,15239,2373,1614,1420,1658,52951
2026-09-14T22:21:27.676681+00:00,1187,728645,64x,200ms,20,51,0,1001,462,5912,56152,15237,2373,1614,1419,1658,52942
2026-09-14T22:21:28.204399+00:00,1188,729168,64x,200ms,20,51,0,1002,462,5912,56152,15236,2372,1614,1419,1658,52942
2026-09-14T22:21:28.724515+00:00,1189,729693,64x,200ms,20,51,0,1002,462,5911,56151,15235,2373,1615,1419,1658,52973
2026-09-14T22:21:29.252711+00:00,1190,730217,64x,200ms,20,51,0,1002,462,5911,56153,15239,2373,1615,1419,1658,52963
2026-09-14T22:21:29.772026+00:00,1191,730740,64x,200ms,20,51,0,1001,462,5911,56140,15236,2373,1614,1419,1658,52967
2026-09-14T22:21:30.291883+00:00,1192,731265,64x,200ms,20,51,0,1002,462,5910,56158,15238,2373,1615,1419,1659,52962
2026-09-14T22:21:30.819860+00:00,1193,731789,64x,200ms,20,51,1,1001,462,5910,56147,15236,2372,1614,1419,1657,52953
2026-09-14T22:21:31.339598+00:00,1194,732313,64x,200ms,20,51,1,1002,462,5911,56156,15239,2373,1614,1419,1658,52959
2026-09-14T22:21:31.868926+00:00,1195,732836,64x,200ms,20,51,1,1001,462,5913,56171,15235,2372,1615,1419,1658,52964
2026-09-14T22:21:32.388121+00:00,1196,733361,64x,200ms,20,51,1,1002,462,5912,56159,15234,2373,1614,1419,1659,52973
2026-09-14T22:21:32.915841+00:00,1197,733885,64x,200ms,20,51,1,1002,462,5912,56164,15239,2373,1615,1420,1658,52975
2026-09-14T22:21:33.436241+00:00,1198,734409,64x,200ms,20,51,1,1001,462,5912,56162,15236,2372,1614,1419,1658,52969
2026-09-14T22:21:33.964498+00:00,1199,734934,64x,200ms,20,51,0,1001,462,5911,56148,15238,2372,1615,1419,1658,52976
2026-09-14T22:21:34.483399+00:00,1200,735457,64x,200ms,20,51,0,1002,462,5910,56156,15237,2373,1615,1419,1659,52988
2026-09-14T22:21:35.012137+00:00,1201,735981,64x,200ms,20,51,0,1001,462,5911,56156,15234,2372,1614,1419,1658,52962
2026-09-14T22:21:35.532613+00:00,1202,736505,64x,200ms,20,51,0,1001,462,5911,56160,15228,2372,1614,1419,1658,52959
2026-09-14T22:21:36.060196+00:00,1203,737029,64x,200ms,20,51,0,1002,462,5912,56168,15230,2372,1614,1419,1658,52953
2026-09-14T22:21:36.580902+00:00,1204,737553,64x,200ms,20,51,0,1001,462,5912,56173,15232,2372,1614,1419,1658,52967
2026-09-14T22:21:37.108767+00:00,1205,738077,64x,200ms,20,51,1,1002,462,5911,56169,15233,2372,1614,1419,1658,52978
2026-09-14T22:21:37.628967+00:00,1206,738601,64x,200ms,20,51,1,1001,462,5910,56170,15230,2373,1615,1420,1658,52965
2026-09-14T22:21:38.156852+00:00,1207,739126,64x,200ms,20,51,1,1002,462,5913,56167,15238,2373,1615,1420,1659,52997
2026-09-14T22:21:38.677296+00:00,1208,739650,64x,200ms,20,51,1,1002,462,5914,56187,15233,2372,1615,1420,1659,52979
2026-09-14T22:21:39.204716+00:00,1209,740173,64x,200ms,20,51,1,1002,462,5912,56182,15235,2373,1615,1420,1659,52996
2026-09-14T22:21:39.725203+00:00,1210,740699,64x,200ms,20,51,1,1002,462,5914,56192,14734,2295,1562,1373,1604,51261
2026-09-14T22:21:40.244968+00:00,1211,741222,64x,200ms,20,51,0,996,460,5882,55887,15239,2372,1616,1420,1659,53002
2026-09-14T22:21:41.252869+00:00,1212,741746,64x,200ms,20,51,0,1002,462,5910,56169,6044,961,643,561,644,17960
2026-09-14T22:21:41.765738+00:00,1213,742269,64x,200ms,20,51,0,253,118,1513,14023,1659,262,177,156,183,5872
2026-09-14T22:21:42.285730+00:00,1214,742792,64x,200ms,20,51,0,0,0,2,24,16,6,3,2,1,42
2026-09-14T22:21:42.797424+00:00,1215,743307,64x,200ms,20,51,0,0,0,0,1,2,4,2,1,0,9
2026-09-14T22:21:43.308661+00:00,1216,743821,64x,200ms,20,51,0,0,0,1,2,3,6,3,1,0,15
2026-09-14T22:21:43.829039+00:00,1217,744335,64x,200ms,20,51,1,0,1,1,2,7,13,7,3,1,29
2026-09-14T22:21:44.341966+00:00,1218,744851,64x,200ms,20,51,1,0,1,2,3,4,8,4,2,0,17
2026-09-14T22:21:44.853080+00:00,1219,745365,64x,200ms,20,51,1,0,2,2,4,2,4,2,1,0,10
2026-09-14T22:21:45.372974+00:00,1220,745880,64x,200ms,20,51,1,0,0,0,1,2,3,2,1,0,9
2026-09-14T22:21:45.885589+00:00,1221,746394,64x,200ms,20,51,1,0,1,2,5,6,10,5,3,1,24
2026-09-14T22:21:46.404819+00:00,1222,746910,64x,200ms,20,51,1,0,2,4,5,5,11,6,3,1,25
2026-09-14T22:21:46.917865+00:00,1223,747425,64x,200ms,20,51,0,0,2,3,4,8,14,7,4,2,34
2026-09-14T22:21:47.429023+00:00,1224,747939,64x,200ms,20,51,0,1,2,4,5,7,14,7,4,1,33
2026-09-14T22:21:47.941132+00:00,1225,748453,64x,200ms,20,51,0,1,3,4,5,8,15,8,4,2,36
2026-09-14T22:21:48.452932+00:00,1226,748968,64x,200ms,20,51,0,1,3,4,6,8,15,8,4,2,36
2026-09-14T22:21:48.973054+00:00,1227,749481,64x,200ms,20,51,0,1,3,4,6,7,14,7,4,2,33
2026-09-14T22:21:49.485726+00:00,1228,749997,64x,200ms,20,51,0,0,1,2,3,3,6,3,1,0,11
2026-09-14T22:21:50.004816+00:00,1229,750511,64x,200ms,20,51,1,0,0,0,0,3,6,0,0,0,5
2026-09-14T22:21:50.525140+00:00,1230,751025,64x,200ms,20,51,1,0,0,0,0,115,230,7,4,18,198
2026-09-14T22:21:51.044887+00:00,1231,751542,64x,200ms,20,51,1,11,9,24,12,251,476,14,9,34,371
2026-09-14T22:21:51.556973+00:00,1232,752060,64x,200ms,20,51,1,38,30,79,41,987,1847,53,34,148,1535
2026-09-14T22:21:52.077640+00:00,1233,752579,64x,200ms,20,51,1,32,25,66,35,947,1785,52,33,143,1486
2026-09-14T22:21:52.596468+00:00,1234,753099,64x,200ms,20,51,1,33,26,67,36,937,1765,51,32,142,1477
2026-09-14T22:21:53.117100+00:00,1235,753618,64x,200ms,20,51,0,32,25,66,35,931,1758,51,32,141,1470
2026-09-14T22:21:53.634139+00:00,1236,754138,64x,200ms,20,51,0,32,25,66,35,930,1757,51,32,141,1468
2026-09-14T22:21:54.154116+00:00,1237,754656,64x,200ms,20,51,0,32,25,66,35,928,1755,51,32,141,1467
2026-09-14T22:21:54.674130+00:00,1238,755175,64x,200ms,20,51,0,32,25,66,35,927,1754,51,32,140,1466
2026-09-14T22:21:55.188833+00:00,1239,755693,64x,200ms,20,51,0,32,25,66,35,925,1753,51,32,140,1465
2026-09-14T22:21:55.708533+00:00,1240,756211,64x,200ms,20,51,0,32,25,66,35,925,1752,51,32,140,1463
2026-09-14T22:21:56.228930+00:00,1241,756730,64x,200ms,20,51,1,32,25,66,35,924,1751,51,32,140,1463
2026-09-14T22:21:56.749080+00:00,1242,757250,64x,200ms,20,51,1,32,25,66,35,923,1750,51,32,140,1461
2026-09-14T22:21:57.269066+00:00,1243,757770,64x,200ms,20,51,1,32,25,66,35,922,1749,51,32,140,1461
2026-09-14T22:21:57.788090+00:00,1244,758289,64x,200ms,20,51,1,32,25,66,35,922,1749,51,32,140,1461
2026-09-14T22:21:58.308500+00:00,1245,758809,64x,200ms,20,51,1,32,25,66,35,921,1747,51,32,140,1460
2026-09-14T22:21:58.827283+00:00,1246,759328,64x,200ms,20,51,1,32,25,66,35,920,1747,51,32,139,1458
2026-09-14T22:21:59.340909+00:00,1247,759848,64x,200ms,20,51,0,32,25,66,35,920,1746,51,32,139,1458
2026-09-14T22:21:59.861087+00:00,1248,760367,64x,200ms,20,51,0,32,25,66,35,919,1746,51,32,139,1458
2026-09-14T22:22:00.381111+00:00,1249,760885,64x,200ms,20,51,0,32,25,66,35,919,1746,51,32,139,1458
2026-09-14T22:22:00.900705+00:00,1250,761404,64x,200ms,20,51,0,32,25,66,35,918,1745,51,32,139,1457
2026-09-14T22:22:01.412243+00:00,1251,761922,64x,200ms,20,51,0,32,25,66,35,918,1745,51,32,139,1456
2026-09-14T22:22:01.932358+00:00,1252,762440,64x,200ms,20,51,0,32,25,66,35,918,1744,51,32,139,1456
2026-09-14T22:22:02.452690+00:00,1253,762958,64x,200ms,20,51,1,32,25,66,35,917,1744,51,32,139,1456
2026-09-14T22:22:02.971411+00:00,1254,763479,64x,200ms,20,51,1,32,25,65,35,917,1744,51,32,139,1455
2026-09-14T22:22:03.492997+00:00,1255,763999,64x,200ms,20,51,1,32,25,66,35,916,1743,51,32,139,1455
2026-09-14T22:22:04.012236+00:00,1256,764518,64x,200ms,20,51,1,32,25,66,35,916,1743,51,32,139,1455
2026-09-14T22:22:04.539328+00:00,1257,765038,64x,200ms,20,51,1,32,25,66,35,916,1743,51,32,139,1454
2026-09-14T22:22:05.051795+00:00,1258,765557,64x,200ms,20,51,1,32,25,66,35,916,1743,51,32,139,1454
2026-09-14T22:22:05.564535+00:00,1259,766077,64x,200ms,20,51,0,32,25,66,35,916,1742,51,32,139,1454
2026-09-14T22:22:06.085526+00:00,1260,766596,64x,200ms,20,51,0,32,25,65,35,915,1742,51,32,139,1454
2026-09-14T22:22:06.604730+00:00,1261,767114,64x,200ms,20,51,0,32,25,66,35,916,1742,51,32,139,1454
2026-09-14T22:22:07.124716+00:00,1262,767633,64x,200ms,20,51,0,32,25,66,35,915,1742,51,32,139,1454
2026-09-14T22:22:07.637526+00:00,1263,768151,64x,200ms,20,51,0,32,25,66,35,915,1741,51,32,139,1453
2026-09-14T22:22:08.157136+00:00,1264,768669,64x,200ms,20,51,0,32,25,66,34,915,1741,51,32,139,1453
2026-09-14T22:22:08.678141+00:00,1265,769187,64x,200ms,20,51,1,32,25,66,35,914,1741,51,32,139,1453
2026-09-14T22:22:09.198286+00:00,1266,769708,64x,200ms,20,51,1,32,25,65,35,914,1741,51,32,139,1453
2026-09-14T22:22:09.719421+00:00,1267,770227,64x,200ms,20,51,1,32,25,66,35,915,1741,51,32,139,1454
2026-09-14T22:22:10.239954+00:00,1268,770746,64x,200ms,20,51,1,32,25,66,35,914,1741,51,32,139,1452
2026-09-14T22:22:10.760012+00:00,1269,771266,64x,200ms,20,51,1,32,25,66,35,914,1741,51,32,139,1452
2026-09-14T22:22:11.271426+00:00,1270,771785,64x,200ms,20,51,1,32,25,66,35,914,1742,51,32,139,1453
2026-09-14T22:22:11.792099+00:00,1271,772305,64x,200ms,20,51,0,32,25,66,35,914,1741,51,32,139,1453
2026-09-14T22:22:12.312191+00:00,1272,772824,64x,200ms,20,51,0,32,25,65,35,914,1742,51,32,139,1454
2026-09-14T22:22:12.831609+00:00,1273,773342,64x,200ms,20,51,0,32,25,66,34,914,1742,51,32,138,1453
2026-09-14T22:22:13.343943+00:00,1274,773860,64x,200ms,20,51,0,32,25,66,35,914,1742,51,32,139,1453
2026-09-14T22:22:13.863026+00:00,1275,774379,64x,200ms,20,51,0,32,25,65,35,914,1741,51,32,139,1453
2026-09-14T22:22:14.384667+00:00,1276,774897,64x,200ms,20,51,0,32,25,66,35,914,1741,51,32,139,1452
2026-09-14T22:22:14.903924+00:00,1277,775415,64x,200ms,20,51,1,32,25,66,35,913,1741,51,32,139,1452
2026-09-14T22:22:15.424798+00:00,1278,775936,64x,200ms,20,51,1,32,25,66,35,913,1742,51,32,139,1453
2026-09-14T22:22:15.944989+00:00,1279,776455,64x,200ms,20,51,1,32,25,66,34,914,1741,51,32,138,1452
2026-09-14T22:22:16.464140+00:00,1280,776975,64x,200ms,20,51,1,32,25,66,35,914,1740,51,32,138,1452
2026-09-14T22:22:16.984452+00:00,1281,777494,64x,200ms,20,51,1,32,25,66,35,913,1740,51,32,138,1452
2026-09-14T22:22:17.495890+00:00,1282,778014,64x,200ms,20,51,1,32,25,66,35,913,1741,51,32,139,1452
2026-09-14T22:22:18.024541+00:00,1283,778533,64x,200ms,20,51,0,32,25,66,34,913,1741,51,32,138,1453
2026-09-14T22:22:18.536841+00:00,1284,779052,64x,200ms,20,51,0,32,25,66,35,914,1742,51,32,139,1453
2026-09-14T22:22:19.056365+00:00,1285,779571,64x,200ms,20,51,0,32,25,66,35,914,1742,51,32,139,1453
2026-09-14T22:22:19.568793+00:00,1286,780089,64x,200ms,20,51,0,32,25,66,35,914,1741,51,32,138,1452
2026-09-14T22:22:20.095873+00:00,1287,780607,64x,200ms,20,51,0,32,25,66,35,913,1739,51,32,139,1451
2026-09-14T22:22:20.616342+00:00,1288,781125,64x,200ms,20,51,0,32,25,66,35,914,1740,51,32,139,1452
2026-09-14T22:22:21.127575+00:00,1289,781643,64x,200ms,20,51,1,32,25,65,34,903,1718,51,31,137,1437
2026-09-14T22:22:21.648074+00:00,1290,782163,64x,200ms,20,51,1,31,25,65,34,902,1717,50,32,137,1436
2026-09-14T22:22:22.168601+00:00,1291,782683,64x,200ms,20,51,1,32,25,65,34,902,1716,51,32,137,1436
2026-09-14T22:22:22.687986+00:00,1292,783202,64x,200ms,20,51,1,31,25,65,34,901,1715,51,31,137,1435
2026-09-14T22:22:23.207979+00:00,1293,783721,64x,200ms,20,51,1,31,25,65,34,902,1716,51,31,137,1436
2026-09-14T22:22:23.728485+00:00,1294,784241,64x,200ms,20,51,1,31,25,65,34,901,1715,51,31,136,1435
2026-09-14T22:22:24.240930+00:00,1295,784760,64x,200ms,20,51,0,31,25,65,34,901,1716,51,31,136,1436
2026-09-14T22:22:24.760119+00:00,1296,785278,64x,200ms,20,51,0,31,25,65,34,901,1716,50,31,136,1435
2026-09-14T22:22:25.280703+00:00,1297,785797,64x,200ms,20,51,0,31,25,65,34,901,1715,51,31,136,1435
2026-09-14T22:22:25.800595+00:00,1298,786315,64x,200ms,20,51,0,31,25,65,34,901,1715,50,31,136,1435
2026-09-14T22:22:26.312122+00:00,1299,786833,64x,200ms,20,51,0,31,25,65,34,901,1715,50,31,136,1435
2026-09-14T22:22:26.832292+00:00,1300,787352,64x,200ms,20,51,0,31,25,65,34,901,1715,50,31,136,1434
2026-09-14T22:22:27.351759+00:00,1301,787870,64x,200ms,20,51,1,31,25,65,34,901,1715,50,31,136,1435
2026-09-14T22:22:27.872568+00:00,1302,788389,64x,200ms,20,51,1,31,25,65,34,900,1714,50,31,136,1434
2026-09-14T22:22:28.392600+00:00,1303,788910,64x,200ms,20,51,1,31,25,65,34,899,1711,50,31,136,1432
2026-09-14T22:22:28.904171+00:00,1304,789429,64x,200ms,20,51,1,31,25,65,34,897,1706,50,31,136,1430
2026-09-14T22:22:29.424630+00:00,1305,789949,64x,200ms,20,51,1,2,2,4,2,68,128,5,3,9,108
2026-09-14T22:22:29.935378+00:00,1306,790465,64x,200ms,20,51,1,1,2,3,5,7,13,7,3,1,32
2026-09-14T22:22:30.448365+00:00,1307,790980,64x,200ms,20,51,0,1,2,3,5,7,13,7,4,1,32
2026-09-14T22:22:30.968021+00:00,1308,791494,64x,200ms,20,51,0,0,2,3,4,7,14,7,4,2,34
2026-09-14T22:22:31.479676+00:00,1309,792008,64x,200ms,20,51,0,1,2,3,5,8,14,7,4,2,34
2026-09-14T22:22:31.991980+00:00,1310,792523,64x,200ms,20,51,0,1,2,4,5,7,14,7,4,2,34
2026-09-14T22:22:32.512108+00:00,1311,793036,64x,200ms,20,51,0,0,1,2,3,6,12,6,3,1,28
2026-09-14T22:22:33.024373+00:00,1312,793551,64x,200ms,20,51,0,0,0,1,2,7,13,7,3,1,32
2026-09-14T22:22:33.536283+00:00,1313,794065,64x,200ms,20,51,1,1,2,4,5,7,14,7,4,2,34
2026-09-14T22:22:34.048866+00:00,1314,794580,64x,200ms,20,51,1,1,2,4,5,7,14,7,4,2,34
2026-09-14T22:22:34.568787+00:00,1315,795096,64x,200ms,20,51,1,1,2,4,5,8,14,7,4,2,33
2026-09-14T22:22:35.079592+00:00,1316,795611,64x,200ms,20,51,1,0,2,4,5,7,14,7,4,2,34
2026-09-14T22:22:35.600549+00:00,1317,796126,64x,200ms,20,51,1,1,2,4,5,7,14,7,4,2,33
2026-09-14T22:22:36.112062+00:00,1318,796641,64x,200ms,20,51,1,1,2,4,5,8,14,7,4,2,34
2026-09-14T22:22:36.624486+00:00,1319,797156,64x,200ms,20,51,0,1,2,4,5,7,14,7,4,2,34
2026-09-14T22:22:37.136632+00:00,1320,797671,64x,200ms,20,51,0,1,2,3,5,7,14,7,4,2,34
2026-09-14T22:22:37.656405+00:00,1321,798184,64x,200ms,20,51,0,1,2,4,5,7,13,7,4,1,33
2026-09-14T22:22:38.175828+00:00,1322,798699,64x,200ms,20,51,0,0,0,0,1,1,2,1,0,0,9
2026-09-14T22:22:38.207887+00:00,1323,799212,64x,200ms,20,51,0,0,12,6,2,266,266,318,505,83,13348
2026-09-14T22:22:38.728250+00:00,1324,799729,64x,200ms,20,51,0,7263,65535,44550,3107,2645,2699,3222,5278,816,65535
2026-09-14T22:22:39.256104+00:00,1325,800253,64x,200ms,20,51,1,7791,65535,48220,3363,1607,1655,1984,3211,475,59471
2026-09-14T22:22:39.776917+00:00,1326,800777,64x,200ms,20,51,1,678,11775,4444,325,1640,1685,2023,3266,501,53975
2026-09-14T22:22:40.304073+00:00,1327,801301,64x,200ms,20,51,1,7195,65535,44901,3212,1281,1321,1586,2590,371,60501
2026-09-14T22:22:40.824103+00:00,1328,801825,64x,200ms,20,51,1,5271,42532,33524,2375,2023,2079,2524,3998,603,59117
2026-09-14T22:22:41.352134+00:00,1329,802349,64x,200ms,20,51,1,6603,65535,41854,2965,528,540,674,1067,139,21298
2026-09-14T22:22:41.872755+00:00,1330,802872,64x,200ms,20,51,1,5610,65535,34747,2477,2336,2392,2893,4648,691,65535
2026-09-14T22:22:42.392671+00:00,1331,803396,64x,200ms,20,51,0,3015,52933,20175,1423,1178,1189,1440,2339,383,61245
2026-09-14T22:22:42.920371+00:00,1332,803919,64x,200ms,20,51,0,7047,65535,44270,3133,2345,2401,2911,4675,703,65535
2026-09-14T22:22:43.444171+00:00,1333,804444,64x,200ms,20,51,0,7001,65535,43019,3027,2338,2395,2905,4663,703,65535
2026-09-14T22:22:43.972322+00:00,1334,804967,64x,200ms,20,51,0,6999,65535,43014,3027,2336,2393,2904,4659,703,65535
2026-09-14T22:22:44.496199+00:00,1335,805491,64x,200ms,20,51,0,6996,65535,43003,3027,2334,2392,2903,4659,702,65535
2026-09-14T22:22:45.016561+00:00,1336,806016,64x,200ms,20,51,0,6997,65535,43014,3028,2334,2391,2902,4658,702,65535
2026-09-14T22:22:45.536798+00:00,1337,806540,64x,200ms,20,51,1,6989,65535,42997,3026,2333,2391,2902,4657,702,65535
2026-09-14T22:22:46.064969+00:00,1338,807063,64x,200ms,20,51,1,6987,65535,42996,3027,2333,2391,2902,4658,702,65535
2026-09-14T22:22:46.584227+00:00,1339,807587,64x,200ms,20,51,1,6985,65535,42994,3026,2333,2390,2901,4657,702,65535
2026-09-14T22:22:47.112429+00:00,1340,808111,64x,200ms,20,51,1,6988,65535,43004,3028,2332,2389,2901,4655,702,65535
2026-09-14T22:22:47.632470+00:00,1341,808635,64x,200ms,20,51,1,6983,65535,42998,3027,2332,2390,2901,4655,702,65535
2026-09-14T22:22:48.152214+00:00,1342,809158,64x,200ms,20,51,1,6974,65535,42932,3021,2331,2389,2901,4657,702,65535
2026-09-14T22:22:48.681295+00:00,1343,809681,64x,200ms,20,51,0,6983,65535,42995,3028,2331,2389,2900,4656,702,65535
2026-09-14T22:22:49.201214+00:00,1344,810206,64x,200ms,20,51,0,6975,65535,42953,3023,2331,2388,2901,4655,702,65535
2026-09-14T22:22:49.728432+00:00,1345,810730,64x,200ms,20,51,0,6983,65535,43015,3028,2330,2387,2899,4654,702,65535
2026-09-14T22:22:50.256872+00:00,1346,811254,64x,200ms,20,51,0,6985,65535,43011,3028,2329,2387,2900,4653,702,65535
2026-09-14T22:22:50.777179+00:00,1347,811779,64x,200ms,20,51,0,6984,65535,43012,3027,2330,2388,2900,4653,702,65535
2026-09-14T22:22:51.302673+00:00,1348,812303,64x,200ms,20,51,0,6982,65535,43015,3027,2330,2387,2900,4654,703,65535
2026-09-14T22:22:51.824158+00:00,1349,812827,64x,200ms,20,51,1,6980,65535,43012,3027,2329,2387,2899,4654,702,65535
2026-09-14T22:22:52.343523+00:00,1350,813350,64x,200ms,20,51,1,6976,65535,42997,3026,2329,2387,2899,4654,702,65535
2026-09-14T22:22:52.871810+00:00,1351,813874,64x,200ms,20,51,1,6977,65535,43008,3027,2328,2386,2898,4653,702,65535
2026-09-14T22:22:53.399054+00:00,1352,814398,64x,200ms,20,51,1,6979,65535,43009,3027,2328,2386,2898,4652,702,65535
2026-09-14T22:22:53.919316+00:00,1353,814922,64x,200ms,20,51,1,6971,65535,42945,3022,2328,2386,2899,4651,702,65535
2026-09-14T22:22:54.447003+00:00,1354,815446,64x,200ms,20,51,1,6963,65535,42937,3021,2329,2387,2899,4654,702,65535
2026-09-14T22:22:54.967066+00:00,1355,815969,64x,200ms,20,51,0,6973,65535,43010,3027,2329,2387,2898,4653,702,65535
2026-09-14T22:22:55.490108+00:00,1356,816493,64x,200ms,20,51,0,6979,65535,43015,3027,2328,2386,2897,4653,702,65535
2026-09-14T22:22:56.014096+00:00,1357,817017,64x,200ms,20,51,0,6977,65535,43015,3027,2329,2386,2898,4651,702,65535
2026-09-14T22:22:56.532935+00:00,1358,817541,64x,200ms,20,51,0,6976,65535,43011,3027,2328,2386,2899,4653,702,65535
2026-09-14T22:22:57.062473+00:00,1359,818065,64x,200ms,20,51,0,6973,65535,43001,3026,2328,2386,2898,4653,703,65535
2026-09-14T22:22:57.582016+00:00,1360,818589,64x,200ms,20,51,0,6972,65535,43002,3026,2328,2386,2898,4652,702,65535
2026-09-14T22:22:58.110544+00:00,1361,819113,64x,200ms,20,51,1,6974,65535,43009,3027,2327,2386,2897,4653,702,65535
2026-09-14T22:22:58.630710+00:00,1362,819637,64x,200ms,20,51,1,6973,65535,43012,3028,2328,2385,2897,4651,702,65535
2026-09-14T22:22:59.154879+00:00,1363,820161,64x,200ms,20,51,1,6977,65535,43014,3027,2328,2385,2897,4651,702,65535
2026-09-14T22:22:59.675267+00:00,1364,820684,64x,200ms,20,51,1,6972,65535,43007,3028,2327,2385,2898,4652,703,65535
2026-09-14T22:23:00.203986+00:00,1365,821209,64x,200ms,20,51,1,6973,65535,42998,3027,2327,2386,2898,4652,703,65535
2026-09-14T22:23:00.724870+00:00,1366,821732,64x,200ms,20,51,1,6973,65535,43013,3027,2327,2385,2896,4650,702,65535
2026-09-14T22:23:01.253680+00:00,1367,822256,64x,200ms,20,51,0,6964,65535,42938,3021,2327,2384,2897,4651,702,65535
2026-09-14T22:23:02.285243+00:00,1368,822815,32x,200ms,20,51,0,3511,57160,21777,1526,839,861,1049,1681,253,45743
2026-09-14T22:23:02.805642+00:00,1369,823339,32x,200ms,20,51,0,7,221,145,9,5,4,6,11,1,264
2026-09-14T22:23:03.323904+00:00,1370,823855,32x,200ms,20,51,0,8,253,165,10,6,5,8,15,2,350
2026-09-14T22:23:03.355038+00:00,1371,824372,32x,200ms,20,51,0,10,316,205,12,8,7,10,20,3,471
2026-09-14T22:23:03.874878+00:00,1372,824890,32x,200ms,20,51,0,10,342,223,13,8,7,11,20,3,485
2026-09-14T22:23:04.916122+00:00,1373,825442,128x,200ms,20,51,1,56,1833,1176,69,40,36,52,100,13,2380
2026-09-14T22:23:05.435708+00:00,1374,825962,128x,200ms,20,51,1,54,1760,1130,67,39,35,50,97,13,2300
2026-09-14T22:23:05.948161+00:00,1375,826482,128x,200ms,20,51,1,54,1767,1134,67,36,33,48,92,13,2188
2026-09-14T22:23:06.468093+00:00,1376,827002,128x,200ms,20,51,1,51,1664,1069,63,36,32,47,89,12,2126
2026-09-14T22:23:06.988120+00:00,1377,827522,128x,200ms,20,51,1,52,1721,1105,65,37,33,48,93,13,2214
2026-09-14T22:23:07.508247+00:00,1378,828041,128x,200ms,20,51,1,53,1754,1126,66,39,36,52,99,14,2368
2026-09-14T22:23:08.028318+00:00,1379,828561,128x,200ms,20,51,0,34,1129,732,43,23,21,31,59,7,1408
2026-09-14T22:23:08.547796+00:00,1380,829080,128x,200ms,20,51,0,35,1159,750,44,28,26,37,71,9,1706
2026-09-14T22:23:09.066898+00:00,1381,829599,128x,200ms,20,51,0,54,1773,1137,67,42,39,56,106,15,2540
2026-09-14T22:23:09.587314+00:00,1382,830118,128x,200ms,20,51,0,58,1896,1214,72,41,38,54,104,15,2478
2026-09-14T22:23:10.108175+00:00,1383,830639,128x,200ms,20,51,0,60,1951,1248,74,40,36,52,100,14,2379
2026-09-14T22:23:10.628254+00:00,1384,831159,128x,200ms,20,51,0,55,1816,1164,69,39,35,51,98,14,2333
2026-09-14T22:23:11.148032+00:00,1385,831679,128x,200ms,20,51,1,53,1739,1116,66,37,34,49,93,13,2221
2026-09-14T22:23:11.187130+00:00,1386,832198,128x,200ms,20,51,1,52,1709,1096,65,36,33,47,90,12,2154
2026-09-14T22:23:11.707690+00:00,1387,832717,128x,200ms,20,51,1,51,1672,1074,63,4374,4468,5416,8694,1339,65535
2026-09-14T22:23:12.235943+00:00,1388,833242,128x,200ms,20,51,1,14037,65535,65535,6194,4733,4836,5861,9412,1450,65535
2026-09-14T22:23:12.755597+00:00,1389,833767,128x,200ms,20,51,1,14027,65535,65535,6196,4734,4836,5861,9414,1449,65535
2026-09-14T22:23:13.283550+00:00,1390,834291,128x,200ms,20,51,1,14031,65535,65535,6199,4735,4835,5861,9414,1450,65535
2026-09-14T22:23:13.803545+00:00,1391,834816,128x,200ms,20,51,0,14033,65535,65535,6199,4734,4835,5861,9412,1450,65535
2026-09-14T22:23:14.332161+00:00,1392,835340,128x,200ms,20,51,0,14036,65535,65535,6201,4733,4833,5861,9413,1450,65535
2026-09-14T22:23:14.856440+00:00,1393,835865,128x,200ms,20,51,0,14035,65535,65535,6200,4732,4835,5860,9412,1450,65535
2026-09-14T22:23:15.375432+00:00,1394,836389,128x,200ms,20,51,0,14031,65535,65535,6200,4732,4834,5861,9412,1450,65535
2026-09-14T22:23:15.904695+00:00,1395,836914,128x,200ms,20,51,0,14028,65535,65535,6198,4732,4835,5860,9411,1450,65535
2026-09-14T22:23:16.424015+00:00,1396,837439,128x,200ms,20,51,0,14028,65535,65535,6199,4731,4833,5860,9414,1450,65535
2026-09-14T22:23:16.952176+00:00,1397,837963,128x,200ms,20,51,1,14029,65535,65535,6200,4732,4835,5860,9413,1450,65535
2026-09-14T22:23:17.479954+00:00,1398,838488,128x,200ms,20,51,1,14030,65535,65535,6200,4732,4833,5860,9413,1450,65535
2026-09-14T22:23:17.999807+00:00,1399,839013,128x,200ms,20,51,1,14028,65535,65535,6200,4732,4835,5860,9412,1450,65535
2026-09-14T22:23:18.528291+00:00,1400,839538,128x,200ms,20,51,1,14029,65535,65535,6200,4733,4834,5860,9414,1450,65535
2026-09-14T22:23:19.048418+00:00,1401,840064,128x,200ms,20,51,1,14031,65535,65535,6199,4730,4831,5858,9410,1450,65535
2026-09-14T22:23:19.575789+00:00,1402,840588,128x,200ms,20,51,1,14027,65535,65535,6200,4732,4834,5859,9412,1450,65535
2026-09-14T22:23:20.095480+00:00,1403,841113,128x,200ms,20,51,0,14028,65535,65535,6197,4733,4835,5862,9415,1451,65535
2026-09-14T22:23:20.624424+00:00,1404,841637,128x,200ms,20,51,0,14026,65535,65535,6200,4733,4835,5861,9413,1451,65535
2026-09-14T22:23:21.144534+00:00,1405,842162,128x,200ms,20,51,0,14066,65535,65535,6217,4732,4833,5859,9412,1450,65535
2026-09-14T22:23:21.672753+00:00,1406,842686,128x,200ms,20,51,0,14069,65535,65535,6217,4731,4833,5858,9409,1449,65535
2026-09-14T22:23:22.199714+00:00,1407,843210,128x,200ms,20,51,0,14031,65535,65535,6199,4731,4832,5859,9410,1451,65535
2026-09-14T22:23:22.720222+00:00,1408,843735,128x,200ms,20,51,0,14066,65535,65535,6217,4731,4833,5860,9411,1450,65535
2026-09-14T22:23:23.240463+00:00,1409,844259,128x,200ms,20,51,1,14031,65535,65535,6199,4734,4834,5861,9413,1451,65535
2026-09-14T22:23:23.768207+00:00,1410,844783,128x,200ms,20,51,1,14032,65535,65535,6199,4733,4832,5860,9410,1450,65535
2026-09-14T22:23:24.296032+00:00,1411,845308,128x,200ms,20,51,1,14026,65535,65535,6200,4732,4835,5860,9413,1451,65535
2026-09-14T22:23:24.816794+00:00,1412,845834,128x,200ms,20,51,1,14025,65535,65535,6197,4734,4834,5861,9413,1450,65535
2026-09-14T22:23:25.344120+00:00,1413,846358,128x,200ms,20,51,1,14031,65535,65535,6198,4732,4833,5859,9411,1450,65535
2026-09-14T22:23:25.872063+00:00,1414,846883,128x,200ms,20,51,1,14030,65535,65535,6198,4732,4833,5858,9409,1450,65535
2026-09-14T22:23:26.392589+00:00,1415,847408,128x,200ms,20,51,0,14026,65535,65535,6197,4733,4836,5861,9414,1450,65535
2026-09-14T22:23:26.912189+00:00,1416,847932,128x,200ms,20,51,0,14023,65535,65535,6195,4732,4834,5860,9413,1450,65535
2026-09-14T22:23:27.440278+00:00,1417,848457,128x,200ms,20,51,0,14029,65535,65535,6197,4734,4836,5861,9413,1451,65535
2026-09-14T22:23:27.960002+00:00,1418,848982,128x,200ms,20,51,0,14068,65535,65535,6216,4733,4834,5861,9413,1451,65535
2026-09-14T22:23:28.487652+00:00,1419,849506,128x,200ms,20,51,0,14032,65535,65535,6198,4732,4835,5859,9412,1450,65535
2026-09-14T22:23:29.008268+00:00,1420,850030,128x,200ms,20,51,0,14025,65535,65535,6197,4731,4833,5859,9409,1450,65535
2026-09-14T22:23:29.536757+00:00,1421,850554,128x,200ms,20,51,1,14066,65535,65535,6215,4732,4833,5860,9411,1450,65535
2026-09-14T22:23:30.064246+00:00,1422,851080,128x,200ms,20,51,1,14031,65535,65535,6197,4730,4833,5860,9409,1450,65535
2026-09-14T22:23:30.591352+00:00,1423,851604,128x,200ms,20,51,1,14025,65535,65535,6194,4732,4833,5861,9412,1450,65535
2026-09-14T22:23:31.112197+00:00,1424,852129,128x,200ms,20,51,1,14063,65535,65535,6214,4729,4834,5858,9412,1450,65535
2026-09-14T22:23:31.640470+00:00,1425,852655,128x,200ms,20,51,1,14033,65535,65535,6197,4731,4835,5859,9411,1450,65535
2026-09-14T22:23:32.160308+00:00,1426,853179,128x,200ms,20,51,1,14064,65535,65535,6213,4732,4834,5859,9413,1450,65535
2026-09-14T22:23:32.687355+00:00,1427,853704,128x,200ms,20,51,0,14028,65535,65535,6195,4731,4835,5860,9411,1449,65535
2026-09-14T22:23:33.207842+00:00,1428,854228,128x,200ms,20,51,0,14027,65535,65535,6195,4730,4834,5859,9409,1449,65535
2026-09-14T22:23:33.735635+00:00,1429,854753,128x,200ms,20,51,0,14073,65535,65535,6214,4730,4833,5859,9408,1450,65535
2026-09-14T22:23:34.256014+00:00,1430,855277,128x,200ms,20,51,0,14032,65535,65535,6197,4730,4834,5859,9409,1450,65535
2026-09-14T22:23:34.784655+00:00,1431,855801,128x,200ms,20,51,0,14033,65535,65535,6196,4730,4832,5860,9409,1450,65535
2026-09-14T22:23:35.304023+00:00,1432,856326,128x,200ms,20,51,0,14034,65535,65535,6196,4730,4833,5857,9407,1449,65535
2026-09-14T22:23:35.831893+00:00,1433,856851,128x,200ms,20,51,1,14028,65535,65535,6196,4731,4835,5860,9409,1450,65535
2026-09-14T22:23:36.352585+00:00,1434,857376,128x,200ms,20,51,1,14030,65535,65535,6195,4734,4836,5861,9412,1450,65535
2026-09-14T22:23:36.880755+00:00,1435,857901,128x,200ms,20,51,1,14034,65535,65535,6198,4731,4834,5860,9409,1449,65535
2026-09-14T22:23:37.407895+00:00,1436,858426,128x,200ms,20,51,1,14029,65535,65535,6194,4731,4833,5860,9409,1449,65535
2026-09-14T22:23:37.927719+00:00,1437,858951,128x,200ms,20,51,1,14030,65535,65535,6195,4732,4834,5861,9410,1450,65535
2026-09-14T22:23:38.456112+00:00,1438,859475,128x,200ms,20,51,1,14037,65535,65535,6196,4732,4835,5861,9413,1450,65535
2026-09-14T22:23:38.976654+00:00,1439,860001,128x,200ms,20,51,0,14026,65535,65535,6194,4733,4834,5860,9410,1450,65535
2026-09-14T22:23:39.503475+00:00,1440,860525,128x,200ms,20,51,0,14029,65535,65535,6193,4733,4835,5860,9410,1450,65535
2026-09-14T22:23:40.023976+00:00,1441,861049,128x,200ms,20,51,0,14026,65535,65535,6194,4733,4835,5859,9412,1450,65535
2026-09-14T22:23:40.546889+00:00,1442,861574,128x,200ms,20,51,0,14025,65535,65535,6194,4733,4834,5860,9413,1451,65535
2026-09-14T22:23:41.074621+00:00,1443,862098,128x,200ms,20,51,0,14031,65535,65535,6193,4733,4836,5861,9412,1450,65535
2026-09-14T22:23:41.599544+00:00,1444,862622,128x,200ms,20,51,0,14065,65535,65535,6213,4732,4834,5862,9413,1450,65535
2026-09-14T22:23:42.128317+00:00,1445,863147,128x,200ms,20,51,1,14031,65535,65535,6194,4733,4835,5862,9412,1450,65535
2026-09-14T22:23:42.651087+00:00,1446,863672,128x,200ms,20,51,1,14032,65535,65535,6194,4731,4834,5860,9412,1450,65535
2026-09-14T22:23:43.170974+00:00,1447,864197,128x,200ms,20,51,1,14025,65535,65535,6193,4732,4836,5862,9411,1450,65535
2026-09-14T22:23:43.730738+00:00,1448,864757,64x,200ms,20,51,1,6974,65535,42914,3020,2327,2385,2896,4647,702,65535
2026-09-14T22:23:44.259255+00:00,1449,865281,64x,200ms,20,51,1,6969,65535,42901,3018,2327,2385,2897,4648,702,65535
2026-09-14T22:23:44.778804+00:00,1450,865805,64x,200ms,20,51,1,6973,65535,42911,3019,2327,2385,2897,4647,702,65535
2026-09-14T22:23:45.299346+00:00,1451,866328,64x,200ms,20,51,0,6971,65535,42906,3018,2327,2385,2897,4647,701,65535
2026-09-14T22:23:45.826701+00:00,1452,866851,64x,200ms,20,51,0,6972,65535,42907,3019,2327,2385,2897,4648,702,65535
2026-09-14T22:23:46.354171+00:00,1453,867376,64x,200ms,20,51,0,6961,65535,42836,3013,2327,2386,2898,4648,702,65535
2026-09-14T22:23:46.872030+00:00,1454,867900,64x,200ms,20,51,0,6961,65535,42830,3012,2327,2386,2897,4646,702,65535
2026-09-14T22:23:47.399550+00:00,1455,868423,64x,200ms,20,51,0,6964,65535,42839,3013,2326,2385,2896,4647,702,65535
2026-09-14T22:23:47.959060+00:00,1456,868983,32x,200ms,20,51,0,3509,57206,21721,1521,1172,1202,1465,2348,354,63884
2026-09-14T22:23:48.479239+00:00,1457,869507,32x,200ms,20,51,1,3509,57204,21721,1521,1172,1203,1465,2347,353,63879
2026-09-14T22:23:49.008216+00:00,1458,870031,32x,200ms,20,51,1,3511,57219,21722,1521,1172,1202,1465,2346,353,63879
2026-09-14T22:23:49.526982+00:00,1459,870555,32x,200ms,20,51,1,3511,57228,21722,1521,1172,1203,1465,2346,353,63873
2026-09-14T22:23:50.055868+00:00,1460,871079,32x,200ms,20,51,1,3510,57224,21722,1521,1172,1203,1465,2346,354,63880
2026-09-14T22:23:50.576020+00:00,1461,871604,32x,200ms,20,51,1,3511,57221,21724,1521,1172,1202,1465,2347,353,63878
2026-09-14T22:23:51.103418+00:00,1462,872127,32x,200ms,20,51,1,3510,57223,21721,1521,1172,1203,1466,2347,354,63892
2026-09-14T22:23:51.623627+00:00,1463,872651,32x,200ms,20,51,0,3509,57206,21717,1521,1172,1203,1465,2347,353,63889
2026-09-14T22:23:52.152329+00:00,1464,873176,32x,200ms,20,51,0,3509,57205,21717,1521,1172,1203,1465,2348,353,63895
2026-09-14T22:23:52.672448+00:00,1465,873700,32x,200ms,20,51,0,3509,57207,21717,1521,1172,1203,1465,2348,354,63892
2026-09-14T22:23:53.199614+00:00,1466,874223,32x,200ms,20,51,0,3511,57234,21722,1521,1172,1202,1465,2346,353,63874
2026-09-14T22:23:53.719884+00:00,1467,874746,32x,200ms,20,51,0,3510,57213,21718,1521,1173,1203,1465,2347,354,63893
2026-09-14T22:23:54.239982+00:00,1468,875270,32x,200ms,20,51,0,3512,57237,21722,1521,1172,1203,1465,2348,354,63892
2026-09-14T22:23:54.768031+00:00,1469,875794,32x,200ms,20,51,1,3512,57241,21723,1521,1172,1203,1465,2348,353,63891
2026-09-14T22:23:55.288035+00:00,1470,876318,32x,200ms,20,51,1,3510,57219,21719,1521,1172,1202,1465,2346,353,63886
2026-09-14T22:23:55.816165+00:00,1471,876843,32x,200ms,20,51,1,3511,57235,21722,1521,1172,1203,1465,2347,353,63881
2026-09-14T22:23:56.337525+00:00,1472,877366,32x,200ms,20,51,1,3510,57237,21719,1521,1172,1203,1465,2346,353,63886
2026-09-14T22:23:56.866298+00:00,1473,877891,32x,200ms,20,51,1,3510,57227,21715,1521,1172,1203,1465,2346,353,63887
2026-09-14T22:23:57.418113+00:00,1474,878450,16x,200ms,20,51,1,1762,28814,10929,764,588,604,736,1179,178,32201
2026-09-14T22:23:57.937065+00:00,1475,878972,16x,200ms,20,51,0,1762,28816,10929,764,588,604,737,1179,178,32200
2026-09-14T22:23:58.465743+00:00,1476,879494,16x,200ms,20,51,0,1761,28809,10927,763,588,604,736,1179,177,32199
2026-09-14T22:23:58.985612+00:00,1477,880017,16x,200ms,20,51,0,1762,28818,10930,764,588,604,736,1179,178,32193
2026-09-14T22:23:59.506233+00:00,1478,880540,16x,200ms,20,51,0,1761,28809,10927,763,588,604,737,1179,178,32206
2026-09-14T22:24:00.034413+00:00,1479,881063,16x,200ms,20,51,0,1761,28815,10928,763,588,603,736,1179,178,32198
2026-09-14T22:24:00.554311+00:00,1480,881586,16x,200ms,20,51,0,1761,28809,10926,763,588,604,736,1179,178,32199
2026-09-14T22:24:01.074158+00:00,1481,882109,16x,200ms,20,51,1,1761,28816,10927,764,588,604,737,1179,178,32212
2026-09-14T22:24:01.593304+00:00,1482,882631,16x,200ms,20,51,1,1762,28816,10927,763,588,604,736,1179,178,32208
2026-09-14T22:24:02.121447+00:00,1483,883153,16x,200ms,20,51,1,1762,28817,10927,763,588,604,737,1179,178,32204
2026-09-14T22:24:02.641629+00:00,1484,883676,16x,200ms,20,51,1,1762,28822,10927,763,588,604,737,1179,178,32207
2026-09-14T22:24:03.162295+00:00,1485,884198,16x,200ms,20,51,1,1762,28819,10926,763,588,604,736,1179,178,32207
2026-09-14T22:24:03.682500+00:00,1486,884720,16x,200ms,20,51,1,1761,28818,10925,763,588,604,737,1179,178,32204
2026-09-14T22:24:04.209444+00:00,1487,885241,16x,200ms,20,51,0,1762,28819,10925,763,588,604,736,1179,178,32203
2026-09-14T22:24:04.729511+00:00,1488,885765,16x,200ms,20,51,0,1761,28812,10923,763,588,603,736,1179,178,32201
2026-09-14T22:24:05.257851+00:00,1489,886287,16x,200ms,20,51,0,1761,28820,10925,763,588,604,737,1179,178,32208
2026-09-14T22:24:05.778001+00:00,1490,886810,16x,200ms,20,51,0,1762,28820,10925,763,588,604,736,1179,178,32203
2026-09-14T22:24:06.297375+00:00,1491,887333,16x,200ms,20,51,0,1761,28815,10922,763,588,604,737,1179,178,32202
2026-09-14T22:24:06.817051+00:00,1492,887857,16x,200ms,20,51,0,1762,28824,10925,763,588,604,737,1179,178,32200
2026-09-14T22:24:07.337413+00:00,1493,888379,16x,200ms,20,51,1,1761,28819,10923,763,588,604,736,1179,177,32201
2026-09-14T22:24:07.865049+00:00,1494,888900,16x,200ms,20,51,1,1762,28821,10923,763,588,604,737,1179,178,32208
2026-09-14T22:24:08.383121+00:00,1495,889423,16x,200ms,20,51,1,1762,28830,10925,763,588,604,737,1179,178,32206
2026-09-14T22:24:08.906139+00:00,1496,889946,16x,200ms,20,51,1,1762,28827,10925,763,588,604,737,1179,178,32213
2026-09-14T22:24:09.425954+00:00,1497,890466,16x,200ms,20,51,1,1761,28821,10922,763,588,604,737,1179,178,32206
2026-09-14T22:24:09.954888+00:00,1498,890988,16x,200ms,20,51,1,1762,28831,10926,763,588,604,736,1179,178,32205
2026-09-14T22:24:10.469765+00:00,1499,891510,16x,200ms,20,51,0,1762,28833,10926,763,588,604,737,1179,178,32212
2026-09-14T22:24:10.996644+00:00,1500,892034,16x,200ms,20,51,0,1762,28833,10925,763,588,604,737,1179,178,32215
2026-09-14T22:24:11.523252+00:00,1501,892557,16x,200ms,20,51,0,1762,28831,10925,763,588,604,737,1179,178,32207
2026-09-14T22:24:12.044531+00:00,1502,893080,16x,200ms,20,51,0,1762,28826,10923,763,588,604,737,1179,178,32214
2026-09-14T22:24:12.564321+00:00,1503,893603,16x,200ms,20,51,0,1762,28835,10925,763,588,604,737,1179,178,32207
2026-09-14T22:24:13.084650+00:00,1504,894127,16x,200ms,20,51,0,1762,28828,10924,763,588,604,737,1179,178,32216
2026-09-14T22:24:13.611951+00:00,1505,894650,16x,200ms,20,51,1,1762,28835,10925,763,588,604,736,1179,178,32204
2026-09-14T22:24:14.132379+00:00,1506,895172,16x,200ms,20,51,1,1762,28833,10924,763,588,604,737,1179,178,32212
2026-09-14T22:24:14.652553+00:00,1507,895694,16x,200ms,20,51,1,1763,28840,10926,763,588,604,737,1179,178,32209
2026-09-14T22:24:15.172917+00:00,1508,896217,16x,200ms,20,51,1,1762,28841,10925,763,588,604,737,1179,178,32211
2026-09-14T22:24:15.700312+00:00,1509,896739,16x,200ms,20,51,1,1763,28842,10925,763,588,604,737,1179,178,32219
2026-09-14T22:24:16.220241+00:00,1510,897261,16x,200ms,20,51,1,1762,28833,10923,763,588,604,737,1179,178,32221
2026-09-14T22:24:16.748363+00:00,1511,897782,16x,200ms,20,51,0,1762,28839,10923,763,588,604,737,1179,178,32215
2026-09-14T22:24:17.269022+00:00,1512,898306,16x,200ms,20,51,0,1762,28841,10925,763,588,604,737,1179,178,32213
2026-09-14T22:24:17.789032+00:00,1513,898829,16x,200ms,20,51,0,1762,28832,10921,763,588,604,737,1180,178,32222
2026-09-14T22:24:18.316899+00:00,1514,899352,16x,200ms,20,51,0,1762,28843,10924,763,588,604,737,1179,178,32213
2026-09-14T22:24:18.836617+00:00,1515,899875,16x,200ms,20,51,0,1762,28834,10922,763,588,604,737,1179,178,32221
2026-09-14T22:24:19.356444+00:00,1516,900399,16x,200ms,20,51,0,1762,28839,10922,763,588,604,737,1179,178,32219
2026-09-14T22:24:19.876794+00:00,1517,900922,16x,200ms,20,51,1,1762,28833,10921,763,588,604,737,1179,178,32218
2026-09-14T22:24:20.404079+00:00,1518,901444,16x,200ms,20,51,1,1762,28837,10922,763,588,604,737,1179,178,32212
2026-09-14T22:24:20.924824+00:00,1519,901966,16x,200ms,20,51,1,1762,28837,10922,763,588,604,737,1179,178,32212
2026-09-14T22:24:21.444557+00:00,1520,902487,16x,200ms,20,51,1,1762,28845,10923,763,588,604,737,1180,178,32221
2026-09-14T22:24:21.964528+00:00,1521,903009,16x,200ms,20,51,1,1762,28838,10921,763,588,604,737,1180,178,32223
2026-09-14T22:24:22.485272+00:00,1522,903528,16x,200ms,20,51,1,1762,28837,10922,763,588,604,737,1179,178,32219
2026-09-14T22:24:23.012341+00:00,1523,904050,16x,200ms,20,51,0,1763,28845,10923,763,588,604,737,1179,178,32218
2026-09-14T22:24:23.531922+00:00,1524,904573,16x,200ms,20,51,0,1762,28840,10922,763,588,604,737,1179,178,32219
2026-09-14T22:24:24.053233+00:00,1525,905097,16x,200ms,20,51,0,1762,28843,10923,763,588,604,737,1179,178,32213
2026-09-14T22:24:24.580951+00:00,1526,905620,16x,200ms,20,51,0,1762,28842,10921,763,588,604,737,1179,178,32223
2026-09-14T22:24:25.101100+00:00,1527,906143,16x,200ms,20,51,0,1762,28846,10922,763,588,604,737,1179,178,32215
2026-09-14T22:24:25.620146+00:00,1528,906667,16x,200ms,20,51,0,1762,28838,10920,763,588,604,737,1179,177,32211
2026-09-14T22:24:26.148810+00:00,1529,907190,16x,200ms,20,51,1,1762,28846,10921,763,588,604,737,1179,178,32211
2026-09-14T22:24:26.669187+00:00,1530,907711,16x,200ms,20,51,1,1762,28846,10921,763,588,604,737,1179,178,32220
2026-09-14T22:24:27.188551+00:00,1531,908233,16x,200ms,20,51,1,1762,28838,10920,763,588,604,737,1179,178,32218
2026-09-14T22:24:27.708477+00:00,1532,908755,16x,200ms,20,51,1,1762,28843,10920,763,588,604,737,1179,178,32217
2026-09-14T22:24:28.228520+00:00,1533,909278,16x,200ms,20,51,1,1762,28842,10920,763,588,604,737,1179,178,32222
2026-09-14T22:24:28.756209+00:00,1534,909800,16x,200ms,20,51,1,1762,28846,10919,763,588,604,737,1179,178,32220
2026-09-14T22:24:29.276376+00:00,1535,910322,16x,200ms,20,51,0,1762,28837,10917,763,588,604,737,1179,178,32220
2026-09-14T22:24:29.797148+00:00,1536,910845,16x,200ms,20,51,0,1762,28851,10921,763,588,604,737,1179,178,32217
2026-09-14T22:24:30.326692+00:00,1537,911368,16x,200ms,20,51,0,1762,28846,10920,763,588,604,737,1179,178,32210
2026-09-14T22:24:30.846824+00:00,1538,911890,16x,200ms,20,51,0,1762,28845,10919,763,588,604,737,1179,178,32224
2026-09-14T22:24:31.367263+00:00,1539,912413,16x,200ms,20,51,0,1763,28850,10921,763,588,604,737,1179,178,32227
2026-09-14T22:24:31.886827+00:00,1540,912935,16x,200ms,20,51,0,1762,28846,10919,763,588,604,737,1179,178,32210
2026-09-14T22:24:32.415222+00:00,1541,913459,16x,200ms,20,51,1,1762,28847,10918,763,588,604,737,1179,177,32210
2026-09-14T22:24:32.935129+00:00,1542,913981,16x,200ms,20,51,1,1762,28847,10918,763,588,604,737,1179,177,32209
2026-09-14T22:24:33.454376+00:00,1543,914503,16x,200ms,20,51,1,1763,28850,10919,763,588,604,737,1179,177,32211
2026-09-14T22:24:33.974287+00:00,1544,915025,16x,200ms,20,51,1,1762,28847,10918,763,588,604,737,1179,178,32219
2026-09-14T22:24:34.501610+00:00,1545,915547,16x,200ms,20,51,1,1762,28852,10918,763,588,604,737,1179,177,32212
