received_at,sequence,millis,gain,integration_time,pwm_percent,pwm_raw,page,415,445,480,515,555,590,630,680,nir,clear
2026-09-14T20:08:48.619517+00:00,3,2132,128x,300ms,25,64,0,162,461,562,693,1052,897,1212,521,559,3190
2026-09-14T20:08:49.345640+00:00,4,2855,128x,300ms,25,64,0,84,217,269,318,1367,1250,1403,661,490,2614
2026-09-14T20:08:50.072324+00:00,5,3577,128x,300ms,25,64,0,200,347,472,505,731,692,850,484,439,1564
2026-09-14T20:08:50.792420+00:00,6,4300,128x,300ms,25,64,1,111,270,344,418,721,664,793,456,655,2473
2026-09-14T20:08:51.512872+00:00,7,5023,128x,300ms,25,64,1,131,314,406,462,779,722,979,451,632,2275
2026-09-14T20:08:52.240864+00:00,8,5746,128x,300ms,25,64,1,97,267,286,367,1310,1210,1335,616,764,3364
2026-09-14T20:08:52.961281+00:00,9,6471,128x,300ms,25,64,1,117,297,374,426,1016,908,1030,531,817,3252
2026-09-14T20:08:53.681650+00:00,10,7195,128x,300ms,25,64,1,182,482,594,676,1653,1444,1491,593,626,3522
2026-09-14T20:08:54.401648+00:00,11,7919,128x,300ms,25,64,0,55,116,148,188,27,49,120,89,66,194
2026-09-14T20:08:55.121127+00:00,12,8640,128x,300ms,25,64,0,6,9,12,18,557,556,659,326,317,1386
2026-09-14T20:08:55.841529+00:00,13,9360,128x,300ms,25,64,0,110,264,349,387,894,789,896,378,341,1714
2026-09-14T20:08:56.569801+00:00,14,10082,128x,300ms,25,64,0,63,141,194,220,105,79,136,67,63,276
2026-09-14T20:08:57.289092+00:00,15,10804,128x,300ms,25,64,0,66,152,191,222,398,376,580,317,236,1060
2026-09-14T20:08:58.008875+00:00,16,11526,128x,300ms,25,64,1,26,63,73,84,175,95,182,62,19,107
2026-09-14T20:08:58.729596+00:00,17,12247,128x,300ms,25,64,1,7,18,23,31,152,159,230,140,165,578
2026-09-14T20:08:59.449242+00:00,18,12969,128x,300ms,25,64,1,6,7,10,20,25,14,32,13,54,145
2026-09-14T20:09:00.161956+00:00,19,13689,128x,300ms,25,64,1,0,0,1,6,11,4,5,1,1,23
2026-09-14T20:09:00.880764+00:00,20,14406,128x,300ms,25,64,1,0,0,0,4,7,2,2,0,0,13
2026-09-14T20:09:01.593635+00:00,21,15124,128x,300ms,25,64,0,0,0,0,4,7,2,2,0,0,17
2026-09-14T20:09:02.313324+00:00,22,15840,128x,300ms,25,64,0,0,1,2,13,19,7,5,2,0,42
2026-09-14T20:09:03.033223+00:00,23,16557,128x,300ms,25,64,0,0,2,3,14,41,20,19,12,12,85
2026-09-14T20:09:03.745432+00:00,24,17274,128x,300ms,25,64,0,4,8,10,24,15,6,4,2,1,36
2026-09-14T20:09:04.465127+00:00,25,17992,128x,300ms,25,64,0,0,0,0,2,2,1,0,0,0,8
2026-09-14T20:09:05.177595+00:00,26,18709,128x,300ms,25,64,1,0,0,0,0,0,0,0,0,0,0
2026-09-14T20:09:05.896896+00:00,27,19426,128x,300ms,25,64,1,0,0,0,0,0,0,0,0,0,0
2026-09-14T20:09:06.617569+00:00,28,20144,128x,300ms,25,64,1,0,0,0,0,0,0,0,0,0,0
2026-09-14T20:09:07.329606+00:00,29,20860,128x,300ms,25,64,1,0,0,0,0,0,0,0,0,0,0
2026-09-14T20:09:08.049962+00:00,30,21578,128x,300ms,25,64,1,0,0,0,0,0,0,0,0,0,0
2026-09-14T20:09:08.769996+00:00,31,22295,128x,300ms,25,64,0,0,0,0,0,0,0,0,0,0,1
2026-09-14T20:09:09.481936+00:00,32,23012,128x,300ms,25,64,0,0,0,0,0,0,0,0,0,0,1
2026-09-14T20:09:10.193499+00:00,33,23729,128x,300ms,25,64,0,0,0,0,0,1,0,0,0,0,1
2026-09-14T20:09:10.913336+00:00,34,24445,128x,300ms,25,64,0,0,0,0,0,1,0,0,0,0,1
2026-09-14T20:09:11.624998+00:00,35,25162,128x,300ms,25,64,0,0,0,0,0,1,0,0,0,0,3
2026-09-14T20:09:12.345403+00:00,36,25879,128x,300ms,25,64,1,0,0,0,0,1,0,0,0,0,3
2026-09-14T20:09:13.065263+00:00,37,26596,128x,300ms,25,64,1,0,0,0,0,1,0,0,0,0,3
2026-09-14T20:09:13.777176+00:00,38,27313,128x,300ms,25,64,1,0,0,0,0,1,0,0,0,0,3
2026-09-14T20:09:14.497509+00:00,39,28030,128x,300ms,25,64,1,0,0,0,0,1,0,0,0,0,3
2026-09-14T20:09:15.209876+00:00,40,28747,128x,300ms,25,64,1,0,0,0,0,1,0,0,0,0,3
2026-09-14T20:09:15.929216+00:00,41,29465,128x,300ms,25,64,0,0,0,0,0,1,0,0,0,0,3
2026-09-14T20:09:16.649737+00:00,42,30181,128x,300ms,25,64,0,0,0,0,0,1,0,0,0,0,3
2026-09-14T20:09:17.362040+00:00,43,30898,128x,300ms,25,64,0,0,0,0,0,1,0,0,0,0,3
2026-09-14T20:09:18.081938+00:00,44,31614,128x,300ms,25,64,0,0,0,0,0,1,0,0,0,0,3
2026-09-14T20:09:18.793782+00:00,45,32331,128x,300ms,25,64,0,0,0,0,0,1,0,0,0,0,3
2026-09-14T20:09:19.512842+00:00,46,33048,128x,300ms,25,64,1,0,0,0,0,1,0,0,0,0,4
2026-09-14T20:09:20.233639+00:00,47,33765,128x,300ms,25,64,1,0,0,0,0,1,0,0,0,0,3
2026-09-14T20:09:20.944207+00:00,48,34482,128x,300ms,25,64,1,0,0,0,0,1,0,0,0,0,2
2026-09-14T20:09:21.665517+00:00,49,35200,128x,300ms,25,64,1,0,0,0,0,1,0,0,0,0,1
2026-09-14T20:09:22.377303+00:00,50,35916,128x,300ms,25,64,1,0,0,0,0,0,0,0,0,0,1
2026-09-14T20:09:23.097506+00:00,51,36633,128x,300ms,25,64,0,0,0,0,0,0,0,0,0,0,0
2026-09-14T20:09:23.809587+00:00,52,37350,128x,300ms,25,64,0,0,0,0,0,0,0,0,0,0,0
2026-09-14T20:09:24.529174+00:00,53,38067,128x,300ms,25,64,0,0,0,0,0,0,0,0,0,0,0
2026-09-14T20:09:25.241726+00:00,54,38785,128x,300ms,25,64,0,0,0,0,0,0,0,0,0,0,0
2026-09-14T20:09:25.961352+00:00,55,39501,128x,300ms,25,64,0,0,0,0,0,0,0,0,0,0,0
2026-09-14T20:09:26.680840+00:00,56,40218,128x,300ms,25,64,1,0,0,0,0,0,0,0,0,0,0
2026-09-14T20:09:27.392434+00:00,57,40935,128x,300ms,25,64,1,0,0,0,0,0,0,0,0,0,0
2026-09-14T20:09:28.113299+00:00,58,41653,128x,300ms,25,64,1,0,0,0,0,0,0,0,0,0,0
2026-09-14T20:09:28.825651+00:00,59,42370,128x,300ms,25,64,1,0,0,0,0,0,0,0,0,0,1
2026-09-14T20:09:29.545841+00:00,60,43086,128x,300ms,25,64,1,0,0,0,0,0,0,0,0,0,2
2026-09-14T20:09:30.265492+00:00,61,43803,128x,300ms,25,64,0,0,0,0,0,0,0,0,0,0,3
2026-09-14T20:09:30.977894+00:00,62,44521,128x,300ms,25,64,0,0,0,0,0,0,0,0,0,0,2
2026-09-14T20:09:31.697456+00:00,63,45238,128x,300ms,25,64,0,0,0,0,0,0,0,0,0,0,2
2026-09-14T20:09:32.409272+00:00,64,45955,128x,300ms,25,64,0,0,0,0,0,0,0,0,0,0,2
2026-09-14T20:09:33.129176+00:00,65,46671,128x,300ms,25,64,0,0,0,0,0,0,0,0,0,0,2
2026-09-14T20:09:33.849387+00:00,66,47388,128x,300ms,25,64,1,0,0,0,0,0,0,0,0,0,0
2026-09-14T20:09:34.562079+00:00,67,48105,128x,300ms,25,64,1,0,0,0,0,0,0,0,0,0,0
2026-09-14T20:09:35.281704+00:00,68,48823,128x,300ms,25,64,1,0,0,0,0,0,0,0,0,0,1
2026-09-14T20:09:35.993458+00:00,69,49540,128x,300ms,25,64,1,0,0,0,0,0,0,0,0,0,2
2026-09-14T20:09:36.713695+00:00,70,50256,128x,300ms,25,64,1,0,0,0,0,0,0,0,0,0,2
2026-09-14T20:09:37.433756+00:00,71,50974,128x,300ms,25,64,0,0,0,0,0,0,0,0,0,0,2
2026-09-14T20:09:38.145451+00:00,72,51691,128x,300ms,25,64,0,0,0,0,0,0,0,0,0,0,2
2026-09-14T20:09:38.857380+00:00,73,52408,128x,300ms,25,64,0,0,0,0,0,0,0,0,0,0,2
2026-09-14T20:09:39.577555+00:00,74,53125,128x,300ms,25,64,0,0,0,0,0,0,0,0,0,0,2
2026-09-14T20:09:40.297470+00:00,75,53841,128x,300ms,25,64,0,0,0,0,0,0,0,0,0,0,2
2026-09-14T20:09:41.017518+00:00,76,54558,128x,300ms,25,64,1,0,0,0,0,0,0,0,0,0,2
2026-09-14T20:09:41.729470+00:00,77,55275,128x,300ms,25,64,1,0,0,0,0,0,0,0,0,0,2
2026-09-14T20:09:42.441406+00:00,78,55993,128x,300ms,25,64,1,0,0,0,0,0,0,0,0,0,2
2026-09-14T20:09:43.161615+00:00,79,56710,128x,300ms,25,64,1,0,0,0,0,0,0,0,0,0,2
2026-09-14T20:09:43.880802+00:00,80,57426,128x,300ms,25,64,1,0,0,0,0,0,0,0,0,0,2
2026-09-14T20:09:44.592899+00:00,81,58144,128x,300ms,25,64,0,0,0,0,0,0,0,0,0,0,1
2026-09-14T20:09:45.313348+00:00,82,58861,128x,300ms,25,64,0,0,0,0,0,0,0,0,0,0,0
2026-09-14T20:09:46.025848+00:00,83,59578,128x,300ms,25,64,0,0,0,0,0,0,0,0,0,0,0
2026-09-14T20:09:46.745634+00:00,84,60295,128x,300ms,25,64,0,0,0,0,0,0,0,0,0,0,0
2026-09-14T20:09:47.465629+00:00,85,61011,128x,300ms,25,64,0,0,0,0,0,0,0,0,0,0,0
2026-09-14T20:09:48.177243+00:00,86,61728,128x,300ms,25,64,1,0,0,0,0,0,0,0,0,0,0
2026-09-14T20:09:48.897019+00:00,87,62445,128x,300ms,25,64,1,0,0,0,0,0,0,0,0,0,0
2026-09-14T20:09:49.610040+00:00,88,63163,128x,300ms,25,64,1,0,0,0,0,0,0,0,0,0,0
2026-09-14T20:09:50.329332+00:00,89,63880,128x,300ms,25,64,1,0,0,0,0,0,0,0,0,0,1
2026-09-14T20:09:51.049665+00:00,90,64598,128x,300ms,25,64,1,0,0,0,0,0,0,0,0,0,1
2026-09-14T20:09:51.762169+00:00,91,65314,128x,300ms,25,64,0,0,0,0,0,0,0,0,0,0,0
2026-09-14T20:09:52.482029+00:00,92,66031,128x,300ms,25,64,0,0,0,0,0,0,0,0,0,0,1
2026-09-14T20:09:53.193261+00:00,93,66748,128x,300ms,25,64,0,0,0,0,0,0,0,0,0,0,1
2026-09-14T20:09:53.913565+00:00,94,67465,128x,300ms,25,64,0,0,0,0,0,0,0,0,0,0,1
2026-09-14T20:09:54.633357+00:00,95,68182,128x,300ms,25,64,0,0,0,0,0,0,0,0,0,0,1
2026-09-14T20:09:55.345862+00:00,96,68898,128x,300ms,25,64,1,0,0,0,0,0,0,0,0,0,0
2026-09-14T20:09:56.065510+00:00,97,69616,128x,300ms,25,64,1,0,0,0,0,0,0,0,0,0,1
2026-09-14T20:09:56.777513+00:00,98,70333,128x,300ms,25,64,1,0,0,0,0,0,0,0,0,0,1
2026-09-14T20:09:57.497316+00:00,99,71050,128x,300ms,25,64,1,0,0,0,0,0,0,0,0,0,1
2026-09-14T20:09:58.217584+00:00,100,71767,128x,300ms,25,64,1,0,0,0,0,0,0,0,0,0,1
2026-09-14T20:09:58.929355+00:00,101,72484,128x,300ms,25,64,0,0,0,0,0,0,0,0,0,0,0
2026-09-14T20:09:59.649109+00:00,102,73201,128x,300ms,25,64,0,0,0,0,0,0,0,0,0,0,0
2026-09-14T20:10:00.361755+00:00,103,73918,128x,300ms,25,64,0,0,0,0,0,0,0,0,0,0,0
2026-09-14T20:10:01.081171+00:00,104,74635,128x,300ms,25,64,0,0,0,0,0,0,0,0,0,0,0
2026-09-14T20:10:01.801078+00:00,105,75352,128x,300ms,25,64,0,0,0,0,0,0,0,0,0,0,1
2026-09-14T20:10:02.513722+00:00,106,76068,128x,300ms,25,64,1,0,0,0,0,0,0,0,0,0,0
2026-09-14T20:10:03.233708+00:00,107,76786,128x,300ms,25,64,1,0,0,0,0,0,0,0,0,0,0
2026-09-14T20:10:03.953233+00:00,108,77504,128x,300ms,25,64,1,0,0,0,0,0,0,0,0,0,2
2026-09-14T20:10:04.666092+00:00,109,78221,128x,300ms,25,64,1,0,0,0,0,0,0,0,0,0,2
2026-09-14T20:10:05.385611+00:00,110,78939,128x,300ms,25,64,1,0,0,0,0,0,0,0,0,0,0
2026-09-14T20:10:06.098017+00:00,111,79655,128x,300ms,25,64,0,0,0,0,0,0,0,0,0,0,1
2026-09-14T20:10:06.817091+00:00,112,80372,128x,300ms,25,64,0,0,0,0,0,0,0,0,0,0,1
2026-09-14T20:10:07.529570+00:00,113,81089,128x,300ms,25,64,0,0,0,0,0,0,0,0,0,0,1
2026-09-14T20:10:08.249196+00:00,114,81807,128x,300ms,25,64,0,0,0,0,0,0,0,0,0,0,1
2026-09-14T20:10:08.961580+00:00,115,82524,128x,300ms,25,64,0,0,0,0,0,0,0,0,0,0,1
2026-09-14T20:10:09.681301+00:00,116,83240,128x,300ms,25,64,1,0,0,0,0,0,0,0,0,0,1
2026-09-14T20:10:10.401145+00:00,117,83957,128x,300ms,25,64,1,0,0,0,0,0,0,0,0,0,1
2026-09-14T20:10:11.121868+00:00,118,84675,128x,300ms,25,64,1,0,0,0,0,1,0,0,0,0,2
2026-09-14T20:10:11.833740+00:00,119,85392,128x,300ms,25,64,1,0,0,0,0,1,0,0,0,0,2
2026-09-14T20:10:12.544987+00:00,120,86110,128x,300ms,25,64,1,0,0,0,0,0,0,0,0,0,2
2026-09-14T20:10:13.265483+00:00,121,86827,128x,300ms,25,64,0,0,0,0,0,0,0,0,0,0,1
2026-09-14T20:10:13.985472+00:00,122,87543,128x,300ms,25,64,0,0,0,0,0,1,0,0,0,0,2
2026-09-14T20:10:14.696961+00:00,123,88260,128x,300ms,25,64,0,0,0,0,0,0,0,0,0,0,2
2026-09-14T20:10:15.417400+00:00,124,88977,128x,300ms,25,64,0,0,0,0,0,0,0,0,0,0,1
2026-09-14T20:10:16.130239+00:00,125,89695,128x,300ms,25,64,0,0,0,0,0,1,0,0,0,0,1
2026-09-14T20:10:16.849164+00:00,126,90412,128x,300ms,25,64,1,0,0,0,0,0,0,0,0,0,1
2026-09-14T20:10:17.561510+00:00,127,91128,128x,300ms,25,64,1,0,0,0,0,0,0,0,0,0,2
2026-09-14T20:10:18.280556+00:00,128,91845,128x,300ms,25,64,1,0,0,0,0,0,0,0,0,0,1
2026-09-14T20:10:19.001806+00:00,129,92563,128x,300ms,25,64,1,0,0,0,0,0,0,0,0,0,1
2026-09-14T20:10:19.713473+00:00,130,93280,128x,300ms,25,64,1,0,0,0,0,0,0,0,0,0,1
2026-09-14T20:10:20.433967+00:00,131,93997,128x,300ms,25,64,0,0,0,0,0,0,0,0,0,0,1
2026-09-14T20:10:21.153256+00:00,132,94714,128x,300ms,25,64,0,0,0,0,0,0,0,0,0,0,1
2026-09-14T20:10:21.865404+00:00,133,95431,128x,300ms,25,64,0,0,0,0,0,0,0,0,0,0,1
2026-09-14T20:10:22.586095+00:00,134,96148,128x,300ms,25,64,0,0,0,0,0,0,0,0,0,0,1
2026-09-14T20:10:23.296919+00:00,135,96865,128x,300ms,25,64,0,0,0,0,0,0,0,0,0,0,1
2026-09-14T20:10:24.017370+00:00,136,97582,128x,300ms,25,64,1,0,0,0,0,0,0,0,0,0,2
2026-09-14T20:10:24.729999+00:00,137,98299,128x,300ms,25,64,1,0,0,0,0,1,0,0,0,0,2
2026-09-14T20:10:25.449460+00:00,138,99016,128x,300ms,25,64,1,0,0,0,0,1,0,0,0,0,2
2026-09-14T20:10:26.168769+00:00,139,99734,128x,300ms,25,64,1,0,0,0,0,1,0,0,0,0,2
2026-09-14T20:10:26.881369+00:00,140,100451,128x,300ms,25,64,1,0,0,0,0,0,0,0,0,0,2
2026-09-14T20:10:27.601068+00:00,141,101169,128x,300ms,25,64,0,0,0,0,0,1,0,0,0,0,2
2026-09-14T20:10:28.321539+00:00,142,101885,128x,300ms,25,64,0,0,0,0,0,1,0,0,0,0,2
2026-09-14T20:10:29.033559+00:00,143,102602,128x,300ms,25,64,0,0,0,0,0,1,0,0,0,0,2
2026-09-14T20:10:29.753235+00:00,144,103319,128x,300ms,25,64,0,0,0,0,0,1,0,0,0,0,2
2026-09-14T20:10:30.466061+00:00,145,104036,128x,300ms,25,64,0,0,0,0,0,1,0,0,0,0,2
2026-09-14T20:10:31.185416+00:00,146,104753,128x,300ms,25,64,1,0,0,0,0,1,0,0,0,0,2
2026-09-14T20:10:31.905224+00:00,147,105470,128x,300ms,25,64,1,0,0,0,0,1,0,0,0,0,2
2026-09-14T20:10:32.617311+00:00,148,106187,128x,300ms,25,64,1,0,0,0,0,1,0,0,0,0,2
2026-09-14T20:10:33.338329+00:00,149,106905,128x,300ms,25,64,1,0,0,0,0,1,0,0,0,0,2
2026-09-14T20:10:34.049499+00:00,150,107622,128x,300ms,25,64,1,0,0,0,0,1,0,0,0,0,2
2026-09-14T20:10:34.769952+00:00,151,108340,128x,300ms,25,64,0,0,0,0,0,1,0,0,0,0,2
2026-09-14T20:10:35.488414+00:00,152,109057,128x,300ms,25,64,0,0,0,0,0,0,0,0,0,0,2
2026-09-14T20:10:36.201038+00:00,153,109773,128x,300ms,25,64,0,0,0,0,0,1,0,0,0,0,2
2026-09-14T20:10:36.921837+00:00,154,110490,128x,300ms,25,64,0,0,0,0,0,1,0,0,0,0,2
2026-09-14T20:10:37.633917+00:00,155,111207,128x,300ms,25,64,0,0,0,0,0,1,0,0,0,0,2
2026-09-14T20:10:38.354344+00:00,156,111924,128x,300ms,25,64,1,0,0,0,0,1,0,0,0,0,2
2026-09-14T20:10:39.073352+00:00,157,112642,128x,300ms,25,64,1,0,0,0,0,1,0,0,0,0,2
2026-09-14T20:10:39.785373+00:00,158,113359,128x,300ms,25,64,1,0,0,0,0,1,0,0,0,0,2
2026-09-14T20:10:40.505734+00:00,159,114076,128x,300ms,25,64,1,0,0,0,0,1,0,0,0,0,2
2026-09-14T20:10:41.217183+00:00,160,114794,128x,300ms,25,64,1,0,0,0,0,1,0,0,0,0,2
2026-09-14T20:10:41.937182+00:00,161,115511,128x,300ms,25,64,0,0,0,0,0,1,0,0,0,0,2
2026-09-14T20:10:42.658038+00:00,162,116228,128x,300ms,25,64,0,0,0,0,0,1,0,0,0,0,2
2026-09-14T20:10:43.370049+00:00,163,116944,128x,300ms,25,64,0,0,0,0,0,1,0,0,0,0,2
2026-09-14T20:10:44.089462+00:00,164,117662,128x,300ms,25,64,0,0,0,0,0,1,0,0,0,0,2
2026-09-14T20:10:44.801868+00:00,165,118379,128x,300ms,25,64,0,0,0,0,0,1,0,0,0,0,3
2026-09-14T20:10:45.521463+00:00,166,119096,128x,300ms,25,64,1,0,0,0,0,1,0,0,0,0,2
2026-09-14T20:10:46.242051+00:00,167,119813,128x,300ms,25,64,1,0,0,0,0,1,0,0,0,0,2
2026-09-14T20:10:46.953650+00:00,168,120530,128x,300ms,25,64,1,0,0,0,0,0,0,0,0,0,1
2026-09-14T20:10:47.673243+00:00,169,121247,128x,300ms,25,64,1,0,0,0,0,1,0,0,0,0,1
2026-09-14T20:10:48.392636+00:00,170,121965,128x,300ms,25,64,1,0,0,0,0,0,0,0,0,0,2
2026-09-14T20:10:49.105638+00:00,171,122682,128x,300ms,25,64,0,0,0,0,0,0,0,0,0,0,1
2026-09-14T20:10:49.825530+00:00,172,123400,128x,300ms,25,64,0,0,0,0,0,1,0,0,0,0,2
2026-09-14T20:10:50.537860+00:00,173,124116,128x,300ms,25,64,0,0,0,0,0,1,0,0,0,0,2
2026-09-14T20:10:51.257472+00:00,174,124833,128x,300ms,25,64,0,0,0,0,0,1,0,0,0,0,2
2026-09-14T20:10:51.970069+00:00,175,125550,128x,300ms,25,64,0,0,0,0,0,1,0,0,0,0,2
2026-09-14T20:10:52.690151+00:00,176,126267,128x,300ms,25,64,1,0,0,0,0,1,0,0,0,0,2
2026-09-14T20:10:53.409247+00:00,177,126984,128x,300ms,25,64,1,0,0,0,0,0,0,0,0,0,2
2026-09-14T20:10:54.121322+00:00,178,127702,128x,300ms,25,64,1,0,0,0,0,1,0,0,0,0,1
2026-09-14T20:10:54.841443+00:00,179,128419,128x,300ms,25,64,1,0,0,0,0,1,0,0,0,0,2
2026-09-14T20:10:55.561234+00:00,180,129136,128x,300ms,25,64,1,0,0,0,0,1,0,0,0,0,2
2026-09-14T20:10:56.272948+00:00,181,129854,128x,300ms,25,64,0,0,0,0,0,1,0,0,0,0,2
2026-09-14T20:10:56.992603+00:00,182,130571,128x,300ms,25,64,0,0,0,0,0,1,0,0,0,0,2
2026-09-14T20:10:57.704695+00:00,183,131288,128x,300ms,25,64,0,0,0,0,0,0,0,0,0,0,2
2026-09-14T20:10:58.425391+00:00,184,132004,128x,300ms,25,64,0,0,0,0,0,1,0,0,0,0,2
2026-09-14T20:10:59.145398+00:00,185,132721,128x,300ms,25,64,0,0,0,0,0,0,0,0,0,0,2
2026-09-14T20:10:59.856784+00:00,186,133439,128x,300ms,25,64,1,0,0,0,0,1,0,0,0,0,2
2026-09-14T20:11:00.577349+00:00,187,134156,128x,300ms,25,64,1,0,0,0,0,1,0,0,0,0,2
2026-09-14T20:11:01.289408+00:00,188,134874,128x,300ms,25,64,1,0,0,0,0,1,0,0,0,0,2
2026-09-14T20:11:02.009059+00:00,189,135591,128x,300ms,25,64,1,0,0,0,0,1,0,0,0,0,2
2026-09-14T20:11:02.728072+00:00,190,136308,128x,300ms,25,64,1,0,0,0,0,1,0,0,0,0,2
2026-09-14T20:11:03.440904+00:00,191,137026,128x,300ms,25,64,0,0,0,0,0,1,0,0,0,0,2
2026-09-14T20:11:04.161683+00:00,192,137743,128x,300ms,25,64,0,0,0,0,0,0,0,0,0,0,2
2026-09-14T20:11:04.873364+00:00,193,138460,128x,300ms,25,64,0,0,0,0,0,1,0,0,0,0,2
2026-09-14T20:11:05.592630+00:00,194,139176,128x,300ms,25,64,0,0,0,0,0,0,0,0,0,0,2
2026-09-14T20:11:06.313436+00:00,195,139893,128x,300ms,25,64,0,0,0,0,0,1,0,0,0,0,2
2026-09-14T20:11:07.025389+00:00,196,140610,128x,300ms,25,64,1,0,0,0,0,1,0,0,0,0,2
2026-09-14T20:11:07.745302+00:00,197,141328,128x,300ms,25,64,1,0,0,0,0,1,0,0,0,0,2
2026-09-14T20:11:08.464614+00:00,198,142045,128x,300ms,25,64,1,0,0,0,0,1,0,0,0,0,2
2026-09-14T20:11:09.176967+00:00,199,142763,128x,300ms,25,64,1,0,0,0,0,1,0,0,0,0,1
2026-09-14T20:11:09.897293+00:00,200,143479,128x,300ms,25,64,1,0,0,0,0,1,0,0,0,0,1
2026-09-14T20:11:10.609030+00:00,201,144197,128x,300ms,25,64,0,0,0,0,0,0,0,0,0,0,1
2026-09-14T20:11:11.329447+00:00,202,144914,128x,300ms,25,64,0,0,0,0,0,0,0,0,0,0,0
2026-09-14T20:11:12.041747+00:00,203,145631,128x,300ms,25,64,0,0,0,0,0,1,0,0,0,0,2
2026-09-14T20:11:12.761212+00:00,204,146348,128x,300ms,25,64,0,0,0,0,0,1,0,0,0,0,2
2026-09-14T20:11:13.480691+00:00,205,147064,128x,300ms,25,64,0,0,0,0,0,1,0,0,0,0,2
2026-09-14T20:11:14.192657+00:00,206,147782,128x,300ms,25,64,1,0,0,0,0,1,0,0,0,0,3
2026-09-14T20:11:14.912707+00:00,207,148499,128x,300ms,25,64,1,0,0,0,0,1,0,0,0,0,2
2026-09-14T20:11:15.633839+00:00,208,149217,128x,300ms,25,64,1,0,0,0,0,1,0,0,0,0,2
2026-09-14T20:11:16.345215+00:00,209,149934,128x,300ms,25,64,1,0,0,0,0,1,0,0,0,0,2
2026-09-14T20:11:17.064039+00:00,210,150651,128x,300ms,25,64,1,0,0,0,0,0,0,0,0,0,0
2026-09-14T20:11:17.776749+00:00,211,151369,128x,300ms,25,64,0,0,0,0,0,0,0,0,0,0,1
2026-09-14T20:11:18.496190+00:00,212,152086,128x,300ms,25,64,0,0,0,0,0,0,0,0,0,0,1
2026-09-14T20:11:19.211039+00:00,213,152803,128x,300ms,25,64,0,0,0,0,0,0,0,0,0,0,1
2026-09-14T20:11:19.928919+00:00,214,153520,128x,300ms,25,64,0,0,0,0,0,0,0,0,0,0,1
2026-09-14T20:11:20.648981+00:00,215,154237,128x,300ms,25,64,0,0,0,0,0,0,0,0,0,0,1
2026-09-14T20:11:21.368377+00:00,216,154954,128x,300ms,25,64,1,0,0,0,0,1,0,0,0,0,2
2026-09-14T20:11:22.080068+00:00,217,155671,128x,300ms,25,64,1,0,0,0,0,1,0,0,0,0,2
2026-09-14T20:11:22.800074+00:00,218,156389,128x,300ms,25,64,1,0,0,0,0,1,0,0,0,0,3
2026-09-14T20:11:23.511878+00:00,219,157107,128x,300ms,25,64,1,0,0,0,0,1,0,0,0,0,2
2026-09-14T20:11:24.232886+00:00,220,157824,128x,300ms,25,64,1,0,0,0,0,1,0,0,0,0,2
2026-09-14T20:11:24.945091+00:00,221,158541,128x,300ms,25,64,0,0,0,0,0,1,0,0,0,0,2
2026-09-14T20:11:25.664176+00:00,222,159258,128x,300ms,25,64,0,0,0,0,0,1,0,0,0,0,3
2026-09-14T20:11:26.384813+00:00,223,159975,128x,300ms,25,64,0,0,0,0,0,1,0,0,0,0,2
2026-09-14T20:11:27.096710+00:00,224,160692,128x,300ms,25,64,0,0,0,0,0,1,0,0,0,0,3
2026-09-14T20:11:27.815934+00:00,225,161409,128x,300ms,25,64,0,0,0,0,0,1,0,0,0,0,2
2026-09-14T20:11:28.536951+00:00,226,162125,128x,300ms,25,64,1,0,0,0,0,1,0,0,0,0,2
2026-09-14T20:11:29.247925+00:00,227,162843,128x,300ms,25,64,1,0,0,0,0,1,0,0,0,0,2
2026-09-14T20:11:29.968507+00:00,228,163560,128x,300ms,25,64,1,0,0,0,0,1,0,0,0,0,3
2026-09-14T20:11:30.680830+00:00,229,164278,128x,300ms,25,64,1,0,0,0,0,1,0,0,0,0,3
2026-09-14T20:11:31.400705+00:00,230,164995,128x,300ms,25,64,1,0,0,0,0,1,0,0,0,0,2
2026-09-14T20:11:32.120845+00:00,231,165712,128x,300ms,25,64,0,0,0,0,0,1,0,0,0,0,2
2026-09-14T20:11:32.832862+00:00,232,166429,128x,300ms,25,64,0,0,0,0,0,1,0,0,0,0,2
2026-09-14T20:11:33.552228+00:00,233,167146,128x,300ms,25,64,0,0,0,0,0,1,0,0,0,0,2
2026-09-14T20:11:34.264169+00:00,234,167863,128x,300ms,25,64,0,0,0,0,0,1,0,0,0,0,2
2026-09-14T20:11:34.984081+00:00,235,168580,128x,300ms,25,64,0,0,0,0,0,1,0,0,0,0,2
2026-09-14T20:11:35.704618+00:00,236,169296,128x,300ms,25,64,1,0,0,0,0,1,0,0,0,0,2
2026-09-14T20:11:36.416942+00:00,237,170014,128x,300ms,25,64,1,0,0,0,0,1,0,0,0,0,2
2026-09-14T20:11:37.136675+00:00,238,170731,128x,300ms,25,64,1,0,0,0,0,1,0,0,0,0,3
2026-09-14T20:11:37.847892+00:00,239,171449,128x,300ms,25,64,1,0,0,0,0,1,0,0,0,0,3
2026-09-14T20:11:38.568685+00:00,240,172166,128x,300ms,25,64,1,0,0,0,0,1,0,0,0,0,2
2026-09-14T20:11:39.288752+00:00,241,172883,128x,300ms,25,64,0,0,0,0,0,1,0,0,0,0,2
2026-09-14T20:11:40.000723+00:00,242,173600,128x,300ms,25,64,0,0,0,0,0,1,0,0,0,0,2
2026-09-14T20:11:40.720509+00:00,243,174317,128x,300ms,25,64,0,0,0,0,0,1,0,0,0,0,2
2026-09-14T20:11:41.432265+00:00,244,175034,128x,300ms,25,64,0,0,0,0,0,1,0,0,0,0,2
2026-09-14T20:11:42.152193+00:00,245,175751,128x,300ms,25,64,0,0,0,0,0,1,0,0,0,0,2
2026-09-14T20:11:42.872081+00:00,246,176467,128x,300ms,25,64,1,0,0,0,0,1,0,0,0,0,2
2026-09-14T20:11:43.584140+00:00,247,177185,128x,300ms,25,64,1,0,0,0,0,1,0,0,0,0,2
2026-09-14T20:11:44.304589+00:00,248,177902,128x,300ms,25,64,1,0,0,0,0,1,0,0,0,0,3
2026-09-14T20:11:45.024141+00:00,249,178620,128x,300ms,25,64,1,0,0,0,0,0,0,0,0,0,1
2026-09-14T20:11:45.736078+00:00,250,179337,128x,300ms,25,64,1,0,0,0,0,0,0,0,0,0,2
2026-09-14T20:11:46.456159+00:00,251,180055,128x,300ms,25,64,0,0,0,0,0,0,0,0,0,0,1
2026-09-14T20:11:47.168452+00:00,252,180771,128x,300ms,25,64,0,0,0,0,0,0,0,0,0,0,1
2026-09-14T20:11:47.888313+00:00,253,181489,128x,300ms,25,64,0,0,0,0,0,0,0,0,0,0,1
2026-09-14T20:11:48.608206+00:00,254,182206,128x,300ms,25,64,0,0,0,0,0,0,0,0,0,0,1
2026-09-14T20:11:49.320659+00:00,255,182923,128x,300ms,25,64,0,0,0,0,0,0,0,0,0,0,1
2026-09-14T20:11:50.040581+00:00,256,183640,128x,300ms,25,64,1,0,0,0,0,0,0,0,0,0,1
2026-09-14T20:11:50.751595+00:00,257,184357,128x,300ms,25,64,1,0,0,0,0,0,0,0,0,0,0
2026-09-14T20:11:51.472404+00:00,258,185074,128x,300ms,25,64,1,0,0,0,0,0,0,0,0,0,0
2026-09-14T20:11:52.184894+00:00,259,185792,128x,300ms,25,64,1,0,0,0,0,0,0,0,0,0,1
2026-09-14T20:11:52.903988+00:00,260,186510,128x,300ms,25,64,1,0,0,0,0,0,0,0,0,0,1
2026-09-14T20:11:53.624131+00:00,261,187227,128x,300ms,25,64,0,0,0,0,0,0,0,0,0,0,1
2026-09-14T20:11:54.336976+00:00,262,187943,128x,300ms,25,64,0,0,0,0,0,0,0,0,0,0,1
2026-09-14T20:11:55.056147+00:00,263,188661,128x,300ms,25,64,0,0,0,0,0,0,0,0,0,0,1
2026-09-14T20:11:55.776217+00:00,264,189378,128x,300ms,25,64,0,0,0,0,0,0,0,0,0,0,1
2026-09-14T20:11:56.488216+00:00,265,190095,128x,300ms,25,64,0,0,0,0,0,0,0,0,0,0,1
2026-09-14T20:11:57.210601+00:00,266,190812,128x,300ms,25,64,1,0,0,0,0,0,0,0,0,0,1
2026-09-14T20:11:57.921153+00:00,267,191529,128x,300ms,25,64,1,0,0,0,0,0,0,0,0,0,1
2026-09-14T20:11:58.640727+00:00,268,192246,128x,300ms,25,64,1,0,0,0,0,0,0,0,0,0,1
2026-09-14T20:11:59.360684+00:00,269,192964,128x,300ms,25,64,1,0,0,0,0,0,0,0,0,0,1
2026-09-14T20:12:00.072411+00:00,270,193681,128x,300ms,25,64,1,0,0,0,0,0,0,0,0,0,1
2026-09-14T20:12:00.792229+00:00,271,194399,128x,300ms,25,64,0,0,0,0,0,0,0,0,0,0,0
2026-09-14T20:12:01.504268+00:00,272,195116,128x,300ms,25,64,0,0,0,0,0,0,0,0,0,0,1
2026-09-14T20:12:02.224681+00:00,273,195832,128x,300ms,25,64,0,0,0,0,0,0,0,0,0,0,1
2026-09-14T20:12:02.944042+00:00,274,196549,128x,300ms,25,64,0,0,0,0,0,0,0,0,0,0,1
2026-09-14T20:12:03.656181+00:00,275,197267,128x,300ms,25,64,0,0,0,0,0,0,0,0,0,0,1
2026-09-14T20:12:04.376193+00:00,276,197984,128x,300ms,25,64,1,0,0,0,0,0,0,0,0,0,1
2026-09-14T20:12:05.089063+00:00,277,198701,128x,300ms,25,64,1,0,0,0,0,0,0,0,0,0,1
2026-09-14T20:12:05.809105+00:00,278,199418,128x,300ms,25,64,1,0,0,0,0,0,0,0,0,0,1
2026-09-14T20:12:06.527570+00:00,279,200135,128x,300ms,25,64,1,0,0,0,0,0,0,0,0,0,1
2026-09-14T20:12:07.239470+00:00,280,200853,128x,300ms,25,64,1,0,0,0,0,0,0,0,0,0,1
2026-09-14T20:12:07.960616+00:00,281,201570,128x,300ms,25,64,0,0,0,0,0,0,0,0,0,0,0
2026-09-14T20:12:08.672357+00:00,282,202287,128x,300ms,25,64,0,0,0,0,0,1,0,0,0,0,2
2026-09-14T20:12:09.392690+00:00,283,203003,128x,300ms,25,64,0,0,0,0,0,1,0,0,0,0,2
2026-09-14T20:12:10.112438+00:00,284,203721,128x,300ms,25,64,0,0,0,0,0,1,0,0,0,0,2
2026-09-14T20:12:10.825020+00:00,285,204438,128x,300ms,25,64,0,0,0,0,0,1,0,0,0,0,2
2026-09-14T20:12:11.545086+00:00,286,205155,128x,300ms,25,64,1,0,0,0,0,1,0,0,0,0,2
2026-09-14T20:12:12.264438+00:00,287,205872,128x,300ms,25,64,1,0,0,0,0,1,0,0,0,0,2
2026-09-14T20:12:12.976385+00:00,288,206589,128x,300ms,25,64,1,0,0,0,0,1,0,0,0,0,2
2026-09-14T20:12:13.696966+00:00,289,207307,128x,300ms,25,64,1,0,0,0,0,0,0,0,0,0,3
2026-09-14T20:12:14.408311+00:00,290,208024,128x,300ms,25,64,1,0,0,0,0,1,0,0,0,0,2
2026-09-14T20:12:15.128697+00:00,291,208742,128x,300ms,25,64,0,0,0,0,0,1,0,0,0,0,3
2026-09-14T20:12:15.840910+00:00,292,209459,128x,300ms,25,64,0,0,0,0,0,1,0,0,0,0,2
2026-09-14T20:12:16.560435+00:00,293,210176,128x,300ms,25,64,0,0,0,0,0,1,0,0,0,0,2
2026-09-14T20:12:17.280305+00:00,294,210892,128x,300ms,25,64,0,0,0,0,0,1,0,0,0,0,2
2026-09-14T20:12:17.992481+00:00,295,211609,128x,300ms,25,64,0,0,0,0,0,1,0,0,0,0,2
2026-09-14T20:12:18.712067+00:00,296,212326,128x,300ms,25,64,1,0,0,0,0,0,0,0,0,0,1
2026-09-14T20:12:19.425161+00:00,297,213043,128x,300ms,25,64,1,0,0,0,0,0,0,0,0,0,2
2026-09-14T20:12:20.145045+00:00,298,213761,128x,300ms,25,64,1,0,0,0,0,1,0,0,0,0,3
2026-09-14T20:12:20.864063+00:00,299,214478,128x,300ms,25,64,1,0,0,0,0,1,0,0,0,0,2
2026-09-14T20:12:21.576745+00:00,300,215195,128x,300ms,25,64,1,0,0,0,0,1,0,0,0,0,2
2026-09-14T20:12:22.296460+00:00,301,215913,128x,300ms,25,64,0,0,0,0,0,1,0,0,0,0,2
2026-09-14T20:12:23.009011+00:00,302,216630,128x,300ms,25,64,0,0,0,0,0,1,0,0,0,0,2
2026-09-14T20:12:23.728678+00:00,303,217347,128x,300ms,25,64,0,0,0,0,0,1,0,0,0,0,2
2026-09-14T20:12:24.447806+00:00,304,218063,128x,300ms,25,64,0,0,0,0,0,1,0,0,0,0,2
2026-09-14T20:12:25.160497+00:00,305,218780,128x,300ms,25,64,0,0,0,0,0,1,0,0,0,0,2
2026-09-14T20:12:25.880359+00:00,306,219497,128x,300ms,25,64,1,0,0,0,0,1,0,0,0,0,2
2026-09-14T20:12:26.600966+00:00,307,220214,128x,300ms,25,64,1,0,0,0,0,1,0,0,0,0,3
2026-09-14T20:12:27.312257+00:00,308,220932,128x,300ms,25,64,1,0,0,0,0,1,0,0,0,0,2
2026-09-14T20:12:28.032809+00:00,309,221649,128x,300ms,25,64,1,0,0,0,0,1,0,0,0,0,2
2026-09-14T20:12:28.744538+00:00,310,222366,128x,300ms,25,64,1,0,0,0,0,1,0,0,0,0,2
2026-09-14T20:12:29.463975+00:00,311,223084,128x,300ms,25,64,0,0,0,0,0,1,0,0,0,0,2
2026-09-14T20:12:30.184945+00:00,312,223801,128x,300ms,25,64,0,0,0,0,0,1,0,0,0,0,3
2026-09-14T20:12:30.896213+00:00,313,224518,128x,300ms,25,64,0,0,0,0,0,1,0,0,0,0,3
2026-09-14T20:12:31.616559+00:00,314,225234,128x,300ms,25,64,0,0,0,0,0,1,0,0,0,0,2
2026-09-14T20:12:32.328658+00:00,315,225951,128x,300ms,25,64,0,0,0,0,0,1,0,0,0,0,3
2026-09-14T20:12:33.047684+00:00,316,226668,128x,300ms,25,64,1,0,0,0,0,1,0,0,0,0,2
2026-09-14T20:12:33.768042+00:00,317,227386,128x,300ms,25,64,1,0,0,0,0,1,0,0,0,0,2
2026-09-14T20:12:34.480172+00:00,318,228103,128x,300ms,25,64,1,0,0,0,0,1,0,0,0,0,2
2026-09-14T20:12:35.200271+00:00,319,228820,128x,300ms,25,64,1,0,0,0,0,1,0,0,0,0,2
2026-09-14T20:12:35.912983+00:00,320,229537,128x,300ms,25,64,1,0,0,0,0,1,0,0,0,0,2
2026-09-14T20:12:36.632913+00:00,321,230255,128x,300ms,25,64,0,0,0,0,0,1,0,0,0,0,2
2026-09-14T20:12:37.352755+00:00,322,230972,128x,300ms,25,64,0,0,0,0,0,1,0,0,0,0,2
2026-09-14T20:12:38.064358+00:00,323,231689,128x,300ms,25,64,0,0,0,0,0,1,0,0,0,0,2
2026-09-14T20:12:38.783445+00:00,324,232406,128x,300ms,25,64,0,0,0,0,0,1,0,0,0,0,2
2026-09-14T20:12:39.496832+00:00,325,233122,128x,300ms,25,64,0,0,0,0,0,0,0,0,0,0,2
2026-09-14T20:12:40.216643+00:00,326,233839,128x,300ms,25,64,1,0,0,0,0,1,0,0,0,0,2
2026-09-14T20:12:40.936518+00:00,327,234557,128x,300ms,25,64,1,0,0,0,0,1,0,0,0,0,2
2026-09-14T20:12:41.647655+00:00,328,235275,128x,300ms,25,64,1,0,0,0,0,1,0,0,0,0,2
2026-09-14T20:12:42.368384+00:00,329,235992,128x,300ms,25,64,1,0,0,0,0,1,0,0,0,0,2
2026-09-14T20:12:43.088100+00:00,330,236709,128x,300ms,25,64,1,0,0,0,0,1,0,0,0,0,2
2026-09-14T20:12:43.800799+00:00,331,237426,128x,300ms,25,64,0,0,0,0,0,1,0,0,0,0,2
2026-09-14T20:12:44.520499+00:00,332,238143,128x,300ms,25,64,0,0,0,0,0,1,0,0,0,0,2
2026-09-14T20:12:45.232765+00:00,333,238861,128x,300ms,25,64,0,0,0,0,0,1,0,0,0,0,2
2026-09-14T20:12:45.952151+00:00,334,239578,128x,300ms,25,64,0,0,0,0,0,1,0,0,0,0,2
2026-09-14T20:12:46.672143+00:00,335,240294,128x,300ms,25,64,0,0,0,0,0,1,0,0,0,0,3
2026-09-14T20:12:47.384316+00:00,336,241011,128x,300ms,25,64,1,0,0,0,0,1,0,0,0,0,2
2026-09-14T20:12:48.103940+00:00,337,241728,128x,300ms,25,64,1,0,0,0,0,1,0,0,0,0,2
2026-09-14T20:12:48.816680+00:00,338,242446,128x,300ms,25,64,1,0,0,0,0,1,0,0,0,0,2
2026-09-14T20:12:49.535609+00:00,339,243164,128x,300ms,25,64,1,0,0,0,0,1,0,0,0,0,2
2026-09-14T20:12:50.248910+00:00,340,243880,128x,300ms,25,64,1,0,0,0,0,1,0,0,0,0,2
2026-09-14T20:12:50.968164+00:00,341,244598,128x,300ms,25,64,0,0,0,0,0,1,0,0,0,0,3
2026-09-14T20:12:51.688458+00:00,342,245315,128x,300ms,25,64,0,0,0,0,0,1,0,0,0,0,2
2026-09-14T20:12:52.400608+00:00,343,246032,128x,300ms,25,64,0,0,0,0,0,1,0,0,0,0,2
2026-09-14T20:12:53.120533+00:00,344,246749,128x,300ms,25,64,0,0,0,0,0,1,0,0,0,0,2
2026-09-14T20:12:53.840469+00:00,345,247465,128x,300ms,25,64,0,0,0,0,0,1,0,0,0,0,2
2026-09-14T20:12:54.552906+00:00,346,248182,128x,300ms,25,64,1,0,0,0,0,1,0,0,0,0,2
2026-09-14T20:12:55.272124+00:00,347,248900,128x,300ms,25,64,1,0,0,0,0,1,0,0,0,0,3
2026-09-14T20:12:55.984412+00:00,348,249617,128x,300ms,25,64,1,0,0,0,0,1,0,0,0,0,3
2026-09-14T20:12:56.704300+00:00,349,250333,128x,300ms,25,64,1,0,0,0,0,1,0,0,0,0,3
2026-09-14T20:12:57.424425+00:00,350,251051,128x,300ms,25,64,1,0,0,0,0,1,0,0,0,0,2
2026-09-14T20:12:58.135640+00:00,351,251768,128x,300ms,25,64,0,0,0,0,0,1,0,0,0,0,2
2026-09-14T20:12:58.847616+00:00,352,252485,128x,300ms,25,64,0,0,0,0,0,1,0,0,0,0,2
2026-09-14T20:12:59.568154+00:00,353,253202,128x,300ms,25,64,0,0,0,0,0,1,0,0,0,0,2
2026-09-14T20:13:00.280301+00:00,354,253919,128x,300ms,25,64,0,0,0,0,0,1,0,0,0,0,3
2026-09-14T20:13:01.000587+00:00,355,254636,128x,300ms,25,64,0,0,0,0,0,1,0,0,0,0,2
2026-09-14T20:13:01.720517+00:00,356,255352,128x,300ms,25,64,1,0,0,0,0,1,0,0,0,0,2
2026-09-14T20:13:02.440178+00:00,357,256069,128x,300ms,25,64,1,0,0,0,0,1,0,0,0,0,2
2026-09-14T20:13:03.152474+00:00,358,256787,128x,300ms,25,64,1,0,0,0,0,1,0,0,0,0,3
2026-09-14T20:13:03.872120+00:00,359,257504,128x,300ms,25,64,1,0,0,0,0,1,0,0,0,0,2
2026-09-14T20:13:04.584665+00:00,360,258222,128x,300ms,25,64,1,0,0,0,0,1,0,0,0,0,2
2026-09-14T20:13:05.304483+00:00,361,258939,128x,300ms,25,64,0,0,0,0,0,1,0,0,0,0,2
2026-09-14T20:13:06.016836+00:00,362,259656,128x,300ms,25,64,0,0,0,0,0,1,0,0,0,0,2
2026-09-14T20:13:06.736855+00:00,363,260373,128x,300ms,25,64,0,0,0,0,0,1,0,0,0,0,2
2026-09-14T20:13:07.448993+00:00,364,261090,128x,300ms,25,64,0,0,0,0,0,1,0,0,0,0,3
2026-09-14T20:13:08.167726+00:00,365,261807,128x,300ms,25,64,0,0,0,0,0,1,0,0,0,0,2
2026-09-14T20:13:08.888376+00:00,366,262523,128x,300ms,25,64,1,0,0,0,0,1,0,0,0,0,2
2026-09-14T20:13:09.608820+00:00,367,263241,128x,300ms,25,64,1,0,0,0,0,1,0,0,0,0,2
2026-09-14T20:13:10.320484+00:00,368,263958,128x,300ms,25,64,1,0,0,0,0,1,0,0,0,0,2
2026-09-14T20:13:11.040220+00:00,369,264676,128x,300ms,25,64,1,0,0,0,0,1,0,0,0,0,2
2026-09-14T20:13:11.752612+00:00,370,265394,128x,300ms,25,64,1,0,0,0,0,1,0,0,0,0,2
2026-09-14T20:13:12.472084+00:00,371,266110,128x,300ms,25,64,0,0,0,0,0,1,0,0,0,0,2
2026-09-14T20:13:13.184970+00:00,372,266827,128x,300ms,25,64,0,0,0,0,0,1,0,0,0,0,2
2026-09-14T20:13:13.903742+00:00,373,267544,128x,300ms,25,64,0,0,0,0,0,1,0,0,0,0,2
2026-09-14T20:13:14.623776+00:00,374,268261,128x,300ms,25,64,0,0,0,0,0,1,0,0,0,0,2
2026-09-14T20:13:15.336951+00:00,375,268978,128x,300ms,25,64,0,0,0,0,0,1,0,0,0,0,2
2026-09-14T20:13:16.056910+00:00,376,269696,128x,300ms,25,64,1,0,0,0,0,1,0,0,0,0,2
2026-09-14T20:13:16.777034+00:00,377,270412,128x,300ms,25,64,1,0,0,0,0,1,0,0,0,0,2
2026-09-14T20:13:17.496310+00:00,378,271130,128x,300ms,25,64,1,0,0,0,0,1,0,0,0,0,2
2026-09-14T20:13:18.210464+00:00,379,271847,128x,300ms,25,64,1,0,0,0,0,1,0,0,0,0,2
2026-09-14T20:13:18.920212+00:00,380,272565,128x,300ms,25,64,1,0,0,0,0,1,0,0,0,0,2
2026-09-14T20:13:19.640863+00:00,381,273282,128x,300ms,25,64,0,0,0,0,0,1,0,0,0,0,2
2026-09-14T20:13:20.352667+00:00,382,273999,128x,300ms,25,64,0,0,0,0,0,1,0,0,0,0,2
2026-09-14T20:13:21.073029+00:00,383,274716,128x,300ms,25,64,0,0,0,0,0,1,0,0,0,0,2
2026-09-14T20:13:21.792164+00:00,384,275433,128x,300ms,25,64,0,0,0,0,0,1,0,0,0,0,2
2026-09-14T20:13:22.504731+00:00,385,276150,128x,300ms,25,64,0,0,0,0,0,0,0,0,0,0,2
2026-09-14T20:13:23.224225+00:00,386,276867,128x,300ms,25,64,1,0,0,0,0,1,0,0,0,0,2
2026-09-14T20:13:23.944502+00:00,387,277584,128x,300ms,25,64,1,0,0,0,0,1,0,0,0,0,2
2026-09-14T20:13:24.664694+00:00,388,278301,128x,300ms,25,64,1,0,0,0,0,1,0,0,0,0,2
2026-09-14T20:13:25.376301+00:00,389,279019,128x,300ms,25,64,1,0,0,0,0,1,0,0,0,0,2
2026-09-14T20:13:26.088386+00:00,390,279736,128x,300ms,25,64,1,0,0,0,0,1,0,0,0,0,2
2026-09-14T20:13:26.808766+00:00,391,280454,128x,300ms,25,64,0,0,0,0,0,1,0,0,0,0,3
2026-09-14T20:13:27.520805+00:00,392,281170,128x,300ms,25,64,0,0,0,0,0,1,0,0,0,0,2
2026-09-14T20:13:28.240799+00:00,393,281887,128x,300ms,25,64,0,0,0,0,0,1,0,0,0,0,2
2026-09-14T20:13:28.960023+00:00,394,282604,128x,300ms,25,64,0,0,0,0,0,1,0,0,0,0,2
2026-09-14T20:13:29.676730+00:00,395,283321,128x,300ms,25,64,0,0,0,0,0,1,0,0,0,0,2
2026-09-14T20:13:30.388666+00:00,396,284038,128x,300ms,25,64,1,0,0,0,0,1,0,0,0,0,2
2026-09-14T20:13:31.117207+00:00,397,284755,128x,300ms,25,64,1,0,0,0,0,1,0,0,0,0,2
2026-09-14T20:13:31.827596+00:00,398,285472,128x,300ms,25,64,1,0,0,0,0,1,0,0,0,0,3
2026-09-14T20:13:32.548095+00:00,399,286190,128x,300ms,25,64,1,0,0,0,0,1,0,0,0,0,2
2026-09-14T20:13:33.261430+00:00,400,286908,128x,300ms,25,64,1,0,0,0,0,1,0,0,0,0,3
2026-09-14T20:13:33.972163+00:00,401,287625,128x,300ms,25,64,0,0,0,0,0,1,0,0,0,0,2
2026-09-14T20:13:34.692754+00:00,402,288342,128x,300ms,25,64,0,0,0,0,0,1,0,0,0,0,3
2026-09-14T20:13:35.412170+00:00,403,289058,128x,300ms,25,64,0,0,0,0,0,1,0,0,0,0,2
2026-09-14T20:13:36.124547+00:00,404,289775,128x,300ms,25,64,0,0,0,0,0,1,0,0,0,0,2
2026-09-14T20:13:36.844638+00:00,405,290492,128x,300ms,25,64,0,0,0,0,0,1,0,0,0,0,2
2026-09-14T20:13:37.556287+00:00,406,291209,128x,300ms,25,64,1,0,0,0,0,0,0,0,0,0,2
2026-09-14T20:13:38.276518+00:00,407,291927,128x,300ms,25,64,1,0,0,0,0,1,0,0,0,0,2
2026-09-14T20:13:38.996325+00:00,408,292644,128x,300ms,25,64,1,0,0,0,0,0,0,0,0,0,2
2026-09-14T20:13:39.710425+00:00,409,293361,128x,300ms,25,64,1,0,0,0,0,1,0,0,0,0,2
2026-09-14T20:13:40.428199+00:00,410,294079,128x,300ms,25,64,1,0,0,0,0,1,0,0,0,0,2
2026-09-14T20:13:41.148651+00:00,411,294797,128x,300ms,25,64,0,0,0,0,0,1,0,0,0,0,2
2026-09-14T20:13:41.860589+00:00,412,295514,128x,300ms,25,64,0,0,0,0,0,1,0,0,0,0,2
2026-09-14T20:13:42.580074+00:00,413,296230,128x,300ms,25,64,0,0,0,0,0,1,0,0,0,0,2
2026-09-14T20:13:43.293230+00:00,414,296947,128x,300ms,25,64,0,0,0,0,0,1,0,0,0,0,2
2026-09-14T20:13:44.012483+00:00,415,297664,128x,300ms,25,64,0,0,0,0,0,1,0,0,0,0,2
2026-09-14T20:13:44.724820+00:00,416,298381,128x,300ms,25,64,1,0,0,0,0,1,0,0,0,0,2
2026-09-14T20:13:45.445234+00:00,417,299098,128x,300ms,25,64,1,0,0,0,0,1,0,0,0,0,2
2026-09-14T20:13:46.164547+00:00,418,299815,128x,300ms,25,64,1,0,0,0,0,1,0,0,0,0,2
2026-09-14T20:13:46.876500+00:00,419,300532,128x,300ms,25,64,1,0,0,0,0,1,0,0,0,0,2
2026-09-14T20:13:47.597010+00:00,420,301250,128x,300ms,25,64,1,0,0,0,0,1,0,0,0,0,2
2026-09-14T20:13:48.308988+00:00,421,301968,128x,300ms,25,64,0,0,0,0,0,1,0,0,0,0,3
2026-09-14T20:13:49.028054+00:00,422,302685,128x,300ms,25,64,0,0,0,0,0,1,0,0,0,0,2
2026-09-14T20:13:49.748316+00:00,423,303401,128x,300ms,25,64,0,0,0,0,0,1,0,0,0,0,2
2026-09-14T20:13:50.460208+00:00,424,304118,128x,300ms,25,64,0,0,0,0,0,1,0,0,0,0,2
2026-09-14T20:13:51.180795+00:00,425,304835,128x,300ms,25,64,0,0,0,0,0,1,0,0,0,0,2
2026-09-14T20:13:51.900621+00:00,426,305552,128x,300ms,25,64,1,0,0,0,0,1,0,0,0,0,2
2026-09-14T20:13:52.612870+00:00,427,306270,128x,300ms,25,64,1,0,0,0,0,1,0,0,0,0,2
2026-09-14T20:13:53.331593+00:00,428,306987,128x,300ms,25,64,1,0,0,0,0,1,0,0,0,0,2
2026-09-14T20:13:54.044249+00:00,429,307704,128x,300ms,25,64,1,0,0,0,0,1,0,0,0,0,3
2026-09-14T20:13:54.764458+00:00,430,308421,128x,300ms,25,64,1,0,0,0,0,1,0,0,0,0,2
2026-09-14T20:13:55.484357+00:00,431,309139,128x,300ms,25,64,0,0,0,0,0,1,0,0,0,0,3
2026-09-14T20:13:56.196348+00:00,432,309856,128x,300ms,25,64,0,0,0,0,0,1,0,0,0,0,2
2026-09-14T20:13:56.917336+00:00,433,310573,128x,300ms,25,64,0,0,0,0,0,1,0,0,0,0,2
2026-09-14T20:13:57.629111+00:00,434,311289,128x,300ms,25,64,0,0,0,0,0,1,0,0,0,0,3
2026-09-14T20:13:58.349374+00:00,435,312006,128x,300ms,25,64,0,0,0,0,0,1,0,0,0,0,2
2026-09-14T20:13:59.069216+00:00,436,312723,128x,300ms,25,64,1,0,0,0,0,1,0,0,0,0,2
2026-09-14T20:13:59.780344+00:00,437,313441,128x,300ms,25,64,1,0,0,0,0,1,0,0,0,0,2
2026-09-14T20:14:00.501093+00:00,438,314158,128x,300ms,25,64,1,0,0,0,0,1,0,0,0,0,2
2026-09-14T20:14:01.212340+00:00,439,314875,128x,300ms,25,64,1,0,0,0,0,1,0,0,0,0,2
2026-09-14T20:14:01.932321+00:00,440,315592,128x,300ms,25,64,1,0,0,0,0,1,0,0,0,0,2
2026-09-14T20:14:02.652709+00:00,441,316310,128x,300ms,25,64,0,0,0,0,0,1,0,0,0,0,2
2026-09-14T20:14:03.364349+00:00,442,317027,128x,300ms,25,64,0,0,0,0,0,1,0,0,0,0,2
2026-09-14T20:14:04.084524+00:00,443,317744,128x,300ms,25,64,0,0,0,0,0,1,0,0,0,0,2
2026-09-14T20:14:04.796732+00:00,444,318461,128x,300ms,25,64,0,0,0,0,0,1,0,0,0,0,2
2026-09-14T20:14:05.514699+00:00,445,319178,128x,300ms,25,64,0,0,0,0,0,1,0,0,0,0,2
2026-09-14T20:14:06.236297+00:00,446,319895,128x,300ms,25,64,1,0,0,0,0,1,0,0,0,0,2
2026-09-14T20:14:06.948445+00:00,447,320612,128x,300ms,25,64,1,0,0,0,0,1,0,0,0,0,2
2026-09-14T20:14:07.668164+00:00,448,321330,128x,300ms,25,64,1,0,0,0,0,1,0,0,0,0,2
2026-09-14T20:14:08.380713+00:00,449,322048,128x,300ms,25,64,1,0,0,0,0,1,0,0,0,0,3
2026-09-14T20:14:09.101073+00:00,450,322764,128x,300ms,25,64,1,0,0,0,0,0,0,0,0,0,2
2026-09-14T20:14:09.821227+00:00,451,323482,128x,300ms,25,64,0,0,0,0,0,1,0,0,0,0,2
2026-09-14T20:14:10.532446+00:00,452,324199,128x,300ms,25,64,0,0,0,0,0,1,0,0,0,0,2
2026-09-14T20:14:11.253070+00:00,453,324916,128x,300ms,25,64,0,0,0,0,0,1,0,0,0,0,2
2026-09-14T20:14:11.964915+00:00,454,325633,128x,300ms,25,64,0,0,0,0,0,1,0,0,0,0,2
2026-09-14T20:14:12.684517+00:00,455,326349,128x,300ms,25,64,0,0,0,0,0,1,0,0,0,0,2
2026-09-14T20:14:13.405335+00:00,456,327066,128x,300ms,25,64,1,0,0,0,0,1,0,0,0,0,2
2026-09-14T20:14:14.117150+00:00,457,327784,128x,300ms,25,64,1,0,0,0,0,1,0,0,0,0,2
2026-09-14T20:14:14.836179+00:00,458,328501,128x,300ms,25,64,1,0,0,0,0,1,0,0,0,0,2
2026-09-14T20:14:15.557161+00:00,459,329219,128x,300ms,25,64,1,0,0,0,0,1,0,0,0,0,2
2026-09-14T20:14:16.268177+00:00,460,329935,128x,300ms,25,64,1,0,0,0,0,1,0,0,0,0,2
2026-09-14T20:14:16.989247+00:00,461,330653,128x,300ms,25,64,0,0,0,0,0,1,0,0,0,0,2
2026-09-14T20:14:17.700387+00:00,462,331370,128x,300ms,25,64,0,0,0,0,0,1,0,0,0,0,3
2026-09-14T20:14:18.421211+00:00,463,332087,128x,300ms,25,64,0,0,0,0,0,1,0,0,0,0,2
2026-09-14T20:14:19.141137+00:00,464,332804,128x,300ms,25,64,0,0,0,0,0,1,0,0,0,0,2
2026-09-14T20:14:19.852691+00:00,465,333520,128x,300ms,25,64,0,0,0,0,0,1,0,0,0,0,2
2026-09-14T20:14:20.572152+00:00,466,334237,128x,300ms,25,64,1,0,0,0,0,1,0,0,0,0,2
2026-09-14T20:14:21.283725+00:00,467,334955,128x,300ms,25,64,1,0,0,0,0,1,0,0,0,0,2
2026-09-14T20:14:22.004642+00:00,468,335672,128x,300ms,25,64,1,0,0,0,0,1,0,0,0,0,2
2026-09-14T20:14:22.724605+00:00,469,336390,128x,300ms,25,64,1,0,0,0,0,1,0,0,0,0,2
2026-09-14T20:14:23.437218+00:00,470,337107,128x,300ms,25,64,1,0,0,0,0,1,0,0,0,0,2
2026-09-14T20:14:24.156060+00:00,471,337824,128x,300ms,25,64,0,0,0,0,0,1,0,0,0,0,3
2026-09-14T20:14:24.868575+00:00,472,338541,128x,300ms,25,64,0,0,0,0,0,1,0,0,0,0,3
2026-09-14T20:14:25.588183+00:00,473,339259,128x,300ms,25,64,0,0,0,0,0,1,0,0,0,0,2
2026-09-14T20:14:26.308447+00:00,474,339976,128x,300ms,25,64,0,0,0,0,0,1,0,0,0,0,2
2026-09-14T20:14:27.020825+00:00,475,340692,128x,300ms,25,64,0,0,0,0,0,1,0,0,0,0,2
2026-09-14T20:14:27.739239+00:00,476,341409,128x,300ms,25,64,1,0,0,0,0,1,0,0,0,0,2
2026-09-14T20:14:28.453035+00:00,477,342126,128x,300ms,25,64,1,0,0,0,0,1,0,0,0,0,2
2026-09-14T20:14:29.173052+00:00,478,342844,128x,300ms,25,64,1,0,0,0,0,1,0,0,0,0,2
2026-09-14T20:14:29.892935+00:00,479,343561,128x,300ms,25,64,1,0,0,0,0,1,0,0,0,0,3
2026-09-14T20:14:30.604211+00:00,480,344279,128x,300ms,25,64,1,0,0,0,0,1,0,0,0,0,3
2026-09-14T20:14:31.325122+00:00,481,344996,128x,300ms,25,64,0,0,0,0,0,1,0,0,0,0,3
2026-09-14T20:14:32.036458+00:00,482,345713,128x,300ms,25,64,0,0,0,0,0,1,0,0,0,0,2
2026-09-14T20:14:32.757129+00:00,483,346430,128x,300ms,25,64,0,0,0,0,0,1,0,0,0,0,2
2026-09-14T20:14:33.474700+00:00,484,347147,128x,300ms,25,64,0,0,0,0,0,1,0,0,0,0,2
2026-09-14T20:14:34.194812+00:00,485,347864,128x,300ms,25,64,0,0,0,0,0,1,0,0,0,0,2
2026-09-14T20:14:34.907240+00:00,486,348580,128x,300ms,25,64,1,0,0,0,0,1,0,0,0,0,2
2026-09-14T20:14:35.626243+00:00,487,349297,128x,300ms,25,64,1,0,0,0,0,1,0,0,0,0,2
2026-09-14T20:14:36.338467+00:00,488,350015,128x,300ms,25,64,1,0,0,0,0,1,0,0,0,0,2
2026-09-14T20:14:37.058973+00:00,489,350733,128x,300ms,25,64,1,0,0,0,0,1,0,0,0,0,2
2026-09-14T20:14:37.778340+00:00,490,351450,128x,300ms,25,64,1,0,0,0,0,1,0,0,0,0,2
2026-09-14T20:14:38.490911+00:00,491,352167,128x,300ms,25,64,0,0,0,0,0,0,0,0,0,0,2
2026-09-14T20:14:39.209840+00:00,492,352884,128x,300ms,25,64,0,0,0,0,0,1,0,0,0,0,2
2026-09-14T20:14:39.922762+00:00,493,353601,128x,300ms,25,64,0,0,0,0,0,1,0,0,0,0,2
2026-09-14T20:14:40.642726+00:00,494,354318,128x,300ms,25,64,0,0,0,0,0,0,0,0,0,0,2
2026-09-14T20:14:41.362608+00:00,495,355035,128x,300ms,25,64,0,0,0,0,0,1,0,0,0,0,2
2026-09-14T20:14:42.074770+00:00,496,355751,128x,300ms,25,64,1,0,0,0,0,1,0,0,0,0,2
2026-09-14T20:14:42.794833+00:00,497,356469,128x,300ms,25,64,1,0,0,0,0,1,0,0,0,0,2
2026-09-14T20:14:43.515648+00:00,498,357187,128x,300ms,25,64,1,0,0,0,0,1,0,0,0,0,2
2026-09-14T20:14:44.225736+00:00,499,357904,128x,300ms,25,64,1,0,0,0,0,1,0,0,0,0,3
2026-09-14T20:14:44.946932+00:00,500,358622,128x,300ms,25,64,1,0,0,0,0,1,0,0,0,0,2
2026-09-14T20:14:45.658207+00:00,501,359339,128x,300ms,25,64,0,0,0,0,0,1,0,0,0,0,2
2026-09-14T20:14:46.379047+00:00,502,360055,128x,300ms,25,64,0,0,0,0,0,1,0,0,0,0,2
2026-09-14T20:14:47.091262+00:00,503,360772,128x,300ms,25,64,0,0,0,0,0,0,0,0,0,0,2
2026-09-14T20:14:47.811208+00:00,504,361490,128x,300ms,25,64,0,0,0,0,0,0,0,0,0,0,2
2026-09-14T20:14:48.529387+00:00,505,362207,128x,300ms,25,64,0,0,0,0,0,1,0,0,0,0,2
2026-09-14T20:14:49.242811+00:00,506,362924,128x,300ms,25,64,1,0,0,0,0,1,0,0,0,0,2
2026-09-14T20:14:49.962605+00:00,507,363641,128x,300ms,25,64,1,0,0,0,0,1,0,0,0,0,2
2026-09-14T20:14:50.682936+00:00,508,364358,128x,300ms,25,64,1,0,0,0,0,1,0,0,0,0,2
2026-09-14T20:14:51.393890+00:00,509,365076,128x,300ms,25,64,1,0,0,0,0,1,0,0,0,0,2
2026-09-14T20:14:52.113781+00:00,510,365794,128x,300ms,25,64,1,0,0,0,0,1,0,0,0,0,3
2026-09-14T20:14:52.826265+00:00,511,366511,128x,300ms,25,64,0,0,0,0,0,1,0,0,0,0,2
2026-09-14T20:14:53.546482+00:00,512,367227,128x,300ms,25,64,0,0,0,0,0,1,0,0,0,0,2
2026-09-14T20:14:54.267020+00:00,513,367944,128x,300ms,25,64,0,0,0,0,0,1,0,0,0,0,2
2026-09-14T20:14:54.979216+00:00,514,368661,128x,300ms,25,64,0,0,0,0,0,1,0,0,0,0,2
2026-09-14T20:14:55.699471+00:00,515,369378,128x,300ms,25,64,0,0,0,0,0,1,0,0,0,0,2
2026-09-14T20:14:56.410717+00:00,516,370095,128x,300ms,25,64,1,0,0,0,0,0,0,0,0,0,2
2026-09-14T20:14:57.130329+00:00,517,370812,128x,300ms,25,64,1,0,0,0,0,1,0,0,0,0,2
2026-09-14T20:14:57.850230+00:00,518,371530,128x,300ms,25,64,1,0,0,0,0,1,0,0,0,0,2
2026-09-14T20:14:58.571044+00:00,519,372247,128x,300ms,25,64,1,0,0,0,0,1,0,0,0,0,2
2026-09-14T20:14:59.283121+00:00,520,372965,128x,300ms,25,64,1,0,0,0,0,1,0,0,0,0,2
2026-09-14T20:14:59.994831+00:00,521,373683,128x,300ms,25,64,0,0,0,0,0,1,0,0,0,0,2
2026-09-14T20:15:00.714321+00:00,522,374400,128x,300ms,25,64,0,0,0,0,0,1,0,0,0,0,2
2026-09-14T20:15:01.435376+00:00,523,375116,128x,300ms,25,64,0,0,0,0,0,1,0,0,0,0,2
2026-09-14T20:15:02.147469+00:00,524,375833,128x,300ms,25,64,0,0,0,0,0,1,0,0,0,0,2
2026-09-14T20:15:02.866603+00:00,525,376550,128x,300ms,25,64,0,0,0,0,0,1,0,0,0,0,2
2026-09-14T20:15:03.578680+00:00,526,377267,128x,300ms,25,64,1,0,0,0,0,1,0,0,0,0,2
2026-09-14T20:15:04.298330+00:00,527,377984,128x,300ms,25,64,1,0,0,0,0,1,0,0,0,0,2
2026-09-14T20:15:05.018750+00:00,528,378701,128x,300ms,25,64,1,0,0,0,0,1,0,0,0,0,2
2026-09-14T20:15:05.730138+00:00,529,379419,128x,300ms,25,64,1,0,0,0,0,1,0,0,0,0,2
2026-09-14T20:15:06.450232+00:00,530,380136,128x,300ms,25,64,1,0,0,0,0,1,0,0,0,0,2
2026-09-14T20:15:07.162858+00:00,531,380854,128x,300ms,25,64,0,0,0,0,0,1,0,0,0,0,3
2026-09-14T20:15:07.882094+00:00,532,381571,128x,300ms,25,64,0,0,0,0,0,1,0,0,0,0,2
2026-09-14T20:15:08.601893+00:00,533,382287,128x,300ms,25,64,0,0,0,0,0,1,0,0,0,0,2
2026-09-14T20:15:09.314868+00:00,534,383004,128x,300ms,25,64,0,0,0,0,0,1,0,0,0,0,2
2026-09-14T20:15:10.035114+00:00,535,383721,128x,300ms,25,64,0,0,0,0,0,1,0,0,0,0,2
2026-09-14T20:15:10.746633+00:00,536,384438,128x,300ms,25,64,1,0,0,0,0,1,0,0,0,0,2
2026-09-14T20:15:11.466967+00:00,537,385156,128x,300ms,25,64,1,0,0,0,0,1,0,0,0,0,2
2026-09-14T20:15:12.186040+00:00,538,385872,128x,300ms,25,64,1,0,0,0,0,1,0,0,0,0,2
2026-09-14T20:15:12.898713+00:00,539,386590,128x,300ms,25,64,1,0,0,0,0,1,0,0,0,0,2
2026-09-14T20:15:13.618799+00:00,540,387307,128x,300ms,25,64,1,0,0,0,0,1,0,0,0,0,2
2026-09-14T20:15:14.329988+00:00,541,388025,128x,300ms,25,64,0,0,0,0,0,1,0,0,0,0,2
2026-09-14T20:15:15.050479+00:00,542,388742,128x,300ms,25,64,0,0,0,0,0,1,0,0,0,0,2
2026-09-14T20:15:15.770644+00:00,543,389458,128x,300ms,25,64,0,0,0,0,0,1,0,0,0,0,3
2026-09-14T20:15:16.482916+00:00,544,390175,128x,300ms,25,64,0,0,0,0,0,1,0,0,0,0,2
2026-09-14T20:15:17.201038+00:00,545,390892,128x,300ms,25,64,0,0,0,0,0,1,0,0,0,0,2
2026-09-14T20:15:17.923338+00:00,546,391609,128x,300ms,25,64,1,0,0,0,0,1,0,0,0,0,3
2026-09-14T20:15:18.635175+00:00,547,392327,128x,300ms,25,64,1,0,0,0,0,1,0,0,0,0,2
2026-09-14T20:15:19.354906+00:00,548,393043,128x,300ms,25,64,1,0,0,0,0,1,0,0,0,0,2
2026-09-14T20:15:20.066604+00:00,549,393761,128x,300ms,25,64,1,0,0,0,0,1,0,0,0,0,2
2026-09-14T20:15:20.786060+00:00,550,394479,128x,300ms,25,64,1,0,0,0,0,1,0,0,0,0,2
2026-09-14T20:15:21.498484+00:00,551,395196,128x,300ms,25,64,0,0,0,0,0,1,0,0,0,0,2
2026-09-14T20:15:22.219137+00:00,552,395913,128x,300ms,25,64,0,0,0,0,0,1,0,0,0,0,2
2026-09-14T20:15:22.938689+00:00,553,396630,128x,300ms,25,64,0,0,0,0,0,1,0,0,0,0,3
2026-09-14T20:15:23.651339+00:00,554,397346,128x,300ms,25,64,0,0,0,0,0,1,0,0,0,0,2
2026-09-14T20:15:24.370732+00:00,555,398063,128x,300ms,25,64,0,0,0,0,0,1,0,0,0,0,2
2026-09-14T20:15:25.091148+00:00,556,398780,128x,300ms,25,64,1,0,0,0,0,1,0,0,0,0,2
2026-09-14T20:15:25.802420+00:00,557,399498,128x,300ms,25,64,1,0,0,0,0,1,0,0,0,0,3
2026-09-14T20:15:26.522397+00:00,558,400216,128x,300ms,25,64,1,0,0,0,0,1,0,0,0,0,2
2026-09-14T20:15:27.234240+00:00,559,400932,128x,300ms,25,64,1,0,0,0,0,1,0,0,0,0,3
2026-09-14T20:15:27.954431+00:00,560,401650,128x,300ms,25,64,1,0,0,0,0,1,0,0,0,0,2
2026-09-14T20:15:28.675415+00:00,561,402367,128x,300ms,25,64,0,0,0,0,0,1,0,0,0,0,2
2026-09-14T20:15:29.386063+00:00,562,403084,128x,300ms,25,64,0,0,0,0,0,1,0,0,0,0,2
2026-09-14T20:15:30.107202+00:00,563,403801,128x,300ms,25,64,0,0,0,0,0,1,0,0,0,0,2
2026-09-14T20:15:30.818765+00:00,564,404518,128x,300ms,25,64,0,0,0,0,0,1,0,0,0,0,2
2026-09-14T20:15:31.539752+00:00,565,405235,128x,300ms,25,64,0,0,0,0,0,1,0,0,0,0,2
2026-09-14T20:15:32.259375+00:00,566,405952,128x,300ms,25,64,1,0,0,0,0,1,0,0,0,0,2
2026-09-14T20:15:32.970967+00:00,567,406669,128x,300ms,25,64,1,0,0,0,0,1,0,0,0,0,2
2026-09-14T20:15:33.690933+00:00,568,407387,128x,300ms,25,64,1,0,0,0,0,0,0,0,0,0,3
2026-09-14T20:15:34.401816+00:00,569,408103,128x,300ms,25,64,1,0,0,0,0,1,0,0,0,0,2
2026-09-14T20:15:35.123232+00:00,570,408821,128x,300ms,25,64,1,0,0,0,0,1,0,0,0,0,3
2026-09-14T20:15:35.842710+00:00,571,409539,128x,300ms,25,64,0,0,0,0,0,1,0,0,0,0,2
2026-09-14T20:15:36.554769+00:00,572,410256,128x,300ms,25,64,0,0,0,0,0,1,0,0,0,0,2
2026-09-14T20:15:37.274567+00:00,573,410973,128x,300ms,25,64,0,0,0,0,0,1,0,0,0,0,3
2026-09-14T20:15:37.986063+00:00,574,411689,128x,300ms,25,64,0,0,0,0,0,1,0,0,0,0,3
2026-09-14T20:15:38.706338+00:00,575,412406,128x,300ms,25,64,0,0,0,0,0,1,0,0,0,0,2
2026-09-14T20:15:39.427512+00:00,576,413123,128x,300ms,25,64,1,0,0,0,0,1,0,0,0,0,2
2026-09-14T20:15:40.139556+00:00,577,413840,128x,300ms,25,64,1,0,0,0,0,1,0,0,0,0,2
2026-09-14T20:15:40.857242+00:00,578,414558,128x,300ms,25,64,1,0,0,0,0,1,0,0,0,0,3
2026-09-14T20:15:41.570895+00:00,579,415276,128x,300ms,25,64,1,0,0,0,0,1,0,0,0,0,2
2026-09-14T20:15:42.290965+00:00,580,415992,128x,300ms,25,64,1,0,0,0,0,1,0,0,0,0,2
2026-09-14T20:15:43.011240+00:00,581,416710,128x,300ms,25,64,0,0,0,0,0,1,0,0,0,0,2
2026-09-14T20:15:43.721060+00:00,582,417427,128x,300ms,25,64,0,0,0,0,0,1,0,0,0,0,3
2026-09-14T20:15:44.442808+00:00,583,418144,128x,300ms,25,64,0,0,0,0,0,1,0,0,0,0,3
2026-09-14T20:15:45.154302+00:00,584,418861,128x,300ms,25,64,0,0,0,0,0,1,0,0,0,0,2
2026-09-14T20:15:45.875413+00:00,585,419577,128x,300ms,25,64,0,0,0,0,0,1,0,0,0,0,2
2026-09-14T20:15:46.594875+00:00,586,420294,128x,300ms,25,64,1,0,0,0,0,1,0,0,0,0,2
2026-09-14T20:15:47.307184+00:00,587,421011,128x,300ms,25,64,1,0,0,0,0,1,0,0,0,0,2
2026-09-14T20:15:48.026313+00:00,588,421729,128x,300ms,25,64,1,0,0,0,0,1,0,0,0,0,2
2026-09-14T20:15:48.739374+00:00,589,422447,128x,300ms,25,64,1,0,0,0,0,1,0,0,0,0,2
2026-09-14T20:15:49.458363+00:00,590,423163,128x,300ms,25,64,1,0,0,0,0,1,0,0,0,0,2
2026-09-14T20:15:50.179473+00:00,591,423881,128x,300ms,25,64,0,0,0,0,0,1,0,0,0,0,2
2026-09-14T20:15:50.890500+00:00,592,424598,128x,300ms,25,64,0,0,0,0,0,1,0,0,0,0,2
2026-09-14T20:15:51.611253+00:00,593,425315,128x,300ms,25,64,0,0,0,0,0,1,0,0,0,0,2
2026-09-14T20:15:52.330524+00:00,594,426032,128x,300ms,25,64,0,0,0,0,0,1,0,0,0,0,2
2026-09-14T20:15:53.042699+00:00,595,426748,128x,300ms,25,64,0,0,0,0,0,1,0,0,0,0,3
2026-09-14T20:15:53.762717+00:00,596,427465,128x,300ms,25,64,1,0,0,0,0,1,0,0,0,0,2
2026-09-14T20:15:54.475455+00:00,597,428183,128x,300ms,25,64,1,0,0,0,0,1,0,0,0,0,2
2026-09-14T20:15:55.194850+00:00,598,428900,128x,300ms,25,64,1,0,0,0,0,1,0,0,0,0,2
2026-09-14T20:15:55.907365+00:00,599,429618,128x,300ms,25,64,1,0,0,0,0,1,0,0,0,0,3
2026-09-14T20:15:56.626332+00:00,600,430334,128x,300ms,25,64,1,0,0,0,0,1,0,0,0,0,2
2026-09-14T20:15:57.347545+00:00,601,431052,128x,300ms,25,64,0,0,0,0,0,1,0,0,0,0,2
2026-09-14T20:15:58.059196+00:00,602,431769,128x,300ms,25,64,0,0,0,0,0,1,0,0,0,0,2
2026-09-14T20:15:58.778976+00:00,603,432486,128x,300ms,25,64,0,0,0,0,0,1,0,0,0,0,3
2026-09-14T20:15:59.498956+00:00,604,433203,128x,300ms,25,64,0,0,0,0,0,1,0,0,0,0,2
2026-09-14T20:16:00.210979+00:00,605,433920,128x,300ms,25,64,0,0,0,0,0,1,0,0,0,0,2
2026-09-14T20:16:00.931207+00:00,606,434636,128x,300ms,25,64,1,0,0,0,0,1,0,0,0,0,2
2026-09-14T20:16:01.642407+00:00,607,435354,128x,300ms,25,64,1,0,0,0,0,1,0,0,0,0,2
2026-09-14T20:16:02.363348+00:00,608,436071,128x,300ms,25,64,1,0,0,0,0,1,0,0,0,0,2
2026-09-14T20:16:03.082122+00:00,609,436789,128x,300ms,25,64,1,0,0,0,0,1,0,0,0,0,2
2026-09-14T20:16:03.794928+00:00,610,437506,128x,300ms,25,64,1,0,0,0,0,1,0,0,0,0,2
2026-09-14T20:16:04.515402+00:00,611,438223,128x,300ms,25,64,0,0,0,0,0,1,0,0,0,0,2
2026-09-14T20:16:05.226663+00:00,612,438940,128x,300ms,25,64,0,0,0,0,0,1,0,0,0,0,2
2026-09-14T20:16:05.947390+00:00,613,439657,128x,300ms,25,64,0,0,0,0,0,1,0,0,0,0,2
2026-09-14T20:16:06.666705+00:00,614,440374,128x,300ms,25,64,0,0,0,0,0,1,0,0,0,0,3
2026-09-14T20:16:07.378490+00:00,615,441091,128x,300ms,25,64,0,0,0,0,0,1,0,0,0,0,2
2026-09-14T20:16:08.099233+00:00,616,441807,128x,300ms,25,64,1,0,0,0,0,1,0,0,0,0,2
2026-09-14T20:16:08.811334+00:00,617,442525,128x,300ms,25,64,1,0,0,0,0,1,0,0,0,0,2
2026-09-14T20:16:09.530523+00:00,618,443242,128x,300ms,25,64,1,0,0,0,0,1,0,0,0,0,2
2026-09-14T20:16:10.250715+00:00,619,443960,128x,300ms,25,64,1,0,0,0,0,1,0,0,0,0,2
2026-09-14T20:16:10.961793+00:00,620,444677,128x,300ms,25,64,1,0,0,0,0,1,0,0,0,0,3
2026-09-14T20:16:11.682419+00:00,621,445394,128x,300ms,25,64,0,0,0,0,0,1,0,0,0,0,3
2026-09-14T20:16:12.394873+00:00,622,446111,128x,300ms,25,64,0,0,0,0,0,1,0,0,0,0,2
2026-09-14T20:16:13.114380+00:00,623,446828,128x,300ms,25,64,0,0,0,0,0,1,0,0,0,0,2
2026-09-14T20:16:13.835181+00:00,624,447545,128x,300ms,25,64,0,0,0,0,0,1,0,0,0,0,2
2026-09-14T20:16:14.547418+00:00,625,448262,128x,300ms,25,64,0,0,0,0,0,1,0,0,0,0,2
2026-09-14T20:16:15.267079+00:00,626,448978,128x,300ms,25,64,1,0,0,0,0,1,0,0,0,0,2
2026-09-14T20:16:15.978743+00:00,627,449696,128x,300ms,25,64,1,0,0,0,0,1,0,0,0,0,2
2026-09-14T20:16:16.699087+00:00,628,450413,128x,300ms,25,64,1,0,0,0,0,1,0,0,0,0,2
2026-09-14T20:16:17.418748+00:00,629,451131,128x,300ms,25,64,1,0,0,0,0,1,0,0,0,0,2
2026-09-14T20:16:18.131147+00:00,630,451848,128x,300ms,25,64,1,0,0,0,0,1,0,0,0,0,2
2026-09-14T20:16:18.850363+00:00,631,452566,128x,300ms,25,64,0,0,0,0,0,1,0,0,0,0,2
2026-09-14T20:16:19.570871+00:00,632,453282,128x,300ms,25,64,0,0,0,0,0,1,0,0,0,0,3
2026-09-14T20:16:20.283299+00:00,633,453999,128x,300ms,25,64,0,0,0,0,0,1,0,0,0,0,3
2026-09-14T20:16:21.002489+00:00,634,454717,128x,300ms,25,64,0,0,0,0,0,1,0,0,0,0,2
2026-09-14T20:16:21.715229+00:00,635,455434,128x,300ms,25,64,0,0,0,0,0,1,0,0,0,0,2
2026-09-14T20:16:22.435192+00:00,636,456151,128x,300ms,25,64,1,0,0,0,0,1,0,0,0,0,2
2026-09-14T20:16:23.155493+00:00,637,456867,128x,300ms,25,64,1,0,0,0,0,1,0,0,0,0,2
2026-09-14T20:16:23.867308+00:00,638,457585,128x,300ms,25,64,1,0,0,0,0,1,0,0,0,0,2
2026-09-14T20:16:24.586054+00:00,639,458303,128x,300ms,25,64,1,0,0,0,0,1,0,0,0,0,2
2026-09-14T20:16:25.298494+00:00,640,459020,128x,300ms,25,64,1,0,0,0,0,1,0,0,0,0,3
2026-09-14T20:16:26.018852+00:00,641,459738,128x,300ms,25,64,0,0,0,0,0,1,0,0,0,0,2
2026-09-14T20:16:26.731096+00:00,642,460454,128x,300ms,25,64,0,0,0,0,0,1,0,0,0,0,2
2026-09-14T20:16:27.450456+00:00,643,461171,128x,300ms,25,64,0,0,0,0,0,1,0,0,0,0,2
2026-09-14T20:16:28.170294+00:00,644,461888,128x,300ms,25,64,0,0,0,0,0,1,0,0,0,0,2
2026-09-14T20:16:28.882169+00:00,645,462605,128x,300ms,25,64,0,0,0,0,0,1,0,0,0,0,2
2026-09-14T20:16:29.602470+00:00,646,463322,128x,300ms,25,64,1,0,0,0,0,1,0,0,0,0,2
2026-09-14T20:16:30.322609+00:00,647,464039,128x,300ms,25,64,1,0,0,0,0,1,0,0,0,0,2
2026-09-14T20:16:31.035158+00:00,648,464756,128x,300ms,25,64,1,0,0,0,0,1,0,0,0,0,2
2026-09-14T20:16:31.755169+00:00,649,465474,128x,300ms,25,64,1,0,0,0,0,1,0,0,0,0,3
2026-09-14T20:16:32.467296+00:00,650,466192,128x,300ms,25,64,1,0,0,0,0,1,0,0,0,0,2
2026-09-14T20:16:33.186532+00:00,651,466909,128x,300ms,25,64,0,0,0,0,0,1,0,0,0,0,3
2026-09-14T20:16:33.907087+00:00,652,467625,128x,300ms,25,64,0,0,0,0,0,1,0,0,0,0,2
2026-09-14T20:16:34.618825+00:00,653,468342,128x,300ms,25,64,0,0,0,0,0,1,0,0,0,0,2
2026-09-14T20:16:35.338780+00:00,654,469059,128x,300ms,25,64,0,0,0,0,0,1,0,0,0,0,2
2026-09-14T20:16:36.051589+00:00,655,469777,128x,300ms,25,64,0,0,0,0,0,1,0,0,0,0,2
2026-09-14T20:16:36.770756+00:00,656,470494,128x,300ms,25,64,1,0,0,0,0,1,0,0,0,0,2
2026-09-14T20:16:37.490928+00:00,657,471211,128x,300ms,25,64,1,0,0,0,0,1,0,0,0,0,2
2026-09-14T20:16:38.202478+00:00,658,471928,128x,300ms,25,64,1,0,0,0,0,1,0,0,0,0,2
2026-09-14T20:16:38.922421+00:00,659,472646,128x,300ms,25,64,1,0,0,0,0,1,0,0,0,0,2
2026-09-14T20:16:39.635170+00:00,660,473364,128x,300ms,25,64,1,0,0,0,0,1,0,0,0,0,2
2026-09-14T20:16:40.355293+00:00,661,474081,128x,300ms,25,64,0,0,0,0,0,1,0,0,0,0,2
2026-09-14T20:16:41.075288+00:00,662,474798,128x,300ms,25,64,0,0,0,0,0,1,0,0,0,0,2
2026-09-14T20:16:41.786111+00:00,663,475514,128x,300ms,25,64,0,0,0,0,0,1,0,0,0,0,3
2026-09-14T20:16:42.506669+00:00,664,476231,128x,300ms,25,64,0,0,0,0,0,1,0,0,0,0,2
2026-09-14T20:16:43.218998+00:00,665,476948,128x,300ms,25,64,0,0,0,0,0,1,0,0,0,0,2
2026-09-14T20:16:43.938754+00:00,666,477665,128x,300ms,25,64,1,0,0,0,0,1,0,0,0,0,2
2026-09-14T20:16:44.658672+00:00,667,478383,128x,300ms,25,64,1,0,0,0,0,1,0,0,0,0,2
2026-09-14T20:16:45.370717+00:00,668,479100,128x,300ms,25,64,1,0,0,0,0,1,0,0,0,0,2
2026-09-14T20:16:46.090403+00:00,669,479817,128x,300ms,25,64,1,0,0,0,0,1,0,0,0,0,2
2026-09-14T20:16:46.811343+00:00,670,480535,128x,300ms,25,64,1,0,0,0,0,1,0,0,0,0,2
2026-09-14T20:16:47.522554+00:00,671,481252,128x,300ms,25,64,0,0,0,0,0,1,0,0,0,0,2
2026-09-14T20:16:48.243235+00:00,672,481969,128x,300ms,25,64,0,0,0,0,0,1,0,0,0,0,2
2026-09-14T20:16:48.955335+00:00,673,482685,128x,300ms,25,64,0,0,0,0,0,1,0,0,0,0,2
2026-09-14T20:16:49.675228+00:00,674,483402,128x,300ms,25,64,0,0,0,0,0,1,0,0,0,0,2
2026-09-14T20:16:50.394984+00:00,675,484120,128x,300ms,25,64,0,0,0,0,0,1,0,0,0,0,2
2026-09-14T20:16:51.107272+00:00,676,484837,128x,300ms,25,64,1,0,0,0,0,1,0,0,0,0,2
2026-09-14T20:16:51.826382+00:00,677,485554,128x,300ms,25,64,1,0,0,0,0,1,0,0,0,0,2
2026-09-14T20:16:52.538441+00:00,678,486272,128x,300ms,25,64,1,0,0,0,0,1,0,0,0,0,2
2026-09-14T20:16:53.259493+00:00,679,486988,128x,300ms,25,64,1,0,0,0,0,0,0,0,0,0,2
2026-09-14T20:16:53.971163+00:00,680,487706,128x,300ms,25,64,1,0,0,0,0,1,0,0,0,0,3
2026-09-14T20:16:54.690997+00:00,681,488424,128x,300ms,25,64,0,0,0,0,0,1,0,0,0,0,2
2026-09-14T20:16:55.411315+00:00,682,489141,128x,300ms,25,64,0,0,0,0,0,1,0,0,0,0,2
2026-09-14T20:16:56.123079+00:00,683,489858,128x,300ms,25,64,0,0,0,0,0,0,0,0,0,0,2
2026-09-14T20:16:56.843298+00:00,684,490574,128x,300ms,25,64,0,0,0,0,0,1,0,0,0,0,2
2026-09-14T20:16:57.563270+00:00,685,491291,128x,300ms,25,64,0,0,0,0,0,1,0,0,0,0,2
2026-09-14T20:16:58.274600+00:00,686,492008,128x,300ms,25,64,1,0,0,0,0,1,0,0,0,0,2
2026-09-14T20:16:58.994889+00:00,687,492726,128x,300ms,25,64,1,0,0,0,0,1,0,0,0,0,2
2026-09-14T20:16:59.706707+00:00,688,493443,128x,300ms,25,64,1,0,0,0,0,1,0,0,0,0,2
2026-09-14T20:17:00.427321+00:00,689,494160,128x,300ms,25,64,1,0,0,0,0,1,0,0,0,0,2
2026-09-14T20:17:01.146703+00:00,690,494878,128x,300ms,25,64,1,0,0,0,0,1,0,0,0,0,2
2026-09-14T20:17:01.859175+00:00,691,495595,128x,300ms,25,64,0,0,0,0,0,1,0,0,0,0,2
2026-09-14T20:17:02.579056+00:00,692,496312,128x,300ms,25,64,0,0,0,0,0,1,0,0,0,0,2
2026-09-14T20:17:03.290484+00:00,693,497029,128x,300ms,25,64,0,0,0,0,0,1,0,0,0,0,2
2026-09-14T20:17:04.010414+00:00,694,497745,128x,300ms,25,64,0,0,0,0,0,1,0,0,0,0,2
2026-09-14T20:17:04.731179+00:00,695,498462,128x,300ms,25,64,0,0,0,0,0,1,0,0,0,0,2
2026-09-14T20:17:05.442756+00:00,696,499179,128x,300ms,25,64,1,0,0,0,0,1,0,0,0,0,2
2026-09-14T20:17:06.162360+00:00,697,499897,128x,300ms,25,64,1,0,0,0,0,1,0,0,0,0,2
2026-09-14T20:17:06.875532+00:00,698,500615,128x,300ms,25,64,1,0,0,0,0,1,0,0,0,0,2
2026-09-14T20:17:07.595007+00:00,699,501331,128x,300ms,25,64,1,0,0,0,0,1,0,0,0,0,2
2026-09-14T20:17:08.314508+00:00,700,502049,128x,300ms,25,64,1,0,0,0,0,1,0,0,0,0,2
2026-09-14T20:17:09.027684+00:00,701,502767,128x,300ms,25,64,0,0,0,0,0,1,0,0,0,0,2
2026-09-14T20:17:09.746514+00:00,702,503484,128x,300ms,25,64,0,0,0,0,0,1,0,0,0,0,2
2026-09-14T20:17:10.459249+00:00,703,504201,128x,300ms,25,64,0,0,0,0,0,1,0,0,0,0,2
2026-09-14T20:17:11.178602+00:00,704,504918,128x,300ms,25,64,0,0,0,0,0,1,0,0,0,0,2
2026-09-14T20:17:11.899318+00:00,705,505634,128x,300ms,25,64,0,0,0,0,0,1,0,0,0,0,2
2026-09-14T20:17:12.611465+00:00,706,506351,128x,300ms,25,64,1,0,0,0,0,1,0,0,0,0,2
2026-09-14T20:17:13.331263+00:00,707,507068,128x,300ms,25,64,1,0,0,0,0,1,0,0,0,0,2
2026-09-14T20:17:14.042766+00:00,708,507786,128x,300ms,25,64,1,0,0,0,0,1,0,0,0,0,2
2026-09-14T20:17:14.763259+00:00,709,508503,128x,300ms,25,64,1,0,0,0,0,1,0,0,0,0,2
2026-09-14T20:17:15.483193+00:00,710,509220,128x,300ms,25,64,1,0,0,0,0,1,0,0,0,0,2
2026-09-14T20:17:16.194969+00:00,711,509938,128x,300ms,25,64,0,0,0,0,0,1,0,0,0,0,2
2026-09-14T20:17:16.914827+00:00,712,510655,128x,300ms,25,64,0,0,0,0,0,1,0,0,0,0,2
2026-09-14T20:17:17.635300+00:00,713,511372,128x,300ms,25,64,0,0,0,0,0,1,0,0,0,0,2
2026-09-14T20:17:18.345956+00:00,714,512089,128x,300ms,25,64,0,0,0,0,0,1,0,0,0,0,2
2026-09-14T20:17:19.067378+00:00,715,512805,128x,300ms,25,64,0,0,0,0,0,1,0,0,0,0,2
2026-09-14T20:17:19.777489+00:00,716,513522,128x,300ms,25,64,1,0,0,0,0,1,0,0,0,0,2
2026-09-14T20:17:20.498266+00:00,717,514239,128x,300ms,25,64,1,0,0,0,0,1,0,0,0,0,2
2026-09-14T20:17:21.219173+00:00,718,514957,128x,300ms,25,64,1,0,0,0,0,1,0,0,0,0,2
2026-09-14T20:17:21.930728+00:00,719,515675,128x,300ms,25,64,1,0,0,0,0,1,0,0,0,0,2
2026-09-14T20:17:22.651567+00:00,720,516391,128x,300ms,25,64,1,0,0,0,0,1,0,0,0,0,2
2026-09-14T20:17:23.362822+00:00,721,517109,128x,300ms,25,64,0,0,0,0,0,1,0,0,0,0,2
2026-09-14T20:17:24.083339+00:00,722,517826,128x,300ms,25,64,0,0,0,0,0,1,0,0,0,0,2
2026-09-14T20:17:24.802501+00:00,723,518543,128x,300ms,25,64,0,0,0,0,0,1,0,0,0,0,2
2026-09-14T20:17:25.515548+00:00,724,519260,128x,300ms,25,64,0,0,0,0,0,1,0,0,0,0,2
2026-09-14T20:17:26.234566+00:00,725,519976,128x,300ms,25,64,0,0,0,0,0,1,0,0,0,0,2
2026-09-14T20:17:26.947597+00:00,726,520693,128x,300ms,25,64,1,0,0,0,0,1,0,0,0,0,2
2026-09-14T20:17:27.667171+00:00,727,521411,128x,300ms,25,64,1,0,0,0,0,1,0,0,0,0,2
2026-09-14T20:17:28.379909+00:00,728,522128,128x,300ms,25,64,1,0,0,0,0,1,0,0,0,0,2
2026-09-14T20:17:29.099332+00:00,729,522846,128x,300ms,25,64,1,0,0,0,0,1,0,0,0,0,2
2026-09-14T20:17:29.818891+00:00,730,523564,128x,300ms,25,64,1,0,0,0,0,1,0,0,0,0,2
2026-09-14T20:17:30.530624+00:00,731,524280,128x,300ms,25,64,0,0,0,0,0,1,0,0,0,0,2
2026-09-14T20:17:31.250662+00:00,732,524997,128x,300ms,25,64,0,0,0,0,0,1,0,0,0,0,2
2026-09-14T20:17:31.970350+00:00,733,525714,128x,300ms,25,64,0,0,0,0,0,1,0,0,0,0,2
2026-09-14T20:17:32.682981+00:00,734,526431,128x,300ms,25,64,0,0,0,0,0,1,0,0,0,0,2
2026-09-14T20:17:33.402488+00:00,735,527148,128x,300ms,25,64,0,0,0,0,0,1,0,0,0,0,2
2026-09-14T20:17:34.115513+00:00,736,527864,128x,300ms,25,64,1,0,0,0,0,1,0,0,0,0,2
2026-09-14T20:17:34.834431+00:00,737,528582,128x,300ms,25,64,1,0,0,0,0,1,0,0,0,0,2
2026-09-14T20:17:35.548552+00:00,738,529300,128x,300ms,25,64,1,0,0,0,0,1,0,0,0,0,2
2026-09-14T20:17:36.268861+00:00,739,530017,128x,300ms,25,64,1,0,0,0,0,1,0,0,0,0,2
2026-09-14T20:17:36.989066+00:00,740,530735,128x,300ms,25,64,1,0,0,0,0,1,0,0,0,0,2
2026-09-14T20:17:37.700977+00:00,741,531452,128x,300ms,25,64,0,0,0,0,0,1,0,0,0,0,2
2026-09-14T20:17:38.421663+00:00,742,532169,128x,300ms,25,64,0,0,0,0,0,1,0,0,0,0,2
2026-09-14T20:17:39.133296+00:00,743,532886,128x,300ms,25,64,0,0,0,0,0,1,0,0,0,0,2
2026-09-14T20:17:39.851402+00:00,744,533603,128x,300ms,25,64,0,0,0,0,0,0,0,0,0,0,2
2026-09-14T20:17:40.573621+00:00,745,534320,128x,300ms,25,64,0,0,0,0,0,1,0,0,0,0,2
2026-09-14T20:17:41.285932+00:00,746,535036,128x,300ms,25,64,1,0,0,0,0,1,0,0,0,0,2
2026-09-14T20:17:42.005363+00:00,747,535754,128x,300ms,25,64,1,0,0,0,0,1,0,0,0,0,2
2026-09-14T20:17:42.717395+00:00,748,536471,128x,300ms,25,64,1,0,0,0,0,1,0,0,0,0,2
2026-09-14T20:17:43.436880+00:00,749,537189,128x,300ms,25,64,1,0,0,0,0,1,0,0,0,0,2
2026-09-14T20:17:44.157083+00:00,750,537906,128x,300ms,25,64,1,0,0,0,0,1,0,0,0,0,2
2026-09-14T20:17:44.869433+00:00,751,538624,128x,300ms,25,64,0,0,0,0,0,1,0,0,0,0,2
2026-09-14T20:17:45.589327+00:00,752,539340,128x,300ms,25,64,0,0,0,0,0,1,0,0,0,0,2
2026-09-14T20:17:46.301580+00:00,753,540057,128x,300ms,25,64,0,0,0,0,0,1,0,0,0,0,2
2026-09-14T20:17:47.021917+00:00,754,540774,128x,300ms,25,64,0,0,0,0,0,1,0,0,0,0,2
2026-09-14T20:17:47.740865+00:00,755,541491,128x,300ms,25,64,0,0,0,0,0,1,0,0,0,0,2
2026-09-14T20:17:48.452101+00:00,756,542208,128x,300ms,25,64,1,0,0,0,0,1,0,0,0,0,2
2026-09-14T20:17:49.173857+00:00,757,542925,128x,300ms,25,64,1,0,0,0,0,1,0,0,0,0,2
2026-09-14T20:17:49.885167+00:00,758,543642,128x,300ms,25,64,1,0,0,0,0,1,0,0,0,0,2
2026-09-14T20:17:50.605573+00:00,759,544360,128x,300ms,25,64,1,0,0,0,0,1,0,0,0,0,3
2026-09-14T20:17:51.326027+00:00,760,545078,128x,300ms,25,64,1,0,0,0,0,1,0,0,0,0,2
2026-09-14T20:17:52.036858+00:00,761,545795,128x,300ms,25,64,0,0,0,0,0,1,0,0,0,0,2
2026-09-14T20:17:52.757803+00:00,762,546511,128x,300ms,25,64,0,0,0,0,0,1,0,0,0,0,2
2026-09-14T20:17:53.469451+00:00,763,547228,128x,300ms,25,64,0,0,0,0,0,1,0,0,0,0,3
2026-09-14T20:17:54.189907+00:00,764,547945,128x,300ms,25,64,0,0,0,0,0,1,0,0,0,0,2
2026-09-14T20:17:54.908176+00:00,765,548662,128x,300ms,25,64,0,0,0,0,0,1,0,0,0,0,2
2026-09-14T20:17:55.621278+00:00,766,549379,128x,300ms,25,64,1,0,0,0,0,1,0,0,0,0,2
2026-09-14T20:17:56.341307+00:00,767,550096,128x,300ms,25,64,1,0,0,0,0,1,0,0,0,0,2
2026-09-14T20:17:57.062046+00:00,768,550814,128x,300ms,25,64,1,0,0,0,0,1,0,0,0,0,2
2026-09-14T20:17:57.773018+00:00,769,551531,128x,300ms,25,64,1,0,0,0,0,1,0,0,0,0,2
2026-09-14T20:17:58.493122+00:00,770,552249,128x,300ms,25,64,1,0,0,0,0,1,0,0,0,0,2
2026-09-14T20:17:59.204908+00:00,771,552966,128x,300ms,25,64,0,0,0,0,0,1,0,0,0,0,2
2026-09-14T20:17:59.925321+00:00,772,553682,128x,300ms,25,64,0,0,0,0,0,1,0,0,0,0,2
2026-09-14T20:18:00.638009+00:00,773,554399,128x,300ms,25,64,0,0,0,0,0,1,0,0,0,0,2
2026-09-14T20:18:01.357359+00:00,774,555116,128x,300ms,25,64,0,0,0,0,0,1,0,0,0,0,2
2026-09-14T20:18:02.076657+00:00,775,555834,128x,300ms,25,64,0,0,0,0,0,1,0,0,0,0,2
2026-09-14T20:18:02.788686+00:00,776,556551,128x,300ms,25,64,1,0,0,0,0,0,0,0,0,0,2
2026-09-14T20:18:03.509377+00:00,777,557267,128x,300ms,25,64,1,0,0,0,0,1,0,0,0,0,2
2026-09-14T20:18:04.221865+00:00,778,557985,128x,300ms,25,64,1,0,0,0,0,1,0,0,0,0,2
2026-09-14T20:18:04.941972+00:00,779,558702,128x,300ms,25,64,1,0,0,0,0,1,0,0,0,0,2
2026-09-14T20:18:05.662047+00:00,780,559420,128x,300ms,25,64,1,0,0,0,0,1,0,0,0,0,2
2026-09-14T20:18:06.373530+00:00,781,560138,128x,300ms,25,64,0,0,0,0,0,1,0,0,0,0,2
2026-09-14T20:18:07.093198+00:00,782,560855,128x,300ms,25,64,0,0,0,0,0,1,0,0,0,0,2
2026-09-14T20:18:07.812596+00:00,783,561571,128x,300ms,25,64,0,0,0,0,0,1,0,0,0,0,2
2026-09-14T20:18:08.525251+00:00,784,562288,128x,300ms,25,64,0,0,0,0,0,1,0,0,0,0,3
2026-09-14T20:18:09.245763+00:00,785,563005,128x,300ms,25,64,0,0,0,0,0,1,0,0,0,0,2
2026-09-14T20:18:09.957693+00:00,786,563722,128x,300ms,25,64,1,0,0,0,0,1,0,0,0,0,3
2026-09-14T20:18:10.676798+00:00,787,564439,128x,300ms,25,64,1,0,0,0,0,1,0,0,0,0,3
2026-09-14T20:18:11.397147+00:00,788,565156,128x,300ms,25,64,1,0,0,0,0,1,0,0,0,0,2
2026-09-14T20:18:12.109514+00:00,789,565873,128x,300ms,25,64,1,0,0,0,0,1,0,0,0,0,2
2026-09-14T20:18:12.828997+00:00,790,566591,128x,300ms,25,64,1,0,0,0,0,1,0,0,0,0,2
2026-09-14T20:18:13.541281+00:00,791,567309,128x,300ms,25,64,0,0,0,0,0,1,0,0,0,0,2
2026-09-14T20:18:14.260829+00:00,792,568026,128x,300ms,25,64,0,0,0,0,0,1,0,0,0,0,2
2026-09-14T20:18:14.981384+00:00,793,568742,128x,300ms,25,64,0,0,0,0,0,1,0,0,0,0,2
2026-09-14T20:18:15.693155+00:00,794,569459,128x,300ms,25,64,0,0,0,0,0,1,0,0,0,0,2
2026-09-14T20:18:16.412548+00:00,795,570176,128x,300ms,25,64,0,0,0,0,0,1,0,0,0,0,3
2026-09-14T20:18:17.125018+00:00,796,570893,128x,300ms,25,64,1,0,0,0,0,1,0,0,0,0,2
2026-09-14T20:18:17.845179+00:00,797,571610,128x,300ms,25,64,1,0,0,0,0,1,0,0,0,0,2
2026-09-14T20:18:18.563790+00:00,798,572327,128x,300ms,25,64,1,0,0,0,0,1,0,0,0,0,2
2026-09-14T20:18:19.275924+00:00,799,573045,128x,300ms,25,64,1,0,0,0,0,1,0,0,0,0,3
2026-09-14T20:18:19.997458+00:00,800,573762,128x,300ms,25,64,1,0,0,0,0,1,0,0,0,0,2
2026-09-14T20:18:20.711215+00:00,801,574480,128x,300ms,25,64,0,0,0,0,0,1,0,0,0,0,2
2026-09-14T20:18:21.429346+00:00,802,575197,128x,300ms,25,64,0,0,0,0,0,1,0,0,0,0,2
2026-09-14T20:18:22.148295+00:00,803,575913,128x,300ms,25,64,0,0,0,0,0,1,0,0,0,0,2
2026-09-14T20:18:22.861257+00:00,804,576630,128x,300ms,25,64,0,0,0,0,0,1,0,0,0,0,2
2026-09-14T20:18:23.580103+00:00,805,577347,128x,300ms,25,64,0,0,0,0,0,1,0,0,0,0,3
2026-09-14T20:18:24.299303+00:00,806,578064,128x,300ms,25,64,1,0,0,0,0,1,0,0,0,0,3
2026-09-14T20:18:25.012070+00:00,807,578782,128x,300ms,25,64,1,0,0,0,0,1,0,0,0,0,2
2026-09-14T20:18:25.731304+00:00,808,579499,128x,300ms,25,64,1,0,0,0,0,1,0,0,0,0,3
2026-09-14T20:18:26.451710+00:00,809,580216,128x,300ms,25,64,1,0,0,0,0,1,0,0,0,0,3
2026-09-14T20:18:27.164005+00:00,810,580934,128x,300ms,25,64,1,0,0,0,0,1,0,0,0,0,2
2026-09-14T20:18:27.883696+00:00,811,581651,128x,300ms,25,64,0,0,0,0,0,1,0,0,0,0,2
2026-09-14T20:18:28.596019+00:00,812,582368,128x,300ms,25,64,0,0,0,0,0,1,0,0,0,0,2
2026-09-14T20:18:29.316103+00:00,813,583085,128x,300ms,25,64,0,0,0,0,0,1,0,0,0,0,2
2026-09-14T20:18:30.031876+00:00,814,583801,128x,300ms,25,64,0,0,0,0,0,1,0,0,0,0,2
2026-09-14T20:18:30.751299+00:00,815,584518,128x,300ms,25,64,0,0,0,0,0,1,0,0,0,0,2
2026-09-14T20:18:31.463669+00:00,816,585235,128x,300ms,25,64,1,0,0,0,0,1,0,0,0,0,2
2026-09-14T20:18:32.182254+00:00,817,585953,128x,300ms,25,64,1,0,0,0,0,1,0,0,0,0,2
2026-09-14T20:18:32.902559+00:00,818,586671,128x,300ms,25,64,1,0,0,0,0,1,0,0,0,0,2
2026-09-14T20:18:33.614665+00:00,819,587387,128x,300ms,25,64,1,0,0,0,0,1,0,0,0,0,2
2026-09-14T20:18:34.334320+00:00,820,588105,128x,300ms,25,64,1,0,0,0,0,1,0,0,0,0,2
2026-09-14T20:18:35.047301+00:00,821,588823,128x,300ms,25,64,0,0,0,0,0,1,0,0,0,0,2
2026-09-14T20:18:35.767388+00:00,822,589540,128x,300ms,25,64,0,0,0,0,0,1,0,0,0,0,2
2026-09-14T20:18:36.486147+00:00,823,590257,128x,300ms,25,64,0,0,0,0,0,1,0,0,0,0,2
2026-09-14T20:18:37.198525+00:00,824,590973,128x,300ms,25,64,0,0,0,0,0,1,0,0,0,0,2
2026-09-14T20:18:37.919149+00:00,825,591690,128x,300ms,25,64,0,0,0,0,0,1,0,0,0,0,2
2026-09-14T20:18:38.630612+00:00,826,592407,128x,300ms,25,64,1,0,0,0,0,1,0,0,0,0,2
2026-09-14T20:18:39.351301+00:00,827,593124,128x,300ms,25,64,1,0,0,0,0,1,0,0,0,0,2
2026-09-14T20:18:40.063749+00:00,828,593842,128x,300ms,25,64,1,0,0,0,0,1,0,0,0,0,2
2026-09-14T20:18:40.784262+00:00,829,594560,128x,300ms,25,64,1,0,0,0,0,1,0,0,0,0,2
2026-09-14T20:18:41.504613+00:00,830,595276,128x,300ms,25,64,1,0,0,0,0,1,0,0,0,0,2
2026-09-14T20:18:42.219510+00:00,831,595994,128x,300ms,25,64,0,0,0,0,0,1,0,0,0,0,2
2026-09-14T20:18:42.932552+00:00,832,596711,128x,300ms,25,64,0,0,0,0,0,1,0,0,0,0,2
2026-09-14T20:18:43.652792+00:00,833,597428,128x,300ms,25,64,0,0,0,0,0,1,0,0,0,0,2
2026-09-14T20:18:44.371825+00:00,834,598145,128x,300ms,25,64,0,0,0,0,0,1,0,0,0,0,2
2026-09-14T20:18:45.084131+00:00,835,598861,128x,300ms,25,64,0,0,0,0,0,1,0,0,0,0,2
2026-09-14T20:18:45.804553+00:00,836,599578,128x,300ms,25,64,1,0,0,0,0,1,0,0,0,0,2
2026-09-14T20:18:46.516458+00:00,837,600296,128x,300ms,25,64,1,0,0,0,0,1,0,0,0,0,2
2026-09-14T20:18:47.236234+00:00,838,601013,128x,300ms,25,64,1,0,0,0,0,1,0,0,0,0,2
2026-09-14T20:18:47.956654+00:00,839,601731,128x,300ms,25,64,1,0,0,0,0,1,0,0,0,0,3
2026-09-14T20:18:48.669083+00:00,840,602447,128x,300ms,25,64,1,0,0,0,0,1,0,0,0,0,2
2026-09-14T20:18:49.388354+00:00,841,603165,128x,300ms,25,64,0,0,0,0,0,1,0,0,0,0,2
2026-09-14T20:18:50.100649+00:00,842,603882,128x,300ms,25,64,0,0,0,0,0,1,0,0,0,0,2
2026-09-14T20:18:50.820221+00:00,843,604599,128x,300ms,25,64,0,0,0,0,0,1,0,0,0,0,2
2026-09-14T20:18:51.541006+00:00,844,605316,128x,300ms,25,64,0,0,0,0,0,1,0,0,0,0,2
2026-09-14T20:18:52.250686+00:00,845,606032,128x,300ms,25,64,0,0,0,0,0,1,0,0,0,0,2
2026-09-14T20:18:52.972667+00:00,846,606749,128x,300ms,25,64,1,0,0,0,0,1,0,0,0,0,2
2026-09-14T20:18:53.684957+00:00,847,607467,128x,300ms,25,64,1,0,0,0,0,1,0,0,0,0,2
2026-09-14T20:18:54.403900+00:00,848,608185,128x,300ms,25,64,1,0,0,0,0,1,0,0,0,0,3
2026-09-14T20:18:55.125051+00:00,849,608902,128x,300ms,25,64,1,0,0,0,0,1,0,0,0,0,2
2026-09-14T20:18:55.836151+00:00,850,609618,128x,300ms,25,64,1,0,0,0,0,1,0,0,0,0,2
2026-09-14T20:18:56.556480+00:00,851,610336,128x,300ms,25,64,0,0,0,0,0,1,0,0,0,0,2
2026-09-14T20:18:57.268645+00:00,852,611053,128x,300ms,25,64,0,0,0,0,0,1,0,0,0,0,2
2026-09-14T20:18:57.988909+00:00,853,611770,128x,300ms,25,64,0,0,0,0,0,1,0,0,0,0,2
2026-09-14T20:18:58.707406+00:00,854,612487,128x,300ms,25,64,0,0,0,0,0,1,0,0,0,0,2
2026-09-14T20:18:59.420258+00:00,855,613203,128x,300ms,25,64,0,0,0,0,0,1,0,0,0,0,2
2026-09-14T20:19:00.139869+00:00,856,613920,128x,300ms,25,64,1,0,0,0,0,1,0,0,0,0,3
2026-09-14T20:19:00.860387+00:00,857,614638,128x,300ms,25,64,1,0,0,0,0,1,0,0,0,0,2
2026-09-14T20:19:01.572843+00:00,858,615356,128x,300ms,25,64,1,0,0,0,0,1,0,0,0,0,2
2026-09-14T20:19:02.292009+00:00,859,616073,128x,300ms,25,64,1,0,0,0,0,1,0,0,0,0,2
2026-09-14T20:19:03.004863+00:00,860,616791,128x,300ms,25,64,1,0,0,0,0,1,0,0,0,0,2
2026-09-14T20:19:03.725239+00:00,861,617507,128x,300ms,25,64,0,0,0,0,0,1,0,0,0,0,2
2026-09-14T20:19:04.444952+00:00,862,618224,128x,300ms,25,64,0,0,0,0,0,1,0,0,0,0,2
2026-09-14T20:19:05.155956+00:00,863,618941,128x,300ms,25,64,0,0,0,0,0,1,0,0,0,0,2
2026-09-14T20:19:05.876122+00:00,864,619658,128x,300ms,25,64,0,0,0,0,0,1,0,0,0,0,2
2026-09-14T20:19:06.588216+00:00,865,620376,128x,300ms,25,64,0,0,0,0,0,1,0,0,0,0,2
2026-09-14T20:19:07.308473+00:00,866,621092,128x,300ms,25,64,1,0,0,0,0,1,0,0,0,0,3
2026-09-14T20:19:08.020752+00:00,867,621809,128x,300ms,25,64,1,0,0,0,0,1,0,0,0,0,2
2026-09-14T20:19:08.738974+00:00,868,622527,128x,300ms,25,64,1,0,0,0,0,1,0,0,0,0,2
2026-09-14T20:19:09.458637+00:00,869,623244,128x,300ms,25,64,1,0,0,0,0,1,0,0,0,0,2
2026-09-14T20:19:10.171250+00:00,870,623962,128x,300ms,25,64,1,0,0,0,0,1,0,0,0,0,2
2026-09-14T20:19:10.891572+00:00,871,624679,128x,300ms,25,64,0,0,0,0,0,1,0,0,0,0,2
2026-09-14T20:19:11.605418+00:00,872,625396,128x,300ms,25,64,0,0,0,0,0,1,0,0,0,0,2
2026-09-14T20:19:12.323959+00:00,873,626113,128x,300ms,25,64,0,0,0,0,0,1,0,0,0,0,2
2026-09-14T20:19:13.043977+00:00,874,626830,128x,300ms,25,64,0,0,0,0,0,1,0,0,0,0,2
2026-09-14T20:19:13.756551+00:00,875,627547,128x,300ms,25,64,0,0,0,0,0,0,0,0,0,0,2
2026-09-14T20:19:14.475239+00:00,876,628263,128x,300ms,25,64,1,0,0,0,0,1,0,0,0,0,2
2026-09-14T20:19:15.196238+00:00,877,628981,128x,300ms,25,64,1,0,0,0,0,1,0,0,0,0,2
2026-09-14T20:19:15.908745+00:00,878,629698,128x,300ms,25,64,1,0,0,0,0,1,0,0,0,0,2
2026-09-14T20:19:16.628225+00:00,879,630416,128x,300ms,25,64,1,0,0,0,0,1,0,0,0,0,2
2026-09-14T20:19:17.340169+00:00,880,631133,128x,300ms,25,64,1,0,0,0,0,1,0,0,0,0,2
2026-09-14T20:19:18.060181+00:00,881,631851,128x,300ms,25,64,0,0,0,0,0,1,0,0,0,0,2
2026-09-14T20:19:18.779929+00:00,882,632567,128x,300ms,25,64,0,0,0,0,0,1,0,0,0,0,2
2026-09-14T20:19:19.491809+00:00,883,633284,128x,300ms,25,64,0,0,0,0,0,1,0,0,0,0,2
2026-09-14T20:19:20.211087+00:00,884,634001,128x,300ms,25,64,0,0,0,0,0,1,0,0,0,0,2
2026-09-14T20:19:20.925100+00:00,885,634718,128x,300ms,25,64,0,0,0,0,0,1,0,0,0,0,3
2026-09-14T20:19:21.643911+00:00,886,635435,128x,300ms,25,64,1,0,0,0,0,1,0,0,0,0,2
2026-09-14T20:19:22.364988+00:00,887,636152,128x,300ms,25,64,1,0,0,0,0,1,0,0,0,0,2
2026-09-14T20:19:23.077101+00:00,888,636869,128x,300ms,25,64,1,0,0,0,0,1,0,0,0,0,3
2026-09-14T20:19:23.796988+00:00,889,637587,128x,300ms,25,64,1,0,0,0,0,1,0,0,0,0,3
2026-09-14T20:19:24.508565+00:00,890,638304,128x,300ms,25,64,1,0,0,0,0,1,0,0,0,0,2
2026-09-14T20:19:25.228071+00:00,891,639022,128x,300ms,25,64,0,0,0,0,0,1,0,0,0,0,2
2026-09-14T20:19:25.948831+00:00,892,639738,128x,300ms,25,64,0,0,0,0,0,1,0,0,0,0,2
2026-09-14T20:19:26.659880+00:00,893,640455,128x,300ms,25,64,0,0,0,0,0,1,0,0,0,0,2
2026-09-14T20:19:27.380416+00:00,894,641172,128x,300ms,25,64,0,0,0,0,0,1,0,0,0,0,2
2026-09-14T20:19:28.100967+00:00,895,641889,128x,300ms,25,64,0,0,0,0,0,1,0,0,0,0,2
2026-09-14T20:19:28.812487+00:00,896,642606,128x,300ms,25,64,1,0,0,0,0,1,0,0,0,0,2
2026-09-14T20:19:29.533093+00:00,897,643323,128x,300ms,25,64,1,0,0,0,0,1,0,0,0,0,2
2026-09-14T20:19:30.244478+00:00,898,644041,128x,300ms,25,64,1,0,0,0,0,1,0,0,0,0,2
2026-09-14T20:19:30.964187+00:00,899,644758,128x,300ms,25,64,1,0,0,0,0,1,0,0,0,0,2
2026-09-14T20:19:31.683348+00:00,900,645476,128x,300ms,25,64,1,0,0,0,0,1,0,0,0,0,2
2026-09-14T20:19:32.396743+00:00,901,646193,128x,300ms,25,64,0,0,0,0,0,1,0,0,0,0,2
2026-09-14T20:19:33.116288+00:00,902,646909,128x,300ms,25,64,0,0,0,0,0,1,0,0,0,0,2
2026-09-14T20:19:33.827759+00:00,903,647626,128x,300ms,25,64,0,0,0,0,0,1,0,0,0,0,2
2026-09-14T20:19:34.548687+00:00,904,648343,128x,300ms,25,64,0,0,0,0,0,1,0,0,0,0,2
2026-09-14T20:19:35.267295+00:00,905,649061,128x,300ms,25,64,0,0,0,0,0,1,0,0,0,0,2
2026-09-14T20:19:35.979675+00:00,906,649778,128x,300ms,25,64,1,0,0,0,0,1,0,0,0,0,2
2026-09-14T20:19:36.698695+00:00,907,650494,128x,300ms,25,64,1,0,0,0,0,1,0,0,0,0,2
2026-09-14T20:19:37.411429+00:00,908,651212,128x,300ms,25,64,1,0,0,0,0,1,0,0,0,0,2
2026-09-14T20:19:38.131490+00:00,909,651929,128x,300ms,25,64,1,0,0,0,0,1,0,0,0,0,2
2026-09-14T20:19:38.851326+00:00,910,652647,128x,300ms,25,64,1,0,0,0,0,1,0,0,0,0,2
2026-09-14T20:19:39.563801+00:00,911,653365,128x,300ms,25,64,0,0,0,0,0,1,0,0,0,0,2
2026-09-14T20:19:40.282223+00:00,912,654082,128x,300ms,25,64,0,0,0,0,0,1,0,0,0,0,2
2026-09-14T20:19:41.002657+00:00,913,654798,128x,300ms,25,64,0,0,0,0,0,1,0,0,0,0,2
2026-09-14T20:19:41.714972+00:00,914,655515,128x,300ms,25,64,0,0,0,0,0,1,0,0,0,0,2
2026-09-14T20:19:42.435308+00:00,915,656232,128x,300ms,25,64,0,0,0,0,0,0,0,0,0,0,2
2026-09-14T20:19:43.147461+00:00,916,656949,128x,300ms,25,64,1,0,0,0,0,1,0,0,0,0,3
2026-09-14T20:19:43.867086+00:00,917,657667,128x,300ms,25,64,1,0,0,0,0,1,0,0,0,0,2
2026-09-14T20:19:44.586274+00:00,918,658383,128x,300ms,25,64,1,0,0,0,0,1,0,0,0,0,2
2026-09-14T20:19:45.297850+00:00,919,659101,128x,300ms,25,64,1,0,0,0,0,1,0,0,0,0,2
2026-09-14T20:19:46.018980+00:00,920,659818,128x,300ms,25,64,1,0,0,0,0,1,0,0,0,0,2
2026-09-14T20:19:46.731637+00:00,921,660536,128x,300ms,25,64,0,0,0,0,0,1,0,0,0,0,2
2026-09-14T20:19:47.451406+00:00,922,661253,128x,300ms,25,64,0,0,0,0,0,1,0,0,0,0,2
2026-09-14T20:19:48.171595+00:00,923,661969,128x,300ms,25,64,0,0,0,0,0,1,0,0,0,0,2
2026-09-14T20:19:48.883373+00:00,924,662686,128x,300ms,25,64,0,0,0,0,0,1,0,0,0,0,2
2026-09-14T20:19:49.601802+00:00,925,663403,128x,300ms,25,64,0,0,0,0,0,1,0,0,0,0,2
2026-09-14T20:19:50.315639+00:00,926,664120,128x,300ms,25,64,1,0,0,0,0,1,0,0,0,0,2
2026-09-14T20:19:51.035418+00:00,927,664838,128x,300ms,25,64,1,0,0,0,0,1,0,0,0,0,2
2026-09-14T20:19:51.755184+00:00,928,665555,128x,300ms,25,64,1,0,0,0,0,1,0,0,0,0,3
2026-09-14T20:19:52.467871+00:00,929,666272,128x,300ms,25,64,1,0,0,0,0,1,0,0,0,0,2
2026-09-14T20:19:53.186232+00:00,930,666990,128x,300ms,25,64,1,0,0,0,0,1,0,0,0,0,2
2026-09-14T20:19:53.898683+00:00,931,667707,128x,300ms,25,64,0,0,0,0,0,1,0,0,0,0,3
2026-09-14T20:19:54.619394+00:00,932,668424,128x,300ms,25,64,0,0,0,0,0,1,0,0,0,0,2
2026-09-14T20:19:55.339410+00:00,933,669140,128x,300ms,25,64,0,0,0,0,0,1,0,0,0,0,2
2026-09-14T20:19:56.051529+00:00,934,669858,128x,300ms,25,64,0,0,0,0,0,1,0,0,0,0,2
2026-09-14T20:19:56.770962+00:00,935,670575,128x,300ms,25,64,0,0,0,0,0,1,0,0,0,0,2
2026-09-14T20:19:57.483191+00:00,936,671292,128x,300ms,25,64,1,0,0,0,0,1,0,0,0,0,2
2026-09-14T20:19:58.203872+00:00,937,672009,128x,300ms,25,64,1,0,0,0,0,1,0,0,0,0,2
2026-09-14T20:19:58.923322+00:00,938,672727,128x,300ms,25,64,1,0,0,0,0,1,0,0,0,0,2
2026-09-14T20:19:59.635359+00:00,939,673443,128x,300ms,25,64,1,0,0,0,0,1,0,0,0,0,2
2026-09-14T20:20:00.354789+00:00,940,674161,128x,300ms,25,64,1,0,0,0,0,1,0,0,0,0,2
2026-09-14T20:20:01.074845+00:00,941,674879,128x,300ms,25,64,0,0,0,0,0,1,0,0,0,0,2
2026-09-14T20:20:01.785614+00:00,942,675596,128x,300ms,25,64,0,0,0,0,0,1,0,0,0,0,3
2026-09-14T20:20:02.507557+00:00,943,676313,128x,300ms,25,64,0,0,0,0,0,1,0,0,0,0,2
2026-09-14T20:20:03.219342+00:00,944,677029,128x,300ms,25,64,0,0,0,0,0,1,0,0,0,0,2
2026-09-14T20:20:03.938980+00:00,945,677746,128x,300ms,25,64,0,0,0,0,0,1,0,0,0,0,2
2026-09-14T20:20:04.659555+00:00,946,678463,128x,300ms,25,64,1,0,0,0,0,1,0,0,0,0,2
2026-09-14T20:20:05.370851+00:00,947,679180,128x,300ms,25,64,1,0,0,0,0,1,0,0,0,0,2
2026-09-14T20:20:06.091558+00:00,948,679898,128x,300ms,25,64,1,0,0,0,0,1,0,0,0,0,2
2026-09-14T20:20:06.803895+00:00,949,680615,128x,300ms,25,64,1,0,0,0,0,1,0,0,0,0,2
2026-09-14T20:20:07.522761+00:00,950,681332,128x,300ms,25,64,1,0,0,0,0,1,0,0,0,0,2
2026-09-14T20:20:08.242646+00:00,951,682050,128x,300ms,25,64,0,0,0,0,0,1,0,0,0,0,2
2026-09-14T20:20:08.955305+00:00,952,682767,128x,300ms,25,64,0,0,0,0,0,1,0,0,0,0,2
2026-09-14T20:20:09.675852+00:00,953,683484,128x,300ms,25,64,0,0,0,0,0,1,0,0,0,0,2
2026-09-14T20:20:10.387375+00:00,954,684200,128x,300ms,25,64,0,0,0,0,0,1,0,0,0,0,2
2026-09-14T20:20:11.106657+00:00,955,684917,128x,300ms,25,64,0,0,0,0,0,1,0,0,0,0,2
2026-09-14T20:20:11.827223+00:00,956,685634,128x,300ms,25,64,1,0,0,0,0,1,0,0,0,0,3
2026-09-14T20:20:12.539555+00:00,957,686352,128x,300ms,25,64,1,0,0,0,0,1,0,0,0,0,2
2026-09-14T20:20:13.259686+00:00,958,687069,128x,300ms,25,64,1,0,0,0,0,1,0,0,0,0,2
2026-09-14T20:20:13.971714+00:00,959,687787,128x,300ms,25,64,1,0,0,0,0,1,0,0,0,0,2
2026-09-14T20:20:14.690686+00:00,960,688503,128x,300ms,25,64,1,0,0,0,0,1,0,0,0,0,2
2026-09-14T20:20:15.411490+00:00,961,689221,128x,300ms,25,64,0,0,0,0,0,1,0,0,0,0,3
2026-09-14T20:20:16.123262+00:00,962,689938,128x,300ms,25,64,0,0,0,0,0,1,0,0,0,0,2
2026-09-14T20:20:16.842826+00:00,963,690655,128x,300ms,25,64,0,0,0,0,0,1,0,0,0,0,3
2026-09-14T20:20:17.555475+00:00,964,691372,128x,300ms,25,64,0,0,0,0,0,1,0,0,0,0,2
2026-09-14T20:20:18.273932+00:00,965,692088,128x,300ms,25,64,0,0,0,0,0,1,0,0,0,0,2
2026-09-14T20:20:18.995103+00:00,966,692805,128x,300ms,25,64,1,0,0,0,0,1,0,0,0,0,2
2026-09-14T20:20:19.706999+00:00,967,693523,128x,300ms,25,64,1,0,0,0,0,1,0,0,0,0,3
2026-09-14T20:20:20.427244+00:00,968,694241,128x,300ms,25,64,1,0,0,0,0,1,0,0,0,0,2
2026-09-14T20:20:21.138945+00:00,969,694958,128x,300ms,25,64,1,0,0,0,0,1,0,0,0,0,2
2026-09-14T20:20:21.859380+00:00,970,695675,128x,300ms,25,64,1,0,0,0,0,1,0,0,0,0,2
2026-09-14T20:20:22.578698+00:00,971,696392,128x,300ms,25,64,0,0,0,0,0,0,0,0,0,0,2
2026-09-14T20:20:23.291212+00:00,972,697110,128x,300ms,25,64,0,0,0,0,0,1,0,0,0,0,2
2026-09-14T20:20:24.011487+00:00,973,697827,128x,300ms,25,64,0,0,0,0,0,1,0,0,0,0,2
2026-09-14T20:20:24.723093+00:00,974,698544,128x,300ms,25,64,0,0,0,0,0,1,0,0,0,0,2
2026-09-14T20:20:25.442357+00:00,975,699260,128x,300ms,25,64,0,0,0,0,0,1,0,0,0,0,2
2026-09-14T20:20:26.163873+00:00,976,699977,128x,300ms,25,64,1,0,0,0,0,1,0,0,0,0,3
2026-09-14T20:20:26.873819+00:00,977,700694,128x,300ms,25,64,1,0,0,0,0,1,0,0,0,0,2
2026-09-14T20:20:27.594761+00:00,978,701412,128x,300ms,25,64,1,0,0,0,0,1,0,0,0,0,2
2026-09-14T20:20:28.315624+00:00,979,702130,128x,300ms,25,64,1,0,0,0,0,1,0,0,0,0,2
2026-09-14T20:20:29.027821+00:00,980,702846,128x,300ms,25,64,1,0,0,0,0,1,0,0,0,0,2
2026-09-14T20:20:29.747261+00:00,981,703564,128x,300ms,25,64,0,0,0,0,0,1,0,0,0,0,2
2026-09-14T20:20:30.459122+00:00,982,704281,128x,300ms,25,64,0,0,0,0,0,1,0,0,0,0,2
2026-09-14T20:20:31.178961+00:00,983,704998,128x,300ms,25,64,0,0,0,0,0,1,0,0,0,0,2
2026-09-14T20:20:31.892129+00:00,984,705715,128x,300ms,25,64,0,0,0,0,0,1,0,0,0,0,2
2026-09-14T20:20:32.611476+00:00,985,706432,128x,300ms,25,64,0,0,0,0,0,1,0,0,0,0,2
2026-09-14T20:20:33.330935+00:00,986,707148,128x,300ms,25,64,1,0,0,0,0,1,0,0,0,0,2
2026-09-14T20:20:34.042928+00:00,987,707866,128x,300ms,25,64,1,0,0,0,0,1,0,0,0,0,2
2026-09-14T20:20:34.763355+00:00,988,708583,128x,300ms,25,64,1,0,0,0,0,1,0,0,0,0,2
2026-09-14T20:20:35.482086+00:00,989,709301,128x,300ms,25,64,1,0,0,0,0,1,0,0,0,0,2
2026-09-14T20:20:36.195545+00:00,990,710019,128x,300ms,25,64,1,0,0,0,0,1,0,0,0,0,2
2026-09-14T20:20:36.915005+00:00,991,710735,128x,300ms,25,64,0,0,0,0,0,1,0,0,0,0,2
2026-09-14T20:20:37.627852+00:00,992,711452,128x,300ms,25,64,0,0,0,0,0,1,0,0,0,0,3
2026-09-14T20:20:38.347127+00:00,993,712169,128x,300ms,25,64,0,0,0,0,0,1,0,0,0,0,3
2026-09-14T20:20:39.066863+00:00,994,712886,128x,300ms,25,64,0,0,0,0,0,1,0,0,0,0,2
2026-09-14T20:20:39.779024+00:00,995,713603,128x,300ms,25,64,0,0,0,0,0,1,0,0,0,0,2
2026-09-14T20:20:40.498501+00:00,996,714319,128x,300ms,25,64,1,0,0,0,0,1,0,0,0,0,3
2026-09-14T20:20:41.210614+00:00,997,715037,128x,300ms,25,64,1,0,0,0,0,1,0,0,0,0,2
2026-09-14T20:20:41.931297+00:00,998,715755,128x,300ms,25,64,1,0,0,0,0,1,0,0,0,0,2
2026-09-14T20:20:42.651183+00:00,999,716472,128x,300ms,25,64,1,0,0,0,0,1,0,0,0,0,3
2026-09-14T20:20:43.363925+00:00,1000,717190,128x,300ms,25,64,1,0,0,0,0,1,0,0,0,0,2
2026-09-14T20:20:44.083203+00:00,1001,717907,128x,300ms,25,64,0,0,0,0,0,1,0,0,0,0,2
2026-09-14T20:20:44.795183+00:00,1002,718624,128x,300ms,25,64,0,0,0,0,0,1,0,0,0,0,2
2026-09-14T20:20:45.515614+00:00,1003,719341,128x,300ms,25,64,0,0,0,0,0,1,0,0,0,0,2
2026-09-14T20:20:46.235846+00:00,1004,720058,128x,300ms,25,64,0,0,0,0,0,1,0,0,0,0,3
2026-09-14T20:20:46.947752+00:00,1005,720775,128x,300ms,25,64,0,0,0,0,0,1,0,0,0,0,2
2026-09-14T20:20:47.666842+00:00,1006,721492,128x,300ms,25,64,1,0,0,0,0,1,0,0,0,0,2
2026-09-14T20:20:48.379765+00:00,1007,722209,128x,300ms,25,64,1,0,0,0,0,1,0,0,0,0,3
2026-09-14T20:20:49.107249+00:00,1008,722927,128x,300ms,25,64,1,0,0,0,0,1,0,0,0,0,3
2026-09-14T20:20:49.819842+00:00,1009,723645,128x,300ms,25,64,1,0,0,0,0,1,0,0,0,0,3
2026-09-14T20:20:50.531580+00:00,1010,724363,128x,300ms,25,64,1,0,0,0,0,1,0,0,0,0,2
2026-09-14T20:20:51.251262+00:00,1011,725080,128x,300ms,25,64,0,0,0,0,0,1,0,0,0,0,2
2026-09-14T20:20:51.962771+00:00,1012,725797,128x,300ms,25,64,0,0,0,0,0,1,0,0,0,0,2
2026-09-14T20:20:52.682889+00:00,1013,726514,128x,300ms,25,64,0,0,0,0,0,1,0,0,0,0,2
2026-09-14T20:20:53.403461+00:00,1014,727231,128x,300ms,25,64,0,0,0,0,0,1,0,0,0,0,2
2026-09-14T20:20:54.123839+00:00,1015,727948,128x,300ms,25,64,0,0,0,0,0,1,0,0,0,0,2
2026-09-14T20:20:54.835383+00:00,1016,728666,128x,300ms,25,64,1,0,0,0,0,1,0,0,0,0,2
2026-09-14T20:20:55.555299+00:00,1017,729382,128x,300ms,25,64,1,0,0,0,0,1,0,0,0,0,2
2026-09-14T20:20:56.274849+00:00,1018,730100,128x,300ms,25,64,1,0,0,0,0,1,0,0,0,0,2
2026-09-14T20:20:56.986282+00:00,1019,730818,128x,300ms,25,64,1,0,0,0,0,1,0,0,0,0,2
2026-09-14T20:20:57.707559+00:00,1020,731536,128x,300ms,25,64,1,0,0,0,0,1,0,0,0,0,2
2026-09-14T20:20:58.419090+00:00,1021,732254,128x,300ms,25,64,0,0,0,0,0,1,0,0,0,0,2
2026-09-14T20:20:59.139000+00:00,1022,732971,128x,300ms,25,64,0,0,0,0,0,1,0,0,0,0,2
2026-09-14T20:20:59.858870+00:00,1023,733687,128x,300ms,25,64,0,0,0,0,0,1,0,0,0,0,2
2026-09-14T20:21:00.571105+00:00,1024,734404,128x,300ms,25,64,0,0,0,0,0,1,0,0,0,0,2
2026-09-14T20:21:01.291469+00:00,1025,735122,128x,300ms,25,64,0,0,0,0,0,1,0,0,0,0,2
2026-09-14T20:21:02.004205+00:00,1026,735839,128x,300ms,25,64,1,0,0,0,0,1,0,0,0,0,2
2026-09-14T20:21:02.723190+00:00,1027,736557,128x,300ms,25,64,1,0,0,0,0,1,0,0,0,0,3
2026-09-14T20:21:03.443541+00:00,1028,737274,128x,300ms,25,64,1,0,0,0,0,1,0,0,0,0,2
2026-09-14T20:21:04.155203+00:00,1029,737991,128x,300ms,25,64,1,0,0,0,0,1,0,0,0,0,2
2026-09-14T20:21:04.874470+00:00,1030,738709,128x,300ms,25,64,1,0,0,0,0,1,0,0,0,0,3
2026-09-14T20:21:05.595153+00:00,1031,739427,128x,300ms,25,64,0,0,0,0,0,1,0,0,0,0,2
2026-09-14T20:21:06.307380+00:00,1032,740144,128x,300ms,25,64,0,0,0,0,0,1,0,0,0,0,3
2026-09-14T20:21:07.027862+00:00,1033,740860,128x,300ms,25,64,0,0,0,0,0,1,0,0,0,0,3
2026-09-14T20:21:07.739912+00:00,1034,741578,128x,300ms,25,64,0,0,0,0,0,1,0,0,0,0,2
2026-09-14T20:21:08.459250+00:00,1035,742295,128x,300ms,25,64,0,0,0,0,0,1,0,0,0,0,3
2026-09-14T20:21:09.179278+00:00,1036,743012,128x,300ms,25,64,1,0,0,0,0,1,0,0,0,0,2
2026-09-14T20:21:09.899261+00:00,1037,743730,128x,300ms,25,64,1,0,0,0,0,1,0,0,0,0,2
2026-09-14T20:21:10.611486+00:00,1038,744448,128x,300ms,25,64,1,0,0,0,0,1,0,0,0,0,2
2026-09-14T20:21:11.331349+00:00,1039,745164,128x,300ms,25,64,1,0,0,0,0,1,0,0,0,0,3
2026-09-14T20:21:12.043033+00:00,1040,745882,128x,300ms,25,64,1,0,0,0,0,1,0,0,0,0,2
2026-09-14T20:21:12.763284+00:00,1041,746600,128x,300ms,25,64,0,0,0,0,0,1,0,0,0,0,2
2026-09-14T20:21:13.483179+00:00,1042,747317,128x,300ms,25,64,0,0,0,0,0,1,0,0,0,0,2
2026-09-14T20:21:14.195097+00:00,1043,748034,128x,300ms,25,64,0,0,0,0,0,1,0,0,0,0,2
2026-09-14T20:21:14.915036+00:00,1044,748751,128x,300ms,25,64,0,0,0,0,0,1,0,0,0,0,2
2026-09-14T20:21:15.627710+00:00,1045,749468,128x,300ms,25,64,0,0,0,0,0,1,0,0,0,0,2
2026-09-14T20:21:16.347696+00:00,1046,750185,128x,300ms,25,64,1,0,0,0,0,1,0,0,0,0,2
2026-09-14T20:21:17.067686+00:00,1047,750903,128x,300ms,25,64,1,0,0,0,0,1,0,0,0,0,2
2026-09-14T20:21:17.778947+00:00,1048,751621,128x,300ms,25,64,1,0,0,0,0,1,0,0,0,0,2
2026-09-14T20:21:18.498194+00:00,1049,752337,128x,300ms,25,64,1,0,0,0,0,1,0,0,0,0,2
2026-09-14T20:21:19.219678+00:00,1050,753055,128x,300ms,25,64,1,0,0,0,0,0,0,0,0,0,2
2026-09-14T20:21:19.930832+00:00,1051,753773,128x,300ms,25,64,0,0,0,0,0,1,0,0,0,0,2
2026-09-14T20:21:20.651794+00:00,1052,754490,128x,300ms,25,64,0,0,0,0,0,1,0,0,0,0,2
2026-09-14T20:21:21.362769+00:00,1053,755207,128x,300ms,25,64,0,0,0,0,0,1,0,0,0,0,2
2026-09-14T20:21:22.083011+00:00,1054,755924,128x,300ms,25,64,0,0,0,0,0,1,0,0,0,0,2
2026-09-14T20:21:22.795702+00:00,1055,756641,128x,300ms,25,64,0,0,0,0,0,1,0,0,0,0,3
2026-09-14T20:21:23.523426+00:00,1056,757358,128x,300ms,25,64,1,0,0,0,0,1,0,0,0,0,2
2026-09-14T20:21:24.239013+00:00,1057,758076,128x,300ms,25,64,1,0,0,0,0,1,0,0,0,0,2
2026-09-14T20:21:24.951053+00:00,1058,758794,128x,300ms,25,64,1,0,0,0,0,1,0,0,0,0,2
2026-09-14T20:21:25.670678+00:00,1059,759511,128x,300ms,25,64,1,0,0,0,0,1,0,0,0,0,2
2026-09-14T20:21:26.389284+00:00,1060,760228,128x,300ms,25,64,1,0,0,0,0,1,0,0,0,0,2
2026-09-14T20:21:27.102690+00:00,1061,760946,128x,300ms,25,64,0,0,0,0,0,1,0,0,0,0,2
2026-09-14T20:21:27.821110+00:00,1062,761663,128x,300ms,25,64,0,0,0,0,0,1,0,0,0,0,2
2026-09-14T20:21:28.535291+00:00,1063,762380,128x,300ms,25,64,0,0,0,0,0,1,0,0,0,0,2
2026-09-14T20:21:29.254310+00:00,1064,763098,128x,300ms,25,64,0,0,0,0,0,1,0,0,0,0,2
2026-09-14T20:21:29.974437+00:00,1065,763814,128x,300ms,25,64,0,0,0,0,0,1,0,0,0,0,2
2026-09-14T20:21:30.686341+00:00,1066,764531,128x,300ms,25,64,1,0,0,0,0,1,0,0,0,0,2
2026-09-14T20:21:31.406786+00:00,1067,765249,128x,300ms,25,64,1,0,0,0,0,1,0,0,0,0,2
2026-09-14T20:21:32.119045+00:00,1068,765967,128x,300ms,25,64,1,0,0,0,0,1,0,0,0,0,2
2026-09-14T20:21:32.837043+00:00,1069,766684,128x,300ms,25,64,1,0,0,0,0,1,0,0,0,0,2
2026-09-14T20:21:33.558312+00:00,1070,767401,128x,300ms,25,64,1,0,0,0,0,1,0,0,0,0,2
2026-09-14T20:21:34.270998+00:00,1071,768119,128x,300ms,25,64,0,0,0,0,0,1,0,0,0,0,3
2026-09-14T20:21:34.990142+00:00,1072,768836,128x,300ms,25,64,0,0,0,0,0,1,0,0,0,0,2
2026-09-14T20:21:35.702689+00:00,1073,769553,128x,300ms,25,64,0,0,0,0,0,1,0,0,0,0,3
2026-09-14T20:21:36.422736+00:00,1074,770271,128x,300ms,25,64,0,0,0,0,0,1,0,0,0,0,3
2026-09-14T20:21:37.142959+00:00,1075,770988,128x,300ms,25,64,0,0,0,0,0,1,0,0,0,0,2
2026-09-14T20:21:37.855018+00:00,1076,771704,128x,300ms,25,64,1,0,0,0,0,1,0,0,0,0,2
2026-09-14T20:21:38.574217+00:00,1077,772422,128x,300ms,25,64,1,0,0,0,0,1,0,0,0,0,2
2026-09-14T20:21:39.295179+00:00,1078,773140,128x,300ms,25,64,1,0,0,0,0,1,0,0,0,0,2
2026-09-14T20:21:40.015439+00:00,1079,773857,128x,300ms,25,64,1,0,0,0,0,1,0,0,0,0,2
2026-09-14T20:21:40.726885+00:00,1080,774575,128x,300ms,25,64,1,0,0,0,0,1,0,0,0,0,2
2026-09-14T20:21:41.446552+00:00,1081,775292,128x,300ms,25,64,0,0,0,0,0,1,0,0,0,0,2
2026-09-14T20:21:42.159336+00:00,1082,776009,128x,300ms,25,64,0,0,0,0,0,1,0,0,0,0,2
2026-09-14T20:21:42.879112+00:00,1083,776726,128x,300ms,25,64,0,0,0,0,0,1,0,0,0,0,2
2026-09-14T20:21:43.598150+00:00,1084,777444,128x,300ms,25,64,0,0,0,0,0,1,0,0,0,0,2
2026-09-14T20:21:44.310201+00:00,1085,778161,128x,300ms,25,64,0,0,0,0,0,1,0,0,0,0,2
2026-09-14T20:21:45.030472+00:00,1086,778877,128x,300ms,25,64,1,0,0,0,0,1,0,0,0,0,2
2026-09-14T20:21:45.751070+00:00,1087,779595,128x,300ms,25,64,1,0,0,0,0,1,0,0,0,0,3
2026-09-14T20:21:46.462521+00:00,1088,780312,128x,300ms,25,64,1,0,0,0,0,1,0,0,0,0,2
2026-09-14T20:21:47.182808+00:00,1089,781030,128x,300ms,25,64,1,0,0,0,0,1,0,0,0,0,3
2026-09-14T20:21:47.895137+00:00,1090,781748,128x,300ms,25,64,1,0,0,0,0,1,0,0,0,0,2
2026-09-14T20:21:48.614962+00:00,1091,782466,128x,300ms,25,64,0,0,0,0,0,1,0,0,0,0,2
2026-09-14T20:21:49.326675+00:00,1092,783182,128x,300ms,25,64,0,0,0,0,0,1,0,0,0,0,2
2026-09-14T20:21:50.047121+00:00,1093,783899,128x,300ms,25,64,0,0,0,0,0,1,0,0,0,0,2
2026-09-14T20:21:50.767059+00:00,1094,784617,128x,300ms,25,64,0,0,0,0,0,1,0,0,0,0,2
2026-09-14T20:21:51.479094+00:00,1095,785334,128x,300ms,25,64,0,0,0,0,0,1,0,0,0,0,2
2026-09-14T20:21:52.197148+00:00,1096,786051,128x,300ms,25,64,1,0,0,0,0,1,0,0,0,0,2
2026-09-14T20:21:52.911073+00:00,1097,786768,128x,300ms,25,64,1,0,0,0,0,1,0,0,0,0,2
2026-09-14T20:21:53.631295+00:00,1098,787485,128x,300ms,25,64,1,0,0,0,0,1,0,0,0,0,2
2026-09-14T20:21:54.349753+00:00,1099,788203,128x,300ms,25,64,1,0,0,0,0,1,0,0,0,0,2
2026-09-14T20:21:55.062450+00:00,1100,788921,128x,300ms,25,64,1,0,0,0,0,1,0,0,0,0,2
2026-09-14T20:21:55.783099+00:00,1101,789639,128x,300ms,25,64,0,0,0,0,0,1,0,0,0,0,2
2026-09-14T20:21:56.495154+00:00,1102,790355,128x,300ms,25,64,0,0,0,0,0,1,0,0,0,0,2
2026-09-14T20:21:57.213713+00:00,1103,791072,128x,300ms,25,64,0,0,0,0,0,1,0,0,0,0,2
2026-09-14T20:21:57.934196+00:00,1104,791789,128x,300ms,25,64,0,0,0,0,0,1,0,0,0,0,2
2026-09-14T20:21:58.655192+00:00,1105,792506,128x,300ms,25,64,0,0,0,0,0,1,0,0,0,0,2
2026-09-14T20:21:59.367575+00:00,1106,793224,128x,300ms,25,64,1,0,0,0,0,1,0,0,0,0,2
2026-09-14T20:22:00.085736+00:00,1107,793942,128x,300ms,25,64,1,0,0,0,0,1,0,0,0,0,2
2026-09-14T20:22:00.805287+00:00,1108,794659,128x,300ms,25,64,1,0,0,0,0,1,0,0,0,0,2
2026-09-14T20:22:01.518265+00:00,1109,795376,128x,300ms,25,64,1,0,0,0,0,1,0,0,0,0,2
2026-09-14T20:22:02.239495+00:00,1110,796094,128x,300ms,25,64,1,0,0,0,0,1,0,0,0,0,2
2026-09-14T20:22:02.951426+00:00,1111,796812,128x,300ms,25,64,0,0,0,0,0,1,0,0,0,0,2
2026-09-14T20:22:03.670603+00:00,1112,797529,128x,300ms,25,64,0,0,0,0,0,1,0,0,0,0,3
2026-09-14T20:22:04.392044+00:00,1113,798245,128x,300ms,25,64,0,0,0,0,0,1,0,0,0,0,2
2026-09-14T20:22:05.102260+00:00,1114,798963,128x,300ms,25,64,0,0,0,0,0,1,0,0,0,0,3
2026-09-14T20:22:05.823972+00:00,1115,799680,128x,300ms,25,64,0,0,0,0,0,1,0,0,0,0,2
2026-09-14T20:22:06.536204+00:00,1116,800397,128x,300ms,25,64,1,0,0,0,0,1,0,0,0,0,2
2026-09-14T20:22:07.254843+00:00,1117,801115,128x,300ms,25,64,1,0,0,0,0,1,0,0,0,0,2
2026-09-14T20:22:07.969067+00:00,1118,801832,128x,300ms,25,64,1,0,0,0,0,1,0,0,0,0,3
2026-09-14T20:22:08.688075+00:00,1119,802549,128x,300ms,25,64,1,0,0,0,0,1,0,0,0,0,2
2026-09-14T20:22:09.409134+00:00,1120,803267,128x,300ms,25,64,1,0,0,0,0,1,0,0,0,0,2
2026-09-14T20:22:10.120335+00:00,1121,803985,128x,300ms,25,64,0,0,0,0,0,1,0,0,0,0,2
2026-09-14T20:22:10.841008+00:00,1122,804702,128x,300ms,25,64,0,0,0,0,0,1,0,0,0,0,2
2026-09-14T20:22:11.553110+00:00,1123,805419,128x,300ms,25,64,0,0,0,0,0,1,0,0,0,0,2
2026-09-14T20:22:12.271728+00:00,1124,806136,128x,300ms,25,64,0,0,0,0,0,1,0,0,0,0,2
2026-09-14T20:22:12.992507+00:00,1125,806853,128x,300ms,25,64,0,0,0,0,0,1,0,0,0,0,2
2026-09-14T20:22:13.711273+00:00,1126,807570,128x,300ms,25,64,1,0,0,0,0,1,0,0,0,0,2
2026-09-14T20:22:14.424786+00:00,1127,808288,128x,300ms,25,64,1,0,0,0,0,1,0,0,0,0,2
2026-09-14T20:22:15.144716+00:00,1128,809006,128x,300ms,25,64,1,0,0,0,0,1,0,0,0,0,2
2026-09-14T20:22:15.865132+00:00,1129,809722,128x,300ms,25,64,1,0,0,0,0,1,0,0,0,0,2
2026-09-14T20:22:16.576044+00:00,1130,810440,128x,300ms,25,64,1,0,0,0,0,1,0,0,0,0,2
2026-09-14T20:22:17.296115+00:00,1131,811158,128x,300ms,25,64,0,0,0,0,0,1,0,0,0,0,3
2026-09-14T20:22:18.015932+00:00,1132,811875,128x,300ms,25,64,0,0,0,0,0,1,0,0,0,0,2
2026-09-14T20:22:18.726819+00:00,1133,812592,128x,300ms,25,64,0,0,0,0,0,1,0,0,0,0,2
2026-09-14T20:22:19.448858+00:00,1134,813309,128x,300ms,25,64,0,0,0,0,0,1,0,0,0,0,2
2026-09-14T20:22:20.160594+00:00,1135,814026,128x,300ms,25,64,0,0,0,0,0,1,0,0,0,0,3
2026-09-14T20:22:20.879908+00:00,1136,814743,128x,300ms,25,64,1,0,0,0,0,1,0,0,0,0,2
2026-09-14T20:22:21.600066+00:00,1137,815461,128x,300ms,25,64,1,0,0,0,0,1,0,0,0,0,2
2026-09-14T20:22:22.312227+00:00,1138,816179,128x,300ms,25,64,1,0,0,0,0,1,0,0,0,0,3
2026-09-14T20:22:23.033093+00:00,1139,816896,128x,300ms,25,64,1,0,0,0,0,1,0,0,0,0,2
2026-09-14T20:22:23.744108+00:00,1140,817613,128x,300ms,25,64,1,0,0,0,0,1,0,0,0,0,2
2026-09-14T20:22:24.464201+00:00,1141,818331,128x,300ms,25,64,0,0,0,0,0,1,0,0,0,0,2
2026-09-14T20:22:25.184497+00:00,1142,819048,128x,300ms,25,64,0,0,0,0,0,1,0,0,0,0,2
2026-09-14T20:22:25.896691+00:00,1143,819765,128x,300ms,25,64,0,0,0,0,0,1,0,0,0,0,2
2026-09-14T20:22:26.616340+00:00,1144,820483,128x,300ms,25,64,0,0,0,0,0,1,0,0,0,0,3
2026-09-14T20:22:27.328846+00:00,1145,821199,128x,300ms,25,64,0,0,0,0,0,1,0,0,0,0,2
2026-09-14T20:22:28.048853+00:00,1146,821916,128x,300ms,25,64,1,0,0,0,0,1,0,0,0,0,2
2026-09-14T20:22:28.768751+00:00,1147,822634,128x,300ms,25,64,1,0,0,0,0,1,0,0,0,0,2
2026-09-14T20:22:29.488277+00:00,1148,823351,128x,300ms,25,64,1,0,0,0,0,1,0,0,0,0,3
2026-09-14T20:22:30.200914+00:00,1149,824069,128x,300ms,25,64,1,0,0,0,0,1,0,0,0,0,3
2026-09-14T20:22:30.921115+00:00,1150,824786,128x,300ms,25,64,1,0,0,0,0,1,0,0,0,0,2
2026-09-14T20:22:31.632707+00:00,1151,825504,128x,300ms,25,64,0,0,0,0,0,1,0,0,0,0,2
2026-09-14T20:22:32.352328+00:00,1152,826221,128x,300ms,25,64,0,0,0,0,0,1,0,0,0,0,2
2026-09-14T20:22:33.073080+00:00,1153,826938,128x,300ms,25,64,0,0,0,0,0,1,0,0,0,0,2
2026-09-14T20:22:33.784230+00:00,1154,827656,128x,300ms,25,64,0,0,0,0,0,1,0,0,0,0,2
2026-09-14T20:22:34.504038+00:00,1155,828372,128x,300ms,25,64,0,0,0,0,0,1,0,0,0,0,3
2026-09-14T20:22:35.225103+00:00,1156,829089,128x,300ms,25,64,1,0,0,0,0,1,0,0,0,0,2
2026-09-14T20:22:35.936336+00:00,1157,829807,128x,300ms,25,64,1,0,0,0,0,1,0,0,0,0,2
2026-09-14T20:22:36.656820+00:00,1158,830525,128x,300ms,25,64,1,0,0,0,0,1,0,0,0,0,2
2026-09-14T20:22:37.368171+00:00,1159,831242,128x,300ms,25,64,1,0,0,0,0,1,0,0,0,0,2
2026-09-14T20:22:38.088167+00:00,1160,831960,128x,300ms,25,64,1,0,0,0,0,1,0,0,0,0,2
2026-09-14T20:22:38.807872+00:00,1161,832677,128x,300ms,25,64,0,0,0,0,0,1,0,0,0,0,2
2026-09-14T20:22:39.520831+00:00,1162,833394,128x,300ms,25,64,0,0,0,0,0,1,0,0,0,0,2
2026-09-14T20:22:40.240961+00:00,1163,834111,128x,300ms,25,64,0,0,0,0,0,1,0,0,0,0,2
2026-09-14T20:22:40.952318+00:00,1164,834828,128x,300ms,25,64,0,0,0,0,0,1,0,0,0,0,2
2026-09-14T20:22:41.672406+00:00,1165,835545,128x,300ms,25,64,0,0,0,0,0,1,0,0,0,0,2
2026-09-14T20:22:42.391670+00:00,1166,836262,128x,300ms,25,64,1,0,0,0,0,1,0,0,0,0,2
2026-09-14T20:22:43.103983+00:00,1167,836980,128x,300ms,25,64,1,0,0,0,0,1,0,0,0,0,2
2026-09-14T20:22:43.824954+00:00,1168,837698,128x,300ms,25,64,1,0,0,0,0,1,0,0,0,0,2
2026-09-14T20:22:44.536455+00:00,1169,838415,128x,300ms,25,64,1,0,0,0,0,1,0,0,0,0,2
2026-09-14T20:22:45.256391+00:00,1170,839133,128x,300ms,25,64,1,0,0,0,0,1,0,0,0,0,2
2026-09-14T20:22:45.976919+00:00,1171,839851,128x,300ms,25,64,0,0,0,0,0,1,0,0,0,0,2
2026-09-14T20:22:46.688320+00:00,1172,840567,128x,300ms,25,64,0,0,0,0,0,1,0,0,0,0,2
2026-09-14T20:22:47.408383+00:00,1173,841284,128x,300ms,25,64,0,0,0,0,0,1,0,0,0,0,2
2026-09-14T20:22:48.129161+00:00,1174,842002,128x,300ms,25,64,0,0,0,0,0,1,0,0,0,0,2
2026-09-14T20:22:48.849036+00:00,1175,842719,128x,300ms,25,64,0,0,0,0,0,1,0,0,0,0,2
2026-09-14T20:22:49.560487+00:00,1176,843436,128x,300ms,25,64,1,0,0,0,0,1,0,0,0,0,2
2026-09-14T20:22:50.279264+00:00,1177,844153,128x,300ms,25,64,1,0,0,0,0,1,0,0,0,0,2
2026-09-14T20:22:50.992949+00:00,1178,844871,128x,300ms,25,64,1,0,0,0,0,1,0,0,0,0,2
2026-09-14T20:22:51.711491+00:00,1179,845588,128x,300ms,25,64,1,0,0,0,0,1,0,0,0,0,2
2026-09-14T20:22:52.432064+00:00,1180,846306,128x,300ms,25,64,1,0,0,0,0,1,0,0,0,0,2
2026-09-14T20:22:53.144067+00:00,1181,847024,128x,300ms,25,64,0,0,0,0,0,1,0,0,0,0,3
2026-09-14T20:22:53.864296+00:00,1182,847740,128x,300ms,25,64,0,0,0,0,0,1,0,0,0,0,2
2026-09-14T20:22:54.576535+00:00,1183,848457,128x,300ms,25,64,0,0,0,0,0,1,0,0,0,0,2
2026-09-14T20:22:55.296083+00:00,1184,849175,128x,300ms,25,64,0,0,0,0,0,1,0,0,0,0,2
2026-09-14T20:22:56.016242+00:00,1185,849892,128x,300ms,25,64,0,0,0,0,0,1,0,0,0,0,3
2026-09-14T20:22:56.728275+00:00,1186,850609,128x,300ms,25,64,1,0,0,0,0,1,0,0,0,0,2
2026-09-14T20:22:57.448067+00:00,1187,851326,128x,300ms,25,64,1,0,0,0,0,1,0,0,0,0,2
2026-09-14T20:22:58.160616+00:00,1188,852044,128x,300ms,25,64,1,0,0,0,0,1,0,0,0,0,2
2026-09-14T20:22:58.879150+00:00,1189,852761,128x,300ms,25,64,1,0,0,0,0,1,0,0,0,0,3
2026-09-14T20:22:59.600239+00:00,1190,853479,128x,300ms,25,64,1,0,0,0,0,1,0,0,0,0,2
2026-09-14T20:23:00.312485+00:00,1191,854197,128x,300ms,25,64,0,0,0,0,0,1,0,0,0,0,2
2026-09-14T20:23:01.032125+00:00,1192,854914,128x,300ms,25,64,0,0,0,0,0,1,0,0,0,0,2
2026-09-14T20:23:01.752402+00:00,1193,855630,128x,300ms,25,64,0,0,0,0,0,1,0,0,0,0,2
2026-09-14T20:23:02.465169+00:00,1194,856348,128x,300ms,25,64,0,0,0,0,0,1,0,0,0,0,2
2026-09-14T20:23:03.185059+00:00,1195,857065,128x,300ms,25,64,0,0,0,0,0,1,0,0,0,0,2
2026-09-14T20:23:03.904250+00:00,1196,857782,128x,300ms,25,64,1,0,0,0,0,1,0,0,0,0,2
2026-09-14T20:23:04.625193+00:00,1197,858500,128x,300ms,25,64,1,0,0,0,0,1,0,0,0,0,3
2026-09-14T20:23:05.336184+00:00,1198,859217,128x,300ms,25,64,1,0,0,0,0,1,0,0,0,0,3
2026-09-14T20:23:06.056246+00:00,1199,859934,128x,300ms,25,64,1,0,0,0,0,1,0,0,0,0,2
2026-09-14T20:23:06.768933+00:00,1200,860652,128x,300ms,25,64,1,0,0,0,0,1,0,0,0,0,2
2026-09-14T20:23:07.488176+00:00,1201,861370,128x,300ms,25,64,0,0,0,0,0,1,0,0,0,0,2
2026-09-14T20:23:08.200755+00:00,1202,862087,128x,300ms,25,64,0,0,0,0,0,1,0,0,0,0,2
2026-09-14T20:23:08.920967+00:00,1203,862803,128x,300ms,25,64,0,0,0,0,0,1,0,0,0,0,2
2026-09-14T20:23:09.640312+00:00,1204,863521,128x,300ms,25,64,0,0,0,0,0,1,0,0,0,0,2
2026-09-14T20:23:10.351732+00:00,1205,864238,128x,300ms,25,64,0,0,0,0,0,1,0,0,0,0,2
2026-09-14T20:23:11.072788+00:00,1206,864955,128x,300ms,25,64,1,0,0,0,0,1,0,0,0,0,2
2026-09-14T20:23:11.784692+00:00,1207,865673,128x,300ms,25,64,1,0,0,0,0,1,0,0,0,0,2
2026-09-14T20:23:12.504574+00:00,1208,866391,128x,300ms,25,64,1,0,0,0,0,1,0,0,0,0,2
2026-09-14T20:23:13.225208+00:00,1209,867107,128x,300ms,25,64,1,0,0,0,0,1,0,0,0,0,2
2026-09-14T20:23:13.936490+00:00,1210,867825,128x,300ms,25,64,1,0,0,0,0,1,0,0,0,0,2
2026-09-14T20:23:14.655193+00:00,1211,868543,128x,300ms,25,64,0,0,0,0,0,1,0,0,0,0,2
2026-09-14T20:23:15.376904+00:00,1212,869260,128x,300ms,25,64,0,0,0,0,0,1,0,0,0,0,3
2026-09-14T20:23:16.089045+00:00,1213,869977,128x,300ms,25,64,0,0,0,0,0,1,0,0,0,0,2
2026-09-14T20:23:16.809088+00:00,1214,870694,128x,300ms,25,64,0,0,0,0,0,1,0,0,0,0,3
2026-09-14T20:23:17.520788+00:00,1215,871411,128x,300ms,25,64,0,0,0,0,0,1,0,0,0,0,2
2026-09-14T20:23:18.240193+00:00,1216,872128,128x,300ms,25,64,1,0,0,0,0,1,0,0,0,0,2
2026-09-14T20:23:18.959733+00:00,1217,872846,128x,300ms,25,64,1,0,0,0,0,1,0,0,0,0,2
2026-09-14T20:23:19.680619+00:00,1218,873564,128x,300ms,25,64,1,0,0,0,0,1,0,0,0,0,2
2026-09-14T20:23:20.393029+00:00,1219,874280,128x,300ms,25,64,1,0,0,0,0,1,0,0,0,0,2
2026-09-14T20:23:21.112888+00:00,1220,874998,128x,300ms,25,64,1,0,0,0,0,1,0,0,0,0,2
2026-09-14T20:23:21.824319+00:00,1221,875716,128x,300ms,25,64,0,0,0,0,0,1,0,0,0,0,2
2026-09-14T20:23:22.545201+00:00,1222,876434,128x,300ms,25,64,0,0,0,0,0,1,0,0,0,0,2
2026-09-14T20:23:23.264795+00:00,1223,877151,128x,300ms,25,64,0,0,0,0,0,1,0,0,0,0,2
2026-09-14T20:23:23.976918+00:00,1224,877868,128x,300ms,25,64,0,0,0,0,0,1,0,0,0,0,2
2026-09-14T20:23:24.696283+00:00,1225,878584,128x,300ms,25,64,0,0,0,0,0,1,0,0,0,0,2
2026-09-14T20:23:25.408550+00:00,1226,879301,128x,300ms,25,64,1,0,0,0,0,1,0,0,0,0,2
2026-09-14T20:23:26.128652+00:00,1227,880019,128x,300ms,25,64,1,0,0,0,0,1,0,0,0,0,2
2026-09-14T20:23:26.848098+00:00,1228,880737,128x,300ms,25,64,1,0,0,0,0,1,0,0,0,0,2
2026-09-14T20:23:27.560266+00:00,1229,881455,128x,300ms,25,64,1,0,0,0,0,1,0,0,0,0,2
2026-09-14T20:23:28.280690+00:00,1230,882172,128x,300ms,25,64,1,0,0,0,0,1,0,0,0,0,2
2026-09-14T20:23:28.992427+00:00,1231,882889,128x,300ms,25,64,0,0,0,0,0,1,0,0,0,0,2
2026-09-14T20:23:29.712026+00:00,1232,883607,128x,300ms,25,64,0,0,0,0,0,1,0,0,0,0,2
2026-09-14T20:23:30.432067+00:00,1233,884324,128x,300ms,25,64,0,0,0,0,0,1,0,0,0,0,2
2026-09-14T20:23:31.144320+00:00,1234,885041,128x,300ms,25,64,0,0,0,0,0,1,0,0,0,0,2
2026-09-14T20:23:31.862915+00:00,1235,885757,128x,300ms,25,64,0,0,0,0,0,1,0,0,0,0,2
2026-09-14T20:23:32.577094+00:00,1236,886475,128x,300ms,25,64,1,0,0,0,0,1,0,0,0,0,2
2026-09-14T20:23:33.305241+00:00,1237,887192,128x,300ms,25,64,1,0,0,0,0,1,0,0,0,0,2
2026-09-14T20:23:34.016583+00:00,1238,887910,128x,300ms,25,64,1,0,0,0,0,1,0,0,0,0,3
2026-09-14T20:23:34.731932+00:00,1239,888628,128x,300ms,25,64,1,0,0,0,0,1,0,0,0,0,2
2026-09-14T20:23:35.453558+00:00,1240,889346,128x,300ms,25,64,1,0,0,0,0,1,0,0,0,0,2
2026-09-14T20:23:36.165956+00:00,1241,890062,128x,300ms,25,64,0,0,0,0,0,1,0,0,0,0,2
2026-09-14T20:23:36.885280+00:00,1242,890780,128x,300ms,25,64,0,0,0,0,0,1,0,0,0,0,2
2026-09-14T20:23:37.605330+00:00,1243,891497,128x,300ms,25,64,0,0,0,0,0,1,0,0,0,0,3
2026-09-14T20:23:38.317752+00:00,1244,892214,128x,300ms,25,64,0,0,0,0,0,1,0,0,0,0,2
2026-09-14T20:23:39.037115+00:00,1245,892931,128x,300ms,25,64,0,0,0,0,0,1,0,0,0,0,2
2026-09-14T20:23:39.757723+00:00,1246,893648,128x,300ms,25,64,1,0,0,0,0,1,0,0,0,0,2
2026-09-14T20:23:40.469490+00:00,1247,894365,128x,300ms,25,64,1,0,0,0,0,1,0,0,0,0,2
2026-09-14T20:23:41.189968+00:00,1248,895083,128x,300ms,25,64,1,0,0,0,0,1,0,0,0,0,3
2026-09-14T20:23:41.901305+00:00,1249,895801,128x,300ms,25,64,1,0,0,0,0,1,0,0,0,0,2
2026-09-14T20:23:42.621895+00:00,1250,896519,128x,300ms,25,64,1,0,0,0,0,1,0,0,0,0,2
2026-09-14T20:23:43.334213+00:00,1251,897235,128x,300ms,25,64,0,0,0,0,0,1,0,0,0,0,2
2026-09-14T20:23:44.053755+00:00,1252,897953,128x,300ms,25,64,0,0,0,0,0,1,0,0,0,0,2
2026-09-14T20:23:44.773483+00:00,1253,898670,128x,300ms,25,64,0,0,0,0,0,1,0,0,0,0,2
2026-09-14T20:23:45.485100+00:00,1254,899387,128x,300ms,25,64,0,0,0,0,0,1,0,0,0,0,3
2026-09-14T20:23:46.205932+00:00,1255,900104,128x,300ms,25,64,0,0,0,0,0,1,0,0,0,0,2
2026-09-14T20:23:46.918159+00:00,1256,900820,128x,300ms,25,64,1,0,0,0,0,1,0,0,0,0,2
2026-09-14T20:23:47.637165+00:00,1257,901538,128x,300ms,25,64,1,0,0,0,0,1,0,0,0,0,2
2026-09-14T20:23:48.357381+00:00,1258,902256,128x,300ms,25,64,1,0,0,0,0,1,0,0,0,0,2
2026-09-14T20:23:49.076559+00:00,1259,902974,128x,300ms,25,64,1,0,0,0,0,1,0,0,0,0,2
2026-09-14T20:23:49.790079+00:00,1260,903692,128x,300ms,25,64,1,0,0,0,0,1,0,0,0,0,2
2026-09-14T20:23:50.510181+00:00,1261,904409,128x,300ms,25,64,0,0,0,0,0,1,0,0,0,0,2
2026-09-14T20:23:51.221993+00:00,1262,905126,128x,300ms,25,64,0,0,0,0,0,1,0,0,0,0,2
2026-09-14T20:23:51.941661+00:00,1263,905843,128x,300ms,25,64,0,0,0,0,0,1,0,0,0,0,2
2026-09-14T20:23:52.661658+00:00,1264,906560,128x,300ms,25,64,0,0,0,0,0,1,0,0,0,0,2
2026-09-14T20:23:53.373666+00:00,1265,907277,128x,300ms,25,64,0,0,0,0,0,1,0,0,0,0,2
2026-09-14T20:23:54.092527+00:00,1266,907995,128x,300ms,25,64,1,0,0,0,0,1,0,0,0,0,2
2026-09-14T20:23:54.813601+00:00,1267,908711,128x,300ms,25,64,1,0,0,0,0,1,0,0,0,0,2
2026-09-14T20:23:55.525340+00:00,1268,909429,128x,300ms,25,64,1,0,0,0,0,1,0,0,0,0,3
2026-09-14T20:23:56.244616+00:00,1269,910147,128x,300ms,25,64,1,0,0,0,0,1,0,0,0,0,2
2026-09-14T20:23:56.965070+00:00,1270,910865,128x,300ms,25,64,1,0,0,0,0,1,0,0,0,0,2
2026-09-14T20:23:57.677210+00:00,1271,911582,128x,300ms,25,64,0,0,0,0,0,1,0,0,0,0,2
2026-09-14T20:23:58.397336+00:00,1272,912300,128x,300ms,25,64,0,0,0,0,0,1,0,0,0,0,2
2026-09-14T20:23:59.109968+00:00,1273,913016,128x,300ms,25,64,0,0,0,0,0,1,0,0,0,0,3
2026-09-14T20:23:59.829132+00:00,1274,913733,128x,300ms,25,64,0,0,0,0,0,1,0,0,0,0,2
2026-09-14T20:24:00.549181+00:00,1275,914450,128x,300ms,25,64,0,0,0,0,0,1,0,0,0,0,2
2026-09-14T20:24:01.261262+00:00,1276,915168,128x,300ms,25,64,1,0,0,0,0,1,0,0,0,0,2
2026-09-14T20:24:01.980980+00:00,1277,915885,128x,300ms,25,64,1,0,0,0,0,1,0,0,0,0,2
2026-09-14T20:24:02.693175+00:00,1278,916602,128x,300ms,25,64,1,0,0,0,0,1,0,0,0,0,2
2026-09-14T20:24:03.412769+00:00,1279,917320,128x,300ms,25,64,1,0,0,0,0,1,0,0,0,0,2
2026-09-14T20:24:04.134029+00:00,1280,918038,128x,300ms,25,64,1,0,0,0,0,1,0,0,0,0,2
2026-09-14T20:24:04.844853+00:00,1281,918755,128x,300ms,25,64,0,0,0,0,0,1,0,0,0,0,2
2026-09-14T20:24:05.565104+00:00,1282,919473,128x,300ms,25,64,0,0,0,0,0,1,0,0,0,0,2
2026-09-14T20:24:06.284177+00:00,1283,920189,128x,300ms,25,64,0,0,0,0,0,1,0,0,0,0,2
2026-09-14T20:24:06.997083+00:00,1284,920906,128x,300ms,25,64,0,0,0,0,0,1,0,0,0,0,2
2026-09-14T20:24:07.717509+00:00,1285,921623,128x,300ms,25,64,0,0,0,0,0,1,0,0,0,0,2
2026-09-14T20:24:08.437117+00:00,1286,922340,128x,300ms,25,64,1,0,0,0,0,1,0,0,0,0,2
2026-09-14T20:24:09.148650+00:00,1287,923058,128x,300ms,25,64,1,0,0,0,0,1,0,0,0,0,2
2026-09-14T20:24:09.869171+00:00,1288,923776,128x,300ms,25,64,1,0,0,0,0,1,0,0,0,0,2
2026-09-14T20:24:10.590086+00:00,1289,924493,128x,300ms,25,64,1,0,0,0,0,1,0,0,0,0,2
2026-09-14T20:24:11.301061+00:00,1290,925210,128x,300ms,25,64,1,0,0,0,0,1,0,0,0,0,2
2026-09-14T20:24:12.019877+00:00,1291,925928,128x,300ms,25,64,0,0,0,0,0,1,0,0,0,0,2
2026-09-14T20:24:12.734743+00:00,1292,926646,128x,300ms,25,64,0,0,0,0,0,1,0,0,0,0,2
2026-09-14T20:24:13.454994+00:00,1293,927363,128x,300ms,25,64,0,0,0,0,0,1,0,0,0,0,2
2026-09-14T20:24:14.174997+00:00,1294,928079,128x,300ms,25,64,0,0,0,0,0,1,0,0,0,0,2
2026-09-14T20:24:14.886769+00:00,1295,928796,128x,300ms,25,64,0,0,0,0,0,1,0,0,0,0,2
2026-09-14T20:24:15.607526+00:00,1296,929513,128x,300ms,25,64,1,0,0,0,0,1,0,0,0,0,2
2026-09-14T20:24:16.319362+00:00,1297,930231,128x,300ms,25,64,1,0,0,0,0,1,0,0,0,0,2
2026-09-14T20:24:17.038179+00:00,1298,930949,128x,300ms,25,64,1,0,0,0,0,1,0,0,0,0,3
2026-09-14T20:24:17.751592+00:00,1299,931665,128x,300ms,25,64,1,0,0,0,0,1,0,0,0,0,2
2026-09-14T20:24:18.471093+00:00,1300,932383,128x,300ms,25,64,1,0,0,0,0,1,0,0,0,0,2
2026-09-14T20:24:19.191441+00:00,1301,933101,128x,300ms,25,64,0,0,0,0,0,1,0,0,0,0,2
2026-09-14T20:24:19.902244+00:00,1302,933818,128x,300ms,25,64,0,0,0,0,0,1,0,0,0,0,2
2026-09-14T20:24:20.623582+00:00,1303,934536,128x,300ms,25,64,0,0,0,0,0,1,0,0,0,0,2
2026-09-14T20:24:21.343137+00:00,1304,935252,128x,300ms,25,64,0,0,0,0,0,1,0,0,0,0,2
2026-09-14T20:24:22.055873+00:00,1305,935969,128x,300ms,25,64,0,0,0,0,0,1,0,0,0,0,2
2026-09-14T20:24:22.776108+00:00,1306,936686,128x,300ms,25,64,1,0,0,0,0,1,0,0,0,0,2
2026-09-14T20:24:23.495655+00:00,1307,937404,128x,300ms,25,64,1,0,0,0,0,1,0,0,0,0,3
2026-09-14T20:24:24.207767+00:00,1308,938122,128x,300ms,25,64,1,0,0,0,0,1,0,0,0,0,2
2026-09-14T20:24:24.927653+00:00,1309,938839,128x,300ms,25,64,1,0,0,0,0,1,0,0,0,0,2
2026-09-14T20:24:25.648028+00:00,1310,939556,128x,300ms,25,64,1,0,0,0,0,1,0,0,0,0,2
2026-09-14T20:24:26.359508+00:00,1311,940274,128x,300ms,25,64,0,0,0,0,0,1,0,0,0,0,2
2026-09-14T20:24:27.079824+00:00,1312,940991,128x,300ms,25,64,0,0,0,0,0,1,0,0,0,0,2
2026-09-14T20:24:27.799440+00:00,1313,941709,128x,300ms,25,64,0,0,0,0,0,1,0,0,0,0,2
2026-09-14T20:24:28.512346+00:00,1314,942426,128x,300ms,25,64,0,0,0,0,0,1,0,0,0,0,2
2026-09-14T20:24:29.231849+00:00,1315,943142,128x,300ms,25,64,0,0,0,0,0,1,0,0,0,0,2
2026-09-14T20:24:29.944558+00:00,1316,943859,128x,300ms,25,64,1,0,0,0,0,1,0,0,0,0,2
2026-09-14T20:24:30.664731+00:00,1317,944577,128x,300ms,25,64,1,0,0,0,0,1,0,0,0,0,2
2026-09-14T20:24:31.384259+00:00,1318,945295,128x,300ms,25,64,1,0,0,0,0,1,0,0,0,0,2
2026-09-14T20:24:32.096300+00:00,1319,946013,128x,300ms,25,64,1,0,0,0,0,1,0,0,0,0,2
2026-09-14T20:24:32.815414+00:00,1320,946729,128x,300ms,25,64,1,0,0,0,0,1,0,0,0,0,2
2026-09-14T20:24:33.528439+00:00,1321,947447,128x,300ms,25,64,0,0,0,0,0,1,0,0,0,0,2
2026-09-14T20:24:34.248537+00:00,1322,948165,128x,300ms,25,64,0,0,0,0,0,1,0,0,0,0,3
2026-09-14T20:24:34.967278+00:00,1323,948882,128x,300ms,25,64,0,0,0,0,0,1,0,0,0,0,2
2026-09-14T20:24:35.680365+00:00,1324,949599,128x,300ms,25,64,0,0,0,0,0,1,0,0,0,0,3
2026-09-14T20:24:36.400247+00:00,1325,950316,128x,300ms,25,64,0,0,0,0,0,1,0,0,0,0,2
2026-09-14T20:24:37.113286+00:00,1326,951032,128x,300ms,25,64,1,0,0,0,0,1,0,0,0,0,3
2026-09-14T20:24:37.833269+00:00,1327,951750,128x,300ms,25,64,1,0,0,0,0,1,0,0,0,0,2
2026-09-14T20:24:38.552885+00:00,1328,952468,128x,300ms,25,64,1,0,0,0,0,1,0,0,0,0,2
2026-09-14T20:24:39.272458+00:00,1329,953185,128x,300ms,25,64,1,0,0,0,0,1,0,0,0,0,2
2026-09-14T20:24:39.984847+00:00,1330,953903,128x,300ms,25,64,1,0,0,0,0,1,0,0,0,0,2
2026-09-14T20:24:40.704094+00:00,1331,954620,128x,300ms,25,64,0,0,0,0,0,1,0,0,0,0,2
2026-09-14T20:24:41.417009+00:00,1332,955337,128x,300ms,25,64,0,0,0,0,0,1,0,0,0,0,3
2026-09-14T20:24:42.136572+00:00,1333,956055,128x,300ms,25,64,0,0,0,0,0,1,0,0,0,0,2
2026-09-14T20:24:42.856444+00:00,1334,956772,128x,300ms,25,64,0,0,0,0,0,0,0,0,0,0,2
2026-09-14T20:24:43.569430+00:00,1335,957489,128x,300ms,25,64,0,0,0,0,0,1,0,0,0,0,2
2026-09-14T20:24:44.288064+00:00,1336,958206,128x,300ms,25,64,1,0,0,0,0,1,0,0,0,0,2
2026-09-14T20:24:45.008875+00:00,1337,958923,128x,300ms,25,64,1,0,0,0,0,1,0,0,0,0,2
2026-09-14T20:24:45.720575+00:00,1338,959641,128x,300ms,25,64,1,0,0,0,0,1,0,0,0,0,2
2026-09-14T20:24:46.440185+00:00,1339,960359,128x,300ms,25,64,1,0,0,0,0,1,0,0,0,0,2
2026-09-14T20:24:47.153015+00:00,1340,961077,128x,300ms,25,64,1,0,0,0,0,1,0,0,0,0,2
2026-09-14T20:24:47.872448+00:00,1341,961794,128x,300ms,25,64,0,0,0,0,0,1,0,0,0,0,2
2026-09-14T20:24:48.585493+00:00,1342,962511,128x,300ms,25,64,0,0,0,0,0,1,0,0,0,0,2
2026-09-14T20:24:49.304448+00:00,1343,963228,128x,300ms,25,64,0,0,0,0,0,1,0,0,0,0,2
2026-09-14T20:24:50.024580+00:00,1344,963945,128x,300ms,25,64,0,0,0,0,0,1,0,0,0,0,2
2026-09-14T20:24:50.737298+00:00,1345,964662,128x,300ms,25,64,0,0,0,0,0,1,0,0,0,0,2
2026-09-14T20:24:51.457223+00:00,1346,965379,128x,300ms,25,64,1,0,0,0,0,1,0,0,0,0,2
2026-09-14T20:24:52.176660+00:00,1347,966096,128x,300ms,25,64,1,0,0,0,0,1,0,0,0,0,2
2026-09-14T20:24:52.889055+00:00,1348,966814,128x,300ms,25,64,1,0,0,0,0,1,0,0,0,0,2
2026-09-14T20:24:53.609720+00:00,1349,967532,128x,300ms,25,64,1,0,0,0,0,1,0,0,0,0,2
2026-09-14T20:24:54.320915+00:00,1350,968250,128x,300ms,25,64,1,0,0,0,0,1,0,0,0,0,2
2026-09-14T20:24:55.040331+00:00,1351,968967,128x,300ms,25,64,0,0,0,0,0,1,0,0,0,0,3
2026-09-14T20:24:55.761058+00:00,1352,969684,128x,300ms,25,64,0,0,0,0,0,1,0,0,0,0,2
2026-09-14T20:24:56.473636+00:00,1353,970401,128x,300ms,25,64,0,0,0,0,0,1,0,0,0,0,2
2026-09-14T20:24:57.193341+00:00,1354,971118,128x,300ms,25,64,0,0,0,0,0,1,0,0,0,0,2
2026-09-14T20:24:57.912546+00:00,1355,971835,128x,300ms,25,64,0,0,0,0,0,1,0,0,0,0,2
2026-09-14T20:24:58.633521+00:00,1356,972552,128x,300ms,25,64,1,0,0,0,0,1,0,0,0,0,3
2026-09-14T20:24:59.344812+00:00,1357,973270,128x,300ms,25,64,1,0,0,0,0,1,0,0,0,0,3
2026-09-14T20:25:00.065346+00:00,1358,973987,128x,300ms,25,64,1,0,0,0,0,1,0,0,0,0,2
2026-09-14T20:25:00.776659+00:00,1359,974705,128x,300ms,25,64,1,0,0,0,0,1,0,0,0,0,2
2026-09-14T20:25:01.496620+00:00,1360,975422,128x,300ms,25,64,1,0,0,0,0,1,0,0,0,0,2
2026-09-14T20:25:02.216438+00:00,1361,976140,128x,300ms,25,64,0,0,0,0,0,1,0,0,0,0,3
2026-09-14T20:25:02.929150+00:00,1362,976857,128x,300ms,25,64,0,0,0,0,0,1,0,0,0,0,3
2026-09-14T20:25:03.648147+00:00,1363,977574,128x,300ms,25,64,0,0,0,0,0,1,0,0,0,0,2
2026-09-14T20:25:04.360736+00:00,1364,978291,128x,300ms,25,64,0,0,0,0,0,1,0,0,0,0,2
2026-09-14T20:25:05.079860+00:00,1365,979008,128x,300ms,25,64,0,0,0,0,0,1,0,0,0,0,3
2026-09-14T20:25:05.800813+00:00,1366,979725,128x,300ms,25,64,1,0,0,0,0,1,0,0,0,0,2
2026-09-14T20:25:06.512637+00:00,1367,980443,128x,300ms,25,64,1,0,0,0,0,1,0,0,0,0,2
2026-09-14T20:25:07.232905+00:00,1368,981160,128x,300ms,25,64,1,0,0,0,0,1,0,0,0,0,2
2026-09-14T20:25:07.950556+00:00,1369,981878,128x,300ms,25,64,1,0,0,0,0,1,0,0,0,0,3
2026-09-14T20:25:08.662294+00:00,1370,982596,128x,300ms,25,64,1,0,0,0,0,1,0,0,0,0,2
2026-09-14T20:25:09.381595+00:00,1371,983313,128x,300ms,25,64,0,0,0,0,0,1,0,0,0,0,3
2026-09-14T20:25:10.102316+00:00,1372,984031,128x,300ms,25,64,0,0,0,0,0,1,0,0,0,0,2
2026-09-14T20:25:10.813330+00:00,1373,984748,128x,300ms,25,64,0,0,0,0,0,1,0,0,0,0,2
2026-09-14T20:25:11.533816+00:00,1374,985464,128x,300ms,25,64,0,0,0,0,0,1,0,0,0,0,2
2026-09-14T20:25:12.245963+00:00,1375,986181,128x,300ms,25,64,0,0,0,0,0,1,0,0,0,0,2
2026-09-14T20:25:12.973308+00:00,1376,986898,128x,300ms,25,64,1,0,0,0,0,1,0,0,0,0,2
2026-09-14T20:25:13.686019+00:00,1377,987616,128x,300ms,25,64,1,0,0,0,0,1,0,0,0,0,3
2026-09-14T20:25:14.406513+00:00,1378,988334,128x,300ms,25,64,1,0,0,0,0,1,0,0,0,0,2
2026-09-14T20:25:15.117385+00:00,1379,989051,128x,300ms,25,64,1,0,0,0,0,1,0,0,0,0,2
2026-09-14T20:25:15.837324+00:00,1380,989769,128x,300ms,25,64,1,0,0,0,0,1,0,0,0,0,2
2026-09-14T20:25:16.557530+00:00,1381,990486,128x,300ms,25,64,0,0,0,0,0,1,0,0,0,0,2
2026-09-14T20:25:17.270529+00:00,1382,991204,128x,300ms,25,64,0,0,0,0,0,1,0,0,0,0,2
2026-09-14T20:25:17.989695+00:00,1383,991921,128x,300ms,25,64,0,0,0,0,0,1,0,0,0,0,2
2026-09-14T20:25:18.710818+00:00,1384,992637,128x,300ms,25,64,0,0,0,0,0,1,0,0,0,0,2
2026-09-14T20:25:19.422457+00:00,1385,993354,128x,300ms,25,64,0,0,0,0,0,1,0,0,0,0,2
2026-09-14T20:25:20.140552+00:00,1386,994072,128x,300ms,25,64,1,0,0,0,0,1,0,0,0,0,2
2026-09-14T20:25:20.853936+00:00,1387,994789,128x,300ms,25,64,1,0,0,0,0,1,0,0,0,0,2
2026-09-14T20:25:21.573914+00:00,1388,995507,128x,300ms,25,64,1,0,0,0,0,1,0,0,0,0,3
2026-09-14T20:25:22.285877+00:00,1389,996225,128x,300ms,25,64,1,0,0,0,0,0,0,0,0,0,2
2026-09-14T20:25:23.006535+00:00,1390,996942,128x,300ms,25,64,1,0,0,0,0,1,0,0,0,0,2
2026-09-14T20:25:23.725765+00:00,1391,997659,128x,300ms,25,64,0,0,0,0,0,1,0,0,0,0,3
2026-09-14T20:25:24.437649+00:00,1392,998377,128x,300ms,25,64,0,0,0,0,0,1,0,0,0,0,2
2026-09-14T20:25:25.157541+00:00,1393,999094,128x,300ms,25,64,0,0,0,0,0,1,0,0,0,0,2
2026-09-14T20:25:25.869751+00:00,1394,999811,128x,300ms,25,64,0,0,0,0,0,1,0,0,0,0,2
2026-09-14T20:25:26.589893+00:00,1395,1000527,128x,300ms,25,64,0,0,0,0,0,1,0,0,0,0,2
2026-09-14T20:25:27.310260+00:00,1396,1001245,128x,300ms,25,64,1,0,0,0,0,1,0,0,0,0,2
2026-09-14T20:25:28.030506+00:00,1397,1001962,128x,300ms,25,64,1,0,0,0,0,1,0,0,0,0,2
2026-09-14T20:25:28.750651+00:00,1398,1002681,128x,300ms,25,64,1,0,0,0,0,1,0,0,0,0,2
2026-09-14T20:25:29.461566+00:00,1399,1003398,128x,300ms,25,64,1,0,0,0,0,1,0,0,0,0,2
2026-09-14T20:25:30.181864+00:00,1400,1004115,128x,300ms,25,64,1,0,0,0,0,1,0,0,0,0,2
2026-09-14T20:25:30.893795+00:00,1401,1004833,128x,300ms,25,64,0,0,0,0,0,1,0,0,0,0,2
2026-09-14T20:25:31.613671+00:00,1402,1005550,128x,300ms,25,64,0,0,0,0,0,1,0,0,0,0,2
2026-09-14T20:25:32.326534+00:00,1403,1006268,128x,300ms,25,64,0,0,0,0,0,1,0,0,0,0,2
2026-09-14T20:25:33.045815+00:00,1404,1006985,128x,300ms,25,64,0,0,0,0,0,1,0,0,0,0,2
2026-09-14T20:25:33.765744+00:00,1405,1007702,128x,300ms,25,64,0,0,0,0,0,1,0,0,0,0,2
2026-09-14T20:25:34.478512+00:00,1406,1008419,128x,300ms,25,64,1,0,0,0,0,1,0,0,0,0,3
2026-09-14T20:25:35.197447+00:00,1407,1009136,128x,300ms,25,64,1,0,0,0,0,1,0,0,0,0,2
2026-09-14T20:25:35.917761+00:00,1408,1009854,128x,300ms,25,64,1,0,0,0,0,1,0,0,0,0,2
2026-09-14T20:25:36.637507+00:00,1409,1010572,128x,300ms,25,64,1,0,0,0,0,1,0,0,0,0,2
2026-09-14T20:25:37.349857+00:00,1410,1011290,128x,300ms,25,64,1,0,0,0,0,1,0,0,0,0,2
2026-09-14T20:25:38.070268+00:00,1411,1012007,128x,300ms,25,64,0,0,0,0,0,1,0,0,0,0,2
2026-09-14T20:25:38.782376+00:00,1412,1012724,128x,300ms,25,64,0,0,0,0,0,1,0,0,0,0,2
2026-09-14T20:25:39.502390+00:00,1413,1013441,128x,300ms,25,64,0,0,0,0,0,1,0,0,0,0,2
2026-09-14T20:25:40.221146+00:00,1414,1014159,128x,300ms,25,64,0,0,0,0,0,1,0,0,0,0,2
2026-09-14T20:25:40.932581+00:00,1415,1014876,128x,300ms,25,64,0,0,0,0,0,1,0,0,0,0,2
2026-09-14T20:25:41.654143+00:00,1416,1015593,128x,300ms,25,64,1,0,0,0,0,1,0,0,0,0,3
2026-09-14T20:25:42.374728+00:00,1417,1016310,128x,300ms,25,64,1,0,0,0,0,1,0,0,0,0,3
2026-09-14T20:25:43.086175+00:00,1418,1017028,128x,300ms,25,64,1,0,0,0,0,1,0,0,0,0,3
2026-09-14T20:25:43.806238+00:00,1419,1017746,128x,300ms,25,64,1,0,0,0,0,1,0,0,0,0,2
2026-09-14T20:25:44.518395+00:00,1420,1018464,128x,300ms,25,64,1,0,0,0,0,1,0,0,0,0,2
2026-09-14T20:25:45.237744+00:00,1421,1019182,128x,300ms,25,64,0,0,0,0,0,1,0,0,0,0,2
2026-09-14T20:25:45.950673+00:00,1422,1019898,128x,300ms,25,64,0,0,0,0,0,1,0,0,0,0,3
2026-09-14T20:25:46.668362+00:00,1423,1020615,128x,300ms,25,64,0,0,0,0,0,1,0,0,0,0,2
2026-09-14T20:25:47.389884+00:00,1424,1021333,128x,300ms,25,64,0,0,0,0,0,1,0,0,0,0,2
2026-09-14T20:25:48.101068+00:00,1425,1022050,128x,300ms,25,64,0,0,0,0,0,1,0,0,0,0,2
2026-09-14T20:25:48.822375+00:00,1426,1022767,128x,300ms,25,64,1,0,0,0,0,1,0,0,0,0,2
2026-09-14T20:25:49.542651+00:00,1427,1023484,128x,300ms,25,64,1,0,0,0,0,1,0,0,0,0,2
2026-09-14T20:25:50.261892+00:00,1428,1024202,128x,300ms,25,64,1,0,0,0,0,1,0,0,0,0,3
2026-09-14T20:25:50.973609+00:00,1429,1024920,128x,300ms,25,64,1,0,0,0,0,1,0,0,0,0,2
2026-09-14T20:25:51.694421+00:00,1430,1025638,128x,300ms,25,64,1,0,0,0,0,1,0,0,0,0,2
2026-09-14T20:25:52.406540+00:00,1431,1026356,128x,300ms,25,64,0,0,0,0,0,1,0,0,0,0,2
2026-09-14T20:25:53.125519+00:00,1432,1027073,128x,300ms,25,64,0,0,0,0,0,1,0,0,0,0,2
2026-09-14T20:25:53.845563+00:00,1433,1027789,128x,300ms,25,64,0,0,0,0,0,1,0,0,0,0,2
2026-09-14T20:25:54.558239+00:00,1434,1028507,128x,300ms,25,64,0,0,0,0,0,1,0,0,0,0,2
2026-09-14T20:25:55.278041+00:00,1435,1029224,128x,300ms,25,64,0,0,0,0,0,1,0,0,0,0,2
2026-09-14T20:25:55.989913+00:00,1436,1029941,128x,300ms,25,64,1,0,0,0,0,1,0,0,0,0,2
2026-09-14T20:25:56.710125+00:00,1437,1030659,128x,300ms,25,64,1,0,0,0,0,1,0,0,0,0,3
2026-09-14T20:25:57.430010+00:00,1438,1031376,128x,300ms,25,64,1,0,0,0,0,1,0,0,0,0,2
2026-09-14T20:25:58.142478+00:00,1439,1032094,128x,300ms,25,64,1,0,0,0,0,1,0,0,0,0,2
2026-09-14T20:25:58.861069+00:00,1440,1032812,128x,300ms,25,64,1,0,0,0,0,1,0,0,0,0,2
2026-09-14T20:25:59.574468+00:00,1441,1033529,128x,300ms,25,64,0,0,0,0,0,1,0,0,0,0,3
2026-09-14T20:26:00.293560+00:00,1442,1034247,128x,300ms,25,64,0,0,0,0,0,1,0,0,0,0,2
2026-09-14T20:26:01.014533+00:00,1443,1034963,128x,300ms,25,64,0,0,0,0,0,1,0,0,0,0,2
2026-09-14T20:26:01.733423+00:00,1444,1035680,128x,300ms,25,64,0,0,0,0,0,1,0,0,0,0,2
2026-09-14T20:26:02.446036+00:00,1445,1036398,128x,300ms,25,64,0,0,0,0,0,1,0,0,0,0,2
2026-09-14T20:26:03.166592+00:00,1446,1037115,128x,300ms,25,64,1,0,0,0,0,1,0,0,0,0,3
2026-09-14T20:26:03.886266+00:00,1447,1037833,128x,300ms,25,64,1,0,0,0,0,1,0,0,0,0,2
2026-09-14T20:26:04.597502+00:00,1448,1038551,128x,300ms,25,64,1,0,0,0,0,1,0,0,0,0,2
2026-09-14T20:26:05.318053+00:00,1449,1039267,128x,300ms,25,64,1,0,0,0,0,1,0,0,0,0,3
2026-09-14T20:26:06.030083+00:00,1450,1039985,128x,300ms,25,64,1,0,0,0,0,1,0,0,0,0,2
2026-09-14T20:26:06.750689+00:00,1451,1040703,128x,300ms,25,64,0,0,0,0,0,1,0,0,0,0,2
2026-09-14T20:26:07.469631+00:00,1452,1041421,128x,300ms,25,64,0,0,0,0,0,1,0,0,0,0,2
2026-09-14T20:26:08.181960+00:00,1453,1042138,128x,300ms,25,64,0,0,0,0,0,1,0,0,0,0,2
2026-09-14T20:26:08.902290+00:00,1454,1042854,128x,300ms,25,64,0,0,0,0,0,1,0,0,0,0,2
2026-09-14T20:26:09.613603+00:00,1455,1043571,128x,300ms,25,64,0,0,0,0,0,1,0,0,0,0,2
2026-09-14T20:26:10.342362+00:00,1456,1044289,128x,300ms,25,64,1,0,0,0,0,1,0,0,0,0,2
2026-09-14T20:26:11.052993+00:00,1457,1045007,128x,300ms,25,64,1,0,0,0,0,1,0,0,0,0,2
2026-09-14T20:26:11.774122+00:00,1458,1045725,128x,300ms,25,64,1,0,0,0,0,1,0,0,0,0,2
2026-09-14T20:26:12.486474+00:00,1459,1046441,128x,300ms,25,64,1,0,0,0,0,1,0,0,0,0,2
2026-09-14T20:26:13.206314+00:00,1460,1047159,128x,300ms,25,64,1,0,0,0,0,1,0,0,0,0,2
2026-09-14T20:26:13.925957+00:00,1461,1047877,128x,300ms,25,64,0,0,0,0,0,1,0,0,0,0,2
2026-09-14T20:26:14.637742+00:00,1462,1048594,128x,300ms,25,64,0,0,0,0,0,1,0,0,0,0,2
2026-09-14T20:26:15.358448+00:00,1463,1049312,128x,300ms,25,64,0,0,0,0,0,1,0,0,0,0,2
2026-09-14T20:26:16.069560+00:00,1464,1050029,128x,300ms,25,64,0,0,0,0,0,1,0,0,0,0,2
2026-09-14T20:26:16.789962+00:00,1465,1050745,128x,300ms,25,64,0,0,0,0,0,1,0,0,0,0,2
2026-09-14T20:26:17.509655+00:00,1466,1051463,128x,300ms,25,64,1,0,0,0,0,1,0,0,0,0,2
2026-09-14T20:26:18.221530+00:00,1467,1052180,128x,300ms,25,64,1,0,0,0,0,1,0,0,0,0,2
2026-09-14T20:26:18.942137+00:00,1468,1052898,128x,300ms,25,64,1,0,0,0,0,1,0,0,0,0,3
2026-09-14T20:26:19.654023+00:00,1469,1053616,128x,300ms,25,64,1,0,0,0,0,1,0,0,0,0,2
2026-09-14T20:26:20.374371+00:00,1470,1054333,128x,300ms,25,64,1,0,0,0,0,1,0,0,0,0,2
2026-09-14T20:26:21.093519+00:00,1471,1055051,128x,300ms,25,64,0,0,0,0,0,1,0,0,0,0,3
2026-09-14T20:26:21.806140+00:00,1472,1055768,128x,300ms,25,64,0,0,0,0,0,1,0,0,0,0,2
2026-09-14T20:26:22.526640+00:00,1473,1056485,128x,300ms,25,64,0,0,0,0,0,1,0,0,0,0,2
2026-09-14T20:26:23.246886+00:00,1474,1057203,128x,300ms,25,64,0,0,0,0,0,1,0,0,0,0,2
2026-09-14T20:26:23.964866+00:00,1475,1057920,128x,300ms,25,64,0,0,0,0,0,1,0,0,0,0,2
2026-09-14T20:26:24.677791+00:00,1476,1058637,128x,300ms,25,64,1,0,0,0,0,1,0,0,0,0,3
2026-09-14T20:26:25.398102+00:00,1477,1059354,128x,300ms,25,64,1,0,0,0,0,1,0,0,0,0,2
2026-09-14T20:26:26.110484+00:00,1478,1060072,128x,300ms,25,64,1,0,0,0,0,1,0,0,0,0,2
2026-09-14T20:26:26.829858+00:00,1479,1060790,128x,300ms,25,64,1,0,0,0,0,1,0,0,0,0,2
2026-09-14T20:26:27.549777+00:00,1480,1061508,128x,300ms,25,64,1,0,0,0,0,1,0,0,0,0,2
2026-09-14T20:26:28.261540+00:00,1481,1062225,128x,300ms,25,64,0,0,0,0,0,1,0,0,0,0,2
2026-09-14T20:26:28.982673+00:00,1482,1062942,128x,300ms,25,64,0,0,0,0,0,1,0,0,0,0,2
2026-09-14T20:26:29.694742+00:00,1483,1063659,128x,300ms,25,64,0,0,0,0,0,1,0,0,0,0,2
2026-09-14T20:26:30.413914+00:00,1484,1064377,128x,300ms,25,64,0,0,0,0,0,1,0,0,0,0,2
2026-09-14T20:26:31.134613+00:00,1485,1065094,128x,300ms,25,64,0,0,0,0,0,1,0,0,0,0,2
2026-09-14T20:26:31.846422+00:00,1486,1065811,128x,300ms,25,64,1,0,0,0,0,1,0,0,0,0,2
2026-09-14T20:26:32.565829+00:00,1487,1066528,128x,300ms,25,64,1,0,0,0,0,1,0,0,0,0,2
2026-09-14T20:26:33.283132+00:00,1488,1067246,128x,300ms,25,64,1,0,0,0,0,1,0,0,0,0,2
2026-09-14T20:26:34.002796+00:00,1489,1067964,128x,300ms,25,64,1,0,0,0,0,1,0,0,0,0,2
2026-09-14T20:26:34.723362+00:00,1490,1068682,128x,300ms,25,64,1,0,0,0,0,1,0,0,0,0,2
2026-09-14T20:26:35.435391+00:00,1491,1069400,128x,300ms,25,64,0,0,0,0,0,1,0,0,0,0,3
2026-09-14T20:26:36.155415+00:00,1492,1070116,128x,300ms,25,64,0,0,0,0,0,1,0,0,0,0,2
2026-09-14T20:26:36.867565+00:00,1493,1070833,128x,300ms,25,64,0,0,0,0,0,1,0,0,0,0,2
2026-09-14T20:26:37.585927+00:00,1494,1071551,128x,300ms,25,64,0,0,0,0,0,1,0,0,0,0,2
2026-09-14T20:26:38.307606+00:00,1495,1072268,128x,300ms,25,64,0,0,0,0,0,1,0,0,0,0,3
2026-09-14T20:26:39.018805+00:00,1496,1072985,128x,300ms,25,64,1,0,0,0,0,1,0,0,0,0,2
2026-09-14T20:26:39.739356+00:00,1497,1073702,128x,300ms,25,64,1,0,0,0,0,1,0,0,0,0,2
2026-09-14T20:26:40.459229+00:00,1498,1074420,128x,300ms,25,64,1,0,0,0,0,1,0,0,0,0,3
2026-09-14T20:26:41.170348+00:00,1499,1075138,128x,300ms,25,64,1,0,0,0,0,1,0,0,0,0,2
2026-09-14T20:26:41.889982+00:00,1500,1075856,128x,300ms,25,64,1,0,0,0,0,1,0,0,0,0,2
2026-09-14T20:26:42.603384+00:00,1501,1076574,128x,300ms,25,64,0,0,0,0,0,1,0,0,0,0,2
2026-09-14T20:26:43.323357+00:00,1502,1077291,128x,300ms,25,64,0,0,0,0,0,1,0,0,0,0,2
2026-09-14T20:26:44.035256+00:00,1503,1078007,128x,300ms,25,64,0,0,0,0,0,1,0,0,0,0,2
2026-09-14T20:26:44.763798+00:00,1504,1078725,128x,300ms,25,64,0,0,0,0,0,1,0,0,0,0,2
2026-09-14T20:26:45.475001+00:00,1505,1079442,128x,300ms,25,64,0,0,0,0,0,1,0,0,0,0,2
2026-09-14T20:26:46.195802+00:00,1506,1080159,128x,300ms,25,64,1,0,0,0,0,1,0,0,0,0,2
2026-09-14T20:26:46.907624+00:00,1507,1080877,128x,300ms,25,64,1,0,0,0,0,1,0,0,0,0,2
2026-09-14T20:26:47.627276+00:00,1508,1081594,128x,300ms,25,64,1,0,0,0,0,1,0,0,0,0,2
2026-09-14T20:26:48.346923+00:00,1509,1082312,128x,300ms,25,64,1,0,0,0,0,1,0,0,0,0,2
2026-09-14T20:26:49.058605+00:00,1510,1083030,128x,300ms,25,64,1,0,0,0,0,1,0,0,0,0,2
2026-09-14T20:26:49.778028+00:00,1511,1083747,128x,300ms,25,64,0,0,0,0,0,1,0,0,0,0,2
2026-09-14T20:26:50.500088+00:00,1512,1084465,128x,300ms,25,64,0,0,0,0,0,1,0,0,0,0,2
2026-09-14T20:26:51.212193+00:00,1513,1085181,128x,300ms,25,64,0,0,0,0,0,1,0,0,0,0,2
2026-09-14T20:26:51.932041+00:00,1514,1085898,128x,300ms,25,64,0,0,0,0,0,1,0,0,0,0,2
2026-09-14T20:26:52.643892+00:00,1515,1086616,128x,300ms,25,64,0,0,0,0,0,1,0,0,0,0,2
2026-09-14T20:26:53.362954+00:00,1516,1087333,128x,300ms,25,64,1,0,0,0,0,1,0,0,0,0,3
2026-09-14T20:26:54.083495+00:00,1517,1088051,128x,300ms,25,64,1,0,0,0,0,1,0,0,0,0,2
2026-09-14T20:26:54.803129+00:00,1518,1088769,128x,300ms,25,64,1,0,0,0,0,1,0,0,0,0,2
2026-09-14T20:26:55.515676+00:00,1519,1089485,128x,300ms,25,64,1,0,0,0,0,1,0,0,0,0,3
2026-09-14T20:26:56.235001+00:00,1520,1090203,128x,300ms,25,64,1,0,0,0,0,1,0,0,0,0,3
2026-09-14T20:26:56.947946+00:00,1521,1090921,128x,300ms,25,64,0,0,0,0,0,1,0,0,0,0,2
2026-09-14T20:26:57.667829+00:00,1522,1091639,128x,300ms,25,64,0,0,0,0,0,1,0,0,0,0,2
2026-09-14T20:26:58.386388+00:00,1523,1092356,128x,300ms,25,64,0,0,0,0,0,1,0,0,0,0,2
2026-09-14T20:26:59.099378+00:00,1524,1093072,128x,300ms,25,64,0,0,0,0,0,1,0,0,0,0,3
2026-09-14T20:26:59.819025+00:00,1525,1093789,128x,300ms,25,64,0,0,0,0,0,1,0,0,0,0,3
2026-09-14T20:27:00.531496+00:00,1526,1094507,128x,300ms,25,64,1,0,0,0,0,1,0,0,0,0,2
2026-09-14T20:27:01.249998+00:00,1527,1095225,128x,300ms,25,64,1,0,0,0,0,1,0,0,0,0,2
2026-09-14T20:27:01.971806+00:00,1528,1095943,128x,300ms,25,64,1,0,0,0,0,1,0,0,0,0,2
2026-09-14T20:27:02.683640+00:00,1529,1096659,128x,300ms,25,64,1,0,0,0,0,1,0,0,0,0,2
2026-09-14T20:27:03.402978+00:00,1530,1097377,128x,300ms,25,64,1,0,0,0,0,1,0,0,0,0,2
2026-09-14T20:27:04.115148+00:00,1531,1098095,128x,300ms,25,64,0,0,0,0,0,1,0,0,0,0,2
2026-09-14T20:27:04.835326+00:00,1532,1098812,128x,300ms,25,64,0,0,0,0,0,1,0,0,0,0,2
2026-09-14T20:27:05.554706+00:00,1533,1099530,128x,300ms,25,64,0,0,0,0,0,1,0,0,0,0,2
2026-09-14T20:27:06.274985+00:00,1534,1100247,128x,300ms,25,64,0,0,0,0,0,0,0,0,0,0,2
2026-09-14T20:27:06.985813+00:00,1535,1100963,128x,300ms,25,64,0,0,0,0,0,1,0,0,0,0,2
2026-09-14T20:27:07.704287+00:00,1536,1101681,128x,300ms,25,64,1,0,0,0,0,1,0,0,0,0,2
2026-09-14T20:27:08.424973+00:00,1537,1102399,128x,300ms,25,64,1,0,0,0,0,1,0,0,0,0,2
2026-09-14T20:27:09.136578+00:00,1538,1103117,128x,300ms,25,64,1,0,0,0,0,1,0,0,0,0,2
2026-09-14T20:27:09.857963+00:00,1539,1103834,128x,300ms,25,64,1,0,0,0,0,1,0,0,0,0,2
2026-09-14T20:27:10.577227+00:00,1540,1104551,128x,300ms,25,64,1,0,0,0,0,1,0,0,0,0,3
2026-09-14T20:27:11.289801+00:00,1541,1105269,128x,300ms,25,64,0,0,0,0,0,1,0,0,0,0,2
2026-09-14T20:27:12.009563+00:00,1542,1105987,128x,300ms,25,64,0,0,0,0,0,1,0,0,0,0,2
2026-09-14T20:27:12.720798+00:00,1543,1106704,128x,300ms,25,64,0,0,0,0,0,1,0,0,0,0,2
2026-09-14T20:27:13.440724+00:00,1544,1107421,128x,300ms,25,64,0,0,0,0,0,1,0,0,0,0,2
2026-09-14T20:27:14.161533+00:00,1545,1108137,128x,300ms,25,64,0,0,0,0,0,1,0,0,0,0,2
2026-09-14T20:27:14.873292+00:00,1546,1108855,128x,300ms,25,64,1,0,0,0,0,1,0,0,0,0,2
2026-09-14T20:27:15.593124+00:00,1547,1109572,128x,300ms,25,64,1,0,0,0,0,1,0,0,0,0,3
2026-09-14T20:27:16.313931+00:00,1548,1110290,128x,300ms,25,64,1,0,0,0,0,1,0,0,0,0,2
2026-09-14T20:27:17.034120+00:00,1549,1111008,128x,300ms,25,64,1,0,0,0,0,1,0,0,0,0,2
2026-09-14T20:27:17.749514+00:00,1550,1111726,128x,300ms,25,64,1,0,0,0,0,1,0,0,0,0,2
2026-09-14T20:27:18.461279+00:00,1551,1112443,128x,300ms,25,64,0,0,0,0,0,1,0,0,0,0,2
2026-09-14T20:27:19.181136+00:00,1552,1113160,128x,300ms,25,64,0,0,0,0,0,1,0,0,0,0,2
2026-09-14T20:27:19.893240+00:00,1553,1113878,128x,300ms,25,64,0,0,0,0,0,1,0,0,0,0,2
2026-09-14T20:27:20.611170+00:00,1554,1114595,128x,300ms,25,64,0,0,0,0,0,1,0,0,0,0,2
2026-09-14T20:27:21.333287+00:00,1555,1115312,128x,300ms,25,64,0,0,0,0,0,1,0,0,0,0,2
2026-09-14T20:27:22.044039+00:00,1556,1116029,128x,300ms,25,64,1,0,0,0,0,1,0,0,0,0,2
2026-09-14T20:27:22.764634+00:00,1557,1116747,128x,300ms,25,64,1,0,0,0,0,1,0,0,0,0,2
2026-09-14T20:27:23.477181+00:00,1558,1117464,128x,300ms,25,64,1,0,0,0,0,1,0,0,0,0,3
2026-09-14T20:27:24.197396+00:00,1559,1118182,128x,300ms,25,64,1,0,0,0,0,1,0,0,0,0,2
2026-09-14T20:27:24.917531+00:00,1560,1118900,128x,300ms,25,64,1,0,0,0,0,1,0,0,0,0,3
2026-09-14T20:27:25.629542+00:00,1561,1119618,128x,300ms,25,64,0,0,0,0,0,1,0,0,0,0,2
2026-09-14T20:27:26.349724+00:00,1562,1120334,128x,300ms,25,64,0,0,0,0,0,1,0,0,0,0,2
2026-09-14T20:27:27.068414+00:00,1563,1121052,128x,300ms,25,64,0,0,0,0,0,1,0,0,0,0,2
2026-09-14T20:27:27.780996+00:00,1564,1121769,128x,300ms,25,64,0,0,0,0,0,1,0,0,0,0,2
2026-09-14T20:27:28.500685+00:00,1565,1122486,128x,300ms,25,64,0,0,0,0,0,1,0,0,0,0,2
2026-09-14T20:27:29.221124+00:00,1566,1123203,128x,300ms,25,64,1,0,0,0,0,1,0,0,0,0,2
2026-09-14T20:27:29.933052+00:00,1567,1123920,128x,300ms,25,64,1,0,0,0,0,1,0,0,0,0,2
2026-09-14T20:27:30.652686+00:00,1568,1124638,128x,300ms,25,64,1,0,0,0,0,1,0,0,0,0,3
2026-09-14T20:27:31.373594+00:00,1569,1125356,128x,300ms,25,64,1,0,0,0,0,1,0,0,0,0,2
2026-09-14T20:27:32.085205+00:00,1570,1126074,128x,300ms,25,64,1,0,0,0,0,1,0,0,0,0,2
2026-09-14T20:27:32.805145+00:00,1571,1126792,128x,300ms,25,64,0,0,0,0,0,1,0,0,0,0,2
2026-09-14T20:27:33.517300+00:00,1572,1127508,128x,300ms,25,64,0,0,0,0,0,1,0,0,0,0,2
2026-09-14T20:27:34.235410+00:00,1573,1128225,128x,300ms,25,64,0,0,0,0,0,1,0,0,0,0,2
2026-09-14T20:27:34.957155+00:00,1574,1128943,128x,300ms,25,64,0,0,0,0,0,1,0,0,0,0,2
2026-09-14T20:27:35.668804+00:00,1575,1129660,128x,300ms,25,64,0,0,0,0,0,1,0,0,0,0,2
2026-09-14T20:27:36.388556+00:00,1576,1130377,128x,300ms,25,64,1,0,0,0,0,1,0,0,0,0,2
2026-09-14T20:27:37.107611+00:00,1577,1131095,128x,300ms,25,64,1,0,0,0,0,1,0,0,0,0,2
2026-09-14T20:27:37.828885+00:00,1578,1131812,128x,300ms,25,64,1,0,0,0,0,1,0,0,0,0,3
2026-09-14T20:27:38.539531+00:00,1579,1132530,128x,300ms,25,64,1,0,0,0,0,1,0,0,0,0,2
2026-09-14T20:27:39.260585+00:00,1580,1133248,128x,300ms,25,64,1,0,0,0,0,1,0,0,0,0,2
2026-09-14T20:27:39.972983+00:00,1581,1133966,128x,300ms,25,64,0,0,0,0,0,1,0,0,0,0,2
2026-09-14T20:27:40.692386+00:00,1582,1134683,128x,300ms,25,64,0,0,0,0,0,1,0,0,0,0,3
2026-09-14T20:27:41.412783+00:00,1583,1135399,128x,300ms,25,64,0,0,0,0,0,1,0,0,0,0,2
2026-09-14T20:27:42.125248+00:00,1584,1136116,128x,300ms,25,64,0,0,0,0,0,1,0,0,0,0,2
2026-09-14T20:27:42.844898+00:00,1585,1136834,128x,300ms,25,64,0,0,0,0,0,1,0,0,0,0,2
2026-09-14T20:27:43.557450+00:00,1586,1137551,128x,300ms,25,64,1,0,0,0,0,1,0,0,0,0,2
2026-09-14T20:27:44.277378+00:00,1587,1138269,128x,300ms,25,64,1,0,0,0,0,1,0,0,0,0,3
2026-09-14T20:27:44.997509+00:00,1588,1138987,128x,300ms,25,64,1,0,0,0,0,1,0,0,0,0,2
2026-09-14T20:27:45.708913+00:00,1589,1139704,128x,300ms,25,64,1,0,0,0,0,1,0,0,0,0,2
2026-09-14T20:27:46.428815+00:00,1590,1140421,128x,300ms,25,64,1,0,0,0,0,1,0,0,0,0,2
2026-09-14T20:27:47.147731+00:00,1591,1141140,128x,300ms,25,64,0,0,0,0,0,1,0,0,0,0,3
2026-09-14T20:27:47.860580+00:00,1592,1141857,128x,300ms,25,64,0,0,0,0,0,1,0,0,0,0,2
2026-09-14T20:27:48.581554+00:00,1593,1142574,128x,300ms,25,64,0,0,0,0,0,1,0,0,0,0,2
2026-09-14T20:27:49.293454+00:00,1594,1143290,128x,300ms,25,64,0,0,0,0,0,1,0,0,0,0,2
2026-09-14T20:27:50.013396+00:00,1595,1144008,128x,300ms,25,64,0,0,0,0,0,1,0,0,0,0,2
2026-09-14T20:27:50.732497+00:00,1596,1144725,128x,300ms,25,64,1,0,0,0,0,1,0,0,0,0,2
2026-09-14T20:27:51.452585+00:00,1597,1145443,128x,300ms,25,64,1,0,0,0,0,1,0,0,0,0,2
2026-09-14T20:27:52.164689+00:00,1598,1146161,128x,300ms,25,64,1,0,0,0,0,1,0,0,0,0,2
2026-09-14T20:27:52.885044+00:00,1599,1146878,128x,300ms,25,64,1,0,0,0,0,1,0,0,0,0,2
2026-09-14T20:27:53.597426+00:00,1600,1147595,128x,300ms,25,64,1,0,0,0,0,1,0,0,0,0,2
2026-09-14T20:27:54.317556+00:00,1601,1148314,128x,300ms,25,64,0,0,0,0,0,1,0,0,0,0,3
2026-09-14T20:27:55.037400+00:00,1602,1149031,128x,300ms,25,64,0,0,0,0,0,1,0,0,0,0,2
2026-09-14T20:27:55.749627+00:00,1603,1149748,128x,300ms,25,64,0,0,0,0,0,1,0,0,0,0,2
2026-09-14T20:27:56.469206+00:00,1604,1150465,128x,300ms,25,64,0,0,0,0,0,1,0,0,0,0,3
2026-09-14T20:27:57.181094+00:00,1605,1151182,128x,300ms,25,64,0,0,0,0,0,1,0,0,0,0,2
2026-09-14T20:27:57.901117+00:00,1606,1151899,128x,300ms,25,64,1,0,0,0,0,1,0,0,0,0,2
2026-09-14T20:27:58.621345+00:00,1607,1152617,128x,300ms,25,64,1,0,0,0,0,1,0,0,0,0,2
2026-09-14T20:27:59.341097+00:00,1608,1153335,128x,300ms,25,64,1,0,0,0,0,1,0,0,0,0,2
2026-09-14T20:28:00.059980+00:00,1609,1154053,128x,300ms,25,64,1,0,0,0,0,1,0,0,0,0,2
2026-09-14T20:28:00.772536+00:00,1610,1154769,128x,300ms,25,64,1,0,0,0,0,1,0,0,0,0,2
2026-09-14T20:28:01.492583+00:00,1611,1155487,128x,300ms,25,64,0,0,0,0,0,1,0,0,0,0,2
2026-09-14T20:28:02.204807+00:00,1612,1156204,128x,300ms,25,64,0,0,0,0,0,1,0,0,0,0,2
2026-09-14T20:28:02.925126+00:00,1613,1156922,128x,300ms,25,64,0,0,0,0,0,1,0,0,0,0,2
2026-09-14T20:28:03.637296+00:00,1614,1157639,128x,300ms,25,64,0,0,0,0,0,1,0,0,0,0,2
2026-09-14T20:28:04.355447+00:00,1615,1158356,128x,300ms,25,64,0,0,0,0,0,1,0,0,0,0,2
2026-09-14T20:28:05.077499+00:00,1616,1159073,128x,300ms,25,64,1,0,0,0,0,1,0,0,0,0,2
2026-09-14T20:28:05.789305+00:00,1617,1159791,128x,300ms,25,64,1,0,0,0,0,1,0,0,0,0,2
2026-09-14T20:28:06.508843+00:00,1618,1160509,128x,300ms,25,64,1,0,0,0,0,1,0,0,0,0,3
2026-09-14T20:28:07.221373+00:00,1619,1161227,128x,300ms,25,64,1,0,0,0,0,1,0,0,0,0,2
2026-09-14T20:28:07.940812+00:00,1620,1161944,128x,300ms,25,64,1,0,0,0,0,1,0,0,0,0,2
2026-09-14T20:28:08.662101+00:00,1621,1162661,128x,300ms,25,64,0,0,0,0,0,1,0,0,0,0,2
2026-09-14T20:28:09.373907+00:00,1622,1163378,128x,300ms,25,64,0,0,0,0,0,1,0,0,0,0,3
2026-09-14T20:28:10.094060+00:00,1623,1164096,128x,300ms,25,64,0,0,0,0,0,1,0,0,0,0,2
2026-09-14T20:28:10.806284+00:00,1624,1164813,128x,300ms,25,64,0,0,0,0,0,1,0,0,0,0,2
2026-09-14T20:28:11.533907+00:00,1625,1165530,128x,300ms,25,64,0,0,0,0,0,1,0,0,0,0,2
2026-09-14T20:28:12.246373+00:00,1626,1166247,128x,300ms,25,64,1,0,0,0,0,1,0,0,0,0,2
2026-09-14T20:28:12.966017+00:00,1627,1166965,128x,300ms,25,64,1,0,0,0,0,1,0,0,0,0,2
2026-09-14T20:28:13.677683+00:00,1628,1167682,128x,300ms,25,64,1,0,0,0,0,1,0,0,0,0,2
2026-09-14T20:28:14.396728+00:00,1629,1168400,128x,300ms,25,64,1,0,0,0,0,1,0,0,0,0,2
2026-09-14T20:28:15.117689+00:00,1630,1169118,128x,300ms,25,64,1,0,0,0,0,1,0,0,0,0,2
2026-09-14T20:28:15.828772+00:00,1631,1169836,128x,300ms,25,64,0,0,0,0,0,1,0,0,0,0,2
2026-09-14T20:28:16.549657+00:00,1632,1170552,128x,300ms,25,64,0,0,0,0,0,1,0,0,0,0,3
2026-09-14T20:28:17.262030+00:00,1633,1171270,128x,300ms,25,64,0,0,0,0,0,1,0,0,0,0,2
2026-09-14T20:28:17.982391+00:00,1634,1171987,128x,300ms,25,64,0,0,0,0,0,1,0,0,0,0,2
2026-09-14T20:28:18.694682+00:00,1635,1172704,128x,300ms,25,64,0,0,0,0,0,1,0,0,0,0,2
2026-09-14T20:28:19.414447+00:00,1636,1173421,128x,300ms,25,64,1,0,0,0,0,1,0,0,0,0,2
2026-09-14T20:28:20.133296+00:00,1637,1174139,128x,300ms,25,64,1,0,0,0,0,1,0,0,0,0,2
2026-09-14T20:28:20.854161+00:00,1638,1174856,128x,300ms,25,64,1,0,0,0,0,1,0,0,0,0,2
2026-09-14T20:28:21.566063+00:00,1639,1175574,128x,300ms,25,64,1,0,0,0,0,1,0,0,0,0,3
2026-09-14T20:28:22.285864+00:00,1640,1176292,128x,300ms,25,64,1,0,0,0,0,1,0,0,0,0,2
2026-09-14T20:28:23.004674+00:00,1641,1177010,128x,300ms,25,64,0,0,0,0,0,1,0,0,0,0,2
2026-09-14T20:28:23.717395+00:00,1642,1177726,128x,300ms,25,64,0,0,0,0,0,1,0,0,0,0,2
2026-09-14T20:28:24.437684+00:00,1643,1178444,128x,300ms,25,64,0,0,0,0,0,1,0,0,0,0,3
2026-09-14T20:28:25.158496+00:00,1644,1179161,128x,300ms,25,64,0,0,0,0,0,1,0,0,0,0,2
2026-09-14T20:28:25.870480+00:00,1645,1179878,128x,300ms,25,64,0,0,0,0,0,1,0,0,0,0,2
2026-09-14T20:28:26.589912+00:00,1646,1180595,128x,300ms,25,64,1,0,0,0,0,1,0,0,0,0,2
2026-09-14T20:28:27.301923+00:00,1647,1181313,128x,300ms,25,64,1,0,0,0,0,1,0,0,0,0,2
2026-09-14T20:28:28.022211+00:00,1648,1182030,128x,300ms,25,64,1,0,0,0,0,1,0,0,0,0,2
2026-09-14T20:28:28.740828+00:00,1649,1182748,128x,300ms,25,64,1,0,0,0,0,1,0,0,0,0,2
2026-09-14T20:28:29.453598+00:00,1650,1183466,128x,300ms,25,64,1,0,0,0,0,1,0,0,0,0,2
2026-09-14T20:28:30.173561+00:00,1651,1184184,128x,300ms,25,64,0,0,0,0,0,1,0,0,0,0,3
2026-09-14T20:28:30.885152+00:00,1652,1184901,128x,300ms,25,64,0,0,0,0,0,1,0,0,0,0,3
2026-09-14T20:28:31.606127+00:00,1653,1185618,128x,300ms,25,64,0,0,0,0,0,1,0,0,0,0,3
2026-09-14T20:28:32.325357+00:00,1654,1186335,128x,300ms,25,64,0,0,0,0,0,1,0,0,0,0,2
2026-09-14T20:28:33.046248+00:00,1655,1187052,128x,300ms,25,64,0,0,0,0,0,1,0,0,0,0,2
2026-09-14T20:28:33.758443+00:00,1656,1187769,128x,300ms,25,64,1,0,0,0,0,1,0,0,0,0,2
2026-09-14T20:28:34.477626+00:00,1657,1188487,128x,300ms,25,64,1,0,0,0,0,1,0,0,0,0,3
2026-09-14T20:28:35.197427+00:00,1658,1189204,128x,300ms,25,64,1,0,0,0,0,1,0,0,0,0,2
2026-09-14T20:28:35.909298+00:00,1659,1189922,128x,300ms,25,64,1,0,0,0,0,1,0,0,0,0,3
2026-09-14T20:28:36.629751+00:00,1660,1190640,128x,300ms,25,64,1,0,0,0,0,1,0,0,0,0,2
2026-09-14T20:28:37.342323+00:00,1661,1191358,128x,300ms,25,64,0,0,0,0,0,1,0,0,0,0,3
2026-09-14T20:28:38.061744+00:00,1662,1192075,128x,300ms,25,64,0,0,0,0,0,1,0,0,0,0,2
2026-09-14T20:28:38.781700+00:00,1663,1192792,128x,300ms,25,64,0,0,0,0,0,1,0,0,0,0,2
2026-09-14T20:28:39.493495+00:00,1664,1193508,128x,300ms,25,64,0,0,0,0,0,1,0,0,0,0,3
2026-09-14T20:28:40.213865+00:00,1665,1194226,128x,300ms,25,64,0,0,0,0,0,1,0,0,0,0,2
2026-09-14T20:28:40.925601+00:00,1666,1194943,128x,300ms,25,64,1,0,0,0,0,1,0,0,0,0,2
2026-09-14T20:28:41.646516+00:00,1667,1195661,128x,300ms,25,64,1,0,0,0,0,1,0,0,0,0,3
2026-09-14T20:28:42.366048+00:00,1668,1196379,128x,300ms,25,64,1,0,0,0,0,1,0,0,0,0,2
2026-09-14T20:28:43.085904+00:00,1669,1197096,128x,300ms,25,64,1,0,0,0,0,1,0,0,0,0,2
2026-09-14T20:28:43.797332+00:00,1670,1197813,128x,300ms,25,64,1,0,0,0,0,1,0,0,0,0,3
2026-09-14T20:28:44.517452+00:00,1671,1198532,128x,300ms,25,64,0,0,0,0,0,1,0,0,0,0,2
2026-09-14T20:28:45.230432+00:00,1672,1199249,128x,300ms,25,64,0,0,0,0,0,1,0,0,0,0,2
2026-09-14T20:28:45.949642+00:00,1673,1199966,128x,300ms,25,64,0,0,0,0,0,1,0,0,0,0,2
2026-09-14T20:28:46.668494+00:00,1674,1200683,128x,300ms,25,64,0,0,0,0,0,1,0,0,0,0,2
2026-09-14T20:28:47.380945+00:00,1675,1201400,128x,300ms,25,64,0,0,0,0,0,1,0,0,0,0,2
2026-09-14T20:28:48.100690+00:00,1676,1202117,128x,300ms,25,64,1,0,0,0,0,1,0,0,0,0,2
2026-09-14T20:28:48.821439+00:00,1677,1202835,128x,300ms,25,64,1,0,0,0,0,1,0,0,0,0,2
2026-09-14T20:28:49.534233+00:00,1678,1203553,128x,300ms,25,64,1,0,0,0,0,1,0,0,0,0,2
2026-09-14T20:28:50.254004+00:00,1679,1204271,128x,300ms,25,64,1,0,0,0,0,1,0,0,0,0,2
2026-09-14T20:28:50.966007+00:00,1680,1204987,128x,300ms,25,64,1,0,0,0,0,1,0,0,0,0,2
2026-09-14T20:28:51.685544+00:00,1681,1205705,128x,300ms,25,64,0,0,0,0,0,1,0,0,0,0,2
2026-09-14T20:28:52.406576+00:00,1682,1206422,128x,300ms,25,64,0,0,0,0,0,1,0,0,0,0,2
2026-09-14T20:28:53.117609+00:00,1683,1207140,128x,300ms,25,64,0,0,0,0,0,1,0,0,0,0,2
2026-09-14T20:28:53.838291+00:00,1684,1207857,128x,300ms,25,64,0,0,0,0,0,1,0,0,0,0,2
2026-09-14T20:28:54.549931+00:00,1685,1208574,128x,300ms,25,64,0,0,0,0,0,1,0,0,0,0,2
2026-09-14T20:28:55.278340+00:00,1686,1209291,128x,300ms,25,64,1,0,0,0,0,1,0,0,0,0,3
2026-09-14T20:28:55.989920+00:00,1687,1210009,128x,300ms,25,64,1,0,0,0,0,1,0,0,0,0,2
2026-09-14T20:28:56.709469+00:00,1688,1210726,128x,300ms,25,64,1,0,0,0,0,1,0,0,0,0,3
2026-09-14T20:28:57.421640+00:00,1689,1211444,128x,300ms,25,64,1,0,0,0,0,1,0,0,0,0,2
2026-09-14T20:28:58.140831+00:00,1690,1212162,128x,300ms,25,64,1,0,0,0,0,1,0,0,0,0,2
2026-09-14T20:28:58.854465+00:00,1691,1212879,128x,300ms,25,64,0,0,0,0,0,1,0,0,0,0,2
2026-09-14T20:28:59.573616+00:00,1692,1213596,128x,300ms,25,64,0,0,0,0,0,1,0,0,0,0,3
2026-09-14T20:29:00.292157+00:00,1693,1214313,128x,300ms,25,64,0,0,0,0,0,1,0,0,0,0,2
2026-09-14T20:29:01.014604+00:00,1694,1215031,128x,300ms,25,64,0,0,0,0,0,1,0,0,0,0,2
2026-09-14T20:29:01.725967+00:00,1695,1215748,128x,300ms,25,64,0,0,0,0,0,1,0,0,0,0,3
2026-09-14T20:29:02.445644+00:00,1696,1216464,128x,300ms,25,64,1,0,0,0,0,1,0,0,0,0,2
2026-09-14T20:29:03.158523+00:00,1697,1217182,128x,300ms,25,64,1,0,0,0,0,1,0,0,0,0,2
2026-09-14T20:29:03.877702+00:00,1698,1217900,128x,300ms,25,64,1,0,0,0,0,1,0,0,0,0,2
2026-09-14T20:29:04.597538+00:00,1699,1218618,128x,300ms,25,64,1,0,0,0,0,1,0,0,0,0,3
2026-09-14T20:29:05.317598+00:00,1700,1219336,128x,300ms,25,64,1,0,0,0,0,1,0,0,0,0,2
2026-09-14T20:29:06.029396+00:00,1701,1220054,128x,300ms,25,64,0,0,0,0,0,1,0,0,0,0,3
2026-09-14T20:29:06.749688+00:00,1702,1220770,128x,300ms,25,64,0,0,0,0,0,1,0,0,0,0,3
2026-09-14T20:29:07.462481+00:00,1703,1221487,128x,300ms,25,64,0,0,0,0,0,1,0,0,0,0,2
2026-09-14T20:29:08.182458+00:00,1704,1222205,128x,300ms,25,64,0,0,0,0,0,1,0,0,0,0,2
2026-09-14T20:29:08.894171+00:00,1705,1222922,128x,300ms,25,64,0,0,0,0,0,1,0,0,0,0,2
2026-09-14T20:29:09.613793+00:00,1706,1223639,128x,300ms,25,64,1,0,0,0,0,1,0,0,0,0,3
2026-09-14T20:29:10.333925+00:00,1707,1224356,128x,300ms,25,64,1,0,0,0,0,0,0,0,0,0,2
2026-09-14T20:29:11.045334+00:00,1708,1225074,128x,300ms,25,64,1,0,0,0,0,1,0,0,0,0,2
2026-09-14T20:29:11.766070+00:00,1709,1225792,128x,300ms,25,64,1,0,0,0,0,1,0,0,0,0,2
2026-09-14T20:29:12.486522+00:00,1710,1226510,128x,300ms,25,64,1,0,0,0,0,1,0,0,0,0,2
2026-09-14T20:29:13.197510+00:00,1711,1227228,128x,300ms,25,64,0,0,0,0,0,1,0,0,0,0,3
2026-09-14T20:29:13.917727+00:00,1712,1227944,128x,300ms,25,64,0,0,0,0,0,1,0,0,0,0,2
2026-09-14T20:29:14.629627+00:00,1713,1228661,128x,300ms,25,64,0,0,0,0,0,1,0,0,0,0,3
2026-09-14T20:29:15.349902+00:00,1714,1229378,128x,300ms,25,64,0,0,0,0,0,1,0,0,0,0,3
2026-09-14T20:29:16.070140+00:00,1715,1230096,128x,300ms,25,64,0,0,0,0,0,1,0,0,0,0,3
2026-09-14T20:29:16.789999+00:00,1716,1230813,128x,300ms,25,64,1,0,0,0,0,1,0,0,0,0,2
2026-09-14T20:29:17.501737+00:00,1717,1231531,128x,300ms,25,64,1,0,0,0,0,1,0,0,0,0,2
2026-09-14T20:29:18.221081+00:00,1718,1232248,128x,300ms,25,64,1,0,0,0,0,1,0,0,0,0,2
2026-09-14T20:29:18.940852+00:00,1719,1232966,128x,300ms,25,64,1,0,0,0,0,1,0,0,0,0,2
2026-09-14T20:29:19.654113+00:00,1720,1233683,128x,300ms,25,64,1,0,0,0,0,1,0,0,0,0,2
2026-09-14T20:29:20.374045+00:00,1721,1234401,128x,300ms,25,64,0,0,0,0,0,1,0,0,0,0,2
2026-09-14T20:29:21.086109+00:00,1722,1235119,128x,300ms,25,64,0,0,0,0,0,1,0,0,0,0,2
2026-09-14T20:29:21.805925+00:00,1723,1235835,128x,300ms,25,64,0,0,0,0,0,1,0,0,0,0,3
2026-09-14T20:29:22.525043+00:00,1724,1236552,128x,300ms,25,64,0,0,0,0,0,1,0,0,0,0,3
2026-09-14T20:29:23.238001+00:00,1725,1237270,128x,300ms,25,64,0,0,0,0,0,1,0,0,0,0,2
2026-09-14T20:29:23.958542+00:00,1726,1237987,128x,300ms,25,64,1,0,0,0,0,1,0,0,0,0,2
2026-09-14T20:29:24.670050+00:00,1727,1238705,128x,300ms,25,64,1,0,0,0,0,1,0,0,0,0,2
2026-09-14T20:29:25.389697+00:00,1728,1239422,128x,300ms,25,64,1,0,0,0,0,1,0,0,0,0,2
2026-09-14T20:29:26.110617+00:00,1729,1240140,128x,300ms,25,64,1,0,0,0,0,1,0,0,0,0,2
2026-09-14T20:29:26.830255+00:00,1730,1240857,128x,300ms,25,64,1,0,0,0,0,1,0,0,0,0,2
2026-09-14T20:29:27.540876+00:00,1731,1241575,128x,300ms,25,64,0,0,0,0,0,1,0,0,0,0,2
2026-09-14T20:29:28.254290+00:00,1732,1242293,128x,300ms,25,64,0,0,0,0,0,1,0,0,0,0,3
2026-09-14T20:29:28.980025+00:00,1733,1243010,128x,300ms,25,64,0,0,0,0,0,1,0,0,0,0,2
2026-09-14T20:29:29.693393+00:00,1734,1243726,128x,300ms,25,64,0,0,0,0,0,1,0,0,0,0,3
2026-09-14T20:29:30.414210+00:00,1735,1244444,128x,300ms,25,64,0,0,0,0,0,1,0,0,0,0,2
2026-09-14T20:29:31.126635+00:00,1736,1245161,128x,300ms,25,64,1,0,0,0,0,1,0,0,0,0,3
2026-09-14T20:29:31.845409+00:00,1737,1245879,128x,300ms,25,64,1,0,0,0,0,1,0,0,0,0,2
2026-09-14T20:29:32.566105+00:00,1738,1246597,128x,300ms,25,64,1,0,0,0,0,1,0,0,0,0,2
2026-09-14T20:29:33.277500+00:00,1739,1247314,128x,300ms,25,64,1,0,0,0,0,1,0,0,0,0,2
2026-09-14T20:29:33.997562+00:00,1740,1248031,128x,300ms,25,64,1,0,0,0,0,1,0,0,0,0,2
2026-09-14T20:29:34.709954+00:00,1741,1248749,128x,300ms,25,64,0,0,0,0,0,1,0,0,0,0,2
2026-09-14T20:29:35.429490+00:00,1742,1249466,128x,300ms,25,64,0,0,0,0,0,1,0,0,0,0,2
2026-09-14T20:29:36.149722+00:00,1743,1250184,128x,300ms,25,64,0,0,0,0,0,1,0,0,0,0,2
2026-09-14T20:29:36.861364+00:00,1744,1250900,128x,300ms,25,64,0,0,0,0,0,1,0,0,0,0,2
2026-09-14T20:29:37.582463+00:00,1745,1251618,128x,300ms,25,64,0,0,0,0,0,1,0,0,0,0,2
2026-09-14T20:29:38.301300+00:00,1746,1252335,128x,300ms,25,64,1,0,0,0,0,1,0,0,0,0,2
2026-09-14T20:29:39.013891+00:00,1747,1253053,128x,300ms,25,64,1,0,0,0,0,1,0,0,0,0,3
2026-09-14T20:29:39.734758+00:00,1748,1253770,128x,300ms,25,64,1,0,0,0,0,1,0,0,0,0,2
2026-09-14T20:29:40.453520+00:00,1749,1254488,128x,300ms,25,64,1,0,0,0,0,1,0,0,0,0,2
2026-09-14T20:29:41.165608+00:00,1750,1255205,128x,300ms,25,64,1,0,0,0,0,1,0,0,0,0,2
2026-09-14T20:29:41.885852+00:00,1751,1255923,128x,300ms,25,64,0,0,0,0,0,1,0,0,0,0,2
2026-09-14T20:29:42.598482+00:00,1752,1256640,128x,300ms,25,64,0,0,0,0,0,1,0,0,0,0,3
2026-09-14T20:29:43.318051+00:00,1753,1257358,128x,300ms,25,64,0,0,0,0,0,1,0,0,0,0,2
2026-09-14T20:29:44.037391+00:00,1754,1258075,128x,300ms,25,64,0,0,0,0,0,1,0,0,0,0,2
2026-09-14T20:29:44.749723+00:00,1755,1258791,128x,300ms,25,64,0,0,0,0,0,1,0,0,0,0,2
2026-09-14T20:29:45.469384+00:00,1756,1259509,128x,300ms,25,64,1,0,0,0,0,1,0,0,0,0,3
2026-09-14T20:29:46.182340+00:00,1757,1260227,128x,300ms,25,64,1,0,0,0,0,1,0,0,0,0,2
2026-09-14T20:29:46.901932+00:00,1758,1260944,128x,300ms,25,64,1,0,0,0,0,1,0,0,0,0,2
2026-09-14T20:29:47.621673+00:00,1759,1261662,128x,300ms,25,64,1,0,0,0,0,1,0,0,0,0,2
2026-09-14T20:29:48.333468+00:00,1760,1262380,128x,300ms,25,64,1,0,0,0,0,1,0,0,0,0,2
2026-09-14T20:29:49.054038+00:00,1761,1263097,128x,300ms,25,64,0,0,0,0,0,1,0,0,0,0,2
2026-09-14T20:29:49.773330+00:00,1762,1263814,128x,300ms,25,64,0,0,0,0,0,1,0,0,0,0,2
2026-09-14T20:29:50.486264+00:00,1763,1264532,128x,300ms,25,64,0,0,0,0,0,1,0,0,0,0,2
2026-09-14T20:29:51.206289+00:00,1764,1265249,128x,300ms,25,64,0,0,0,0,0,1,0,0,0,0,2
2026-09-14T20:29:51.925676+00:00,1765,1265966,128x,300ms,25,64,0,0,0,0,0,1,0,0,0,0,2
2026-09-14T20:29:52.645425+00:00,1766,1266682,128x,300ms,25,64,1,0,0,0,0,1,0,0,0,0,2
2026-09-14T20:29:53.356724+00:00,1767,1267400,128x,300ms,25,64,1,0,0,0,0,1,0,0,0,0,2
2026-09-14T20:29:54.077721+00:00,1768,1268118,128x,300ms,25,64,1,0,0,0,0,1,0,0,0,0,2
2026-09-14T20:29:54.790020+00:00,1769,1268836,128x,300ms,25,64,1,0,0,0,0,1,0,0,0,0,2
2026-09-14T20:29:55.510494+00:00,1770,1269554,128x,300ms,25,64,1,0,0,0,0,1,0,0,0,0,2
2026-09-14T20:29:56.230232+00:00,1771,1270272,128x,300ms,25,64,0,0,0,0,0,1,0,0,0,0,2
2026-09-14T20:29:56.940903+00:00,1772,1270988,128x,300ms,25,64,0,0,0,0,0,1,0,0,0,0,2
2026-09-14T20:29:57.661442+00:00,1773,1271705,128x,300ms,25,64,0,0,0,0,0,1,0,0,0,0,2
2026-09-14T20:29:58.374091+00:00,1774,1272423,128x,300ms,25,64,0,0,0,0,0,1,0,0,0,0,2
2026-09-14T20:29:59.093399+00:00,1775,1273140,128x,300ms,25,64,0,0,0,0,0,1,0,0,0,0,2
2026-09-14T20:29:59.813963+00:00,1776,1273857,128x,300ms,25,64,1,0,0,0,0,1,0,0,0,0,2
2026-09-14T20:30:00.534358+00:00,1777,1274574,128x,300ms,25,64,1,0,0,0,0,1,0,0,0,0,3
2026-09-14T20:30:01.246628+00:00,1778,1275292,128x,300ms,25,64,1,0,0,0,0,1,0,0,0,0,2
2026-09-14T20:30:01.964614+00:00,1779,1276010,128x,300ms,25,64,1,0,0,0,0,1,0,0,0,0,3
2026-09-14T20:30:02.681085+00:00,1780,1276728,128x,300ms,25,64,1,0,0,0,0,1,0,0,0,0,2
2026-09-14T20:30:03.399226+00:00,1781,1277446,128x,300ms,25,64,0,0,0,0,0,1,0,0,0,0,2
2026-09-14T20:30:04.120254+00:00,1782,1278162,128x,300ms,25,64,0,0,0,0,0,1,0,0,0,0,2
2026-09-14T20:30:04.832823+00:00,1783,1278879,128x,300ms,25,64,0,0,0,0,0,1,0,0,0,0,2
2026-09-14T20:30:05.552344+00:00,1784,1279596,128x,300ms,25,64,0,0,0,0,0,1,0,0,0,0,3
2026-09-14T20:30:06.264680+00:00,1785,1280314,128x,300ms,25,64,0,0,0,0,0,1,0,0,0,0,3
2026-09-14T20:30:06.984926+00:00,1786,1281031,128x,300ms,25,64,1,0,0,0,0,1,0,0,0,0,2
2026-09-14T20:30:07.696976+00:00,1787,1281748,128x,300ms,25,64,1,0,0,0,0,1,0,0,0,0,2
2026-09-14T20:30:08.416824+00:00,1788,1282466,128x,300ms,25,64,1,0,0,0,0,1,0,0,0,0,2
2026-09-14T20:30:09.136585+00:00,1789,1283184,128x,300ms,25,64,1,0,0,0,0,1,0,0,0,0,2
2026-09-14T20:30:09.848021+00:00,1790,1283901,128x,300ms,25,64,1,0,0,0,0,1,0,0,0,0,2
2026-09-14T20:30:10.569071+00:00,1791,1284619,128x,300ms,25,64,0,0,0,0,0,1,0,0,0,0,2
2026-09-14T20:30:11.281063+00:00,1792,1285337,128x,300ms,25,64,0,0,0,0,0,1,0,0,0,0,2
2026-09-14T20:30:11.999113+00:00,1793,1286053,128x,300ms,25,64,0,0,0,0,0,1,0,0,0,0,2
2026-09-14T20:30:12.719963+00:00,1794,1286770,128x,300ms,25,64,0,0,0,0,0,1,0,0,0,0,2
2026-09-14T20:30:13.440909+00:00,1795,1287488,128x,300ms,25,64,0,0,0,0,0,1,0,0,0,0,2
2026-09-14T20:30:14.152872+00:00,1796,1288205,128x,300ms,25,64,1,0,0,0,0,1,0,0,0,0,2
2026-09-14T20:30:14.872455+00:00,1797,1288923,128x,300ms,25,64,1,0,0,0,0,1,0,0,0,0,3
2026-09-14T20:30:15.591936+00:00,1798,1289640,128x,300ms,25,64,1,0,0,0,0,1,0,0,0,0,2
2026-09-14T20:30:16.304004+00:00,1799,1290358,128x,300ms,25,64,1,0,0,0,0,1,0,0,0,0,2
2026-09-14T20:30:17.025114+00:00,1800,1291075,128x,300ms,25,64,1,0,0,0,0,1,0,0,0,0,3
2026-09-14T20:30:17.736850+00:00,1801,1291793,128x,300ms,25,64,0,0,0,0,0,1,0,0,0,0,2
2026-09-14T20:30:18.457070+00:00,1802,1292510,128x,300ms,25,64,0,0,0,0,0,1,0,0,0,0,2
2026-09-14T20:30:19.176856+00:00,1803,1293228,128x,300ms,25,64,0,0,0,0,0,1,0,0,0,0,2
2026-09-14T20:30:19.890124+00:00,1804,1293944,128x,300ms,25,64,0,0,0,0,0,1,0,0,0,0,2
2026-09-14T20:30:20.609618+00:00,1805,1294662,128x,300ms,25,64,0,0,0,0,0,1,0,0,0,0,2
2026-09-14T20:30:21.322762+00:00,1806,1295379,128x,300ms,25,64,1,0,0,0,0,1,0,0,0,0,2
2026-09-14T20:30:22.050751+00:00,1807,1296097,128x,300ms,25,64,1,0,0,0,0,1,0,0,0,0,3
2026-09-14T20:30:22.761895+00:00,1808,1296814,128x,300ms,25,64,1,0,0,0,0,1,0,0,0,0,3
2026-09-14T20:30:23.481312+00:00,1809,1297531,128x,300ms,25,64,1,0,0,0,0,1,0,0,0,0,2
2026-09-14T20:30:24.193968+00:00,1810,1298249,128x,300ms,25,64,1,0,0,0,0,1,0,0,0,0,3
2026-09-14T20:30:24.913793+00:00,1811,1298967,128x,300ms,25,64,0,0,0,0,0,1,0,0,0,0,2
2026-09-14T20:30:25.626575+00:00,1812,1299684,128x,300ms,25,64,0,0,0,0,0,1,0,0,0,0,2
2026-09-14T20:30:26.346675+00:00,1813,1300402,128x,300ms,25,64,0,0,0,0,0,1,0,0,0,0,2
2026-09-14T20:30:27.064968+00:00,1814,1301118,128x,300ms,25,64,0,0,0,0,0,1,0,0,0,0,3
2026-09-14T20:30:27.777448+00:00,1815,1301836,128x,300ms,25,64,0,0,0,0,0,1,0,0,0,0,3
2026-09-14T20:30:28.497270+00:00,1816,1302553,128x,300ms,25,64,1,0,0,0,0,1,0,0,0,0,3
2026-09-14T20:30:29.210312+00:00,1817,1303271,128x,300ms,25,64,1,0,0,0,0,1,0,0,0,0,2
2026-09-14T20:30:29.929716+00:00,1818,1303988,128x,300ms,25,64,1,0,0,0,0,1,0,0,0,0,2
2026-09-14T20:30:30.651011+00:00,1819,1304706,128x,300ms,25,64,1,0,0,0,0,1,0,0,0,0,2
2026-09-14T20:30:31.362481+00:00,1820,1305423,128x,300ms,25,64,1,0,0,0,0,1,0,0,0,0,2
2026-09-14T20:30:32.078320+00:00,1821,1306141,128x,300ms,25,64,0,0,0,0,0,1,0,0,0,0,2
2026-09-14T20:30:32.797497+00:00,1822,1306858,128x,300ms,25,64,0,0,0,0,0,1,0,0,0,0,2
2026-09-14T20:30:33.517409+00:00,1823,1307576,128x,300ms,25,64,0,0,0,0,0,1,0,0,0,0,3
2026-09-14T20:30:34.239731+00:00,1824,1308293,128x,300ms,25,64,0,0,0,0,0,1,0,0,0,0,2
2026-09-14T20:30:34.951534+00:00,1825,1309010,128x,300ms,25,64,0,0,0,0,0,1,0,0,0,0,2
2026-09-14T20:30:35.671019+00:00,1826,1309727,128x,300ms,25,64,1,0,0,0,0,1,0,0,0,0,2
2026-09-14T20:30:36.382016+00:00,1827,1310445,128x,300ms,25,64,1,0,0,0,0,1,0,0,0,0,2
2026-09-14T20:30:37.103234+00:00,1828,1311162,128x,300ms,25,64,1,0,0,0,0,1,0,0,0,0,2
2026-09-14T20:30:37.815453+00:00,1829,1311880,128x,300ms,25,64,1,0,0,0,0,1,0,0,0,0,2
2026-09-14T20:30:38.535512+00:00,1830,1312598,128x,300ms,25,64,1,0,0,0,0,1,0,0,0,0,2
2026-09-14T20:30:39.254317+00:00,1831,1313315,128x,300ms,25,64,0,0,0,0,0,1,0,0,0,0,2
2026-09-14T20:30:39.967721+00:00,1832,1314032,128x,300ms,25,64,0,0,0,0,0,1,0,0,0,0,2
2026-09-14T20:30:40.687813+00:00,1833,1314750,128x,300ms,25,64,0,0,0,0,0,1,0,0,0,0,3
2026-09-14T20:30:41.406993+00:00,1834,1315467,128x,300ms,25,64,0,0,0,0,0,1,0,0,0,0,2
2026-09-14T20:30:42.118987+00:00,1835,1316184,128x,300ms,25,64,0,0,0,0,0,1,0,0,0,0,3
2026-09-14T20:30:42.839377+00:00,1836,1316901,128x,300ms,25,64,1,0,0,0,0,1,0,0,0,0,2
2026-09-14T20:30:43.559771+00:00,1837,1317619,128x,300ms,25,64,1,0,0,0,0,1,0,0,0,0,2
2026-09-14T20:30:44.271280+00:00,1838,1318336,128x,300ms,25,64,1,0,0,0,0,1,0,0,0,0,3
2026-09-14T20:30:44.990345+00:00,1839,1319054,128x,300ms,25,64,1,0,0,0,0,1,0,0,0,0,2
2026-09-14T20:30:45.711485+00:00,1840,1319772,128x,300ms,25,64,1,0,0,0,0,1,0,0,0,0,2
2026-09-14T20:30:46.423077+00:00,1841,1320489,128x,300ms,25,64,0,0,0,0,0,1,0,0,0,0,2
2026-09-14T20:30:47.142944+00:00,1842,1321206,128x,300ms,25,64,0,0,0,0,0,1,0,0,0,0,3
2026-09-14T20:30:47.855652+00:00,1843,1321924,128x,300ms,25,64,0,0,0,0,0,1,0,0,0,0,3
2026-09-14T20:30:48.574838+00:00,1844,1322641,128x,300ms,25,64,0,0,0,0,0,1,0,0,0,0,2
2026-09-14T20:30:49.295150+00:00,1845,1323358,128x,300ms,25,64,0,0,0,0,0,1,0,0,0,0,2
2026-09-14T20:30:50.006662+00:00,1846,1324075,128x,300ms,25,64,1,0,0,0,0,1,0,0,0,0,2
2026-09-14T20:30:50.727582+00:00,1847,1324792,128x,300ms,25,64,1,0,0,0,0,1,0,0,0,0,2
2026-09-14T20:30:51.447457+00:00,1848,1325510,128x,300ms,25,64,1,0,0,0,0,1,0,0,0,0,2
2026-09-14T20:30:52.158741+00:00,1849,1326228,128x,300ms,25,64,1,0,0,0,0,1,0,0,0,0,3
2026-09-14T20:30:52.879684+00:00,1850,1326946,128x,300ms,25,64,1,0,0,0,0,1,0,0,0,0,2
2026-09-14T20:30:53.590312+00:00,1851,1327664,128x,300ms,25,64,0,0,0,0,0,1,0,0,0,0,2
2026-09-14T20:30:54.310954+00:00,1852,1328380,128x,300ms,25,64,0,0,0,0,0,1,0,0,0,0,2
2026-09-14T20:30:55.031526+00:00,1853,1329097,128x,300ms,25,64,0,0,0,0,0,1,0,0,0,0,3
2026-09-14T20:30:55.751153+00:00,1854,1329815,128x,300ms,25,64,0,0,0,0,0,1,0,0,0,0,2
2026-09-14T20:30:56.463382+00:00,1855,1330532,128x,300ms,25,64,0,0,0,0,0,1,0,0,0,0,2
2026-09-14T20:30:57.181550+00:00,1856,1331249,128x,300ms,25,64,1,0,0,0,0,1,0,0,0,0,2
2026-09-14T20:30:57.903719+00:00,1857,1331966,128x,300ms,25,64,1,0,0,0,0,1,0,0,0,0,2
2026-09-14T20:30:58.615144+00:00,1858,1332684,128x,300ms,25,64,1,0,0,0,0,1,0,0,0,0,2
2026-09-14T20:30:59.334156+00:00,1859,1333402,128x,300ms,25,64,1,0,0,0,0,1,0,0,0,0,2
2026-09-14T20:31:00.046677+00:00,1860,1334119,128x,300ms,25,64,1,0,0,0,0,1,0,0,0,0,2
2026-09-14T20:31:00.767401+00:00,1861,1334837,128x,300ms,25,64,0,0,0,0,0,1,0,0,0,0,2
2026-09-14T20:31:01.486644+00:00,1862,1335555,128x,300ms,25,64,0,0,0,0,0,1,0,0,0,0,3
2026-09-14T20:31:02.198706+00:00,1863,1336271,128x,300ms,25,64,0,0,0,0,0,1,0,0,0,0,3
2026-09-14T20:31:02.919029+00:00,1864,1336988,128x,300ms,25,64,0,0,0,0,0,1,0,0,0,0,2
2026-09-14T20:31:03.631858+00:00,1865,1337706,128x,300ms,25,64,0,0,0,0,0,1,0,0,0,0,2
2026-09-14T20:31:04.350774+00:00,1866,1338423,128x,300ms,25,64,1,0,0,0,0,1,0,0,0,0,3
2026-09-14T20:31:05.069923+00:00,1867,1339141,128x,300ms,25,64,1,0,0,0,0,1,0,0,0,0,3
2026-09-14T20:31:05.791656+00:00,1868,1339857,128x,300ms,25,64,1,0,0,0,0,1,0,0,0,0,3
2026-09-14T20:31:06.502364+00:00,1869,1340575,128x,300ms,25,64,1,0,0,0,0,1,0,0,0,0,3
2026-09-14T20:31:07.222835+00:00,1870,1341293,128x,300ms,25,64,1,0,0,0,0,1,0,0,0,0,2
2026-09-14T20:31:07.935839+00:00,1871,1342011,128x,300ms,25,64,0,0,0,0,0,1,0,0,0,0,3
2026-09-14T20:31:08.656223+00:00,1872,1342728,128x,300ms,25,64,0,0,0,0,0,1,0,0,0,0,2
2026-09-14T20:31:09.376376+00:00,1873,1343446,128x,300ms,25,64,0,0,0,0,0,1,0,0,0,0,2
2026-09-14T20:31:10.088251+00:00,1874,1344162,128x,300ms,25,64,0,0,0,0,0,1,0,0,0,0,3
2026-09-14T20:31:10.809041+00:00,1875,1344879,128x,300ms,25,64,0,0,0,0,0,1,0,0,0,0,3
2026-09-14T20:31:11.521290+00:00,1876,1345596,128x,300ms,25,64,1,0,0,0,0,1,0,0,0,0,3
2026-09-14T20:31:12.239646+00:00,1877,1346315,128x,300ms,25,64,1,0,0,0,0,1,0,0,0,0,2
2026-09-14T20:31:12.953040+00:00,1878,1347032,128x,300ms,25,64,1,0,0,0,0,1,0,0,0,0,3
2026-09-14T20:31:13.673348+00:00,1879,1347749,128x,300ms,25,64,1,0,0,0,0,1,0,0,0,0,3
2026-09-14T20:31:14.392797+00:00,1880,1348467,128x,300ms,25,64,1,0,0,0,0,1,0,0,0,0,3
2026-09-14T20:31:15.105373+00:00,1881,1349185,128x,300ms,25,64,0,0,0,0,0,1,0,0,0,0,2
2026-09-14T20:31:15.824340+00:00,1882,1349902,128x,300ms,25,64,0,0,0,0,0,1,0,0,0,0,3
2026-09-14T20:31:16.544494+00:00,1883,1350619,128x,300ms,25,64,0,0,0,0,0,1,0,0,0,0,2
2026-09-14T20:31:17.257391+00:00,1884,1351336,128x,300ms,25,64,0,0,0,0,0,1,0,0,0,0,2
2026-09-14T20:31:17.976771+00:00,1885,1352053,128x,300ms,25,64,0,0,0,0,0,1,0,0,0,0,2
2026-09-14T20:31:18.696491+00:00,1886,1352770,128x,300ms,25,64,1,0,0,0,0,1,0,0,0,0,2
2026-09-14T20:31:19.417038+00:00,1887,1353488,128x,300ms,25,64,1,0,0,0,0,1,0,0,0,0,2
2026-09-14T20:31:20.129086+00:00,1888,1354206,128x,300ms,25,64,1,0,0,0,0,1,0,0,0,0,2
2026-09-14T20:31:20.847753+00:00,1889,1354924,128x,300ms,25,64,1,0,0,0,0,1,0,0,0,0,3
2026-09-14T20:31:21.560649+00:00,1890,1355641,128x,300ms,25,64,1,0,0,0,0,1,0,0,0,0,3
2026-09-14T20:31:22.280820+00:00,1891,1356359,128x,300ms,25,64,0,0,0,0,0,1,0,0,0,0,2
2026-09-14T20:31:22.993349+00:00,1892,1357076,128x,300ms,25,64,0,0,0,0,0,1,0,0,0,0,2
2026-09-14T20:31:23.711712+00:00,1893,1357793,128x,300ms,25,64,0,0,0,0,0,1,0,0,0,0,3
2026-09-14T20:31:24.431821+00:00,1894,1358510,128x,300ms,25,64,0,0,0,0,0,1,0,0,0,0,3
2026-09-14T20:31:25.143724+00:00,1895,1359227,128x,300ms,25,64,0,0,0,0,0,1,0,0,0,0,2
2026-09-14T20:31:25.865248+00:00,1896,1359944,128x,300ms,25,64,1,0,0,0,0,1,0,0,0,0,2
2026-09-14T20:31:26.583913+00:00,1897,1360662,128x,300ms,25,64,1,0,0,0,0,1,0,0,0,0,2
2026-09-14T20:31:27.305017+00:00,1898,1361380,128x,300ms,25,64,1,0,0,0,0,1,0,0,0,0,2
2026-09-14T20:31:28.017017+00:00,1899,1362098,128x,300ms,25,64,1,0,0,0,0,1,0,0,0,0,2
2026-09-14T20:31:28.736883+00:00,1900,1362814,128x,300ms,25,64,1,0,0,0,0,1,0,0,0,0,2
2026-09-14T20:31:29.456923+00:00,1901,1363532,128x,300ms,25,64,0,0,0,0,0,1,0,0,0,0,2
2026-09-14T20:31:30.168709+00:00,1902,1364250,128x,300ms,25,64,0,0,0,0,0,1,0,0,0,0,2
2026-09-14T20:31:30.888015+00:00,1903,1364967,128x,300ms,25,64,0,0,0,0,0,1,0,0,0,0,2
2026-09-14T20:31:31.601161+00:00,1904,1365684,128x,300ms,25,64,0,0,0,0,0,1,0,0,0,0,3
2026-09-14T20:31:32.321106+00:00,1905,1366402,128x,300ms,25,64,0,0,0,0,0,1,0,0,0,0,2
2026-09-14T20:31:33.041014+00:00,1906,1367118,128x,300ms,25,64,1,0,0,0,0,1,0,0,0,0,2
2026-09-14T20:31:33.752876+00:00,1907,1367836,128x,300ms,25,64,1,0,0,0,0,1,0,0,0,0,2
2026-09-14T20:31:34.472523+00:00,1908,1368554,128x,300ms,25,64,1,0,0,0,0,1,0,0,0,0,2
2026-09-14T20:31:35.184442+00:00,1909,1369272,128x,300ms,25,64,1,0,0,0,0,1,0,0,0,0,2
2026-09-14T20:31:35.904530+00:00,1910,1369989,128x,300ms,25,64,1,0,0,0,0,1,0,0,0,0,2
2026-09-14T20:31:36.617326+00:00,1911,1370706,128x,300ms,25,64,0,0,0,0,0,1,0,0,0,0,2
2026-09-14T20:31:37.337167+00:00,1912,1371423,128x,300ms,25,64,0,0,0,0,0,1,0,0,0,0,2
2026-09-14T20:31:38.056593+00:00,1913,1372141,128x,300ms,25,64,0,0,0,0,0,1,0,0,0,0,3
2026-09-14T20:31:38.769307+00:00,1914,1372858,128x,300ms,25,64,0,0,0,0,0,1,0,0,0,0,2
2026-09-14T20:31:39.497056+00:00,1915,1373576,128x,300ms,25,64,0,0,0,0,0,1,0,0,0,0,3
2026-09-14T20:31:40.207487+00:00,1916,1374292,128x,300ms,25,64,1,0,0,0,0,1,0,0,0,0,2
2026-09-14T20:31:40.929155+00:00,1917,1375010,128x,300ms,25,64,1,0,0,0,0,1,0,0,0,0,3
2026-09-14T20:31:41.640263+00:00,1918,1375728,128x,300ms,25,64,1,0,0,0,0,1,0,0,0,0,3
2026-09-14T20:31:42.360441+00:00,1919,1376446,128x,300ms,25,64,1,0,0,0,0,1,0,0,0,0,3
2026-09-14T20:31:43.081338+00:00,1920,1377163,128x,300ms,25,64,1,0,0,0,0,1,0,0,0,0,2
2026-09-14T20:31:43.792364+00:00,1921,1377881,128x,300ms,25,64,0,0,0,0,0,1,0,0,0,0,3
2026-09-14T20:31:44.512952+00:00,1922,1378597,128x,300ms,25,64,0,0,0,0,0,1,0,0,0,0,3
2026-09-14T20:31:45.224486+00:00,1923,1379315,128x,300ms,25,64,0,0,0,0,0,1,0,0,0,0,3
2026-09-14T20:31:45.944534+00:00,1924,1380032,128x,300ms,25,64,0,0,0,0,0,1,0,0,0,0,2
2026-09-14T20:31:46.665712+00:00,1925,1380749,128x,300ms,25,64,0,0,0,0,0,1,0,0,0,0,2
2026-09-14T20:31:47.377146+00:00,1926,1381467,128x,300ms,25,64,1,0,0,0,0,1,0,0,0,0,2
2026-09-14T20:31:48.096659+00:00,1927,1382184,128x,300ms,25,64,1,0,0,0,0,1,0,0,0,0,2
2026-09-14T20:31:48.816254+00:00,1928,1382901,128x,300ms,25,64,1,0,0,0,0,1,0,0,0,0,3
2026-09-14T20:31:49.528874+00:00,1929,1383619,128x,300ms,25,64,1,0,0,0,0,1,0,0,0,0,2
2026-09-14T20:31:50.249126+00:00,1930,1384337,128x,300ms,25,64,1,0,0,0,0,1,0,0,0,0,2
2026-09-14T20:31:50.968223+00:00,1931,1385055,128x,300ms,25,64,0,0,0,0,0,1,0,0,0,0,3
2026-09-14T20:31:51.679927+00:00,1932,1385772,128x,300ms,25,64,0,0,0,0,0,1,0,0,0,0,2
2026-09-14T20:31:52.400866+00:00,1933,1386489,128x,300ms,25,64,0,0,0,0,0,1,0,0,0,0,3
2026-09-14T20:31:53.118330+00:00,1934,1387206,128x,300ms,25,64,0,0,0,0,0,1,0,0,0,0,2
2026-09-14T20:31:53.830182+00:00,1935,1387923,128x,300ms,25,64,0,0,0,0,0,1,0,0,0,0,3
2026-09-14T20:31:54.551323+00:00,1936,1388640,128x,300ms,25,64,1,0,0,0,0,1,0,0,0,0,2
2026-09-14T20:31:55.269928+00:00,1937,1389358,128x,300ms,25,64,1,0,0,0,0,1,0,0,0,0,2
2026-09-14T20:31:55.982685+00:00,1938,1390075,128x,300ms,25,64,1,0,0,0,0,1,0,0,0,0,2
2026-09-14T20:31:56.703314+00:00,1939,1390793,128x,300ms,25,64,1,0,0,0,0,1,0,0,0,0,3
2026-09-14T20:31:57.414693+00:00,1940,1391511,128x,300ms,25,64,1,0,0,0,0,1,0,0,0,0,3
2026-09-14T20:31:58.133677+00:00,1941,1392229,128x,300ms,25,64,0,0,0,0,0,1,0,0,0,0,3
2026-09-14T20:31:58.854657+00:00,1942,1392946,128x,300ms,25,64,0,0,0,0,0,1,0,0,0,0,3
2026-09-14T20:31:59.566548+00:00,1943,1393662,128x,300ms,25,64,0,0,0,0,0,1,0,0,0,0,2
2026-09-14T20:32:00.286451+00:00,1944,1394379,128x,300ms,25,64,0,0,0,0,0,1,0,0,0,0,3
2026-09-14T20:32:00.999800+00:00,1945,1395097,128x,300ms,25,64,0,0,0,0,0,1,0,0,0,0,2
2026-09-14T20:32:01.727174+00:00,1946,1395814,128x,300ms,25,64,1,0,0,0,0,1,0,0,0,0,3
2026-09-14T20:32:02.439488+00:00,1947,1396532,128x,300ms,25,64,1,0,0,0,0,1,0,0,0,0,2
2026-09-14T20:32:03.159189+00:00,1948,1397250,128x,300ms,25,64,1,0,0,0,0,1,0,0,0,0,2
2026-09-14T20:32:03.871613+00:00,1949,1397967,128x,300ms,25,64,1,0,0,0,0,1,0,0,0,0,2
2026-09-14T20:32:04.590354+00:00,1950,1398685,128x,300ms,25,64,1,0,0,0,0,1,0,0,0,0,2
2026-09-14T20:32:05.303492+00:00,1951,1399403,128x,300ms,25,64,0,0,0,0,0,1,0,0,0,0,3
2026-09-14T20:32:06.023105+00:00,1952,1400120,128x,300ms,25,64,0,0,0,0,0,1,0,0,0,0,3
2026-09-14T20:32:06.743412+00:00,1953,1400837,128x,300ms,25,64,0,0,0,0,0,1,0,0,0,0,2
2026-09-14T20:32:07.455275+00:00,1954,1401553,128x,300ms,25,64,0,0,0,0,0,1,0,0,0,0,2
2026-09-14T20:32:08.175451+00:00,1955,1402271,128x,300ms,25,64,0,0,0,0,0,1,0,0,0,0,3
2026-09-14T20:32:08.895423+00:00,1956,1402988,128x,300ms,25,64,1,0,0,0,0,1,0,0,0,0,3
2026-09-14T20:32:09.606729+00:00,1957,1403706,128x,300ms,25,64,1,0,0,0,0,1,0,0,0,0,2
2026-09-14T20:32:10.327449+00:00,1958,1404424,128x,300ms,25,64,1,0,0,0,0,1,0,0,0,0,2
2026-09-14T20:32:11.046190+00:00,1959,1405142,128x,300ms,25,64,1,0,0,0,0,1,0,0,0,0,2
2026-09-14T20:32:11.758643+00:00,1960,1405858,128x,300ms,25,64,1,0,0,0,0,1,0,0,0,0,2
2026-09-14T20:32:12.471649+00:00,1961,1406576,128x,300ms,25,64,0,0,0,0,0,1,0,0,0,0,2
2026-09-14T20:32:13.190408+00:00,1962,1407294,128x,300ms,25,64,0,0,0,0,0,1,0,0,0,0,2
2026-09-14T20:32:13.911632+00:00,1963,1408011,128x,300ms,25,64,0,0,0,0,0,1,0,0,0,0,2
2026-09-14T20:32:14.630677+00:00,1964,1408728,128x,300ms,25,64,0,0,0,0,0,1,0,0,0,0,2
2026-09-14T20:32:15.343152+00:00,1965,1409445,128x,300ms,25,64,0,0,0,0,0,1,0,0,0,0,2
2026-09-14T20:32:16.063140+00:00,1966,1410162,128x,300ms,25,64,1,0,0,0,0,1,0,0,0,0,3
2026-09-14T20:32:16.782675+00:00,1967,1410880,128x,300ms,25,64,1,0,0,0,0,1,0,0,0,0,2
2026-09-14T20:32:17.499265+00:00,1968,1411598,128x,300ms,25,64,1,0,0,0,0,1,0,0,0,0,3
2026-09-14T20:32:18.210803+00:00,1969,1412315,128x,300ms,25,64,1,0,0,0,0,1,0,0,0,0,3
2026-09-14T20:32:18.931120+00:00,1970,1413032,128x,300ms,25,64,1,0,0,0,0,1,0,0,0,0,2
2026-09-14T20:32:19.650685+00:00,1971,1413750,128x,300ms,25,64,0,0,0,0,0,1,0,0,0,0,3
2026-09-14T20:32:20.362638+00:00,1972,1414467,128x,300ms,25,64,0,0,0,0,0,1,0,0,0,0,3
2026-09-14T20:32:21.083529+00:00,1973,1415185,128x,300ms,25,64,0,0,0,0,0,1,0,0,0,0,3
2026-09-14T20:32:21.794999+00:00,1974,1415902,128x,300ms,25,64,0,0,0,0,0,1,0,0,0,0,3
2026-09-14T20:32:22.514323+00:00,1975,1416619,128x,300ms,25,64,0,0,0,0,0,1,0,0,0,0,2
2026-09-14T20:32:23.234413+00:00,1976,1417336,128x,300ms,25,64,1,0,0,0,0,1,0,0,0,0,3
2026-09-14T20:32:23.955425+00:00,1977,1418053,128x,300ms,25,64,1,0,0,0,0,1,0,0,0,0,3
2026-09-14T20:32:24.666774+00:00,1978,1418771,128x,300ms,25,64,1,0,0,0,0,1,0,0,0,0,2
2026-09-14T20:32:25.386679+00:00,1979,1419489,128x,300ms,25,64,1,0,0,0,0,1,0,0,0,0,3
2026-09-14T20:32:26.106760+00:00,1980,1420207,128x,300ms,25,64,1,0,0,0,0,1,0,0,0,0,2
2026-09-14T20:32:26.819201+00:00,1981,1420924,128x,300ms,25,64,0,0,0,0,0,1,0,0,0,0,2
2026-09-14T20:32:27.538022+00:00,1982,1421641,128x,300ms,25,64,0,0,0,0,0,1,0,0,0,0,2
2026-09-14T20:32:28.250321+00:00,1983,1422358,128x,300ms,25,64,0,0,0,0,0,1,0,0,0,0,2
2026-09-14T20:32:28.970462+00:00,1984,1423076,128x,300ms,25,64,0,0,0,0,0,1,0,0,0,0,2
2026-09-14T20:32:29.690411+00:00,1985,1423793,128x,300ms,25,64,0,0,0,0,0,1,0,0,0,0,3
2026-09-14T20:32:30.402798+00:00,1986,1424510,128x,300ms,25,64,1,0,0,0,0,1,0,0,0,0,2
2026-09-14T20:32:31.122922+00:00,1987,1425227,128x,300ms,25,64,1,0,0,0,0,1,0,0,0,0,2
2026-09-14T20:32:31.835217+00:00,1988,1425945,128x,300ms,25,64,1,0,0,0,0,1,0,0,0,0,2
2026-09-14T20:32:32.554277+00:00,1989,1426663,128x,300ms,25,64,1,0,0,0,0,1,0,0,0,0,2
2026-09-14T20:32:33.273400+00:00,1990,1427381,128x,300ms,25,64,1,0,0,0,0,1,0,0,0,0,2
2026-09-14T20:32:33.987208+00:00,1991,1428099,128x,300ms,25,64,0,0,0,0,0,1,0,0,0,0,2
2026-09-14T20:32:34.706739+00:00,1992,1428815,128x,300ms,25,64,0,0,0,0,0,1,0,0,0,0,2
2026-09-14T20:32:35.419222+00:00,1993,1429532,128x,300ms,25,64,0,0,0,0,0,1,0,0,0,0,2
2026-09-14T20:32:36.146421+00:00,1994,1430250,128x,300ms,25,64,0,0,0,0,0,1,0,0,0,0,3
2026-09-14T20:32:36.858054+00:00,1995,1430967,128x,300ms,25,64,0,0,0,0,0,1,0,0,0,0,2
2026-09-14T20:32:37.578618+00:00,1996,1431684,128x,300ms,25,64,1,0,0,0,0,1,0,0,0,0,3
2026-09-14T20:32:38.290399+00:00,1997,1432401,128x,300ms,25,64,1,0,0,0,0,1,0,0,0,0,3
2026-09-14T20:32:39.011090+00:00,1998,1433119,128x,300ms,25,64,1,0,0,0,0,1,0,0,0,0,2
2026-09-14T20:32:39.730705+00:00,1999,1433837,128x,300ms,25,64,1,0,0,0,0,1,0,0,0,0,2
2026-09-14T20:32:40.443487+00:00,2000,1434555,128x,300ms,25,64,1,0,0,0,0,1,0,0,0,0,2
2026-09-14T20:32:41.163506+00:00,2001,1435273,128x,300ms,25,64,0,0,0,0,0,1,0,0,0,0,3
2026-09-14T20:32:41.874748+00:00,2002,1435990,128x,300ms,25,64,0,0,0,0,0,1,0,0,0,0,2
2026-09-14T20:32:42.594381+00:00,2003,1436706,128x,300ms,25,64,0,0,0,0,0,1,0,0,0,0,3
2026-09-14T20:32:43.313495+00:00,2004,1437424,128x,300ms,25,64,0,0,0,0,0,1,0,0,0,0,2
2026-09-14T20:32:44.027290+00:00,2005,1438141,128x,300ms,25,64,0,0,0,0,0,1,0,0,0,0,2
2026-09-14T20:32:44.746897+00:00,2006,1438858,128x,300ms,25,64,1,0,0,0,0,1,0,0,0,0,2
2026-09-14T20:32:45.467205+00:00,2007,1439576,128x,300ms,25,64,1,0,0,0,0,1,0,0,0,0,2
2026-09-14T20:32:46.186443+00:00,2008,1440293,128x,300ms,25,64,1,0,0,0,0,1,0,0,0,0,2
2026-09-14T20:32:46.899262+00:00,2009,1441011,128x,300ms,25,64,1,0,0,0,0,1,0,0,0,0,3
2026-09-14T20:32:47.619196+00:00,2010,1441729,128x,300ms,25,64,1,0,0,0,0,1,0,0,0,0,2
2026-09-14T20:32:48.330728+00:00,2011,1442447,128x,300ms,25,64,0,0,0,0,0,1,0,0,0,0,2
2026-09-14T20:32:49.050684+00:00,2012,1443164,128x,300ms,25,64,0,0,0,0,0,1,0,0,0,0,3
2026-09-14T20:32:49.770472+00:00,2013,1443880,128x,300ms,25,64,0,0,0,0,0,1,0,0,0,0,2
2026-09-14T20:32:50.483125+00:00,2014,1444597,128x,300ms,25,64,0,0,0,0,0,1,0,0,0,0,2
2026-09-14T20:32:51.202594+00:00,2015,1445315,128x,300ms,25,64,0,0,0,0,0,1,0,0,0,0,2
2026-09-14T20:32:51.915169+00:00,2016,1446032,128x,300ms,25,64,1,0,0,0,0,1,0,0,0,0,2
2026-09-14T20:32:52.635546+00:00,2017,1446750,128x,300ms,25,64,1,0,0,0,0,1,0,0,0,0,3
2026-09-14T20:32:53.353887+00:00,2018,1447468,128x,300ms,25,64,1,0,0,0,0,1,0,0,0,0,2
2026-09-14T20:32:54.066359+00:00,2019,1448185,128x,300ms,25,64,1,0,0,0,0,1,0,0,0,0,2
2026-09-14T20:32:54.786968+00:00,2020,1448902,128x,300ms,25,64,1,0,0,0,0,1,0,0,0,0,2
2026-09-14T20:32:55.506713+00:00,2021,1449620,128x,300ms,25,64,0,0,0,0,0,1,0,0,0,0,2
2026-09-14T20:32:56.219503+00:00,2022,1450338,128x,300ms,25,64,0,0,0,0,0,1,0,0,0,0,2
2026-09-14T20:32:56.938931+00:00,2023,1451055,128x,300ms,25,64,0,0,0,0,0,1,0,0,0,0,2
2026-09-14T20:32:57.659431+00:00,2024,1451771,128x,300ms,25,64,0,0,0,0,0,1,0,0,0,0,3
2026-09-14T20:32:58.371789+00:00,2025,1452489,128x,300ms,25,64,0,0,0,0,0,1,0,0,0,0,3
2026-09-14T20:32:59.090284+00:00,2026,1453206,128x,300ms,25,64,1,0,0,0,0,1,0,0,0,0,2
2026-09-14T20:32:59.810666+00:00,2027,1453924,128x,300ms,25,64,1,0,0,0,0,1,0,0,0,0,2
2026-09-14T20:33:00.521059+00:00,2028,1454642,128x,300ms,25,64,1,0,0,0,0,1,0,0,0,0,2
2026-09-14T20:33:01.242348+00:00,2029,1455360,128x,300ms,25,64,1,0,0,0,0,1,0,0,0,0,2
2026-09-14T20:33:01.962298+00:00,2030,1456076,128x,300ms,25,64,1,0,0,0,0,1,0,0,0,0,2
2026-09-14T20:33:02.676354+00:00,2031,1456794,128x,300ms,25,64,0,0,0,0,0,1,0,0,0,0,2
2026-09-14T20:33:03.388617+00:00,2032,1457511,128x,300ms,25,64,0,0,0,0,0,1,0,0,0,0,2
2026-09-14T20:33:04.108062+00:00,2033,1458229,128x,300ms,25,64,0,0,0,0,0,1,0,0,0,0,2
2026-09-14T20:33:04.828153+00:00,2034,1458946,128x,300ms,25,64,0,0,0,0,0,1,0,0,0,0,2
2026-09-14T20:33:05.540936+00:00,2035,1459662,128x,300ms,25,64,0,0,0,0,0,1,0,0,0,0,2
2026-09-14T20:33:06.260909+00:00,2036,1460380,128x,300ms,25,64,1,0,0,0,0,1,0,0,0,0,2
2026-09-14T20:33:06.980163+00:00,2037,1461098,128x,300ms,25,64,1,0,0,0,0,1,0,0,0,0,2
2026-09-14T20:33:07.701038+00:00,2038,1461815,128x,300ms,25,64,1,0,0,0,0,1,0,0,0,0,2
2026-09-14T20:33:08.413330+00:00,2039,1462533,128x,300ms,25,64,1,0,0,0,0,1,0,0,0,0,2
2026-09-14T20:33:09.132165+00:00,2040,1463250,128x,300ms,25,64,1,0,0,0,0,1,0,0,0,0,2
2026-09-14T20:33:09.844987+00:00,2041,1463968,128x,300ms,25,64,0,0,0,0,0,1,0,0,0,0,3
2026-09-14T20:33:10.564745+00:00,2042,1464685,128x,300ms,25,64,0,0,0,0,0,1,0,0,0,0,3
2026-09-14T20:33:11.278101+00:00,2043,1465403,128x,300ms,25,64,0,0,0,0,0,1,0,0,0,0,2
2026-09-14T20:33:12.091892+00:00,2044,1466120,128x,300ms,25,64,0,0,0,0,0,1,0,0,0,0,2
2026-09-14T20:33:12.718211+00:00,2045,1466836,128x,300ms,25,64,0,0,0,0,0,1,0,0,0,0,3
2026-09-14T20:33:13.429393+00:00,2046,1467553,128x,300ms,25,64,1,0,0,0,0,1,0,0,0,0,3
2026-09-14T20:33:14.145458+00:00,2047,1468271,128x,300ms,25,64,1,0,0,0,0,1,0,0,0,0,3
2026-09-14T20:33:14.868432+00:00,2048,1468989,128x,300ms,25,64,1,0,0,0,0,1,0,0,0,0,2
2026-09-14T20:33:15.581303+00:00,2049,1469707,128x,300ms,25,64,1,0,0,0,0,1,0,0,0,0,2
2026-09-14T20:33:16.300606+00:00,2050,1470425,128x,300ms,25,64,1,0,0,0,0,1,0,0,0,0,2
2026-09-14T20:33:17.012719+00:00,2051,1471142,128x,300ms,25,64,0,0,0,0,0,1,0,0,0,0,2
2026-09-14T20:33:17.732798+00:00,2052,1471859,128x,300ms,25,64,0,0,0,0,0,1,0,0,0,0,2
2026-09-14T20:33:18.453347+00:00,2053,1472576,128x,300ms,25,64,0,0,0,0,0,1,0,0,0,0,2
2026-09-14T20:33:19.164743+00:00,2054,1473294,128x,300ms,25,64,0,0,0,0,0,1,0,0,0,0,2
2026-09-14T20:33:19.884961+00:00,2055,1474011,128x,300ms,25,64,0,0,0,0,0,1,0,0,0,0,2
2026-09-14T20:33:20.605557+00:00,2056,1474727,128x,300ms,25,64,1,0,0,0,0,1,0,0,0,0,2
2026-09-14T20:33:21.324536+00:00,2057,1475445,128x,300ms,25,64,1,0,0,0,0,1,0,0,0,0,2
2026-09-14T20:33:22.036867+00:00,2058,1476163,128x,300ms,25,64,1,0,0,0,0,1,0,0,0,0,2
2026-09-14T20:33:22.757270+00:00,2059,1476881,128x,300ms,25,64,1,0,0,0,0,1,0,0,0,0,2
2026-09-14T20:33:23.469030+00:00,2060,1477599,128x,300ms,25,64,1,0,0,0,0,1,0,0,0,0,2
2026-09-14T20:33:24.188629+00:00,2061,1478317,128x,300ms,25,64,0,0,0,0,0,1,0,0,0,0,2
2026-09-14T20:33:24.908873+00:00,2062,1479033,128x,300ms,25,64,0,0,0,0,0,1,0,0,0,0,2
2026-09-14T20:33:25.620444+00:00,2063,1479750,128x,300ms,25,64,0,0,0,0,0,1,0,0,0,0,2
2026-09-14T20:33:26.340816+00:00,2064,1480467,128x,300ms,25,64,0,0,0,0,0,1,0,0,0,0,2
2026-09-14T20:33:27.053412+00:00,2065,1481185,128x,300ms,25,64,0,0,0,0,0,1,0,0,0,0,2
2026-09-14T20:33:27.772432+00:00,2066,1481902,128x,300ms,25,64,1,0,0,0,0,1,0,0,0,0,3
2026-09-14T20:33:28.492870+00:00,2067,1482619,128x,300ms,25,64,1,0,0,0,0,1,0,0,0,0,3
2026-09-14T20:33:29.209380+00:00,2068,1483337,128x,300ms,25,64,1,0,0,0,0,1,0,0,0,0,2
2026-09-14T20:33:29.928573+00:00,2069,1484055,128x,300ms,25,64,1,0,0,0,0,1,0,0,0,0,3
2026-09-14T20:33:30.641129+00:00,2070,1484772,128x,300ms,25,64,1,0,0,0,0,1,0,0,0,0,2
2026-09-14T20:33:31.361611+00:00,2071,1485490,128x,300ms,25,64,0,0,0,0,0,1,0,0,0,0,2
2026-09-14T20:33:32.073910+00:00,2072,1486206,128x,300ms,25,64,0,0,0,0,0,1,0,0,0,0,2
2026-09-14T20:33:32.793608+00:00,2073,1486924,128x,300ms,25,64,0,0,0,0,0,1,0,0,0,0,2
2026-09-14T20:33:33.511877+00:00,2074,1487641,128x,300ms,25,64,0,0,0,0,0,1,0,0,0,0,2
2026-09-14T20:33:34.224827+00:00,2075,1488359,128x,300ms,25,64,0,0,0,0,0,1,0,0,0,0,2
2026-09-14T20:33:34.945434+00:00,2076,1489076,128x,300ms,25,64,1,0,0,0,0,1,0,0,0,0,2
2026-09-14T20:33:35.666084+00:00,2077,1489794,128x,300ms,25,64,1,0,0,0,0,1,0,0,0,0,2
2026-09-14T20:33:36.377684+00:00,2078,1490510,128x,300ms,25,64,1,0,0,0,0,1,0,0,0,0,2
2026-09-14T20:33:37.097747+00:00,2079,1491229,128x,300ms,25,64,1,0,0,0,0,1,0,0,0,0,2
2026-09-14T20:33:37.808962+00:00,2080,1491946,128x,300ms,25,64,1,0,0,0,0,1,0,0,0,0,2
2026-09-14T20:33:38.527652+00:00,2081,1492664,128x,300ms,25,64,0,0,0,0,0,1,0,0,0,0,2
2026-09-14T20:33:39.249934+00:00,2082,1493381,128x,300ms,25,64,0,0,0,0,0,1,0,0,0,0,3
2026-09-14T20:33:39.961733+00:00,2083,1494098,128x,300ms,25,64,0,0,0,0,0,1,0,0,0,0,2
2026-09-14T20:33:40.681529+00:00,2084,1494815,128x,300ms,25,64,0,0,0,0,0,1,0,0,0,0,2
2026-09-14T20:33:41.400608+00:00,2085,1495532,128x,300ms,25,64,0,0,0,0,0,1,0,0,0,0,2
2026-09-14T20:33:42.119891+00:00,2086,1496250,128x,300ms,25,64,1,0,0,0,0,1,0,0,0,0,2
2026-09-14T20:33:42.832945+00:00,2087,1496968,128x,300ms,25,64,1,0,0,0,0,1,0,0,0,0,2
2026-09-14T20:33:43.553325+00:00,2088,1497684,128x,300ms,25,64,1,0,0,0,0,1,0,0,0,0,2
2026-09-14T20:33:44.265116+00:00,2089,1498402,128x,300ms,25,64,1,0,0,0,0,1,0,0,0,0,2
2026-09-14T20:33:44.984909+00:00,2090,1499120,128x,300ms,25,64,1,0,0,0,0,1,0,0,0,0,2
2026-09-14T20:33:45.704994+00:00,2091,1499838,128x,300ms,25,64,0,0,0,0,0,1,0,0,0,0,2
2026-09-14T20:33:46.417495+00:00,2092,1500555,128x,300ms,25,64,0,0,0,0,0,1,0,0,0,0,2
2026-09-14T20:33:47.137396+00:00,2093,1501273,128x,300ms,25,64,0,0,0,0,0,1,0,0,0,0,2
2026-09-14T20:33:47.848512+00:00,2094,1501989,128x,300ms,25,64,0,0,0,0,0,1,0,0,0,0,2
2026-09-14T20:33:48.569806+00:00,2095,1502706,128x,300ms,25,64,0,0,0,0,0,1,0,0,0,0,2
2026-09-14T20:33:49.289058+00:00,2096,1503423,128x,300ms,25,64,1,0,0,0,0,1,0,0,0,0,3
2026-09-14T20:33:50.009463+00:00,2097,1504141,128x,300ms,25,64,1,0,0,0,0,1,0,0,0,0,2
2026-09-14T20:33:50.720913+00:00,2098,1504859,128x,300ms,25,64,1,0,0,0,0,1,0,0,0,0,3
2026-09-14T20:33:51.440234+00:00,2099,1505576,128x,300ms,25,64,1,0,0,0,0,1,0,0,0,0,2
2026-09-14T20:33:52.161624+00:00,2100,1506294,128x,300ms,25,64,1,0,0,0,0,1,0,0,0,0,3
2026-09-14T20:33:52.872965+00:00,2101,1507012,128x,300ms,25,64,0,0,0,0,0,1,0,0,0,0,2
2026-09-14T20:33:53.593834+00:00,2102,1507729,128x,300ms,25,64,0,0,0,0,0,1,0,0,0,0,2
2026-09-14T20:33:54.305221+00:00,2103,1508446,128x,300ms,25,64,0,0,0,0,0,1,0,0,0,0,2
2026-09-14T20:33:55.025336+00:00,2104,1509164,128x,300ms,25,64,0,0,0,0,0,1,0,0,0,0,2
2026-09-14T20:33:55.745346+00:00,2105,1509880,128x,300ms,25,64,0,0,0,0,0,1,0,0,0,0,3
2026-09-14T20:33:56.457603+00:00,2106,1510597,128x,300ms,25,64,1,0,0,0,0,1,0,0,0,0,2
2026-09-14T20:33:57.178029+00:00,2107,1511315,128x,300ms,25,64,1,0,0,0,0,1,0,0,0,0,3
2026-09-14T20:33:57.889131+00:00,2108,1512033,128x,300ms,25,64,1,0,0,0,0,1,0,0,0,0,2
2026-09-14T20:33:58.609378+00:00,2109,1512751,128x,300ms,25,64,1,0,0,0,0,1,0,0,0,0,3
2026-09-14T20:33:59.322268+00:00,2110,1513468,128x,300ms,25,64,1,0,0,0,0,1,0,0,0,0,2
2026-09-14T20:34:00.041077+00:00,2111,1514185,128x,300ms,25,64,0,0,0,0,0,1,0,0,0,0,2
2026-09-14T20:34:00.759911+00:00,2112,1514903,128x,300ms,25,64,0,0,0,0,0,1,0,0,0,0,2
2026-09-14T20:34:01.480279+00:00,2113,1515620,128x,300ms,25,64,0,0,0,0,0,1,0,0,0,0,2
2026-09-14T20:34:02.190539+00:00,2114,1516338,128x,300ms,25,64,0,0,0,0,0,1,0,0,0,0,2
2026-09-14T20:34:02.912071+00:00,2115,1517054,128x,300ms,25,64,0,0,0,0,0,1,0,0,0,0,2
2026-09-14T20:34:03.632027+00:00,2116,1517771,128x,300ms,25,64,1,0,0,0,0,1,0,0,0,0,2
2026-09-14T20:34:04.344723+00:00,2117,1518489,128x,300ms,25,64,1,0,0,0,0,1,0,0,0,0,3
2026-09-14T20:34:05.063947+00:00,2118,1519207,128x,300ms,25,64,1,0,0,0,0,1,0,0,0,0,2
2026-09-14T20:34:05.784439+00:00,2119,1519925,128x,300ms,25,64,1,0,0,0,0,1,0,0,0,0,2
2026-09-14T20:34:06.496254+00:00,2120,1520643,128x,300ms,25,64,1,0,0,0,0,1,0,0,0,0,2
2026-09-14T20:34:07.215826+00:00,2121,1521359,128x,300ms,25,64,0,0,0,0,0,1,0,0,0,0,2
2026-09-14T20:34:07.928411+00:00,2122,1522077,128x,300ms,25,64,0,0,0,0,0,1,0,0,0,0,2
2026-09-14T20:34:08.646740+00:00,2123,1522794,128x,300ms,25,64,0,0,0,0,0,1,0,0,0,0,2
2026-09-14T20:34:09.368049+00:00,2124,1523511,128x,300ms,25,64,0,0,0,0,0,1,0,0,0,0,2
2026-09-14T20:34:10.080407+00:00,2125,1524229,128x,300ms,25,64,0,0,0,0,0,1,0,0,0,0,2
2026-09-14T20:34:10.800481+00:00,2126,1524945,128x,300ms,25,64,1,0,0,0,0,1,0,0,0,0,2
2026-09-14T20:34:11.519045+00:00,2127,1525663,128x,300ms,25,64,1,0,0,0,0,1,0,0,0,0,2
2026-09-14T20:34:12.240052+00:00,2128,1526381,128x,300ms,25,64,1,0,0,0,0,1,0,0,0,0,3
2026-09-14T20:34:12.952015+00:00,2129,1527099,128x,300ms,25,64,1,0,0,0,0,1,0,0,0,0,2
2026-09-14T20:34:13.671997+00:00,2130,1527817,128x,300ms,25,64,1,0,0,0,0,1,0,0,0,0,2
2026-09-14T20:34:14.384276+00:00,2131,1528534,128x,300ms,25,64,0,0,0,0,0,1,0,0,0,0,2
2026-09-14T20:34:15.104862+00:00,2132,1529251,128x,300ms,25,64,0,0,0,0,0,1,0,0,0,0,2
2026-09-14T20:34:15.824643+00:00,2133,1529968,128x,300ms,25,64,0,0,0,0,0,1,0,0,0,0,2
2026-09-14T20:34:16.536514+00:00,2134,1530685,128x,300ms,25,64,0,0,0,0,0,1,0,0,0,0,2
2026-09-14T20:34:17.256015+00:00,2135,1531402,128x,300ms,25,64,0,0,0,0,0,1,0,0,0,0,2
2026-09-14T20:34:17.976270+00:00,2136,1532120,128x,300ms,25,64,1,0,0,0,0,1,0,0,0,0,2
2026-09-14T20:34:18.688156+00:00,2137,1532837,128x,300ms,25,64,1,0,0,0,0,1,0,0,0,0,2
2026-09-14T20:34:19.408169+00:00,2138,1533555,128x,300ms,25,64,1,0,0,0,0,1,0,0,0,0,2
2026-09-14T20:34:20.121104+00:00,2139,1534272,128x,300ms,25,64,1,0,0,0,0,1,0,0,0,0,2
2026-09-14T20:34:20.840209+00:00,2140,1534990,128x,300ms,25,64,1,0,0,0,0,1,0,0,0,0,2
2026-09-14T20:34:21.552911+00:00,2141,1535708,128x,300ms,25,64,0,0,0,0,0,1,0,0,0,0,2
2026-09-14T20:34:22.272014+00:00,2142,1536424,128x,300ms,25,64,0,0,0,0,0,1,0,0,0,0,2
2026-09-14T20:34:22.992313+00:00,2143,1537142,128x,300ms,25,64,0,0,0,0,0,1,0,0,0,0,2
2026-09-14T20:34:23.704222+00:00,2144,1537859,128x,300ms,25,64,0,0,0,0,0,1,0,0,0,0,2
2026-09-14T20:34:24.424176+00:00,2145,1538576,128x,300ms,25,64,0,0,0,0,0,1,0,0,0,0,2
2026-09-14T20:34:25.144587+00:00,2146,1539294,128x,300ms,25,64,1,0,0,0,0,1,0,0,0,0,2
2026-09-14T20:34:25.863719+00:00,2147,1540011,128x,300ms,25,64,1,0,0,0,0,1,0,0,0,0,2
2026-09-14T20:34:26.575672+00:00,2148,1540729,128x,300ms,25,64,1,0,0,0,0,1,0,0,0,0,2
2026-09-14T20:34:27.295256+00:00,2149,1541446,128x,300ms,25,64,1,0,0,0,0,1,0,0,0,0,2
2026-09-14T20:34:28.008190+00:00,2150,1542164,128x,300ms,25,64,1,0,0,0,0,1,0,0,0,0,2
2026-09-14T20:34:28.727987+00:00,2151,1542882,128x,300ms,25,64,0,0,0,0,0,1,0,0,0,0,2
2026-09-14T20:34:29.448205+00:00,2152,1543599,128x,300ms,25,64,0,0,0,0,0,1,0,0,0,0,2
2026-09-14T20:34:30.160847+00:00,2153,1544316,128x,300ms,25,64,0,0,0,0,0,1,0,0,0,0,2
2026-09-14T20:34:30.879791+00:00,2154,1545033,128x,300ms,25,64,0,0,0,0,0,1,0,0,0,0,2
2026-09-14T20:34:31.599681+00:00,2155,1545750,128x,300ms,25,64,0,0,0,0,0,1,0,0,0,0,2
2026-09-14T20:34:32.310484+00:00,2156,1546468,128x,300ms,25,64,1,0,0,0,0,1,0,0,0,0,2
2026-09-14T20:34:33.032533+00:00,2157,1547185,128x,300ms,25,64,1,0,0,0,0,1,0,0,0,0,2
2026-09-14T20:34:33.752094+00:00,2158,1547902,128x,300ms,25,64,1,0,0,0,0,1,0,0,0,0,2
2026-09-14T20:34:34.472524+00:00,2159,1548620,128x,300ms,25,64,1,0,0,0,0,1,0,0,0,0,2
2026-09-14T20:34:35.184441+00:00,2160,1549338,128x,300ms,25,64,1,0,0,0,0,1,0,0,0,0,2
2026-09-14T20:34:35.903648+00:00,2161,1550056,128x,300ms,25,64,0,0,0,0,0,1,0,0,0,0,2
2026-09-14T20:34:36.615730+00:00,2162,1550773,128x,300ms,25,64,0,0,0,0,0,1,0,0,0,0,2
2026-09-14T20:34:37.335693+00:00,2163,1551490,128x,300ms,25,64,0,0,0,0,0,1,0,0,0,0,2
2026-09-14T20:34:38.048795+00:00,2164,1552207,128x,300ms,25,64,0,0,0,0,0,1,0,0,0,0,2
2026-09-14T20:34:38.767668+00:00,2165,1552924,128x,300ms,25,64,0,0,0,0,0,1,0,0,0,0,2
2026-09-14T20:34:39.488271+00:00,2166,1553641,128x,300ms,25,64,1,0,0,0,0,1,0,0,0,0,2
2026-09-14T20:34:40.200620+00:00,2167,1554359,128x,300ms,25,64,1,0,0,0,0,1,0,0,0,0,2
2026-09-14T20:34:40.918974+00:00,2168,1555077,128x,300ms,25,64,1,0,0,0,0,1,0,0,0,0,2
2026-09-14T20:34:41.639680+00:00,2169,1555794,128x,300ms,25,64,1,0,0,0,0,1,0,0,0,0,3
2026-09-14T20:34:42.352263+00:00,2170,1556512,128x,300ms,25,64,1,0,0,0,0,1,0,0,0,0,2
2026-09-14T20:34:43.065962+00:00,2171,1557229,128x,300ms,25,64,0,0,0,0,0,1,0,0,0,0,2
2026-09-14T20:34:43.785558+00:00,2172,1557947,128x,300ms,25,64,0,0,0,0,0,1,0,0,0,0,2
2026-09-14T20:34:44.504203+00:00,2173,1558664,128x,300ms,25,64,0,0,0,0,0,1,0,0,0,0,2
2026-09-14T20:34:45.226181+00:00,2174,1559382,128x,300ms,25,64,0,0,0,0,0,1,0,0,0,0,3
2026-09-14T20:34:45.937441+00:00,2175,1560098,128x,300ms,25,64,0,0,0,0,0,1,0,0,0,0,2
2026-09-14T20:34:46.657054+00:00,2176,1560815,128x,300ms,25,64,1,0,0,0,0,1,0,0,0,0,2
2026-09-14T20:34:47.376987+00:00,2177,1561533,128x,300ms,25,64,1,0,0,0,0,1,0,0,0,0,3
2026-09-14T20:34:48.089527+00:00,2178,1562251,128x,300ms,25,64,1,0,0,0,0,1,0,0,0,0,2
2026-09-14T20:34:48.809099+00:00,2179,1562969,128x,300ms,25,64,1,0,0,0,0,1,0,0,0,0,2
2026-09-14T20:34:49.529792+00:00,2180,1563686,128x,300ms,25,64,1,0,0,0,0,1,0,0,0,0,2
2026-09-14T20:34:50.241279+00:00,2181,1564403,128x,300ms,25,64,0,0,0,0,0,1,0,0,0,0,2
2026-09-14T20:34:50.962174+00:00,2182,1565121,128x,300ms,25,64,0,0,0,0,0,1,0,0,0,0,2
2026-09-14T20:34:51.673713+00:00,2183,1565838,128x,300ms,25,64,0,0,0,0,0,1,0,0,0,0,3
2026-09-14T20:34:52.393229+00:00,2184,1566555,128x,300ms,25,64,0,0,0,0,0,1,0,0,0,0,3
2026-09-14T20:34:53.114236+00:00,2185,1567272,128x,300ms,25,64,0,0,0,0,0,1,0,0,0,0,2
2026-09-14T20:34:53.825838+00:00,2186,1567989,128x,300ms,25,64,1,0,0,0,0,1,0,0,0,0,2
2026-09-14T20:34:54.545362+00:00,2187,1568707,128x,300ms,25,64,1,0,0,0,0,1,0,0,0,0,2
2026-09-14T20:34:55.265042+00:00,2188,1569425,128x,300ms,25,64,1,0,0,0,0,1,0,0,0,0,2
2026-09-14T20:34:55.977761+00:00,2189,1570142,128x,300ms,25,64,1,0,0,0,0,1,0,0,0,0,2
2026-09-14T20:34:56.697974+00:00,2190,1570861,128x,300ms,25,64,1,0,0,0,0,1,0,0,0,0,2
2026-09-14T20:34:57.417072+00:00,2191,1571577,128x,300ms,25,64,0,0,0,0,0,1,0,0,0,0,3
2026-09-14T20:34:58.129153+00:00,2192,1572295,128x,300ms,25,64,0,0,0,0,0,1,0,0,0,0,2
2026-09-14T20:34:58.849559+00:00,2193,1573012,128x,300ms,25,64,0,0,0,0,0,1,0,0,0,0,2
2026-09-14T20:34:59.561731+00:00,2194,1573729,128x,300ms,25,64,0,0,0,0,0,1,0,0,0,0,2
2026-09-14T20:35:00.280287+00:00,2195,1574447,128x,300ms,25,64,0,0,0,0,0,1,0,0,0,0,2
2026-09-14T20:35:01.000904+00:00,2196,1575163,128x,300ms,25,64,1,0,0,0,0,1,0,0,0,0,2
2026-09-14T20:35:01.712841+00:00,2197,1575881,128x,300ms,25,64,1,0,0,0,0,1,0,0,0,0,3
2026-09-14T20:35:02.433904+00:00,2198,1576599,128x,300ms,25,64,1,0,0,0,0,1,0,0,0,0,2
2026-09-14T20:35:03.145722+00:00,2199,1577316,128x,300ms,25,64,1,0,0,0,0,1,0,0,0,0,2
2026-09-14T20:35:03.864756+00:00,2200,1578035,128x,300ms,25,64,1,0,0,0,0,1,0,0,0,0,2
2026-09-14T20:35:04.584850+00:00,2201,1578752,128x,300ms,25,64,0,0,0,0,0,1,0,0,0,0,2
2026-09-14T20:35:05.297937+00:00,2202,1579469,128x,300ms,25,64,0,0,0,0,0,1,0,0,0,0,2
2026-09-14T20:35:06.017957+00:00,2203,1580186,128x,300ms,25,64,0,0,0,0,0,1,0,0,0,0,2
2026-09-14T20:35:06.737004+00:00,2204,1580903,128x,300ms,25,64,0,0,0,0,0,1,0,0,0,0,2
2026-09-14T20:35:07.448909+00:00,2205,1581621,128x,300ms,25,64,0,0,0,0,0,1,0,0,0,0,2
2026-09-14T20:35:08.170142+00:00,2206,1582338,128x,300ms,25,64,1,0,0,0,0,1,0,0,0,0,3
2026-09-14T20:35:08.889778+00:00,2207,1583055,128x,300ms,25,64,1,0,0,0,0,1,0,0,0,0,2
2026-09-14T20:35:09.609948+00:00,2208,1583773,128x,300ms,25,64,1,0,0,0,0,1,0,0,0,0,2
2026-09-14T20:35:10.321549+00:00,2209,1584490,128x,300ms,25,64,1,0,0,0,0,1,0,0,0,0,2
2026-09-14T20:35:11.040911+00:00,2210,1585208,128x,300ms,25,64,1,0,0,0,0,1,0,0,0,0,3
2026-09-14T20:35:11.753084+00:00,2211,1585926,128x,300ms,25,64,0,0,0,0,0,1,0,0,0,0,2
2026-09-14T20:35:12.472849+00:00,2212,1586643,128x,300ms,25,64,0,0,0,0,0,1,0,0,0,0,2
2026-09-14T20:35:13.192785+00:00,2213,1587360,128x,300ms,25,64,0,0,0,0,0,1,0,0,0,0,2
2026-09-14T20:35:13.905663+00:00,2214,1588077,128x,300ms,25,64,0,0,0,0,0,1,0,0,0,0,2
2026-09-14T20:35:14.625966+00:00,2215,1588794,128x,300ms,25,64,0,0,0,0,0,1,0,0,0,0,2
2026-09-14T20:35:15.338030+00:00,2216,1589512,128x,300ms,25,64,1,0,0,0,0,1,0,0,0,0,2
2026-09-14T20:35:16.057697+00:00,2217,1590228,128x,300ms,25,64,1,0,0,0,0,1,0,0,0,0,2
2026-09-14T20:35:16.777152+00:00,2218,1590947,128x,300ms,25,64,1,0,0,0,0,1,0,0,0,0,3
2026-09-14T20:35:17.497306+00:00,2219,1591664,128x,300ms,25,64,1,0,0,0,0,1,0,0,0,0,2
2026-09-14T20:35:18.210006+00:00,2220,1592382,128x,300ms,25,64,1,0,0,0,0,1,0,0,0,0,3
2026-09-14T20:35:18.928969+00:00,2221,1593100,128x,300ms,25,64,0,0,0,0,0,1,0,0,0,0,2
2026-09-14T20:35:19.649853+00:00,2222,1593817,128x,300ms,25,64,0,0,0,0,0,1,0,0,0,0,3
2026-09-14T20:35:20.361804+00:00,2223,1594534,128x,300ms,25,64,0,0,0,0,0,1,0,0,0,0,3
2026-09-14T20:35:21.080753+00:00,2224,1595251,128x,300ms,25,64,0,0,0,0,0,1,0,0,0,0,2
2026-09-14T20:35:21.793911+00:00,2225,1595968,128x,300ms,25,64,0,0,0,0,0,1,0,0,0,0,3
2026-09-14T20:35:22.513641+00:00,2226,1596686,128x,300ms,25,64,1,0,0,0,0,1,0,0,0,0,2
2026-09-14T20:35:23.225906+00:00,2227,1597403,128x,300ms,25,64,1,0,0,0,0,1,0,0,0,0,2
2026-09-14T20:35:23.945538+00:00,2228,1598120,128x,300ms,25,64,1,0,0,0,0,1,0,0,0,0,3
2026-09-14T20:35:24.665229+00:00,2229,1598838,128x,300ms,25,64,1,0,0,0,0,1,0,0,0,0,2
2026-09-14T20:35:25.380895+00:00,2230,1599556,128x,300ms,25,64,1,0,0,0,0,1,0,0,0,0,2
2026-09-14T20:35:26.096962+00:00,2231,1600274,128x,300ms,25,64,0,0,0,0,0,1,0,0,0,0,2
2026-09-14T20:35:26.816479+00:00,2232,1600991,128x,300ms,25,64,0,0,0,0,0,1,0,0,0,0,2
2026-09-14T20:35:27.529455+00:00,2233,1601708,128x,300ms,25,64,0,0,0,0,0,1,0,0,0,0,2
2026-09-14T20:35:28.248892+00:00,2234,1602425,128x,300ms,25,64,0,0,0,0,0,1,0,0,0,0,2
2026-09-14T20:35:28.969541+00:00,2235,1603142,128x,300ms,25,64,0,0,0,0,0,1,0,0,0,0,2
2026-09-14T20:35:29.689778+00:00,2236,1603859,128x,300ms,25,64,1,0,0,0,0,1,0,0,0,0,2
2026-09-14T20:35:30.400811+00:00,2237,1604578,128x,300ms,25,64,1,0,0,0,0,1,0,0,0,0,2
2026-09-14T20:35:31.121876+00:00,2238,1605295,128x,300ms,25,64,1,0,0,0,0,1,0,0,0,0,2
2026-09-14T20:35:31.833437+00:00,2239,1606012,128x,300ms,25,64,1,0,0,0,0,1,0,0,0,0,3
2026-09-14T20:35:32.553322+00:00,2240,1606730,128x,300ms,25,64,1,0,0,0,0,1,0,0,0,0,2
2026-09-14T20:35:33.272835+00:00,2241,1607448,128x,300ms,25,64,0,0,0,0,0,1,0,0,0,0,2
2026-09-14T20:35:33.984542+00:00,2242,1608165,128x,300ms,25,64,0,0,0,0,0,1,0,0,0,0,3
2026-09-14T20:35:34.705170+00:00,2243,1608883,128x,300ms,25,64,0,0,0,0,0,1,0,0,0,0,2
2026-09-14T20:35:35.417630+00:00,2244,1609600,128x,300ms,25,64,0,0,0,0,0,1,0,0,0,0,2
2026-09-14T20:35:36.136972+00:00,2245,1610316,128x,300ms,25,64,0,0,0,0,0,1,0,0,0,0,2
2026-09-14T20:35:36.857916+00:00,2246,1611033,128x,300ms,25,64,1,0,0,0,0,1,0,0,0,0,3
2026-09-14T20:35:37.569482+00:00,2247,1611751,128x,300ms,25,64,1,0,0,0,0,1,0,0,0,0,2
2026-09-14T20:35:38.288976+00:00,2248,1612469,128x,300ms,25,64,1,0,0,0,0,1,0,0,0,0,2
2026-09-14T20:35:39.009210+00:00,2249,1613187,128x,300ms,25,64,1,0,0,0,0,1,0,0,0,0,2
2026-09-14T20:35:39.722119+00:00,2250,1613904,128x,300ms,25,64,1,0,0,0,0,1,0,0,0,0,2
2026-09-14T20:35:40.441311+00:00,2251,1614622,128x,300ms,25,64,0,0,0,0,0,1,0,0,0,0,2
2026-09-14T20:35:41.161674+00:00,2252,1615339,128x,300ms,25,64,0,0,0,0,0,1,0,0,0,0,2
2026-09-14T20:35:41.873523+00:00,2253,1616057,128x,300ms,25,64,0,0,0,0,0,1,0,0,0,0,2
2026-09-14T20:35:42.593944+00:00,2254,1616774,128x,300ms,25,64,0,0,0,0,0,1,0,0,0,0,2
2026-09-14T20:35:43.312826+00:00,2255,1617490,128x,300ms,25,64,0,0,0,0,0,1,0,0,0,0,2
2026-09-14T20:35:44.025519+00:00,2256,1618207,128x,300ms,25,64,1,0,0,0,0,1,0,0,0,0,2
2026-09-14T20:35:44.745957+00:00,2257,1618925,128x,300ms,25,64,1,0,0,0,0,1,0,0,0,0,2
2026-09-14T20:35:45.457365+00:00,2258,1619643,128x,300ms,25,64,1,0,0,0,0,1,0,0,0,0,2
2026-09-14T20:35:46.178030+00:00,2259,1620361,128x,300ms,25,64,1,0,0,0,0,1,0,0,0,0,2
2026-09-14T20:35:46.895528+00:00,2260,1621079,128x,300ms,25,64,1,0,0,0,0,1,0,0,0,0,2
2026-09-14T20:35:47.609175+00:00,2261,1621796,128x,300ms,25,64,0,0,0,0,0,1,0,0,0,0,2
2026-09-14T20:35:48.329277+00:00,2262,1622513,128x,300ms,25,64,0,0,0,0,0,1,0,0,0,0,3
2026-09-14T20:35:49.041366+00:00,2263,1623230,128x,300ms,25,64,0,0,0,0,0,1,0,0,0,0,2
2026-09-14T20:35:49.761648+00:00,2264,1623948,128x,300ms,25,64,0,0,0,0,0,1,0,0,0,0,2
2026-09-14T20:35:50.481183+00:00,2265,1624665,128x,300ms,25,64,0,0,0,0,0,1,0,0,0,0,2
2026-09-14T20:35:51.201900+00:00,2266,1625381,128x,300ms,25,64,1,0,0,0,0,1,0,0,0,0,3
2026-09-14T20:35:51.913872+00:00,2267,1626099,128x,300ms,25,64,1,0,0,0,0,1,0,0,0,0,2
2026-09-14T20:35:52.633090+00:00,2268,1626817,128x,300ms,25,64,1,0,0,0,0,1,0,0,0,0,2
2026-09-14T20:35:53.351899+00:00,2269,1627535,128x,300ms,25,64,1,0,0,0,0,1,0,0,0,0,2
2026-09-14T20:35:54.065243+00:00,2270,1628253,128x,300ms,25,64,1,0,0,0,0,1,0,0,0,0,2
2026-09-14T20:35:54.784127+00:00,2271,1628971,128x,300ms,25,64,0,0,0,0,0,1,0,0,0,0,2
2026-09-14T20:35:55.497497+00:00,2272,1629687,128x,300ms,25,64,0,0,0,0,0,1,0,0,0,0,2
2026-09-14T20:35:56.216681+00:00,2273,1630404,128x,300ms,25,64,0,0,0,0,0,1,0,0,0,0,2
2026-09-14T20:35:56.929530+00:00,2274,1631122,128x,300ms,25,64,0,0,0,0,0,1,0,0,0,0,3
2026-09-14T20:35:57.648966+00:00,2275,1631839,128x,300ms,25,64,0,0,0,0,0,1,0,0,0,0,2
2026-09-14T20:35:58.369877+00:00,2276,1632556,128x,300ms,25,64,1,0,0,0,0,1,0,0,0,0,2
2026-09-14T20:35:59.082026+00:00,2277,1633273,128x,300ms,25,64,1,0,0,0,0,1,0,0,0,0,2
2026-09-14T20:35:59.801726+00:00,2278,1633991,128x,300ms,25,64,1,0,0,0,0,1,0,0,0,0,2
2026-09-14T20:36:00.520305+00:00,2279,1634709,128x,300ms,25,64,1,0,0,0,0,1,0,0,0,0,2
2026-09-14T20:36:01.241555+00:00,2280,1635427,128x,300ms,25,64,1,0,0,0,0,1,0,0,0,0,2
2026-09-14T20:36:01.959968+00:00,2281,1636144,128x,300ms,25,64,0,0,0,0,0,1,0,0,0,0,2
2026-09-14T20:36:02.671588+00:00,2282,1636861,128x,300ms,25,64,0,0,0,0,0,1,0,0,0,0,2
2026-09-14T20:36:03.390970+00:00,2283,1637578,128x,300ms,25,64,0,0,0,0,0,1,0,0,0,0,2
2026-09-14T20:36:04.103935+00:00,2284,1638295,128x,300ms,25,64,0,0,0,0,0,1,0,0,0,0,2
2026-09-14T20:36:04.822418+00:00,2285,1639013,128x,300ms,25,64,0,0,0,0,0,1,0,0,0,0,3
2026-09-14T20:36:05.535833+00:00,2286,1639730,128x,300ms,25,64,1,0,0,0,0,1,0,0,0,0,3
2026-09-14T20:36:06.255516+00:00,2287,1640448,128x,300ms,25,64,1,0,0,0,0,1,0,0,0,0,2
2026-09-14T20:36:06.976066+00:00,2288,1641165,128x,300ms,25,64,1,0,0,0,0,1,0,0,0,0,2
2026-09-14T20:36:07.688184+00:00,2289,1641882,128x,300ms,25,64,1,0,0,0,0,1,0,0,0,0,2
2026-09-14T20:36:08.408351+00:00,2290,1642600,128x,300ms,25,64,1,0,0,0,0,1,0,0,0,0,2
2026-09-14T20:36:09.128069+00:00,2291,1643318,128x,300ms,25,64,0,0,0,0,0,1,0,0,0,0,2
2026-09-14T20:36:09.839642+00:00,2292,1644036,128x,300ms,25,64,0,0,0,0,0,1,0,0,0,0,2
2026-09-14T20:36:10.559362+00:00,2293,1644752,128x,300ms,25,64,0,0,0,0,0,1,0,0,0,0,3
2026-09-14T20:36:11.271659+00:00,2294,1645469,128x,300ms,25,64,0,0,0,0,0,1,0,0,0,0,2
2026-09-14T20:36:11.999522+00:00,2295,1646186,128x,300ms,25,64,0,0,0,0,0,1,0,0,0,0,2
2026-09-14T20:36:12.711956+00:00,2296,1646904,128x,300ms,25,64,1,0,0,0,0,1,0,0,0,0,2
2026-09-14T20:36:13.431560+00:00,2297,1647622,128x,300ms,25,64,1,0,0,0,0,1,0,0,0,0,2
2026-09-14T20:36:14.143911+00:00,2298,1648339,128x,300ms,25,64,1,0,0,0,0,1,0,0,0,0,2
2026-09-14T20:36:14.863988+00:00,2299,1649056,128x,300ms,25,64,1,0,0,0,0,1,0,0,0,0,2
2026-09-14T20:36:15.583057+00:00,2300,1649774,128x,300ms,25,64,1,0,0,0,0,1,0,0,0,0,2
2026-09-14T20:36:16.294754+00:00,2301,1650492,128x,300ms,25,64,0,0,0,0,0,1,0,0,0,0,2
2026-09-14T20:36:17.015924+00:00,2302,1651209,128x,300ms,25,64,0,0,0,0,0,1,0,0,0,0,2
2026-09-14T20:36:17.727144+00:00,2303,1651927,128x,300ms,25,64,0,0,0,0,0,1,0,0,0,0,2
2026-09-14T20:36:18.447856+00:00,2304,1652643,128x,300ms,25,64,0,0,0,0,0,1,0,0,0,0,2
2026-09-14T20:36:19.167077+00:00,2305,1653360,128x,300ms,25,64,0,0,0,0,0,1,0,0,0,0,3
2026-09-14T20:36:19.879480+00:00,2306,1654078,128x,300ms,25,64,1,0,0,0,0,1,0,0,0,0,2
2026-09-14T20:36:20.599519+00:00,2307,1654795,128x,300ms,25,64,1,0,0,0,0,1,0,0,0,0,2
2026-09-14T20:36:21.319679+00:00,2308,1655513,128x,300ms,25,64,1,0,0,0,0,1,0,0,0,0,2
2026-09-14T20:36:22.032374+00:00,2309,1656230,128x,300ms,25,64,1,0,0,0,0,1,0,0,0,0,2
2026-09-14T20:36:22.751856+00:00,2310,1656948,128x,300ms,25,64,1,0,0,0,0,1,0,0,0,0,3
2026-09-14T20:36:23.471301+00:00,2311,1657666,128x,300ms,25,64,0,0,0,0,0,1,0,0,0,0,2
2026-09-14T20:36:24.183637+00:00,2312,1658383,128x,300ms,25,64,0,0,0,0,0,1,0,0,0,0,2
2026-09-14T20:36:24.903384+00:00,2313,1659100,128x,300ms,25,64,0,0,0,0,0,1,0,0,0,0,2
2026-09-14T20:36:25.615931+00:00,2314,1659817,128x,300ms,25,64,0,0,0,0,0,1,0,0,0,0,2
2026-09-14T20:36:26.335700+00:00,2315,1660534,128x,300ms,25,64,0,0,0,0,0,1,0,0,0,0,2
2026-09-14T20:36:27.056205+00:00,2316,1661252,128x,300ms,25,64,1,0,0,0,0,1,0,0,0,0,2
2026-09-14T20:36:27.767928+00:00,2317,1661969,128x,300ms,25,64,1,0,0,0,0,1,0,0,0,0,3
2026-09-14T20:36:28.487427+00:00,2318,1662687,128x,300ms,25,64,1,0,0,0,0,1,0,0,0,0,2
2026-09-14T20:36:29.208394+00:00,2319,1663405,128x,300ms,25,64,1,0,0,0,0,1,0,0,0,0,2
2026-09-14T20:36:29.919897+00:00,2320,1664122,128x,300ms,25,64,1,0,0,0,0,1,0,0,0,0,2
2026-09-14T20:36:30.639602+00:00,2321,1664840,128x,300ms,25,64,0,0,0,0,0,1,0,0,0,0,2
2026-09-14T20:36:31.350440+00:00,2322,1665557,128x,300ms,25,64,0,0,0,0,0,1,0,0,0,0,2
2026-09-14T20:36:32.072243+00:00,2323,1666274,128x,300ms,25,64,0,0,0,0,0,1,0,0,0,0,2
2026-09-14T20:36:32.790718+00:00,2324,1666992,128x,300ms,25,64,0,0,0,0,0,1,0,0,0,0,3
2026-09-14T20:36:33.502965+00:00,2325,1667708,128x,300ms,25,64,0,0,0,0,0,1,0,0,0,0,2
2026-09-14T20:36:34.223367+00:00,2326,1668425,128x,300ms,25,64,1,0,0,0,0,1,0,0,0,0,2
2026-09-14T20:36:34.943383+00:00,2327,1669143,128x,300ms,25,64,1,0,0,0,0,1,0,0,0,0,2
2026-09-14T20:36:35.656260+00:00,2328,1669861,128x,300ms,25,64,1,0,0,0,0,1,0,0,0,0,2
2026-09-14T20:36:36.375066+00:00,2329,1670579,128x,300ms,25,64,1,0,0,0,0,1,0,0,0,0,3
2026-09-14T20:36:37.095214+00:00,2330,1671297,128x,300ms,25,64,1,0,0,0,0,1,0,0,0,0,2
2026-09-14T20:36:37.808382+00:00,2331,1672013,128x,300ms,25,64,0,0,0,0,0,1,0,0,0,0,2
2026-09-14T20:36:38.527113+00:00,2332,1672731,128x,300ms,25,64,0,0,0,0,0,1,0,0,0,0,2
2026-09-14T20:36:39.240328+00:00,2333,1673448,128x,300ms,25,64,0,0,0,0,0,1,0,0,0,0,3
2026-09-14T20:36:39.958256+00:00,2334,1674165,128x,300ms,25,64,0,0,0,0,0,1,0,0,0,0,2
2026-09-14T20:36:40.680063+00:00,2335,1674883,128x,300ms,25,64,0,0,0,0,0,1,0,0,0,0,2
2026-09-14T20:36:41.390746+00:00,2336,1675599,128x,300ms,25,64,1,0,0,0,0,1,0,0,0,0,2
2026-09-14T20:36:42.111898+00:00,2337,1676317,128x,300ms,25,64,1,0,0,0,0,1,0,0,0,0,2
2026-09-14T20:36:42.832285+00:00,2338,1677035,128x,300ms,25,64,1,0,0,0,0,1,0,0,0,0,2
2026-09-14T20:36:43.551854+00:00,2339,1677753,128x,300ms,25,64,1,0,0,0,0,1,0,0,0,0,2
2026-09-14T20:36:44.263952+00:00,2340,1678471,128x,300ms,25,64,1,0,0,0,0,1,0,0,0,0,2
2026-09-14T20:36:44.983695+00:00,2341,1679187,128x,300ms,25,64,0,0,0,0,0,1,0,0,0,0,2
2026-09-14T20:36:45.695631+00:00,2342,1679905,128x,300ms,25,64,0,0,0,0,0,1,0,0,0,0,2
2026-09-14T20:36:46.415696+00:00,2343,1680622,128x,300ms,25,64,0,0,0,0,0,1,0,0,0,0,3
2026-09-14T20:36:47.134928+00:00,2344,1681340,128x,300ms,25,64,0,0,0,0,0,1,0,0,0,0,3
2026-09-14T20:36:47.847419+00:00,2345,1682057,128x,300ms,25,64,0,0,0,0,0,1,0,0,0,0,2
2026-09-14T20:36:48.567841+00:00,2346,1682774,128x,300ms,25,64,1,0,0,0,0,1,0,0,0,0,2
2026-09-14T20:36:49.286785+00:00,2347,1683491,128x,300ms,25,64,1,0,0,0,0,1,0,0,0,0,2
2026-09-14T20:36:49.999541+00:00,2348,1684209,128x,300ms,25,64,1,0,0,0,0,1,0,0,0,0,2
2026-09-14T20:36:50.720123+00:00,2349,1684927,128x,300ms,25,64,1,0,0,0,0,1,0,0,0,0,3
2026-09-14T20:36:51.431509+00:00,2350,1685645,128x,300ms,25,64,1,0,0,0,0,1,0,0,0,0,3
2026-09-14T20:36:52.151102+00:00,2351,1686362,128x,300ms,25,64,0,0,0,0,0,1,0,0,0,0,2
2026-09-14T20:36:52.863738+00:00,2352,1687079,128x,300ms,25,64,0,0,0,0,0,1,0,0,0,0,2
2026-09-14T20:36:53.584156+00:00,2353,1687796,128x,300ms,25,64,0,0,0,0,0,1,0,0,0,0,2
2026-09-14T20:36:54.303226+00:00,2354,1688513,128x,300ms,25,64,0,0,0,0,0,1,0,0,0,0,3
2026-09-14T20:36:55.015913+00:00,2355,1689230,128x,300ms,25,64,0,0,0,0,0,1,0,0,0,0,2
2026-09-14T20:36:55.735944+00:00,2356,1689948,128x,300ms,25,64,1,0,0,0,0,1,0,0,0,0,2
2026-09-14T20:36:56.456267+00:00,2357,1690665,128x,300ms,25,64,1,0,0,0,0,1,0,0,0,0,2
2026-09-14T20:36:57.176426+00:00,2358,1691383,128x,300ms,25,64,1,0,0,0,0,1,0,0,0,0,2
2026-09-14T20:36:57.887874+00:00,2359,1692100,128x,300ms,25,64,1,0,0,0,0,1,0,0,0,0,3
2026-09-14T20:36:58.607168+00:00,2360,1692818,128x,300ms,25,64,1,0,0,0,0,1,0,0,0,0,2
2026-09-14T20:36:59.328160+00:00,2361,1693536,128x,300ms,25,64,0,0,0,0,0,1,0,0,0,0,3
2026-09-14T20:37:00.039497+00:00,2362,1694253,128x,300ms,25,64,0,0,0,0,0,1,0,0,0,0,2
2026-09-14T20:37:00.759314+00:00,2363,1694970,128x,300ms,25,64,0,0,0,0,0,1,0,0,0,0,3
2026-09-14T20:37:01.470486+00:00,2364,1695687,128x,300ms,25,64,0,0,0,0,0,1,0,0,0,0,2
2026-09-14T20:37:02.190787+00:00,2365,1696404,128x,300ms,25,64,0,0,0,0,0,1,0,0,0,0,2
2026-09-14T20:37:02.911793+00:00,2366,1697122,128x,300ms,25,64,1,0,0,0,0,1,0,0,0,0,2
2026-09-14T20:37:03.623534+00:00,2367,1697839,128x,300ms,25,64,1,0,0,0,0,1,0,0,0,0,2
2026-09-14T20:37:04.344250+00:00,2368,1698556,128x,300ms,25,64,1,0,0,0,0,1,0,0,0,0,3
2026-09-14T20:37:05.055476+00:00,2369,1699274,128x,300ms,25,64,1,0,0,0,0,1,0,0,0,0,2
2026-09-14T20:37:05.776226+00:00,2370,1699992,128x,300ms,25,64,1,0,0,0,0,1,0,0,0,0,2
2026-09-14T20:37:06.495749+00:00,2371,1700710,128x,300ms,25,64,0,0,0,0,0,1,0,0,0,0,3
2026-09-14T20:37:07.208388+00:00,2372,1701427,128x,300ms,25,64,0,0,0,0,0,1,0,0,0,0,3
2026-09-14T20:37:07.927485+00:00,2373,1702144,128x,300ms,25,64,0,0,0,0,0,1,0,0,0,0,3
2026-09-14T20:37:08.647363+00:00,2374,1702861,128x,300ms,25,64,0,0,0,0,0,1,0,0,0,0,2
2026-09-14T20:37:09.359946+00:00,2375,1703578,128x,300ms,25,64,0,0,0,0,0,1,0,0,0,0,2
2026-09-14T20:37:10.079755+00:00,2376,1704295,128x,300ms,25,64,1,0,0,0,0,1,0,0,0,0,2
2026-09-14T20:37:10.799605+00:00,2377,1705013,128x,300ms,25,64,1,0,0,0,0,1,0,0,0,0,2
2026-09-14T20:37:11.512051+00:00,2378,1705731,128x,300ms,25,64,1,0,0,0,0,1,0,0,0,0,2
2026-09-14T20:37:12.232210+00:00,2379,1706448,128x,300ms,25,64,1,0,0,0,0,1,0,0,0,0,2
2026-09-14T20:37:12.944379+00:00,2380,1707166,128x,300ms,25,64,1,0,0,0,0,1,0,0,0,0,2
2026-09-14T20:37:13.664099+00:00,2381,1707884,128x,300ms,25,64,0,0,0,0,0,1,0,0,0,0,2
2026-09-14T20:37:14.383852+00:00,2382,1708601,128x,300ms,25,64,0,0,0,0,0,1,0,0,0,0,3
2026-09-14T20:37:15.096194+00:00,2383,1709318,128x,300ms,25,64,0,0,0,0,0,1,0,0,0,0,2
2026-09-14T20:37:15.817043+00:00,2384,1710035,128x,300ms,25,64,0,0,0,0,0,1,0,0,0,0,2
2026-09-14T20:37:16.528673+00:00,2385,1710752,128x,300ms,25,64,0,0,0,0,0,1,0,0,0,0,3
2026-09-14T20:37:17.256866+00:00,2386,1711469,128x,300ms,25,64,1,0,0,0,0,1,0,0,0,0,2
2026-09-14T20:37:17.968168+00:00,2387,1712187,128x,300ms,25,64,1,0,0,0,0,0,0,0,0,0,2
2026-09-14T20:37:18.688710+00:00,2388,1712905,128x,300ms,25,64,1,0,0,0,0,1,0,0,0,0,2
2026-09-14T20:37:19.400403+00:00,2389,1713623,128x,300ms,25,64,1,0,0,0,0,1,0,0,0,0,2
2026-09-14T20:37:20.120057+00:00,2390,1714340,128x,300ms,25,64,1,0,0,0,0,1,0,0,0,0,2
2026-09-14T20:37:20.840180+00:00,2391,1715057,128x,300ms,25,64,0,0,0,0,0,1,0,0,0,0,3
2026-09-14T20:37:21.552077+00:00,2392,1715775,128x,300ms,25,64,0,0,0,0,0,1,0,0,0,0,2
2026-09-14T20:37:22.271925+00:00,2393,1716492,128x,300ms,25,64,0,0,0,0,0,1,0,0,0,0,2
2026-09-14T20:37:22.984410+00:00,2394,1717210,128x,300ms,25,64,0,0,0,0,0,1,0,0,0,0,2
2026-09-14T20:37:23.704684+00:00,2395,1717926,128x,300ms,25,64,0,0,0,0,0,1,0,0,0,0,2
2026-09-14T20:37:24.424133+00:00,2396,1718643,128x,300ms,25,64,1,0,0,0,0,1,0,0,0,0,2
2026-09-14T20:37:25.135874+00:00,2397,1719361,128x,300ms,25,64,1,0,0,0,0,1,0,0,0,0,2
2026-09-14T20:37:25.851149+00:00,2398,1720079,128x,300ms,25,64,1,0,0,0,0,1,0,0,0,0,2
2026-09-14T20:37:26.569916+00:00,2399,1720797,128x,300ms,25,64,1,0,0,0,0,1,0,0,0,0,2
2026-09-14T20:37:27.290635+00:00,2400,1721515,128x,300ms,25,64,1,0,0,0,0,1,0,0,0,0,2
2026-09-14T20:37:28.002689+00:00,2401,1722231,128x,300ms,25,64,0,0,0,0,0,1,0,0,0,0,2
2026-09-14T20:37:28.721670+00:00,2402,1722949,128x,300ms,25,64,0,0,0,0,0,1,0,0,0,0,2
2026-09-14T20:37:29.440800+00:00,2403,1723666,128x,300ms,25,64,0,0,0,0,0,1,0,0,0,0,2
2026-09-14T20:37:30.162311+00:00,2404,1724383,128x,300ms,25,64,0,0,0,0,0,1,0,0,0,0,2
2026-09-14T20:37:30.873850+00:00,2405,1725101,128x,300ms,25,64,0,0,0,0,0,1,0,0,0,0,2
2026-09-14T20:37:31.593012+00:00,2406,1725817,128x,300ms,25,64,1,0,0,0,0,1,0,0,0,0,2
2026-09-14T20:37:32.314567+00:00,2407,1726535,128x,300ms,25,64,1,0,0,0,0,1,0,0,0,0,2
2026-09-14T20:37:33.026897+00:00,2408,1727253,128x,300ms,25,64,1,0,0,0,0,1,0,0,0,0,2
2026-09-14T20:37:33.745936+00:00,2409,1727970,128x,300ms,25,64,1,0,0,0,0,1,0,0,0,0,2
2026-09-14T20:37:34.457512+00:00,2410,1728689,128x,300ms,25,64,1,0,0,0,0,1,0,0,0,0,2
2026-09-14T20:37:35.178101+00:00,2411,1729405,128x,300ms,25,64,0,0,0,0,0,1,0,0,0,0,2
2026-09-14T20:37:35.897475+00:00,2412,1730123,128x,300ms,25,64,0,0,0,0,0,1,0,0,0,0,2
2026-09-14T20:37:36.610683+00:00,2413,1730840,128x,300ms,25,64,0,0,0,0,0,1,0,0,0,0,2
2026-09-14T20:37:37.329970+00:00,2414,1731557,128x,300ms,25,64,0,0,0,0,0,1,0,0,0,0,2
2026-09-14T20:37:38.041510+00:00,2415,1732275,128x,300ms,25,64,0,0,0,0,0,1,0,0,0,0,2
2026-09-14T20:37:38.770834+00:00,2416,1732992,128x,300ms,25,64,1,0,0,0,0,1,0,0,0,0,2
2026-09-14T20:37:39.482738+00:00,2417,1733709,128x,300ms,25,64,1,0,0,0,0,1,0,0,0,0,2
2026-09-14T20:37:40.201884+00:00,2418,1734427,128x,300ms,25,64,1,0,0,0,0,1,0,0,0,0,2
2026-09-14T20:37:40.915124+00:00,2419,1735145,128x,300ms,25,64,1,0,0,0,0,1,0,0,0,0,2
2026-09-14T20:37:41.634025+00:00,2420,1735863,128x,300ms,25,64,1,0,0,0,0,1,0,0,0,0,2
2026-09-14T20:37:42.346643+00:00,2421,1736580,128x,300ms,25,64,0,0,0,0,0,1,0,0,0,0,2
2026-09-14T20:37:43.065888+00:00,2422,1737297,128x,300ms,25,64,0,0,0,0,0,1,0,0,0,0,2
2026-09-14T20:37:43.786218+00:00,2423,1738014,128x,300ms,25,64,0,0,0,0,0,1,0,0,0,0,2
2026-09-14T20:37:44.498375+00:00,2424,1738731,128x,300ms,25,64,0,0,0,0,0,1,0,0,0,0,2
2026-09-14T20:37:45.217570+00:00,2425,1739449,128x,300ms,25,64,0,0,0,0,0,1,0,0,0,0,2
2026-09-14T20:37:45.937789+00:00,2426,1740166,128x,300ms,25,64,1,0,0,0,0,1,0,0,0,0,2
2026-09-14T20:37:46.648712+00:00,2427,1740883,128x,300ms,25,64,1,0,0,0,0,1,0,0,0,0,2
2026-09-14T20:37:47.370641+00:00,2428,1741601,128x,300ms,25,64,1,0,0,0,0,1,0,0,0,0,2
2026-09-14T20:37:48.090314+00:00,2429,1742319,128x,300ms,25,64,1,0,0,0,0,1,0,0,0,0,2
2026-09-14T20:37:48.810756+00:00,2430,1743037,128x,300ms,25,64,1,0,0,0,0,1,0,0,0,0,2
2026-09-14T20:37:49.522926+00:00,2431,1743754,128x,300ms,25,64,0,0,0,0,0,1,0,0,0,0,2
2026-09-14T20:37:50.241495+00:00,2432,1744472,128x,300ms,25,64,0,0,0,0,0,1,0,0,0,0,2
2026-09-14T20:37:50.954835+00:00,2433,1745188,128x,300ms,25,64,0,0,0,0,0,1,0,0,0,0,2
2026-09-14T20:37:51.674117+00:00,2434,1745905,128x,300ms,25,64,0,0,0,0,0,1,0,0,0,0,2
2026-09-14T20:37:52.387007+00:00,2435,1746623,128x,300ms,25,64,0,0,0,0,0,1,0,0,0,0,2
2026-09-14T20:37:53.106081+00:00,2436,1747340,128x,300ms,25,64,1,0,0,0,0,1,0,0,0,0,2
2026-09-14T20:37:53.826084+00:00,2437,1748058,128x,300ms,25,64,1,0,0,0,0,1,0,0,0,0,2
2026-09-14T20:37:54.538091+00:00,2438,1748775,128x,300ms,25,64,1,0,0,0,0,1,0,0,0,0,2
2026-09-14T20:37:55.257867+00:00,2439,1749492,128x,300ms,25,64,1,0,0,0,0,1,0,0,0,0,2
2026-09-14T20:37:55.978322+00:00,2440,1750211,128x,300ms,25,64,1,0,0,0,0,1,0,0,0,0,2
2026-09-14T20:37:56.690843+00:00,2441,1750928,128x,300ms,25,64,0,0,0,0,0,1,0,0,0,0,2
2026-09-14T20:37:57.410131+00:00,2442,1751646,128x,300ms,25,64,0,0,0,0,0,1,0,0,0,0,2
2026-09-14T20:37:58.122017+00:00,2443,1752363,128x,300ms,25,64,0,0,0,0,0,1,0,0,0,0,2
2026-09-14T20:37:58.842766+00:00,2444,1753079,128x,300ms,25,64,0,0,0,0,0,1,0,0,0,0,2
2026-09-14T20:37:59.561836+00:00,2445,1753797,128x,300ms,25,64,0,0,0,0,0,1,0,0,0,0,2
2026-09-14T20:38:00.281890+00:00,2446,1754514,128x,300ms,25,64,1,0,0,0,0,1,0,0,0,0,2
2026-09-14T20:38:00.994185+00:00,2447,1755232,128x,300ms,25,64,1,0,0,0,0,1,0,0,0,0,2
2026-09-14T20:38:01.715602+00:00,2448,1755950,128x,300ms,25,64,1,0,0,0,0,1,0,0,0,0,2
2026-09-14T20:38:02.434342+00:00,2449,1756666,128x,300ms,25,64,1,0,0,0,0,1,0,0,0,0,2
2026-09-14T20:38:03.146225+00:00,2450,1757384,128x,300ms,25,64,1,0,0,0,0,1,0,0,0,0,2
2026-09-14T20:38:03.866988+00:00,2451,1758102,128x,300ms,25,64,0,0,0,0,0,1,0,0,0,0,2
2026-09-14T20:38:04.578118+00:00,2452,1758820,128x,300ms,25,64,0,0,0,0,0,1,0,0,0,0,2
2026-09-14T20:38:05.298223+00:00,2453,1759537,128x,300ms,25,64,0,0,0,0,0,1,0,0,0,0,2
2026-09-14T20:38:06.018782+00:00,2454,1760253,128x,300ms,25,64,0,0,0,0,0,1,0,0,0,0,2
2026-09-14T20:38:06.730156+00:00,2455,1760970,128x,300ms,25,64,0,0,0,0,0,1,0,0,0,0,2
2026-09-14T20:38:07.450387+00:00,2456,1761688,128x,300ms,25,64,1,0,0,0,0,1,0,0,0,0,2
2026-09-14T20:38:08.162705+00:00,2457,1762406,128x,300ms,25,64,1,0,0,0,0,1,0,0,0,0,2
2026-09-14T20:38:08.882114+00:00,2458,1763124,128x,300ms,25,64,1,0,0,0,0,1,0,0,0,0,2
2026-09-14T20:38:09.602288+00:00,2459,1763841,128x,300ms,25,64,1,0,0,0,0,1,0,0,0,0,2
2026-09-14T20:38:10.322168+00:00,2460,1764558,128x,300ms,25,64,1,0,0,0,0,1,0,0,0,0,2
2026-09-14T20:38:11.033578+00:00,2461,1765276,128x,300ms,25,64,0,0,0,0,0,1,0,0,0,0,2
2026-09-14T20:38:11.752762+00:00,2462,1765993,128x,300ms,25,64,0,0,0,0,0,1,0,0,0,0,2
2026-09-14T20:38:12.466517+00:00,2463,1766711,128x,300ms,25,64,0,0,0,0,0,1,0,0,0,0,2
2026-09-14T20:38:13.185738+00:00,2464,1767428,128x,300ms,25,64,0,0,0,0,0,1,0,0,0,0,2
2026-09-14T20:38:13.906347+00:00,2465,1768144,128x,300ms,25,64,0,0,0,0,0,1,0,0,0,0,2
2026-09-14T20:38:14.618653+00:00,2466,1768862,128x,300ms,25,64,1,0,0,0,0,1,0,0,0,0,2
2026-09-14T20:38:15.337950+00:00,2467,1769579,128x,300ms,25,64,1,0,0,0,0,1,0,0,0,0,2
2026-09-14T20:38:16.050365+00:00,2468,1770298,128x,300ms,25,64,1,0,0,0,0,1,0,0,0,0,2
2026-09-14T20:38:16.769754+00:00,2469,1771015,128x,300ms,25,64,1,0,0,0,0,1,0,0,0,0,2
2026-09-14T20:38:17.490735+00:00,2470,1771732,128x,300ms,25,64,1,0,0,0,0,1,0,0,0,0,2
2026-09-14T20:38:18.202355+00:00,2471,1772450,128x,300ms,25,64,0,0,0,0,0,1,0,0,0,0,2
2026-09-14T20:38:18.921765+00:00,2472,1773167,128x,300ms,25,64,0,0,0,0,0,1,0,0,0,0,2
2026-09-14T20:38:19.643075+00:00,2473,1773884,128x,300ms,25,64,0,0,0,0,0,1,0,0,0,0,2
2026-09-14T20:38:20.354207+00:00,2474,1774602,128x,300ms,25,64,0,0,0,0,0,1,0,0,0,0,2
2026-09-14T20:38:21.073986+00:00,2475,1775319,128x,300ms,25,64,0,0,0,0,0,1,0,0,0,0,2
2026-09-14T20:38:21.794794+00:00,2476,1776036,128x,300ms,25,64,1,0,0,0,0,1,0,0,0,0,2
2026-09-14T20:38:22.506055+00:00,2477,1776753,128x,300ms,25,64,1,0,0,0,0,1,0,0,0,0,2
2026-09-14T20:38:23.226430+00:00,2478,1777471,128x,300ms,25,64,1,0,0,0,0,1,0,0,0,0,2
2026-09-14T20:38:23.946740+00:00,2479,1778189,128x,300ms,25,64,1,0,0,0,0,1,0,0,0,0,2
2026-09-14T20:38:24.658498+00:00,2480,1778907,128x,300ms,25,64,1,0,0,0,0,1,0,0,0,0,2
2026-09-14T20:38:25.378296+00:00,2481,1779624,128x,300ms,25,64,0,0,0,0,0,1,0,0,0,0,2
2026-09-14T20:38:26.090469+00:00,2482,1780341,128x,300ms,25,64,0,0,0,0,0,1,0,0,0,0,2
2026-09-14T20:38:26.810513+00:00,2483,1781058,128x,300ms,25,64,0,0,0,0,0,1,0,0,0,0,2
2026-09-14T20:38:27.530927+00:00,2484,1781776,128x,300ms,25,64,0,0,0,0,0,1,0,0,0,0,2
2026-09-14T20:38:28.242552+00:00,2485,1782493,128x,300ms,25,64,0,0,0,0,0,1,0,0,0,0,2
2026-09-14T20:38:28.962862+00:00,2486,1783211,128x,300ms,25,64,1,0,0,0,0,1,0,0,0,0,2
2026-09-14T20:38:29.675060+00:00,2487,1783927,128x,300ms,25,64,1,0,0,0,0,1,0,0,0,0,2
2026-09-14T20:38:30.402366+00:00,2488,1784645,128x,300ms,25,64,1,0,0,0,0,1,0,0,0,0,2
2026-09-14T20:38:31.114387+00:00,2489,1785363,128x,300ms,25,64,1,0,0,0,0,1,0,0,0,0,2
2026-09-14T20:38:31.832984+00:00,2490,1786081,128x,300ms,25,64,1,0,0,0,0,1,0,0,0,0,2
2026-09-14T20:38:32.546132+00:00,2491,1786799,128x,300ms,25,64,0,0,0,0,0,1,0,0,0,0,2
2026-09-14T20:38:33.266750+00:00,2492,1787515,128x,300ms,25,64,0,0,0,0,0,1,0,0,0,0,2
2026-09-14T20:38:33.986887+00:00,2493,1788232,128x,300ms,25,64,0,0,0,0,0,1,0,0,0,0,2
2026-09-14T20:38:34.698085+00:00,2494,1788950,128x,300ms,25,64,0,0,0,0,0,1,0,0,0,0,2
2026-09-14T20:38:35.418729+00:00,2495,1789667,128x,300ms,25,64,0,0,0,0,0,1,0,0,0,0,2
2026-09-14T20:38:36.138733+00:00,2496,1790384,128x,300ms,25,64,1,0,0,0,0,1,0,0,0,0,2
2026-09-14T20:38:36.851251+00:00,2497,1791101,128x,300ms,25,64,1,0,0,0,0,1,0,0,0,0,2
2026-09-14T20:38:37.570666+00:00,2498,1791819,128x,300ms,25,64,1,0,0,0,0,1,0,0,0,0,2
2026-09-14T20:38:38.281114+00:00,2499,1792537,128x,300ms,25,64,1,0,0,0,0,1,0,0,0,0,2
2026-09-14T20:38:39.001885+00:00,2500,1793255,128x,300ms,25,64,1,0,0,0,0,1,0,0,0,0,2
2026-09-14T20:38:39.716098+00:00,2501,1793972,128x,300ms,25,64,0,0,0,0,0,1,0,0,0,0,2
2026-09-14T20:38:40.434196+00:00,2502,1794690,128x,300ms,25,64,0,0,0,0,0,1,0,0,0,0,3
2026-09-14T20:38:41.154437+00:00,2503,1795406,128x,300ms,25,64,0,0,0,0,0,1,0,0,0,0,2
2026-09-14T20:38:41.866216+00:00,2504,1796124,128x,300ms,25,64,0,0,0,0,0,1,0,0,0,0,2
2026-09-14T20:38:42.586402+00:00,2505,1796841,128x,300ms,25,64,0,0,0,0,0,1,0,0,0,0,2
2026-09-14T20:38:43.305871+00:00,2506,1797558,128x,300ms,25,64,1,0,0,0,0,1,0,0,0,0,2
2026-09-14T20:38:44.025840+00:00,2507,1798276,128x,300ms,25,64,1,0,0,0,0,1,0,0,0,0,2
2026-09-14T20:38:44.738019+00:00,2508,1798993,128x,300ms,25,64,1,0,0,0,0,1,0,0,0,0,3
2026-09-14T20:38:45.457968+00:00,2509,1799711,128x,300ms,25,64,1,0,0,0,0,1,0,0,0,0,3
2026-09-14T20:38:46.171042+00:00,2510,1800429,128x,300ms,25,64,1,0,0,0,0,1,0,0,0,0,2
2026-09-14T20:38:46.890780+00:00,2511,1801146,128x,300ms,25,64,0,0,0,0,0,1,0,0,0,0,2
2026-09-14T20:38:47.605643+00:00,2512,1801864,128x,300ms,25,64,0,0,0,0,0,1,0,0,0,0,2
2026-09-14T20:38:48.321528+00:00,2513,1802580,128x,300ms,25,64,0,0,0,0,0,1,0,0,0,0,2
2026-09-14T20:38:49.041186+00:00,2514,1803297,128x,300ms,25,64,0,0,0,0,0,1,0,0,0,0,2
2026-09-14T20:38:49.761919+00:00,2515,1804015,128x,300ms,25,64,0,0,0,0,0,1,0,0,0,0,2
2026-09-14T20:38:50.473116+00:00,2516,1804732,128x,300ms,25,64,1,0,0,0,0,1,0,0,0,0,2
2026-09-14T20:38:51.193230+00:00,2517,1805450,128x,300ms,25,64,1,0,0,0,0,1,0,0,0,0,2
2026-09-14T20:38:51.913243+00:00,2518,1806168,128x,300ms,25,64,1,0,0,0,0,1,0,0,0,0,2
2026-09-14T20:38:52.633295+00:00,2519,1806884,128x,300ms,25,64,1,0,0,0,0,1,0,0,0,0,2
2026-09-14T20:38:53.346031+00:00,2520,1807603,128x,300ms,25,64,1,0,0,0,0,1,0,0,0,0,2
2026-09-14T20:38:54.064043+00:00,2521,1808320,128x,300ms,25,64,0,0,0,0,0,1,0,0,0,0,2
2026-09-14T20:38:54.776941+00:00,2522,1809038,128x,300ms,25,64,0,0,0,0,0,1,0,0,0,0,2
2026-09-14T20:38:55.496948+00:00,2523,1809755,128x,300ms,25,64,0,0,0,0,0,1,0,0,0,0,3
2026-09-14T20:38:56.216525+00:00,2524,1810471,128x,300ms,25,64,0,0,0,0,0,0,0,0,0,0,2
2026-09-14T20:38:56.929402+00:00,2525,1811189,128x,300ms,25,64,0,0,0,0,0,1,0,0,0,0,2
2026-09-14T20:38:57.648926+00:00,2526,1811906,128x,300ms,25,64,1,0,0,0,0,1,0,0,0,0,2
2026-09-14T20:38:58.362091+00:00,2527,1812624,128x,300ms,25,64,1,0,0,0,0,1,0,0,0,0,2
2026-09-14T20:38:59.081901+00:00,2528,1813342,128x,300ms,25,64,1,0,0,0,0,1,0,0,0,0,2
2026-09-14T20:38:59.797013+00:00,2529,1814060,128x,300ms,25,64,1,0,0,0,0,1,0,0,0,0,2
2026-09-14T20:39:00.515547+00:00,2530,1814777,128x,300ms,25,64,1,0,0,0,0,1,0,0,0,0,2
2026-09-14T20:39:01.228014+00:00,2531,1815494,128x,300ms,25,64,0,0,0,0,0,1,0,0,0,0,2
2026-09-14T20:39:01.948457+00:00,2532,1816212,128x,300ms,25,64,0,0,0,0,0,1,0,0,0,0,2
2026-09-14T20:39:02.668753+00:00,2533,1816929,128x,300ms,25,64,0,0,0,0,0,1,0,0,0,0,2
2026-09-14T20:39:03.380564+00:00,2534,1817646,128x,300ms,25,64,0,0,0,0,0,1,0,0,0,0,2
2026-09-14T20:39:04.100284+00:00,2535,1818362,128x,300ms,25,64,0,0,0,0,0,1,0,0,0,0,2
2026-09-14T20:39:04.818670+00:00,2536,1819080,128x,300ms,25,64,1,0,0,0,0,1,0,0,0,0,2
2026-09-14T20:39:05.538816+00:00,2537,1819798,128x,300ms,25,64,1,0,0,0,0,1,0,0,0,0,2
2026-09-14T20:39:06.251665+00:00,2538,1820516,128x,300ms,25,64,1,0,0,0,0,1,0,0,0,0,2
2026-09-14T20:39:06.971915+00:00,2539,1821233,128x,300ms,25,64,1,0,0,0,0,1,0,0,0,0,2
2026-09-14T20:39:07.683660+00:00,2540,1821950,128x,300ms,25,64,1,0,0,0,0,1,0,0,0,0,2
2026-09-14T20:39:08.403885+00:00,2541,1822668,128x,300ms,25,64,0,0,0,0,0,1,0,0,0,0,2
2026-09-14T20:39:09.123974+00:00,2542,1823385,128x,300ms,25,64,0,0,0,0,0,1,0,0,0,0,2
2026-09-14T20:39:09.835587+00:00,2543,1824103,128x,300ms,25,64,0,0,0,0,0,1,0,0,0,0,2
2026-09-14T20:39:10.555870+00:00,2544,1824820,128x,300ms,25,64,0,0,0,0,0,1,0,0,0,0,2
2026-09-14T20:39:11.267948+00:00,2545,1825537,128x,300ms,25,64,0,0,0,0,0,1,0,0,0,0,2
2026-09-14T20:39:11.987720+00:00,2546,1826254,128x,300ms,25,64,1,0,0,0,0,1,0,0,0,0,2
2026-09-14T20:39:12.708583+00:00,2547,1826972,128x,300ms,25,64,1,0,0,0,0,1,0,0,0,0,2
2026-09-14T20:39:13.428431+00:00,2548,1827689,128x,300ms,25,64,1,0,0,0,0,1,0,0,0,0,2
2026-09-14T20:39:14.140021+00:00,2549,1828407,128x,300ms,25,64,1,0,0,0,0,1,0,0,0,0,2
2026-09-14T20:39:14.860499+00:00,2550,1829125,128x,300ms,25,64,1,0,0,0,0,1,0,0,0,0,2
2026-09-14T20:39:15.580192+00:00,2551,1829842,128x,300ms,25,64,0,0,0,0,0,1,0,0,0,0,2
2026-09-14T20:39:16.290934+00:00,2552,1830559,128x,300ms,25,64,0,0,0,0,0,1,0,0,0,0,2
2026-09-14T20:39:17.011939+00:00,2553,1831277,128x,300ms,25,64,0,0,0,0,0,1,0,0,0,0,3
2026-09-14T20:39:17.724154+00:00,2554,1831994,128x,300ms,25,64,0,0,0,0,0,0,0,0,0,0,2
2026-09-14T20:39:18.443835+00:00,2555,1832712,128x,300ms,25,64,0,0,0,0,0,1,0,0,0,0,2
2026-09-14T20:39:19.163937+00:00,2556,1833428,128x,300ms,25,64,1,0,0,0,0,1,0,0,0,0,2
2026-09-14T20:39:19.876544+00:00,2557,1834146,128x,300ms,25,64,1,0,0,0,0,1,0,0,0,0,2
2026-09-14T20:39:20.596584+00:00,2558,1834863,128x,300ms,25,64,1,0,0,0,0,1,0,0,0,0,3
2026-09-14T20:39:21.308562+00:00,2559,1835582,128x,300ms,25,64,1,0,0,0,0,1,0,0,0,0,2
2026-09-14T20:39:22.028037+00:00,2560,1836299,128x,300ms,25,64,1,0,0,0,0,1,0,0,0,0,2
2026-09-14T20:39:22.747797+00:00,2561,1837017,128x,300ms,25,64,0,0,0,0,0,1,0,0,0,0,2
2026-09-14T20:39:23.459844+00:00,2562,1837733,128x,300ms,25,64,0,0,0,0,0,1,0,0,0,0,2
2026-09-14T20:39:24.180212+00:00,2563,1838451,128x,300ms,25,64,0,0,0,0,0,1,0,0,0,0,2
2026-09-14T20:39:24.901064+00:00,2564,1839168,128x,300ms,25,64,0,0,0,0,0,1,0,0,0,0,2
2026-09-14T20:39:25.619677+00:00,2565,1839885,128x,300ms,25,64,0,0,0,0,0,1,0,0,0,0,2
2026-09-14T20:39:26.332429+00:00,2566,1840603,128x,300ms,25,64,1,0,0,0,0,1,0,0,0,0,3
2026-09-14T20:39:27.051908+00:00,2567,1841320,128x,300ms,25,64,1,0,0,0,0,1,0,0,0,0,2
2026-09-14T20:39:27.764429+00:00,2568,1842037,128x,300ms,25,64,1,0,0,0,0,1,0,0,0,0,2
2026-09-14T20:39:28.483943+00:00,2569,1842755,128x,300ms,25,64,1,0,0,0,0,1,0,0,0,0,2
2026-09-14T20:39:29.203719+00:00,2570,1843473,128x,300ms,25,64,1,0,0,0,0,1,0,0,0,0,3
2026-09-14T20:39:29.916834+00:00,2571,1844191,128x,300ms,25,64,0,0,0,0,0,1,0,0,0,0,2
2026-09-14T20:39:30.634599+00:00,2572,1844908,128x,300ms,25,64,0,0,0,0,0,1,0,0,0,0,2
2026-09-14T20:39:31.347657+00:00,2573,1845624,128x,300ms,25,64,0,0,0,0,0,1,0,0,0,0,2
2026-09-14T20:39:32.068366+00:00,2574,1846342,128x,300ms,25,64,0,0,0,0,0,1,0,0,0,0,3
2026-09-14T20:39:32.788266+00:00,2575,1847059,128x,300ms,25,64,0,0,0,0,0,1,0,0,0,0,2
2026-09-14T20:39:33.500988+00:00,2576,1847776,128x,300ms,25,64,1,0,0,0,0,1,0,0,0,0,2
2026-09-14T20:39:34.219861+00:00,2577,1848494,128x,300ms,25,64,1,0,0,0,0,1,0,0,0,0,2
2026-09-14T20:39:34.938226+00:00,2578,1849211,128x,300ms,25,64,1,0,0,0,0,1,0,0,0,0,2
2026-09-14T20:39:35.656402+00:00,2579,1849929,128x,300ms,25,64,1,0,0,0,0,1,0,0,0,0,2
2026-09-14T20:39:36.376807+00:00,2580,1850647,128x,300ms,25,64,1,0,0,0,0,1,0,0,0,0,2
2026-09-14T20:39:37.088396+00:00,2581,1851365,128x,300ms,25,64,0,0,0,0,0,1,0,0,0,0,2
2026-09-14T20:39:37.808336+00:00,2582,1852082,128x,300ms,25,64,0,0,0,0,0,1,0,0,0,0,2
2026-09-14T20:39:38.520308+00:00,2583,1852798,128x,300ms,25,64,0,0,0,0,0,1,0,0,0,0,2
2026-09-14T20:39:39.240994+00:00,2584,1853515,128x,300ms,25,64,0,0,0,0,0,1,0,0,0,0,2
2026-09-14T20:39:39.958943+00:00,2585,1854233,128x,300ms,25,64,0,0,0,0,0,1,0,0,0,0,2
2026-09-14T20:39:40.677561+00:00,2586,1854950,128x,300ms,25,64,1,0,0,0,0,1,0,0,0,0,3
2026-09-14T20:39:41.388144+00:00,2587,1855668,128x,300ms,25,64,1,0,0,0,0,1,0,0,0,0,2
2026-09-14T20:39:42.108547+00:00,2588,1856386,128x,300ms,25,64,1,0,0,0,0,1,0,0,0,0,2
2026-09-14T20:39:42.829519+00:00,2589,1857103,128x,300ms,25,64,1,0,0,0,0,1,0,0,0,0,2
2026-09-14T20:39:43.541666+00:00,2590,1857820,128x,300ms,25,64,1,0,0,0,0,1,0,0,0,0,2
2026-09-14T20:39:44.261681+00:00,2591,1858538,128x,300ms,25,64,0,0,0,0,0,1,0,0,0,0,2
2026-09-14T20:39:44.973998+00:00,2592,1859256,128x,300ms,25,64,0,0,0,0,0,1,0,0,0,0,2
2026-09-14T20:39:45.693761+00:00,2593,1859973,128x,300ms,25,64,0,0,0,0,0,1,0,0,0,0,2
2026-09-14T20:39:46.413887+00:00,2594,1860689,128x,300ms,25,64,0,0,0,0,0,1,0,0,0,0,2
2026-09-14T20:39:47.133729+00:00,2595,1861407,128x,300ms,25,64,0,0,0,0,0,1,0,0,0,0,2
2026-09-14T20:39:47.845240+00:00,2596,1862124,128x,300ms,25,64,1,0,0,0,0,1,0,0,0,0,2
2026-09-14T20:39:48.565625+00:00,2597,1862842,128x,300ms,25,64,1,0,0,0,0,1,0,0,0,0,2
2026-09-14T20:39:49.276926+00:00,2598,1863559,128x,300ms,25,64,1,0,0,0,0,1,0,0,0,0,2
2026-09-14T20:39:49.996853+00:00,2599,1864276,128x,300ms,25,64,1,0,0,0,0,1,0,0,0,0,2
2026-09-14T20:39:50.717091+00:00,2600,1864994,128x,300ms,25,64,1,0,0,0,0,1,0,0,0,0,2
2026-09-14T20:39:51.428776+00:00,2601,1865712,128x,300ms,25,64,0,0,0,0,0,1,0,0,0,0,2
2026-09-14T20:39:52.148893+00:00,2602,1866429,128x,300ms,25,64,0,0,0,0,0,1,0,0,0,0,2
2026-09-14T20:39:52.861825+00:00,2603,1867147,128x,300ms,25,64,0,0,0,0,0,1,0,0,0,0,2
2026-09-14T20:39:53.580146+00:00,2604,1867864,128x,300ms,25,64,0,0,0,0,0,1,0,0,0,0,2
2026-09-14T20:39:54.300870+00:00,2605,1868580,128x,300ms,25,64,0,0,0,0,0,1,0,0,0,0,2
2026-09-14T20:39:55.013812+00:00,2606,1869297,128x,300ms,25,64,1,0,0,0,0,1,0,0,0,0,2
2026-09-14T20:39:55.733777+00:00,2607,1870016,128x,300ms,25,64,1,0,0,0,0,1,0,0,0,0,2
2026-09-14T20:39:56.453498+00:00,2608,1870733,128x,300ms,25,64,1,0,0,0,0,1,0,0,0,0,2
2026-09-14T20:39:57.172808+00:00,2609,1871451,128x,300ms,25,64,1,0,0,0,0,1,0,0,0,0,2
2026-09-14T20:39:57.885649+00:00,2610,1872168,128x,300ms,25,64,1,0,0,0,0,1,0,0,0,0,2
2026-09-14T20:39:58.605392+00:00,2611,1872886,128x,300ms,25,64,0,0,0,0,0,1,0,0,0,0,2
2026-09-14T20:39:59.316811+00:00,2612,1873603,128x,300ms,25,64,0,0,0,0,0,1,0,0,0,0,2
2026-09-14T20:40:00.037101+00:00,2613,1874321,128x,300ms,25,64,0,0,0,0,0,1,0,0,0,0,2
2026-09-14T20:40:00.756767+00:00,2614,1875038,128x,300ms,25,64,0,0,0,0,0,1,0,0,0,0,3
2026-09-14T20:40:01.469693+00:00,2615,1875755,128x,300ms,25,64,0,0,0,0,0,1,0,0,0,0,2
2026-09-14T20:40:02.189127+00:00,2616,1876471,128x,300ms,25,64,1,0,0,0,0,1,0,0,0,0,2
2026-09-14T20:40:02.901190+00:00,2617,1877189,128x,300ms,25,64,1,0,0,0,0,1,0,0,0,0,2
2026-09-14T20:40:03.621086+00:00,2618,1877907,128x,300ms,25,64,1,0,0,0,0,1,0,0,0,0,2
2026-09-14T20:40:04.338588+00:00,2619,1878625,128x,300ms,25,64,1,0,0,0,0,1,0,0,0,0,2
2026-09-14T20:40:05.051747+00:00,2620,1879343,128x,300ms,25,64,1,0,0,0,0,1,0,0,0,0,3
2026-09-14T20:40:05.771480+00:00,2621,1880060,128x,300ms,25,64,0,0,0,0,0,1,0,0,0,0,2
2026-09-14T20:40:06.490984+00:00,2622,1880777,128x,300ms,25,64,0,0,0,0,0,1,0,0,0,0,2
2026-09-14T20:40:07.203476+00:00,2623,1881494,128x,300ms,25,64,0,0,0,0,0,1,0,0,0,0,2
2026-09-14T20:40:07.923730+00:00,2624,1882211,128x,300ms,25,64,0,0,0,0,0,1,0,0,0,0,2
2026-09-14T20:40:08.644294+00:00,2625,1882929,128x,300ms,25,64,0,0,0,0,0,1,0,0,0,0,2
2026-09-14T20:40:09.364533+00:00,2626,1883645,128x,300ms,25,64,1,0,0,0,0,1,0,0,0,0,2
2026-09-14T20:40:10.076258+00:00,2627,1884363,128x,300ms,25,64,1,0,0,0,0,1,0,0,0,0,2
2026-09-14T20:40:10.796287+00:00,2628,1885081,128x,300ms,25,64,1,0,0,0,0,1,0,0,0,0,2
2026-09-14T20:40:11.507354+00:00,2629,1885799,128x,300ms,25,64,1,0,0,0,0,1,0,0,0,0,2
2026-09-14T20:40:12.228259+00:00,2630,1886517,128x,300ms,25,64,1,0,0,0,0,1,0,0,0,0,2
2026-09-14T20:40:12.947774+00:00,2631,1887235,128x,300ms,25,64,0,0,0,0,0,1,0,0,0,0,3
2026-09-14T20:40:13.660425+00:00,2632,1887951,128x,300ms,25,64,0,0,0,0,0,1,0,0,0,0,2
2026-09-14T20:40:14.379712+00:00,2633,1888668,128x,300ms,25,64,0,0,0,0,0,1,0,0,0,0,2
2026-09-14T20:40:15.099889+00:00,2634,1889385,128x,300ms,25,64,0,0,0,0,0,1,0,0,0,0,3
2026-09-14T20:40:15.811171+00:00,2635,1890103,128x,300ms,25,64,0,0,0,0,0,1,0,0,0,0,2
2026-09-14T20:40:16.532055+00:00,2636,1890820,128x,300ms,25,64,1,0,0,0,0,1,0,0,0,0,2
2026-09-14T20:40:17.244285+00:00,2637,1891537,128x,300ms,25,64,1,0,0,0,0,1,0,0,0,0,2
2026-09-14T20:40:17.963795+00:00,2638,1892255,128x,300ms,25,64,1,0,0,0,0,1,0,0,0,0,2
2026-09-14T20:40:18.683218+00:00,2639,1892973,128x,300ms,25,64,1,0,0,0,0,1,0,0,0,0,2
2026-09-14T20:40:19.399782+00:00,2640,1893691,128x,300ms,25,64,1,0,0,0,0,1,0,0,0,0,3
2026-09-14T20:40:20.119165+00:00,2641,1894409,128x,300ms,25,64,0,0,0,0,0,1,0,0,0,0,2
2026-09-14T20:40:20.831163+00:00,2642,1895126,128x,300ms,25,64,0,0,0,0,0,0,0,0,0,0,2
2026-09-14T20:40:21.551178+00:00,2643,1895842,128x,300ms,25,64,0,0,0,0,0,1,0,0,0,0,2
2026-09-14T20:40:22.270600+00:00,2644,1896560,128x,300ms,25,64,0,0,0,0,0,1,0,0,0,0,2
2026-09-14T20:40:22.982893+00:00,2645,1897277,128x,300ms,25,64,0,0,0,0,0,1,0,0,0,0,2
2026-09-14T20:40:23.702969+00:00,2646,1897994,128x,300ms,25,64,1,0,0,0,0,1,0,0,0,0,2
2026-09-14T20:40:24.415129+00:00,2647,1898712,128x,300ms,25,64,1,0,0,0,0,1,0,0,0,0,2
2026-09-14T20:40:25.135121+00:00,2648,1899429,128x,300ms,25,64,1,0,0,0,0,1,0,0,0,0,2
2026-09-14T20:40:25.855262+00:00,2649,1900147,128x,300ms,25,64,1,0,0,0,0,1,0,0,0,0,2
2026-09-14T20:40:26.567805+00:00,2650,1900865,128x,300ms,25,64,1,0,0,0,0,1,0,0,0,0,2
2026-09-14T20:40:27.287738+00:00,2651,1901583,128x,300ms,25,64,0,0,0,0,0,1,0,0,0,0,2
2026-09-14T20:40:28.000047+00:00,2652,1902300,128x,300ms,25,64,0,0,0,0,0,1,0,0,0,0,3
2026-09-14T20:40:28.719479+00:00,2653,1903016,128x,300ms,25,64,0,0,0,0,0,1,0,0,0,0,2
2026-09-14T20:40:29.439592+00:00,2654,1903733,128x,300ms,25,64,0,0,0,0,0,1,0,0,0,0,2
2026-09-14T20:40:30.159001+00:00,2655,1904451,128x,300ms,25,64,0,0,0,0,0,1,0,0,0,0,2
2026-09-14T20:40:30.871171+00:00,2656,1905168,128x,300ms,25,64,1,0,0,0,0,1,0,0,0,0,2
2026-09-14T20:40:31.591266+00:00,2657,1905886,128x,300ms,25,64,1,0,0,0,0,1,0,0,0,0,2
2026-09-14T20:40:32.311110+00:00,2658,1906604,128x,300ms,25,64,1,0,0,0,0,1,0,0,0,0,2
2026-09-14T20:40:33.023897+00:00,2659,1907321,128x,300ms,25,64,1,0,0,0,0,1,0,0,0,0,2
2026-09-14T20:40:33.741856+00:00,2660,1908038,128x,300ms,25,64,1,0,0,0,0,1,0,0,0,0,3
2026-09-14T20:40:34.456089+00:00,2661,1908756,128x,300ms,25,64,0,0,0,0,0,1,0,0,0,0,2
2026-09-14T20:40:35.175921+00:00,2662,1909474,128x,300ms,25,64,0,0,0,0,0,1,0,0,0,0,2
2026-09-14T20:40:35.895892+00:00,2663,1910191,128x,300ms,25,64,0,0,0,0,0,1,0,0,0,0,2
2026-09-14T20:40:36.607337+00:00,2664,1910907,128x,300ms,25,64,0,0,0,0,0,1,0,0,0,0,2
2026-09-14T20:40:37.328016+00:00,2665,1911625,128x,300ms,25,64,0,0,0,0,0,1,0,0,0,0,3
2026-09-14T20:40:38.047462+00:00,2666,1912342,128x,300ms,25,64,1,0,0,0,0,1,0,0,0,0,2
2026-09-14T20:40:38.759559+00:00,2667,1913060,128x,300ms,25,64,1,0,0,0,0,1,0,0,0,0,2
2026-09-14T20:40:39.478934+00:00,2668,1913777,128x,300ms,25,64,1,0,0,0,0,1,0,0,0,0,2
2026-09-14T20:40:40.200090+00:00,2669,1914496,128x,300ms,25,64,1,0,0,0,0,1,0,0,0,0,2
2026-09-14T20:40:40.910950+00:00,2670,1915212,128x,300ms,25,64,1,0,0,0,0,1,0,0,0,0,2
2026-09-14T20:40:41.630344+00:00,2671,1915930,128x,300ms,25,64,0,0,0,0,0,1,0,0,0,0,2
2026-09-14T20:40:42.343997+00:00,2672,1916647,128x,300ms,25,64,0,0,0,0,0,1,0,0,0,0,2
2026-09-14T20:40:43.061489+00:00,2673,1917365,128x,300ms,25,64,0,0,0,0,0,1,0,0,0,0,2
2026-09-14T20:40:43.782686+00:00,2674,1918082,128x,300ms,25,64,0,0,0,0,0,0,0,0,0,0,2
2026-09-14T20:40:44.495664+00:00,2675,1918799,128x,300ms,25,64,0,0,0,0,0,1,0,0,0,0,2
2026-09-14T20:40:45.215418+00:00,2676,1919516,128x,300ms,25,64,1,0,0,0,0,1,0,0,0,0,3
2026-09-14T20:40:45.928176+00:00,2677,1920234,128x,300ms,25,64,1,0,0,0,0,1,0,0,0,0,2
2026-09-14T20:40:46.645086+00:00,2678,1920952,128x,300ms,25,64,1,0,0,0,0,1,0,0,0,0,2
2026-09-14T20:40:47.364185+00:00,2679,1921670,128x,300ms,25,64,1,0,0,0,0,1,0,0,0,0,2
2026-09-14T20:40:48.085107+00:00,2680,1922386,128x,300ms,25,64,1,0,0,0,0,1,0,0,0,0,2
2026-09-14T20:40:48.797188+00:00,2681,1923104,128x,300ms,25,64,0,0,0,0,0,1,0,0,0,0,2
2026-09-14T20:40:49.516692+00:00,2682,1923821,128x,300ms,25,64,0,0,0,0,0,1,0,0,0,0,2
2026-09-14T20:40:50.236858+00:00,2683,1924539,128x,300ms,25,64,0,0,0,0,0,1,0,0,0,0,2
2026-09-14T20:40:50.948367+00:00,2684,1925256,128x,300ms,25,64,0,0,0,0,0,1,0,0,0,0,2
2026-09-14T20:40:51.668683+00:00,2685,1925974,128x,300ms,25,64,0,0,0,0,0,1,0,0,0,0,2
2026-09-14T20:40:52.386996+00:00,2686,1926690,128x,300ms,25,64,1,0,0,0,0,1,0,0,0,0,2
2026-09-14T20:40:53.101389+00:00,2687,1927408,128x,300ms,25,64,1,0,0,0,0,1,0,0,0,0,2
2026-09-14T20:40:53.821148+00:00,2688,1928125,128x,300ms,25,64,1,0,0,0,0,1,0,0,0,0,2
2026-09-14T20:40:54.540413+00:00,2689,1928844,128x,300ms,25,64,1,0,0,0,0,1,0,0,0,0,3
2026-09-14T20:40:55.253008+00:00,2690,1929561,128x,300ms,25,64,1,0,0,0,0,1,0,0,0,0,2
2026-09-14T20:40:55.972781+00:00,2691,1930278,128x,300ms,25,64,0,0,0,0,0,1,0,0,0,0,2
2026-09-14T20:40:56.693032+00:00,2692,1930995,128x,300ms,25,64,0,0,0,0,0,1,0,0,0,0,2
2026-09-14T20:40:57.404716+00:00,2693,1931713,128x,300ms,25,64,0,0,0,0,0,1,0,0,0,0,2
2026-09-14T20:40:58.124858+00:00,2694,1932430,128x,300ms,25,64,0,0,0,0,0,1,0,0,0,0,2
2026-09-14T20:40:58.836634+00:00,2695,1933147,128x,300ms,25,64,0,0,0,0,0,1,0,0,0,0,2
2026-09-14T20:40:59.557194+00:00,2696,1933864,128x,300ms,25,64,1,0,0,0,0,1,0,0,0,0,2
2026-09-14T20:41:00.277258+00:00,2697,1934582,128x,300ms,25,64,1,0,0,0,0,1,0,0,0,0,2
2026-09-14T20:41:00.997351+00:00,2698,1935299,128x,300ms,25,64,1,0,0,0,0,1,0,0,0,0,2
2026-09-14T20:41:01.707320+00:00,2699,1936017,128x,300ms,25,64,1,0,0,0,0,1,0,0,0,0,2
2026-09-14T20:41:02.428451+00:00,2700,1936735,128x,300ms,25,64,1,0,0,0,0,1,0,0,0,0,2
2026-09-14T20:41:03.140957+00:00,2701,1937453,128x,300ms,25,64,0,0,0,0,0,1,0,0,0,0,2
2026-09-14T20:41:03.860778+00:00,2702,1938169,128x,300ms,25,64,0,0,0,0,0,1,0,0,0,0,2
2026-09-14T20:41:04.581443+00:00,2703,1938886,128x,300ms,25,64,0,0,0,0,0,1,0,0,0,0,2
2026-09-14T20:41:05.291325+00:00,2704,1939604,128x,300ms,25,64,0,0,0,0,0,1,0,0,0,0,2
2026-09-14T20:41:06.013678+00:00,2705,1940321,128x,300ms,25,64,0,0,0,0,0,1,0,0,0,0,2
2026-09-14T20:41:06.725910+00:00,2706,1941038,128x,300ms,25,64,1,0,0,0,0,1,0,0,0,0,2
2026-09-14T20:41:07.445513+00:00,2707,1941755,128x,300ms,25,64,1,0,0,0,0,1,0,0,0,0,2
2026-09-14T20:41:08.165570+00:00,2708,1942473,128x,300ms,25,64,1,0,0,0,0,1,0,0,0,0,2
2026-09-14T20:41:08.876620+00:00,2709,1943191,128x,300ms,25,64,1,0,0,0,0,1,0,0,0,0,2
2026-09-14T20:41:09.597721+00:00,2710,1943909,128x,300ms,25,64,1,0,0,0,0,1,0,0,0,0,2
2026-09-14T20:41:10.309737+00:00,2711,1944627,128x,300ms,25,64,0,0,0,0,0,1,0,0,0,0,2
2026-09-14T20:41:11.029998+00:00,2712,1945344,128x,300ms,25,64,0,0,0,0,0,1,0,0,0,0,2
2026-09-14T20:41:11.749097+00:00,2713,1946060,128x,300ms,25,64,0,0,0,0,0,1,0,0,0,0,2
2026-09-14T20:41:12.460072+00:00,2714,1946777,128x,300ms,25,64,0,0,0,0,0,1,0,0,0,0,2
2026-09-14T20:41:13.181749+00:00,2715,1947495,128x,300ms,25,64,0,0,0,0,0,1,0,0,0,0,3
2026-09-14T20:41:13.900858+00:00,2716,1948212,128x,300ms,25,64,1,0,0,0,0,1,0,0,0,0,2
2026-09-14T20:41:14.619906+00:00,2717,1948930,128x,300ms,25,64,1,0,0,0,0,1,0,0,0,0,2
2026-09-14T20:41:15.332784+00:00,2718,1949647,128x,300ms,25,64,1,0,0,0,0,1,0,0,0,0,2
2026-09-14T20:41:16.052781+00:00,2719,1950365,128x,300ms,25,64,1,0,0,0,0,1,0,0,0,0,2
2026-09-14T20:41:16.764854+00:00,2720,1951082,128x,300ms,25,64,1,0,0,0,0,1,0,0,0,0,2
2026-09-14T20:41:17.485131+00:00,2721,1951800,128x,300ms,25,64,0,0,0,0,0,1,0,0,0,0,2
2026-09-14T20:41:18.204665+00:00,2722,1952517,128x,300ms,25,64,0,0,0,0,0,1,0,0,0,0,2
2026-09-14T20:41:18.917433+00:00,2723,1953234,128x,300ms,25,64,0,0,0,0,0,1,0,0,0,0,2
2026-09-14T20:41:19.637681+00:00,2724,1953951,128x,300ms,25,64,0,0,0,0,0,1,0,0,0,0,2
2026-09-14T20:41:20.349068+00:00,2725,1954668,128x,300ms,25,64,0,0,0,0,0,1,0,0,0,0,2
2026-09-14T20:41:21.068712+00:00,2726,1955386,128x,300ms,25,64,1,0,0,0,0,1,0,0,0,0,2
2026-09-14T20:41:21.788973+00:00,2727,1956104,128x,300ms,25,64,1,0,0,0,0,1,0,0,0,0,3
2026-09-14T20:41:22.500932+00:00,2728,1956820,128x,300ms,25,64,1,0,0,0,0,1,0,0,0,0,2
2026-09-14T20:41:23.221930+00:00,2729,1957538,128x,300ms,25,64,1,0,0,0,0,1,0,0,0,0,3
2026-09-14T20:41:23.941307+00:00,2730,1958256,128x,300ms,25,64,1,0,0,0,0,1,0,0,0,0,2
2026-09-14T20:41:24.653540+00:00,2731,1958974,128x,300ms,25,64,0,0,0,0,0,1,0,0,0,0,2
2026-09-14T20:41:25.372658+00:00,2732,1959691,128x,300ms,25,64,0,0,0,0,0,1,0,0,0,0,3
2026-09-14T20:41:26.084947+00:00,2733,1960409,128x,300ms,25,64,0,0,0,0,0,1,0,0,0,0,2
2026-09-14T20:41:26.804730+00:00,2734,1961125,128x,300ms,25,64,0,0,0,0,0,1,0,0,0,0,3
2026-09-14T20:41:27.524820+00:00,2735,1961842,128x,300ms,25,64,0,0,0,0,0,1,0,0,0,0,2
2026-09-14T20:41:28.244412+00:00,2736,1962559,128x,300ms,25,64,1,0,0,0,0,1,0,0,0,0,2
2026-09-14T20:41:28.957653+00:00,2737,1963277,128x,300ms,25,64,1,0,0,0,0,1,0,0,0,0,2
2026-09-14T20:41:29.677030+00:00,2738,1963995,128x,300ms,25,64,1,0,0,0,0,1,0,0,0,0,2
2026-09-14T20:41:30.389799+00:00,2739,1964712,128x,300ms,25,64,1,0,0,0,0,1,0,0,0,0,2
2026-09-14T20:41:31.108931+00:00,2740,1965430,128x,300ms,25,64,1,0,0,0,0,1,0,0,0,0,3
2026-09-14T20:41:31.828868+00:00,2741,1966148,128x,300ms,25,64,0,0,0,0,0,1,0,0,0,0,2
2026-09-14T20:41:32.540721+00:00,2742,1966865,128x,300ms,25,64,0,0,0,0,0,1,0,0,0,0,2
2026-09-14T20:41:33.261096+00:00,2743,1967582,128x,300ms,25,64,0,0,0,0,0,1,0,0,0,0,3
2026-09-14T20:41:33.981654+00:00,2744,1968300,128x,300ms,25,64,0,0,0,0,0,1,0,0,0,0,3
2026-09-14T20:41:34.693360+00:00,2745,1969016,128x,300ms,25,64,0,0,0,0,0,1,0,0,0,0,2
2026-09-14T20:41:35.413369+00:00,2746,1969733,128x,300ms,25,64,1,0,0,0,0,1,0,0,0,0,2
2026-09-14T20:41:36.132924+00:00,2747,1970451,128x,300ms,25,64,1,0,0,0,0,1,0,0,0,0,2
2026-09-14T20:41:36.844701+00:00,2748,1971169,128x,300ms,25,64,1,0,0,0,0,1,0,0,0,0,2
2026-09-14T20:41:37.564855+00:00,2749,1971887,128x,300ms,25,64,1,0,0,0,0,1,0,0,0,0,2
2026-09-14T20:41:38.285588+00:00,2750,1972604,128x,300ms,25,64,1,0,0,0,0,1,0,0,0,0,2
2026-09-14T20:41:38.997487+00:00,2751,1973322,128x,300ms,25,64,0,0,0,0,0,1,0,0,0,0,3
2026-09-14T20:41:39.716956+00:00,2752,1974039,128x,300ms,25,64,0,0,0,0,0,1,0,0,0,0,2
2026-09-14T20:41:40.429750+00:00,2753,1974756,128x,300ms,25,64,0,0,0,0,0,1,0,0,0,0,2
2026-09-14T20:41:41.149084+00:00,2754,1975474,128x,300ms,25,64,0,0,0,0,0,1,0,0,0,0,3
2026-09-14T20:41:41.867452+00:00,2755,1976190,128x,300ms,25,64,0,0,0,0,0,1,0,0,0,0,2
2026-09-14T20:41:42.581089+00:00,2756,1976907,128x,300ms,25,64,1,0,0,0,0,1,0,0,0,0,2
2026-09-14T20:41:43.301448+00:00,2757,1977625,128x,300ms,25,64,1,0,0,0,0,1,0,0,0,0,2
2026-09-14T20:41:44.012950+00:00,2758,1978343,128x,300ms,25,64,1,0,0,0,0,1,0,0,0,0,3
2026-09-14T20:41:44.732941+00:00,2759,1979061,128x,300ms,25,64,1,0,0,0,0,1,0,0,0,0,2
2026-09-14T20:41:45.453769+00:00,2760,1979779,128x,300ms,25,64,1,0,0,0,0,1,0,0,0,0,2
2026-09-14T20:41:46.165442+00:00,2761,1980495,128x,300ms,25,64,0,0,0,0,0,1,0,0,0,0,2
2026-09-14T20:41:46.885319+00:00,2762,1981213,128x,300ms,25,64,0,0,0,0,0,1,0,0,0,0,2
2026-09-14T20:41:47.605420+00:00,2763,1981930,128x,300ms,25,64,0,0,0,0,0,1,0,0,0,0,2
2026-09-14T20:41:48.325675+00:00,2764,1982647,128x,300ms,25,64,0,0,0,0,0,1,0,0,0,0,3
2026-09-14T20:41:49.037294+00:00,2765,1983365,128x,300ms,25,64,0,0,0,0,0,1,0,0,0,0,3
2026-09-14T20:41:49.757441+00:00,2766,1984081,128x,300ms,25,64,1,0,0,0,0,1,0,0,0,0,2
2026-09-14T20:41:50.469733+00:00,2767,1984799,128x,300ms,25,64,1,0,0,0,0,1,0,0,0,0,2
2026-09-14T20:41:51.188707+00:00,2768,1985517,128x,300ms,25,64,1,0,0,0,0,1,0,0,0,0,2
2026-09-14T20:41:51.909783+00:00,2769,1986234,128x,300ms,25,64,1,0,0,0,0,1,0,0,0,0,2
2026-09-14T20:41:52.621326+00:00,2770,1986952,128x,300ms,25,64,1,0,0,0,0,1,0,0,0,0,3
2026-09-14T20:41:53.340785+00:00,2771,1987670,128x,300ms,25,64,0,0,0,0,0,1,0,0,0,0,2
2026-09-14T20:41:54.052907+00:00,2772,1988387,128x,300ms,25,64,0,0,0,0,0,1,0,0,0,0,3
2026-09-14T20:41:54.773469+00:00,2773,1989104,128x,300ms,25,64,0,0,0,0,0,1,0,0,0,0,2
2026-09-14T20:41:55.493135+00:00,2774,1989821,128x,300ms,25,64,0,0,0,0,0,1,0,0,0,0,2
2026-09-14T20:41:56.205686+00:00,2775,1990538,128x,300ms,25,64,0,0,0,0,0,1,0,0,0,0,3
2026-09-14T20:41:56.925341+00:00,2776,1991256,128x,300ms,25,64,1,0,0,0,0,1,0,0,0,0,2
2026-09-14T20:41:57.645325+00:00,2777,1991972,128x,300ms,25,64,1,0,0,0,0,0,0,0,0,0,2
2026-09-14T20:41:58.364995+00:00,2778,1992690,128x,300ms,25,64,1,0,0,0,0,1,0,0,0,0,2
2026-09-14T20:41:59.077582+00:00,2779,1993408,128x,300ms,25,64,1,0,0,0,0,1,0,0,0,0,2
2026-09-14T20:41:59.797183+00:00,2780,1994126,128x,300ms,25,64,1,0,0,0,0,1,0,0,0,0,2
2026-09-14T20:42:00.516063+00:00,2781,1994844,128x,300ms,25,64,0,0,0,0,0,1,0,0,0,0,2
2026-09-14T20:42:01.227354+00:00,2782,1995560,128x,300ms,25,64,0,0,0,0,0,1,0,0,0,0,2
2026-09-14T20:42:01.949226+00:00,2783,1996277,128x,300ms,25,64,0,0,0,0,0,1,0,0,0,0,2
2026-09-14T20:42:02.661175+00:00,2784,1996995,128x,300ms,25,64,0,0,0,0,0,1,0,0,0,0,3
2026-09-14T20:42:03.380692+00:00,2785,1997712,128x,300ms,25,64,0,0,0,0,0,1,0,0,0,0,2
2026-09-14T20:42:04.093070+00:00,2786,1998430,128x,300ms,25,64,1,0,0,0,0,1,0,0,0,0,2
2026-09-14T20:42:04.813510+00:00,2787,1999147,128x,300ms,25,64,1,0,0,0,0,1,0,0,0,0,2
2026-09-14T20:42:05.532824+00:00,2788,1999864,128x,300ms,25,64,1,0,0,0,0,1,0,0,0,0,2
2026-09-14T20:42:06.245020+00:00,2789,2000582,128x,300ms,25,64,1,0,0,0,0,1,0,0,0,0,2
2026-09-14T20:42:06.964840+00:00,2790,2001300,128x,300ms,25,64,1,0,0,0,0,1,0,0,0,0,3
2026-09-14T20:42:07.677899+00:00,2791,2002018,128x,300ms,25,64,0,0,0,0,0,1,0,0,0,0,2
2026-09-14T20:42:08.396028+00:00,2792,2002735,128x,300ms,25,64,0,0,0,0,0,1,0,0,0,0,2
2026-09-14T20:42:09.117802+00:00,2793,2003451,128x,300ms,25,64,0,0,0,0,0,1,0,0,0,0,2
2026-09-14T20:42:09.835559+00:00,2794,2004169,128x,300ms,25,64,0,0,0,0,0,1,0,0,0,0,2
2026-09-14T20:42:10.550941+00:00,2795,2004886,128x,300ms,25,64,0,0,0,0,0,1,0,0,0,0,2
2026-09-14T20:42:11.270974+00:00,2796,2005604,128x,300ms,25,64,1,0,0,0,0,1,0,0,0,0,2
2026-09-14T20:42:11.990729+00:00,2797,2006321,128x,300ms,25,64,1,0,0,0,0,1,0,0,0,0,2
2026-09-14T20:42:12.702333+00:00,2798,2007038,128x,300ms,25,64,1,0,0,0,0,1,0,0,0,0,2
2026-09-14T20:42:13.422821+00:00,2799,2007756,128x,300ms,25,64,1,0,0,0,0,1,0,0,0,0,2
2026-09-14T20:42:14.134535+00:00,2800,2008474,128x,300ms,25,64,1,0,0,0,0,1,0,0,0,0,2
2026-09-14T20:42:14.855027+00:00,2801,2009192,128x,300ms,25,64,0,0,0,0,0,1,0,0,0,0,2
2026-09-14T20:42:15.567203+00:00,2802,2009909,128x,300ms,25,64,0,0,0,0,0,1,0,0,0,0,3
2026-09-14T20:42:16.287339+00:00,2803,2010626,128x,300ms,25,64,0,0,0,0,0,1,0,0,0,0,2
2026-09-14T20:42:17.006314+00:00,2804,2011343,128x,300ms,25,64,0,0,0,0,0,1,0,0,0,0,3
2026-09-14T20:42:17.718373+00:00,2805,2012060,128x,300ms,25,64,0,0,0,0,0,1,0,0,0,0,2
2026-09-14T20:42:18.438280+00:00,2806,2012777,128x,300ms,25,64,1,0,0,0,0,1,0,0,0,0,2
2026-09-14T20:42:19.158459+00:00,2807,2013495,128x,300ms,25,64,1,0,0,0,0,1,0,0,0,0,3
2026-09-14T20:42:19.879027+00:00,2808,2014213,128x,300ms,25,64,1,0,0,0,0,1,0,0,0,0,2
2026-09-14T20:42:20.591225+00:00,2809,2014930,128x,300ms,25,64,1,0,0,0,0,1,0,0,0,0,3
2026-09-14T20:42:21.310108+00:00,2810,2015648,128x,300ms,25,64,1,0,0,0,0,1,0,0,0,0,2
2026-09-14T20:42:22.027195+00:00,2811,2016366,128x,300ms,25,64,0,0,0,0,0,1,0,0,0,0,2
2026-09-14T20:42:22.739250+00:00,2812,2017083,128x,300ms,25,64,0,0,0,0,0,1,0,0,0,0,3
2026-09-14T20:42:23.458510+00:00,2813,2017800,128x,300ms,25,64,0,0,0,0,0,1,0,0,0,0,3
2026-09-14T20:42:24.178673+00:00,2814,2018518,128x,300ms,25,64,0,0,0,0,0,1,0,0,0,0,3
2026-09-14T20:42:24.890445+00:00,2815,2019234,128x,300ms,25,64,0,0,0,0,0,1,0,0,0,0,2
2026-09-14T20:42:25.610398+00:00,2816,2019951,128x,300ms,25,64,1,0,0,0,0,1,0,0,0,0,3
2026-09-14T20:42:26.330202+00:00,2817,2020669,128x,300ms,25,64,1,0,0,0,0,1,0,0,0,0,2
2026-09-14T20:42:27.042145+00:00,2818,2021387,128x,300ms,25,64,1,0,0,0,0,1,0,0,0,0,2
2026-09-14T20:42:27.763140+00:00,2819,2022105,128x,300ms,25,64,1,0,0,0,0,1,0,0,0,0,2
2026-09-14T20:42:28.474837+00:00,2820,2022822,128x,300ms,25,64,1,0,0,0,0,1,0,0,0,0,3
2026-09-14T20:42:29.193449+00:00,2821,2023539,128x,300ms,25,64,0,0,0,0,0,1,0,0,0,0,3
2026-09-14T20:42:29.914362+00:00,2822,2024257,128x,300ms,25,64,0,0,0,0,0,1,0,0,0,0,2
2026-09-14T20:42:30.626975+00:00,2823,2024974,128x,300ms,25,64,0,0,0,0,0,1,0,0,0,0,2
2026-09-14T20:42:31.346674+00:00,2824,2025691,128x,300ms,25,64,0,0,0,0,0,1,0,0,0,0,2
2026-09-14T20:42:32.066035+00:00,2825,2026408,128x,300ms,25,64,0,0,0,0,0,1,0,0,0,0,2
2026-09-14T20:42:32.786142+00:00,2826,2027125,128x,300ms,25,64,1,0,0,0,0,1,0,0,0,0,2
2026-09-14T20:42:33.498759+00:00,2827,2027843,128x,300ms,25,64,1,0,0,0,0,1,0,0,0,0,3
2026-09-14T20:42:34.218252+00:00,2828,2028561,128x,300ms,25,64,1,0,0,0,0,1,0,0,0,0,2
2026-09-14T20:42:34.930478+00:00,2829,2029278,128x,300ms,25,64,1,0,0,0,0,1,0,0,0,0,2
2026-09-14T20:42:35.650965+00:00,2830,2029997,128x,300ms,25,64,1,0,0,0,0,1,0,0,0,0,2
2026-09-14T20:42:36.370104+00:00,2831,2030713,128x,300ms,25,64,0,0,0,0,0,1,0,0,0,0,2
2026-09-14T20:42:37.081367+00:00,2832,2031431,128x,300ms,25,64,0,0,0,0,0,1,0,0,0,0,2
2026-09-14T20:42:37.803395+00:00,2833,2032148,128x,300ms,25,64,0,0,0,0,0,1,0,0,0,0,2
2026-09-14T20:42:38.514961+00:00,2834,2032865,128x,300ms,25,64,0,0,0,0,0,1,0,0,0,0,2
2026-09-14T20:42:39.234954+00:00,2835,2033582,128x,300ms,25,64,0,0,0,0,0,1,0,0,0,0,3
2026-09-14T20:42:39.953324+00:00,2836,2034299,128x,300ms,25,64,1,0,0,0,0,1,0,0,0,0,2
2026-09-14T20:42:40.674203+00:00,2837,2035017,128x,300ms,25,64,1,0,0,0,0,1,0,0,0,0,2
2026-09-14T20:42:41.386537+00:00,2838,2035735,128x,300ms,25,64,1,0,0,0,0,1,0,0,0,0,2
2026-09-14T20:42:42.106367+00:00,2839,2036452,128x,300ms,25,64,1,0,0,0,0,1,0,0,0,0,2
2026-09-14T20:42:42.826019+00:00,2840,2037170,128x,300ms,25,64,1,0,0,0,0,1,0,0,0,0,2
2026-09-14T20:42:43.539026+00:00,2841,2037888,128x,300ms,25,64,0,0,0,0,0,1,0,0,0,0,2
2026-09-14T20:42:44.258637+00:00,2842,2038604,128x,300ms,25,64,0,0,0,0,0,1,0,0,0,0,2
2026-09-14T20:42:44.970727+00:00,2843,2039322,128x,300ms,25,64,0,0,0,0,0,1,0,0,0,0,3
2026-09-14T20:42:45.690020+00:00,2844,2040039,128x,300ms,25,64,0,0,0,0,0,1,0,0,0,0,2
2026-09-14T20:42:46.410360+00:00,2845,2040756,128x,300ms,25,64,0,0,0,0,0,1,0,0,0,0,2
2026-09-14T20:42:47.122705+00:00,2846,2041474,128x,300ms,25,64,1,0,0,0,0,1,0,0,0,0,2
2026-09-14T20:42:47.841276+00:00,2847,2042190,128x,300ms,25,64,1,0,0,0,0,1,0,0,0,0,2
2026-09-14T20:42:48.554938+00:00,2848,2042908,128x,300ms,25,64,1,0,0,0,0,1,0,0,0,0,2
2026-09-14T20:42:49.274950+00:00,2849,2043626,128x,300ms,25,64,1,0,0,0,0,1,0,0,0,0,2
2026-09-14T20:42:49.994415+00:00,2850,2044344,128x,300ms,25,64,1,0,0,0,0,1,0,0,0,0,2
2026-09-14T20:42:50.706369+00:00,2851,2045062,128x,300ms,25,64,0,0,0,0,0,1,0,0,0,0,2
2026-09-14T20:42:51.426845+00:00,2852,2045778,128x,300ms,25,64,0,0,0,0,0,1,0,0,0,0,2
2026-09-14T20:42:52.139082+00:00,2853,2046495,128x,300ms,25,64,0,0,0,0,0,1,0,0,0,0,2
2026-09-14T20:42:52.866993+00:00,2854,2047213,128x,300ms,25,64,0,0,0,0,0,1,0,0,0,0,2
2026-09-14T20:42:53.578631+00:00,2855,2047930,128x,300ms,25,64,0,0,0,0,0,1,0,0,0,0,2
2026-09-14T20:42:54.298869+00:00,2856,2048648,128x,300ms,25,64,1,0,0,0,0,1,0,0,0,0,2
2026-09-14T20:42:55.009691+00:00,2857,2049366,128x,300ms,25,64,1,0,0,0,0,1,0,0,0,0,3
2026-09-14T20:42:55.730538+00:00,2858,2050082,128x,300ms,25,64,1,0,0,0,0,1,0,0,0,0,2
2026-09-14T20:42:56.451192+00:00,2859,2050800,128x,300ms,25,64,1,0,0,0,0,1,0,0,0,0,2
2026-09-14T20:42:57.162493+00:00,2860,2051518,128x,300ms,25,64,1,0,0,0,0,1,0,0,0,0,2
2026-09-14T20:42:57.882442+00:00,2861,2052236,128x,300ms,25,64,0,0,0,0,0,1,0,0,0,0,3
2026-09-14T20:42:58.594681+00:00,2862,2052953,128x,300ms,25,64,0,0,0,0,0,1,0,0,0,0,3
2026-09-14T20:42:59.315168+00:00,2863,2053670,128x,300ms,25,64,0,0,0,0,0,1,0,0,0,0,3
2026-09-14T20:43:00.027221+00:00,2864,2054387,128x,300ms,25,64,0,0,0,0,0,1,0,0,0,0,2
2026-09-14T20:43:00.746613+00:00,2865,2055104,128x,300ms,25,64,0,0,0,0,0,1,0,0,0,0,2
2026-09-14T20:43:01.465984+00:00,2866,2055822,128x,300ms,25,64,1,0,0,0,0,1,0,0,0,0,2
2026-09-14T20:43:02.186384+00:00,2867,2056540,128x,300ms,25,64,1,0,0,0,0,1,0,0,0,0,2
2026-09-14T20:43:02.906868+00:00,2868,2057256,128x,300ms,25,64,1,0,0,0,0,1,0,0,0,0,2
2026-09-14T20:43:03.618708+00:00,2869,2057974,128x,300ms,25,64,1,0,0,0,0,1,0,0,0,0,2
2026-09-14T20:43:04.338858+00:00,2870,2058692,128x,300ms,25,64,1,0,0,0,0,1,0,0,0,0,2
2026-09-14T20:43:05.050979+00:00,2871,2059410,128x,300ms,25,64,0,0,0,0,0,1,0,0,0,0,3
2026-09-14T20:43:05.771014+00:00,2872,2060127,128x,300ms,25,64,0,0,0,0,0,1,0,0,0,0,2
2026-09-14T20:43:06.490032+00:00,2873,2060845,128x,300ms,25,64,0,0,0,0,0,1,0,0,0,0,2
2026-09-14T20:43:07.202720+00:00,2874,2061561,128x,300ms,25,64,0,0,0,0,0,1,0,0,0,0,2
2026-09-14T20:43:07.917326+00:00,2875,2062278,128x,300ms,25,64,0,0,0,0,0,1,0,0,0,0,2
2026-09-14T20:43:08.636142+00:00,2876,2062996,128x,300ms,25,64,1,0,0,0,0,1,0,0,0,0,2
2026-09-14T20:43:09.357424+00:00,2877,2063714,128x,300ms,25,64,1,0,0,0,0,1,0,0,0,0,2
2026-09-14T20:43:10.076017+00:00,2878,2064431,128x,300ms,25,64,1,0,0,0,0,1,0,0,0,0,2
2026-09-14T20:43:10.788723+00:00,2879,2065148,128x,300ms,25,64,1,0,0,0,0,1,0,0,0,0,2
2026-09-14T20:43:11.509278+00:00,2880,2065866,128x,300ms,25,64,1,0,0,0,0,1,0,0,0,0,2
2026-09-14T20:43:12.229046+00:00,2881,2066584,128x,300ms,25,64,0,0,0,0,0,1,0,0,0,0,3
2026-09-14T20:43:12.940600+00:00,2882,2067301,128x,300ms,25,64,0,0,0,0,0,1,0,0,0,0,2
2026-09-14T20:43:13.652934+00:00,2883,2068019,128x,300ms,25,64,0,0,0,0,0,1,0,0,0,0,2
2026-09-14T20:43:14.373068+00:00,2884,2068736,128x,300ms,25,64,0,0,0,0,0,1,0,0,0,0,2
2026-09-14T20:43:15.092853+00:00,2885,2069452,128x,300ms,25,64,0,0,0,0,0,1,0,0,0,0,3
2026-09-14T20:43:15.812455+00:00,2886,2070169,128x,300ms,25,64,1,0,0,0,0,1,0,0,0,0,2
2026-09-14T20:43:16.525070+00:00,2887,2070887,128x,300ms,25,64,1,0,0,0,0,1,0,0,0,0,3
2026-09-14T20:43:17.245261+00:00,2888,2071605,128x,300ms,25,64,1,0,0,0,0,1,0,0,0,0,2
2026-09-14T20:43:17.957305+00:00,2889,2072323,128x,300ms,25,64,1,0,0,0,0,1,0,0,0,0,2
2026-09-14T20:43:18.676127+00:00,2890,2073040,128x,300ms,25,64,1,0,0,0,0,1,0,0,0,0,2
2026-09-14T20:43:19.396956+00:00,2891,2073758,128x,300ms,25,64,0,0,0,0,0,1,0,0,0,0,2
2026-09-14T20:43:20.107872+00:00,2892,2074475,128x,300ms,25,64,0,0,0,0,0,1,0,0,0,0,2
2026-09-14T20:43:20.827710+00:00,2893,2075192,128x,300ms,25,64,0,0,0,0,0,1,0,0,0,0,2
2026-09-14T20:43:21.548961+00:00,2894,2075910,128x,300ms,25,64,0,0,0,0,0,1,0,0,0,0,2
2026-09-14T20:43:22.261023+00:00,2895,2076626,128x,300ms,25,64,0,0,0,0,0,1,0,0,0,0,2
2026-09-14T20:43:22.980149+00:00,2896,2077343,128x,300ms,25,64,1,0,0,0,0,1,0,0,0,0,2
2026-09-14T20:43:23.700341+00:00,2897,2078061,128x,300ms,25,64,1,0,0,0,0,1,0,0,0,0,2
2026-09-14T20:43:24.412471+00:00,2898,2078779,128x,300ms,25,64,1,0,0,0,0,1,0,0,0,0,2
2026-09-14T20:43:25.132966+00:00,2899,2079497,128x,300ms,25,64,1,0,0,0,0,1,0,0,0,0,2
2026-09-14T20:43:25.852734+00:00,2900,2080215,128x,300ms,25,64,1,0,0,0,0,1,0,0,0,0,2
2026-09-14T20:43:26.564757+00:00,2901,2080932,128x,300ms,25,64,0,0,0,0,0,1,0,0,0,0,2
2026-09-14T20:43:27.284325+00:00,2902,2081649,128x,300ms,25,64,0,0,0,0,0,1,0,0,0,0,2
2026-09-14T20:43:27.997608+00:00,2903,2082366,128x,300ms,25,64,0,0,0,0,0,1,0,0,0,0,2
2026-09-14T20:43:28.715579+00:00,2904,2083083,128x,300ms,25,64,0,0,0,0,0,1,0,0,0,0,3
2026-09-14T20:43:29.436228+00:00,2905,2083801,128x,300ms,25,64,0,0,0,0,0,1,0,0,0,0,2
2026-09-14T20:43:30.148810+00:00,2906,2084517,128x,300ms,25,64,1,0,0,0,0,1,0,0,0,0,2
2026-09-14T20:43:30.869172+00:00,2907,2085235,128x,300ms,25,64,1,0,0,0,0,1,0,0,0,0,2
2026-09-14T20:43:31.587560+00:00,2908,2085953,128x,300ms,25,64,1,0,0,0,0,1,0,0,0,0,2
2026-09-14T20:43:32.301557+00:00,2909,2086671,128x,300ms,25,64,1,0,0,0,0,1,0,0,0,0,2
2026-09-14T20:43:33.021075+00:00,2910,2087388,128x,300ms,25,64,1,0,0,0,0,1,0,0,0,0,2
2026-09-14T20:43:33.740333+00:00,2911,2088105,128x,300ms,25,64,0,0,0,0,0,1,0,0,0,0,2
2026-09-14T20:43:34.452639+00:00,2912,2088823,128x,300ms,25,64,0,0,0,0,0,1,0,0,0,0,2
2026-09-14T20:43:35.173302+00:00,2913,2089540,128x,300ms,25,64,0,0,0,0,0,1,0,0,0,0,2
2026-09-14T20:43:35.891486+00:00,2914,2090257,128x,300ms,25,64,0,0,0,0,0,1,0,0,0,0,3
2026-09-14T20:43:36.603732+00:00,2915,2090975,128x,300ms,25,64,0,0,0,0,0,1,0,0,0,0,2
2026-09-14T20:43:37.324290+00:00,2916,2091692,128x,300ms,25,64,1,0,0,0,0,1,0,0,0,0,2
2026-09-14T20:43:38.036444+00:00,2917,2092409,128x,300ms,25,64,1,0,0,0,0,1,0,0,0,0,2
2026-09-14T20:43:38.756734+00:00,2918,2093127,128x,300ms,25,64,1,0,0,0,0,1,0,0,0,0,2
2026-09-14T20:43:39.476290+00:00,2919,2093845,128x,300ms,25,64,1,0,0,0,0,1,0,0,0,0,2
2026-09-14T20:43:40.188412+00:00,2920,2094562,128x,300ms,25,64,1,0,0,0,0,1,0,0,0,0,2
2026-09-14T20:43:40.909109+00:00,2921,2095280,128x,300ms,25,64,0,0,0,0,0,1,0,0,0,0,2
2026-09-14T20:43:41.627640+00:00,2922,2095996,128x,300ms,25,64,0,0,0,0,0,1,0,0,0,0,2
2026-09-14T20:43:42.340447+00:00,2923,2096714,128x,300ms,25,64,0,0,0,0,0,1,0,0,0,0,2
2026-09-14T20:43:43.060361+00:00,2924,2097431,128x,300ms,25,64,0,0,0,0,0,1,0,0,0,0,2
2026-09-14T20:43:43.772633+00:00,2925,2098148,128x,300ms,25,64,0,0,0,0,0,1,0,0,0,0,2
2026-09-14T20:43:44.500367+00:00,2926,2098865,128x,300ms,25,64,1,0,0,0,0,1,0,0,0,0,2
2026-09-14T20:43:45.212331+00:00,2927,2099584,128x,300ms,25,64,1,0,0,0,0,1,0,0,0,0,2
2026-09-14T20:43:45.931431+00:00,2928,2100300,128x,300ms,25,64,1,0,0,0,0,1,0,0,0,0,3
2026-09-14T20:43:46.644837+00:00,2929,2101018,128x,300ms,25,64,1,0,0,0,0,1,0,0,0,0,2
2026-09-14T20:43:47.365021+00:00,2930,2101736,128x,300ms,25,64,1,0,0,0,0,1,0,0,0,0,2
2026-09-14T20:43:48.076815+00:00,2931,2102454,128x,300ms,25,64,0,0,0,0,0,1,0,0,0,0,2
2026-09-14T20:43:48.796450+00:00,2932,2103171,128x,300ms,25,64,0,0,0,0,0,1,0,0,0,0,3
2026-09-14T20:43:49.516734+00:00,2933,2103888,128x,300ms,25,64,0,0,0,0,0,1,0,0,0,0,2
2026-09-14T20:43:50.229069+00:00,2934,2104605,128x,300ms,25,64,0,0,0,0,0,1,0,0,0,0,2
2026-09-14T20:43:50.948150+00:00,2935,2105322,128x,300ms,25,64,0,0,0,0,0,1,0,0,0,0,2
2026-09-14T20:43:51.660776+00:00,2936,2106040,128x,300ms,25,64,1,0,0,0,0,1,0,0,0,0,2
2026-09-14T20:43:52.380566+00:00,2937,2106757,128x,300ms,25,64,1,0,0,0,0,1,0,0,0,0,2
2026-09-14T20:43:53.101404+00:00,2938,2107474,128x,300ms,25,64,1,0,0,0,0,1,0,0,0,0,2
2026-09-14T20:43:53.812762+00:00,2939,2108192,128x,300ms,25,64,1,0,0,0,0,1,0,0,0,0,3
2026-09-14T20:43:54.532555+00:00,2940,2108910,128x,300ms,25,64,1,0,0,0,0,1,0,0,0,0,2
2026-09-14T20:43:55.253063+00:00,2941,2109628,128x,300ms,25,64,0,0,0,0,0,1,0,0,0,0,2
2026-09-14T20:43:55.965390+00:00,2942,2110345,128x,300ms,25,64,0,0,0,0,0,1,0,0,0,0,2
2026-09-14T20:43:56.684194+00:00,2943,2111062,128x,300ms,25,64,0,0,0,0,0,1,0,0,0,0,3
2026-09-14T20:43:57.403980+00:00,2944,2111779,128x,300ms,25,64,0,0,0,0,0,1,0,0,0,0,2
2026-09-14T20:43:58.116520+00:00,2945,2112496,128x,300ms,25,64,0,0,0,0,0,1,0,0,0,0,2
2026-09-14T20:43:58.836726+00:00,2946,2113213,128x,300ms,25,64,1,0,0,0,0,1,0,0,0,0,2
2026-09-14T20:43:59.556963+00:00,2947,2113931,128x,300ms,25,64,1,0,0,0,0,1,0,0,0,0,2
2026-09-14T20:44:00.268885+00:00,2948,2114649,128x,300ms,25,64,1,0,0,0,0,1,0,0,0,0,2
2026-09-14T20:44:00.987899+00:00,2949,2115366,128x,300ms,25,64,1,0,0,0,0,1,0,0,0,0,2
2026-09-14T20:44:01.700956+00:00,2950,2116084,128x,300ms,25,64,1,0,0,0,0,1,0,0,0,0,2
2026-09-14T20:44:02.421312+00:00,2951,2116802,128x,300ms,25,64,0,0,0,0,0,1,0,0,0,0,2
2026-09-14T20:44:03.140602+00:00,2952,2117519,128x,300ms,25,64,0,0,0,0,0,1,0,0,0,0,2
2026-09-14T20:44:03.852725+00:00,2953,2118236,128x,300ms,25,64,0,0,0,0,0,1,0,0,0,0,2
2026-09-14T20:44:04.573353+00:00,2954,2118953,128x,300ms,25,64,0,0,0,0,0,1,0,0,0,0,2
2026-09-14T20:44:05.284502+00:00,2955,2119670,128x,300ms,25,64,0,0,0,0,0,1,0,0,0,0,2
2026-09-14T20:44:06.012208+00:00,2956,2120387,128x,300ms,25,64,1,0,0,0,0,1,0,0,0,0,2
2026-09-14T20:44:06.724986+00:00,2957,2121105,128x,300ms,25,64,1,0,0,0,0,1,0,0,0,0,2
2026-09-14T20:44:07.444486+00:00,2958,2121823,128x,300ms,25,64,1,0,0,0,0,1,0,0,0,0,2
2026-09-14T20:44:08.156335+00:00,2959,2122541,128x,300ms,25,64,1,0,0,0,0,1,0,0,0,0,3
2026-09-14T20:44:08.876737+00:00,2960,2123258,128x,300ms,25,64,1,0,0,0,0,1,0,0,0,0,2
2026-09-14T20:44:09.596722+00:00,2961,2123976,128x,300ms,25,64,0,0,0,0,0,1,0,0,0,0,2
2026-09-14T20:44:10.309233+00:00,2962,2124693,128x,300ms,25,64,0,0,0,0,0,1,0,0,0,0,2
2026-09-14T20:44:11.028874+00:00,2963,2125410,128x,300ms,25,64,0,0,0,0,0,1,0,0,0,0,2
2026-09-14T20:44:11.741164+00:00,2964,2126127,128x,300ms,25,64,0,0,0,0,0,1,0,0,0,0,2
2026-09-14T20:44:12.460325+00:00,2965,2126844,128x,300ms,25,64,0,0,0,0,0,1,0,0,0,0,2
2026-09-14T20:44:13.181441+00:00,2966,2127561,128x,300ms,25,64,1,0,0,0,0,1,0,0,0,0,2
2026-09-14T20:44:13.893259+00:00,2967,2128279,128x,300ms,25,64,1,0,0,0,0,1,0,0,0,0,2
2026-09-14T20:44:14.612734+00:00,2968,2128997,128x,300ms,25,64,1,0,0,0,0,1,0,0,0,0,3
2026-09-14T20:44:15.324979+00:00,2969,2129715,128x,300ms,25,64,1,0,0,0,0,1,0,0,0,0,2
2026-09-14T20:44:16.044298+00:00,2970,2130432,128x,300ms,25,64,1,0,0,0,0,1,0,0,0,0,2
2026-09-14T20:44:16.765003+00:00,2971,2131149,128x,300ms,25,64,0,0,0,0,0,1,0,0,0,0,2
2026-09-14T20:44:17.476518+00:00,2972,2131867,128x,300ms,25,64,0,0,0,0,0,1,0,0,0,0,2
2026-09-14T20:44:18.197134+00:00,2973,2132584,128x,300ms,25,64,0,0,0,0,0,1,0,0,0,0,2
2026-09-14T20:44:18.917271+00:00,2974,2133301,128x,300ms,25,64,0,0,0,0,0,1,0,0,0,0,2
2026-09-14T20:44:19.636691+00:00,2975,2134019,128x,300ms,25,64,0,0,0,0,0,1,0,0,0,0,2
2026-09-14T20:44:20.349406+00:00,2976,2134735,128x,300ms,25,64,1,0,0,0,0,1,0,0,0,0,2
2026-09-14T20:44:21.069119+00:00,2977,2135453,128x,300ms,25,64,1,0,0,0,0,1,0,0,0,0,2
2026-09-14T20:44:21.781112+00:00,2978,2136171,128x,300ms,25,64,1,0,0,0,0,1,0,0,0,0,2
2026-09-14T20:44:22.501378+00:00,2979,2136889,128x,300ms,25,64,1,0,0,0,0,1,0,0,0,0,2
2026-09-14T20:44:23.220211+00:00,2980,2137606,128x,300ms,25,64,1,0,0,0,0,1,0,0,0,0,2
2026-09-14T20:44:23.933172+00:00,2981,2138323,128x,300ms,25,64,0,0,0,0,0,1,0,0,0,0,2
2026-09-14T20:44:24.652605+00:00,2982,2139040,128x,300ms,25,64,0,0,0,0,0,1,0,0,0,0,2
2026-09-14T20:44:25.365040+00:00,2983,2139758,128x,300ms,25,64,0,0,0,0,0,1,0,0,0,0,2
2026-09-14T20:44:26.084990+00:00,2984,2140475,128x,300ms,25,64,0,0,0,0,0,1,0,0,0,0,2
2026-09-14T20:44:26.803806+00:00,2985,2141193,128x,300ms,25,64,0,0,0,0,0,1,0,0,0,0,2
2026-09-14T20:44:27.524312+00:00,2986,2141910,128x,300ms,25,64,1,0,0,0,0,1,0,0,0,0,2
2026-09-14T20:44:28.237035+00:00,2987,2142627,128x,300ms,25,64,1,0,0,0,0,1,0,0,0,0,2
2026-09-14T20:44:28.956908+00:00,2988,2143344,128x,300ms,25,64,1,0,0,0,0,1,0,0,0,0,3
2026-09-14T20:44:29.676670+00:00,2989,2144062,128x,300ms,25,64,1,0,0,0,0,1,0,0,0,0,3
2026-09-14T20:44:30.387606+00:00,2990,2144780,128x,300ms,25,64,1,0,0,0,0,1,0,0,0,0,2
2026-09-14T20:44:31.108843+00:00,2991,2145498,128x,300ms,25,64,0,0,0,0,0,1,0,0,0,0,3
2026-09-14T20:44:31.820471+00:00,2992,2146214,128x,300ms,25,64,0,0,0,0,0,1,0,0,0,0,2
2026-09-14T20:44:32.541324+00:00,2993,2146932,128x,300ms,25,64,0,0,0,0,0,1,0,0,0,0,2
2026-09-14T20:44:33.259528+00:00,2994,2147649,128x,300ms,25,64,0,0,0,0,0,1,0,0,0,0,2
2026-09-14T20:44:33.973164+00:00,2995,2148366,128x,300ms,25,64,0,0,0,0,0,1,0,0,0,0,2
2026-09-14T20:44:34.691601+00:00,2996,2149084,128x,300ms,25,64,1,0,0,0,0,1,0,0,0,0,2
2026-09-14T20:44:35.413695+00:00,2997,2149801,128x,300ms,25,64,1,0,0,0,0,1,0,0,0,0,2
2026-09-14T20:44:36.124323+00:00,2998,2150518,128x,300ms,25,64,1,0,0,0,0,1,0,0,0,0,2
2026-09-14T20:44:36.844208+00:00,2999,2151236,128x,300ms,25,64,1,0,0,0,0,1,0,0,0,0,2
2026-09-14T20:44:37.557023+00:00,3000,2151954,128x,300ms,25,64,1,0,0,0,0,1,0,0,0,0,2
2026-09-14T20:44:38.277361+00:00,3001,2152672,128x,300ms,25,64,0,0,0,0,0,1,0,0,0,0,3
2026-09-14T20:44:38.988904+00:00,3002,2153389,128x,300ms,25,64,0,0,0,0,0,1,0,0,0,0,2
2026-09-14T20:44:39.709216+00:00,3003,2154106,128x,300ms,25,64,0,0,0,0,0,1,0,0,0,0,2
2026-09-14T20:44:40.429325+00:00,3004,2154823,128x,300ms,25,64,0,0,0,0,0,1,0,0,0,0,2
2026-09-14T20:44:41.148796+00:00,3005,2155540,128x,300ms,25,64,0,0,0,0,0,1,0,0,0,0,2
2026-09-14T20:44:41.860639+00:00,3006,2156257,128x,300ms,25,64,1,0,0,0,0,1,0,0,0,0,2
2026-09-14T20:44:42.581013+00:00,3007,2156976,128x,300ms,25,64,1,0,0,0,0,1,0,0,0,0,2
2026-09-14T20:44:43.301733+00:00,3008,2157692,128x,300ms,25,64,1,0,0,0,0,1,0,0,0,0,2
2026-09-14T20:44:44.011981+00:00,3009,2158410,128x,300ms,25,64,1,0,0,0,0,1,0,0,0,0,2
2026-09-14T20:44:44.732880+00:00,3010,2159128,128x,300ms,25,64,1,0,0,0,0,1,0,0,0,0,2
2026-09-14T20:44:45.444694+00:00,3011,2159846,128x,300ms,25,64,0,0,0,0,0,1,0,0,0,0,3
2026-09-14T20:44:46.164715+00:00,3012,2160563,128x,300ms,25,64,0,0,0,0,0,1,0,0,0,0,3
2026-09-14T20:44:46.885399+00:00,3013,2161280,128x,300ms,25,64,0,0,0,0,0,1,0,0,0,0,2
2026-09-14T20:44:47.596712+00:00,3014,2161997,128x,300ms,25,64,0,0,0,0,0,1,0,0,0,0,2
2026-09-14T20:44:48.317332+00:00,3015,2162714,128x,300ms,25,64,0,0,0,0,0,1,0,0,0,0,2
2026-09-14T20:44:49.036826+00:00,3016,2163431,128x,300ms,25,64,1,0,0,0,0,1,0,0,0,0,2
2026-09-14T20:44:49.757267+00:00,3017,2164149,128x,300ms,25,64,1,0,0,0,0,1,0,0,0,0,3
2026-09-14T20:44:50.468393+00:00,3018,2164867,128x,300ms,25,64,1,0,0,0,0,1,0,0,0,0,2
2026-09-14T20:44:51.189230+00:00,3019,2165584,128x,300ms,25,64,1,0,0,0,0,1,0,0,0,0,2
2026-09-14T20:44:51.900054+00:00,3020,2166302,128x,300ms,25,64,1,0,0,0,0,1,0,0,0,0,2
2026-09-14T20:44:52.620455+00:00,3021,2167020,128x,300ms,25,64,0,0,0,0,0,1,0,0,0,0,2
2026-09-14T20:44:53.333362+00:00,3022,2167737,128x,300ms,25,64,0,0,0,0,0,1,0,0,0,0,2
2026-09-14T20:44:54.052460+00:00,3023,2168454,128x,300ms,25,64,0,0,0,0,0,1,0,0,0,0,2
2026-09-14T20:44:54.772297+00:00,3024,2169170,128x,300ms,25,64,0,0,0,0,0,1,0,0,0,0,2
2026-09-14T20:44:55.485283+00:00,3025,2169888,128x,300ms,25,64,0,0,0,0,0,1,0,0,0,0,2
2026-09-14T20:44:56.204023+00:00,3026,2170605,128x,300ms,25,64,1,0,0,0,0,1,0,0,0,0,2
2026-09-14T20:44:56.923276+00:00,3027,2171323,128x,300ms,25,64,1,0,0,0,0,1,0,0,0,0,3
2026-09-14T20:44:57.636689+00:00,3028,2172041,128x,300ms,25,64,1,0,0,0,0,1,0,0,0,0,2
2026-09-14T20:44:58.357128+00:00,3029,2172759,128x,300ms,25,64,1,0,0,0,0,1,0,0,0,0,2
2026-09-14T20:44:59.069798+00:00,3030,2173475,128x,300ms,25,64,1,0,0,0,0,1,0,0,0,0,2
2026-09-14T20:44:59.787663+00:00,3031,2174193,128x,300ms,25,64,0,0,0,0,0,1,0,0,0,0,2
2026-09-14T20:45:00.507662+00:00,3032,2174911,128x,300ms,25,64,0,0,0,0,0,1,0,0,0,0,2
2026-09-14T20:45:01.221122+00:00,3033,2175628,128x,300ms,25,64,0,0,0,0,0,1,0,0,0,0,2
2026-09-14T20:45:01.940672+00:00,3034,2176345,128x,300ms,25,64,0,0,0,0,0,1,0,0,0,0,2
2026-09-14T20:45:02.660344+00:00,3035,2177062,128x,300ms,25,64,0,0,0,0,0,1,0,0,0,0,2
2026-09-14T20:45:03.380802+00:00,3036,2177779,128x,300ms,25,64,1,0,0,0,0,1,0,0,0,0,2
2026-09-14T20:45:04.091633+00:00,3037,2178497,128x,300ms,25,64,1,0,0,0,0,1,0,0,0,0,2
2026-09-14T20:45:04.812357+00:00,3038,2179215,128x,300ms,25,64,1,0,0,0,0,1,0,0,0,0,3
2026-09-14T20:45:05.525350+00:00,3039,2179933,128x,300ms,25,64,1,0,0,0,0,1,0,0,0,0,2
2026-09-14T20:45:06.244835+00:00,3040,2180649,128x,300ms,25,64,1,0,0,0,0,1,0,0,0,0,2
2026-09-14T20:45:06.964856+00:00,3041,2181367,128x,300ms,25,64,0,0,0,0,0,1,0,0,0,0,2
2026-09-14T20:45:07.677032+00:00,3042,2182085,128x,300ms,25,64,0,0,0,0,0,1,0,0,0,0,2
2026-09-14T20:45:08.396600+00:00,3043,2182802,128x,300ms,25,64,0,0,0,0,0,1,0,0,0,0,2
2026-09-14T20:45:09.109230+00:00,3044,2183519,128x,300ms,25,64,0,0,0,0,0,1,0,0,0,0,2
2026-09-14T20:45:09.828489+00:00,3045,2184237,128x,300ms,25,64,0,0,0,0,0,1,0,0,0,0,2
2026-09-14T20:45:10.548703+00:00,3046,2184953,128x,300ms,25,64,1,0,0,0,0,1,0,0,0,0,2
2026-09-14T20:45:11.268344+00:00,3047,2185671,128x,300ms,25,64,1,0,0,0,0,1,0,0,0,0,2
2026-09-14T20:45:11.981032+00:00,3048,2186389,128x,300ms,25,64,1,0,0,0,0,1,0,0,0,0,2
2026-09-14T20:45:12.700939+00:00,3049,2187106,128x,300ms,25,64,1,0,0,0,0,1,0,0,0,0,2
2026-09-14T20:45:13.421305+00:00,3050,2187824,128x,300ms,25,64,1,0,0,0,0,1,0,0,0,0,2
2026-09-14T20:45:14.133423+00:00,3051,2188541,128x,300ms,25,64,0,0,0,0,0,1,0,0,0,0,2
2026-09-14T20:45:14.853339+00:00,3052,2189259,128x,300ms,25,64,0,0,0,0,0,1,0,0,0,0,2
2026-09-14T20:45:15.565275+00:00,3053,2189976,128x,300ms,25,64,0,0,0,0,0,1,0,0,0,0,2
2026-09-14T20:45:16.284397+00:00,3054,2190693,128x,300ms,25,64,0,0,0,0,0,1,0,0,0,0,2
2026-09-14T20:45:17.004461+00:00,3055,2191410,128x,300ms,25,64,0,0,0,0,0,1,0,0,0,0,3
2026-09-14T20:45:17.717886+00:00,3056,2192128,128x,300ms,25,64,1,0,0,0,0,1,0,0,0,0,2
2026-09-14T20:45:18.438288+00:00,3057,2192845,128x,300ms,25,64,1,0,0,0,0,1,0,0,0,0,3
2026-09-14T20:45:19.158388+00:00,3058,2193563,128x,300ms,25,64,1,0,0,0,0,1,0,0,0,0,3
2026-09-14T20:45:19.870223+00:00,3059,2194280,128x,300ms,25,64,1,0,0,0,0,1,0,0,0,0,2
2026-09-14T20:45:20.589925+00:00,3060,2194998,128x,300ms,25,64,1,0,0,0,0,1,0,0,0,0,2
2026-09-14T20:45:21.302324+00:00,3061,2195716,128x,300ms,25,64,0,0,0,0,0,1,0,0,0,0,2
2026-09-14T20:45:22.021929+00:00,3062,2196433,128x,300ms,25,64,0,0,0,0,0,1,0,0,0,0,2
2026-09-14T20:45:22.734446+00:00,3063,2197150,128x,300ms,25,64,0,0,0,0,0,1,0,0,0,0,2
2026-09-14T20:45:23.455003+00:00,3064,2197867,128x,300ms,25,64,0,0,0,0,0,1,0,0,0,0,2
2026-09-14T20:45:24.173801+00:00,3065,2198584,128x,300ms,25,64,0,0,0,0,0,1,0,0,0,0,2
2026-09-14T20:45:24.894349+00:00,3066,2199302,128x,300ms,25,64,1,0,0,0,0,1,0,0,0,0,2
2026-09-14T20:45:25.606036+00:00,3067,2200018,128x,300ms,25,64,1,0,0,0,0,1,0,0,0,0,2
2026-09-14T20:45:26.325036+00:00,3068,2200736,128x,300ms,25,64,1,0,0,0,0,1,0,0,0,0,3
2026-09-14T20:45:27.038012+00:00,3069,2201454,128x,300ms,25,64,1,0,0,0,0,1,0,0,0,0,2
2026-09-14T20:45:27.757528+00:00,3070,2202172,128x,300ms,25,64,1,0,0,0,0,1,0,0,0,0,2
2026-09-14T20:45:28.478270+00:00,3071,2202890,128x,300ms,25,64,0,0,0,0,0,1,0,0,0,0,2
2026-09-14T20:45:29.191669+00:00,3072,2203607,128x,300ms,25,64,0,0,0,0,0,1,0,0,0,0,2
2026-09-14T20:45:29.911536+00:00,3073,2204324,128x,300ms,25,64,0,0,0,0,0,1,0,0,0,0,2
2026-09-14T20:45:30.623229+00:00,3074,2205041,128x,300ms,25,64,0,0,0,0,0,1,0,0,0,0,2
2026-09-14T20:45:31.344247+00:00,3075,2205759,128x,300ms,25,64,0,0,0,0,0,1,0,0,0,0,2
2026-09-14T20:45:32.064251+00:00,3076,2206476,128x,300ms,25,64,1,0,0,0,0,1,0,0,0,0,2
2026-09-14T20:45:32.776415+00:00,3077,2207194,128x,300ms,25,64,1,0,0,0,0,1,0,0,0,0,2
2026-09-14T20:45:33.495705+00:00,3078,2207910,128x,300ms,25,64,1,0,0,0,0,1,0,0,0,0,2
2026-09-14T20:45:34.216226+00:00,3079,2208628,128x,300ms,25,64,1,0,0,0,0,1,0,0,0,0,3
2026-09-14T20:45:34.929233+00:00,3080,2209346,128x,300ms,25,64,1,0,0,0,0,1,0,0,0,0,2
2026-09-14T20:45:35.648996+00:00,3081,2210064,128x,300ms,25,64,0,0,0,0,0,1,0,0,0,0,2
2026-09-14T20:45:36.369324+00:00,3082,2210781,128x,300ms,25,64,0,0,0,0,0,1,0,0,0,0,2
2026-09-14T20:45:37.080704+00:00,3083,2211499,128x,300ms,25,64,0,0,0,0,0,1,0,0,0,0,2
2026-09-14T20:45:37.800751+00:00,3084,2212215,128x,300ms,25,64,0,0,0,0,0,1,0,0,0,0,2
2026-09-14T20:45:38.512212+00:00,3085,2212932,128x,300ms,25,64,0,0,0,0,0,1,0,0,0,0,2
2026-09-14T20:45:39.231528+00:00,3086,2213649,128x,300ms,25,64,1,0,0,0,0,1,0,0,0,0,2
2026-09-14T20:45:39.944409+00:00,3087,2214367,128x,300ms,25,64,1,0,0,0,0,1,0,0,0,0,2
2026-09-14T20:45:40.672867+00:00,3088,2215085,128x,300ms,25,64,1,0,0,0,0,1,0,0,0,0,3
2026-09-14T20:45:41.384240+00:00,3089,2215802,128x,300ms,25,64,1,0,0,0,0,1,0,0,0,0,2
2026-09-14T20:45:42.104110+00:00,3090,2216520,128x,300ms,25,64,1,0,0,0,0,1,0,0,0,0,3
2026-09-14T20:45:42.816869+00:00,3091,2217238,128x,300ms,25,64,0,0,0,0,0,1,0,0,0,0,3
2026-09-14T20:45:43.536075+00:00,3092,2217955,128x,300ms,25,64,0,0,0,0,0,1,0,0,0,0,2
2026-09-14T20:45:44.254948+00:00,3093,2218673,128x,300ms,25,64,0,0,0,0,0,1,0,0,0,0,2
2026-09-14T20:45:44.968172+00:00,3094,2219389,128x,300ms,25,64,0,0,0,0,0,1,0,0,0,0,3
2026-09-14T20:45:45.687686+00:00,3095,2220106,128x,300ms,25,64,0,0,0,0,0,1,0,0,0,0,2
2026-09-14T20:45:46.400296+00:00,3096,2220823,128x,300ms,25,64,1,0,0,0,0,1,0,0,0,0,2
2026-09-14T20:45:47.119540+00:00,3097,2221542,128x,300ms,25,64,1,0,0,0,0,1,0,0,0,0,2
2026-09-14T20:45:47.839799+00:00,3098,2222259,128x,300ms,25,64,1,0,0,0,0,1,0,0,0,0,2
2026-09-14T20:45:48.552409+00:00,3099,2222977,128x,300ms,25,64,1,0,0,0,0,1,0,0,0,0,2
2026-09-14T20:45:49.272691+00:00,3100,2223694,128x,300ms,25,64,1,0,0,0,0,1,0,0,0,0,2
2026-09-14T20:45:49.984933+00:00,3101,2224412,128x,300ms,25,64,0,0,0,0,0,1,0,0,0,0,2
2026-09-14T20:45:50.704157+00:00,3102,2225129,128x,300ms,25,64,0,0,0,0,0,1,0,0,0,0,2
2026-09-14T20:45:51.424403+00:00,3103,2225847,128x,300ms,25,64,0,0,0,0,0,1,0,0,0,0,3
2026-09-14T20:45:52.135344+00:00,3104,2226564,128x,300ms,25,64,0,0,0,0,0,1,0,0,0,0,2
2026-09-14T20:45:52.856494+00:00,3105,2227280,128x,300ms,25,64,0,0,0,0,0,1,0,0,0,0,2
2026-09-14T20:45:53.577008+00:00,3106,2227997,128x,300ms,25,64,1,0,0,0,0,1,0,0,0,0,2
2026-09-14T20:45:54.296681+00:00,3107,2228715,128x,300ms,25,64,1,0,0,0,0,1,0,0,0,0,3
2026-09-14T20:45:55.009289+00:00,3108,2229433,128x,300ms,25,64,1,0,0,0,0,1,0,0,0,0,2
2026-09-14T20:45:55.728154+00:00,3109,2230151,128x,300ms,25,64,1,0,0,0,0,1,0,0,0,0,2
2026-09-14T20:45:56.440743+00:00,3110,2230868,128x,300ms,25,64,1,0,0,0,0,1,0,0,0,0,2
2026-09-14T20:45:57.160736+00:00,3111,2231586,128x,300ms,25,64,0,0,0,0,0,1,0,0,0,0,2
2026-09-14T20:45:57.880755+00:00,3112,2232303,128x,300ms,25,64,0,0,0,0,0,1,0,0,0,0,2
2026-09-14T20:45:58.591732+00:00,3113,2233021,128x,300ms,25,64,0,0,0,0,0,1,0,0,0,0,2
2026-09-14T20:45:59.313257+00:00,3114,2233738,128x,300ms,25,64,0,0,0,0,0,1,0,0,0,0,2
2026-09-14T20:46:00.024321+00:00,3115,2234455,128x,300ms,25,64,0,0,0,0,0,1,0,0,0,0,2
2026-09-14T20:46:00.744482+00:00,3116,2235171,128x,300ms,25,64,1,0,0,0,0,1,0,0,0,0,2
2026-09-14T20:46:01.463474+00:00,3117,2235889,128x,300ms,25,64,1,0,0,0,0,1,0,0,0,0,2
2026-09-14T20:46:02.185256+00:00,3118,2236607,128x,300ms,25,64,1,0,0,0,0,1,0,0,0,0,2
2026-09-14T20:46:02.896544+00:00,3119,2237325,128x,300ms,25,64,1,0,0,0,0,1,0,0,0,0,2
2026-09-14T20:46:03.612808+00:00,3120,2238043,128x,300ms,25,64,1,0,0,0,0,1,0,0,0,0,2
2026-09-14T20:46:04.331293+00:00,3121,2238760,128x,300ms,25,64,0,0,0,0,0,1,0,0,0,0,2
2026-09-14T20:46:05.053285+00:00,3122,2239477,128x,300ms,25,64,0,0,0,0,0,1,0,0,0,0,2
2026-09-14T20:46:05.763890+00:00,3123,2240194,128x,300ms,25,64,0,0,0,0,0,1,0,0,0,0,2
2026-09-14T20:46:06.484675+00:00,3124,2240912,128x,300ms,25,64,0,0,0,0,0,1,0,0,0,0,2
2026-09-14T20:46:07.204428+00:00,3125,2241629,128x,300ms,25,64,0,0,0,0,0,1,0,0,0,0,2
2026-09-14T20:46:07.917703+00:00,3126,2242345,128x,300ms,25,64,1,0,0,0,0,1,0,0,0,0,2
2026-09-14T20:46:08.638041+00:00,3127,2243063,128x,300ms,25,64,1,0,0,0,0,1,0,0,0,0,2
2026-09-14T20:46:09.349299+00:00,3128,2243781,128x,300ms,25,64,1,0,0,0,0,1,0,0,0,0,2
2026-09-14T20:46:10.070014+00:00,3129,2244499,128x,300ms,25,64,1,0,0,0,0,1,0,0,0,0,2
2026-09-14T20:46:10.790031+00:00,3130,2245217,128x,300ms,25,64,1,0,0,0,0,1,0,0,0,0,2
2026-09-14T20:46:11.501631+00:00,3131,2245935,128x,300ms,25,64,0,0,0,0,0,1,0,0,0,0,2
2026-09-14T20:46:12.221634+00:00,3132,2246651,128x,300ms,25,64,0,0,0,0,0,1,0,0,0,0,2
2026-09-14T20:46:12.933846+00:00,3133,2247368,128x,300ms,25,64,0,0,0,0,0,1,0,0,0,0,2
2026-09-14T20:46:13.652472+00:00,3134,2248085,128x,300ms,25,64,0,0,0,0,0,1,0,0,0,0,2
2026-09-14T20:46:14.365937+00:00,3135,2248803,128x,300ms,25,64,0,0,0,0,0,1,0,0,0,0,2
2026-09-14T20:46:15.091709+00:00,3136,2249520,128x,300ms,25,64,1,0,0,0,0,1,0,0,0,0,2
2026-09-14T20:46:15.804710+00:00,3137,2250237,128x,300ms,25,64,1,0,0,0,0,1,0,0,0,0,2
2026-09-14T20:46:16.525381+00:00,3138,2250954,128x,300ms,25,64,1,0,0,0,0,1,0,0,0,0,2
2026-09-14T20:46:17.237370+00:00,3139,2251673,128x,300ms,25,64,1,0,0,0,0,1,0,0,0,0,2
2026-09-14T20:46:17.957560+00:00,3140,2252390,128x,300ms,25,64,1,0,0,0,0,1,0,0,0,0,2
2026-09-14T20:46:18.677729+00:00,3141,2253108,128x,300ms,25,64,0,0,0,0,0,1,0,0,0,0,2
2026-09-14T20:46:19.389106+00:00,3142,2253826,128x,300ms,25,64,0,0,0,0,0,1,0,0,0,0,2
2026-09-14T20:46:20.109261+00:00,3143,2254542,128x,300ms,25,64,0,0,0,0,0,1,0,0,0,0,2
2026-09-14T20:46:20.822087+00:00,3144,2255259,128x,300ms,25,64,0,0,0,0,0,1,0,0,0,0,2
2026-09-14T20:46:21.541699+00:00,3145,2255977,128x,300ms,25,64,0,0,0,0,0,1,0,0,0,0,2
2026-09-14T20:46:22.261986+00:00,3146,2256694,128x,300ms,25,64,1,0,0,0,0,1,0,0,0,0,2
2026-09-14T20:46:22.973030+00:00,3147,2257412,128x,300ms,25,64,1,0,0,0,0,1,0,0,0,0,2
2026-09-14T20:46:23.693955+00:00,3148,2258129,128x,300ms,25,64,1,0,0,0,0,1,0,0,0,0,2
2026-09-14T20:46:24.413061+00:00,3149,2258847,128x,300ms,25,64,1,0,0,0,0,1,0,0,0,0,2
2026-09-14T20:46:25.132910+00:00,3150,2259564,128x,300ms,25,64,1,0,0,0,0,1,0,0,0,0,2
2026-09-14T20:46:25.845633+00:00,3151,2260282,128x,300ms,25,64,0,0,0,0,0,1,0,0,0,0,2
2026-09-14T20:46:26.565565+00:00,3152,2260999,128x,300ms,25,64,0,0,0,0,0,1,0,0,0,0,2
2026-09-14T20:46:27.278031+00:00,3153,2261716,128x,300ms,25,64,0,0,0,0,0,1,0,0,0,0,2
2026-09-14T20:46:27.997832+00:00,3154,2262433,128x,300ms,25,64,0,0,0,0,0,1,0,0,0,0,2
2026-09-14T20:46:28.716635+00:00,3155,2263151,128x,300ms,25,64,0,0,0,0,0,1,0,0,0,0,2
2026-09-14T20:46:29.428807+00:00,3156,2263868,128x,300ms,25,64,1,0,0,0,0,1,0,0,0,0,2
2026-09-14T20:46:30.149619+00:00,3157,2264586,128x,300ms,25,64,1,0,0,0,0,1,0,0,0,0,2
2026-09-14T20:46:30.861579+00:00,3158,2265303,128x,300ms,25,64,1,0,0,0,0,1,0,0,0,0,2
2026-09-14T20:46:31.582061+00:00,3159,2266020,128x,300ms,25,64,1,0,0,0,0,1,0,0,0,0,2
2026-09-14T20:46:32.301381+00:00,3160,2266738,128x,300ms,25,64,1,0,0,0,0,1,0,0,0,0,2
2026-09-14T20:46:33.013472+00:00,3161,2267456,128x,300ms,25,64,0,0,0,0,0,1,0,0,0,0,2
2026-09-14T20:46:33.732965+00:00,3162,2268173,128x,300ms,25,64,0,0,0,0,0,1,0,0,0,0,2
2026-09-14T20:46:34.445236+00:00,3163,2268891,128x,300ms,25,64,0,0,0,0,0,1,0,0,0,0,3
2026-09-14T20:46:35.165966+00:00,3164,2269607,128x,300ms,25,64,0,0,0,0,0,1,0,0,0,0,2
2026-09-14T20:46:35.885623+00:00,3165,2270324,128x,300ms,25,64,0,0,0,0,0,1,0,0,0,0,2
2026-09-14T20:46:36.604003+00:00,3166,2271042,128x,300ms,25,64,1,0,0,0,0,1,0,0,0,0,3
2026-09-14T20:46:37.316977+00:00,3167,2271760,128x,300ms,25,64,1,0,0,0,0,1,0,0,0,0,2
2026-09-14T20:46:38.037709+00:00,3168,2272477,128x,300ms,25,64,1,0,0,0,0,1,0,0,0,0,2
2026-09-14T20:46:38.756896+00:00,3169,2273195,128x,300ms,25,64,1,0,0,0,0,1,0,0,0,0,2
2026-09-14T20:46:39.469768+00:00,3170,2273912,128x,300ms,25,64,1,0,0,0,0,1,0,0,0,0,2
2026-09-14T20:46:40.188666+00:00,3171,2274630,128x,300ms,25,64,0,0,0,0,0,1,0,0,0,0,3
2026-09-14T20:46:40.901800+00:00,3172,2275347,128x,300ms,25,64,0,0,0,0,0,1,0,0,0,0,2
2026-09-14T20:46:41.621820+00:00,3173,2276065,128x,300ms,25,64,0,0,0,0,0,1,0,0,0,0,2
2026-09-14T20:46:42.342129+00:00,3174,2276782,128x,300ms,25,64,0,0,0,0,0,1,0,0,0,0,2
2026-09-14T20:46:43.053195+00:00,3175,2277498,128x,300ms,25,64,0,0,0,0,0,1,0,0,0,0,2
2026-09-14T20:46:43.773603+00:00,3176,2278215,128x,300ms,25,64,1,0,0,0,0,1,0,0,0,0,2
2026-09-14T20:46:44.485972+00:00,3177,2278933,128x,300ms,25,64,1,0,0,0,0,1,0,0,0,0,2
2026-09-14T20:46:45.206108+00:00,3178,2279651,128x,300ms,25,64,1,0,0,0,0,1,0,0,0,0,2
2026-09-14T20:46:45.924296+00:00,3179,2280369,128x,300ms,25,64,1,0,0,0,0,1,0,0,0,0,2
2026-09-14T20:46:46.644516+00:00,3180,2281086,128x,300ms,25,64,1,0,0,0,0,1,0,0,0,0,2
2026-09-14T20:46:47.357016+00:00,3181,2281804,128x,300ms,25,64,0,0,0,0,0,1,0,0,0,0,2
2026-09-14T20:46:48.077402+00:00,3182,2282521,128x,300ms,25,64,0,0,0,0,0,1,0,0,0,0,2
2026-09-14T20:46:48.797408+00:00,3183,2283239,128x,300ms,25,64,0,0,0,0,0,1,0,0,0,0,3
2026-09-14T20:46:49.509398+00:00,3184,2283956,128x,300ms,25,64,0,0,0,0,0,1,0,0,0,0,2
2026-09-14T20:46:50.230164+00:00,3185,2284673,128x,300ms,25,64,0,0,0,0,0,1,0,0,0,0,2
2026-09-14T20:46:50.940831+00:00,3186,2285389,128x,300ms,25,64,1,0,0,0,0,1,0,0,0,0,2
2026-09-14T20:46:51.661839+00:00,3187,2286107,128x,300ms,25,64,1,0,0,0,0,1,0,0,0,0,3
2026-09-14T20:46:52.379121+00:00,3188,2286825,128x,300ms,25,64,1,0,0,0,0,1,0,0,0,0,2
2026-09-14T20:46:53.091597+00:00,3189,2287543,128x,300ms,25,64,1,0,0,0,0,1,0,0,0,0,2
2026-09-14T20:46:53.810340+00:00,3190,2288261,128x,300ms,25,64,1,0,0,0,0,1,0,0,0,0,2
2026-09-14T20:46:54.531237+00:00,3191,2288978,128x,300ms,25,64,0,0,0,0,0,1,0,0,0,0,2
2026-09-14T20:46:55.242472+00:00,3192,2289695,128x,300ms,25,64,0,0,0,0,0,1,0,0,0,0,3
2026-09-14T20:46:55.963893+00:00,3193,2290412,128x,300ms,25,64,0,0,0,0,0,1,0,0,0,0,2
2026-09-14T20:46:56.675750+00:00,3194,2291129,128x,300ms,25,64,0,0,0,0,0,1,0,0,0,0,2
2026-09-14T20:46:57.403649+00:00,3195,2291847,128x,300ms,25,64,0,0,0,0,0,1,0,0,0,0,2
2026-09-14T20:46:58.115737+00:00,3196,2292563,128x,300ms,25,64,1,0,0,0,0,1,0,0,0,0,2
2026-09-14T20:46:58.835859+00:00,3197,2293281,128x,300ms,25,64,1,0,0,0,0,1,0,0,0,0,2
2026-09-14T20:46:59.555132+00:00,3198,2293999,128x,300ms,25,64,1,0,0,0,0,1,0,0,0,0,2
2026-09-14T20:47:00.266242+00:00,3199,2294717,128x,300ms,25,64,1,0,0,0,0,1,0,0,0,0,2
2026-09-14T20:47:00.987788+00:00,3200,2295434,128x,300ms,25,64,1,0,0,0,0,1,0,0,0,0,2
2026-09-14T20:47:01.699956+00:00,3201,2296153,128x,300ms,25,64,0,0,0,0,0,1,0,0,0,0,2
2026-09-14T20:47:02.419640+00:00,3202,2296869,128x,300ms,25,64,0,0,0,0,0,1,0,0,0,0,2
2026-09-14T20:47:03.131613+00:00,3203,2297586,128x,300ms,25,64,0,0,0,0,0,1,0,0,0,0,3
2026-09-14T20:47:03.851565+00:00,3204,2298303,128x,300ms,25,64,0,0,0,0,0,1,0,0,0,0,2
2026-09-14T20:47:04.571292+00:00,3205,2299021,128x,300ms,25,64,0,0,0,0,0,1,0,0,0,0,2
2026-09-14T20:47:05.283683+00:00,3206,2299738,128x,300ms,25,64,1,0,0,0,0,1,0,0,0,0,2
2026-09-14T20:47:06.003296+00:00,3207,2300455,128x,300ms,25,64,1,0,0,0,0,1,0,0,0,0,2
2026-09-14T20:47:06.722841+00:00,3208,2301173,128x,300ms,25,64,1,0,0,0,0,1,0,0,0,0,2
2026-09-14T20:47:07.442454+00:00,3209,2301891,128x,300ms,25,64,1,0,0,0,0,1,0,0,0,0,2
2026-09-14T20:47:08.155779+00:00,3210,2302608,128x,300ms,25,64,1,0,0,0,0,1,0,0,0,0,2
2026-09-14T20:47:08.875686+00:00,3211,2303326,128x,300ms,25,64,0,0,0,0,0,1,0,0,0,0,2
2026-09-14T20:47:09.587628+00:00,3212,2304044,128x,300ms,25,64,0,0,0,0,0,1,0,0,0,0,2
2026-09-14T20:47:10.307800+00:00,3213,2304760,128x,300ms,25,64,0,0,0,0,0,1,0,0,0,0,2
2026-09-14T20:47:11.027822+00:00,3214,2305477,128x,300ms,25,64,0,0,0,0,0,1,0,0,0,0,3
2026-09-14T20:47:11.740292+00:00,3215,2306195,128x,300ms,25,64,0,0,0,0,0,1,0,0,0,0,2
2026-09-14T20:47:12.458886+00:00,3216,2306912,128x,300ms,25,64,1,0,0,0,0,1,0,0,0,0,2
2026-09-14T20:47:13.171194+00:00,3217,2307630,128x,300ms,25,64,1,0,0,0,0,1,0,0,0,0,2
2026-09-14T20:47:13.891824+00:00,3218,2308347,128x,300ms,25,64,1,0,0,0,0,1,0,0,0,0,2
2026-09-14T20:47:14.611633+00:00,3219,2309065,128x,300ms,25,64,1,0,0,0,0,1,0,0,0,0,2
2026-09-14T20:47:15.323290+00:00,3220,2309782,128x,300ms,25,64,1,0,0,0,0,1,0,0,0,0,2
2026-09-14T20:47:16.044389+00:00,3221,2310500,128x,300ms,25,64,0,0,0,0,0,1,0,0,0,0,3
2026-09-14T20:47:16.756198+00:00,3222,2311218,128x,300ms,25,64,0,0,0,0,0,1,0,0,0,0,2
2026-09-14T20:47:17.475802+00:00,3223,2311934,128x,300ms,25,64,0,0,0,0,0,1,0,0,0,0,2
2026-09-14T20:47:18.195416+00:00,3224,2312651,128x,300ms,25,64,0,0,0,0,0,1,0,0,0,0,3
2026-09-14T20:47:18.915339+00:00,3225,2313369,128x,300ms,25,64,0,0,0,0,0,1,0,0,0,0,2
2026-09-14T20:47:19.627458+00:00,3226,2314086,128x,300ms,25,64,1,0,0,0,0,1,0,0,0,0,2
2026-09-14T20:47:20.346189+00:00,3227,2314804,128x,300ms,25,64,1,0,0,0,0,1,0,0,0,0,2
2026-09-14T20:47:21.067720+00:00,3228,2315522,128x,300ms,25,64,1,0,0,0,0,1,0,0,0,0,2
2026-09-14T20:47:21.779245+00:00,3229,2316239,128x,300ms,25,64,1,0,0,0,0,1,0,0,0,0,2
2026-09-14T20:47:22.499362+00:00,3230,2316956,128x,300ms,25,64,1,0,0,0,0,1,0,0,0,0,2
2026-09-14T20:47:23.219819+00:00,3231,2317674,128x,300ms,25,64,0,0,0,0,0,1,0,0,0,0,2
2026-09-14T20:47:23.931421+00:00,3232,2318392,128x,300ms,25,64,0,0,0,0,0,1,0,0,0,0,2
2026-09-14T20:47:24.651335+00:00,3233,2319109,128x,300ms,25,64,0,0,0,0,0,1,0,0,0,0,2
2026-09-14T20:47:25.363009+00:00,3234,2319825,128x,300ms,25,64,0,0,0,0,0,1,0,0,0,0,2
2026-09-14T20:47:26.083699+00:00,3235,2320543,128x,300ms,25,64,0,0,0,0,0,1,0,0,0,0,2
2026-09-14T20:47:26.795409+00:00,3236,2321260,128x,300ms,25,64,1,0,0,0,0,1,0,0,0,0,2
2026-09-14T20:47:27.523513+00:00,3237,2321978,128x,300ms,25,64,1,0,0,0,0,1,0,0,0,0,2
2026-09-14T20:47:28.235245+00:00,3238,2322695,128x,300ms,25,64,1,0,0,0,0,1,0,0,0,0,2
2026-09-14T20:47:28.955819+00:00,3239,2323412,128x,300ms,25,64,1,0,0,0,0,1,0,0,0,0,2
2026-09-14T20:47:29.667495+00:00,3240,2324130,128x,300ms,25,64,1,0,0,0,0,1,0,0,0,0,2
2026-09-14T20:47:30.387767+00:00,3241,2324848,128x,300ms,25,64,0,0,0,0,0,1,0,0,0,0,2
2026-09-14T20:47:31.107729+00:00,3242,2325565,128x,300ms,25,64,0,0,0,0,0,1,0,0,0,0,2
2026-09-14T20:47:31.818265+00:00,3243,2326283,128x,300ms,25,64,0,0,0,0,0,1,0,0,0,0,2
2026-09-14T20:47:32.539447+00:00,3244,2327000,128x,300ms,25,64,0,0,0,0,0,1,0,0,0,0,2
2026-09-14T20:47:33.252569+00:00,3245,2327716,128x,300ms,25,64,0,0,0,0,0,1,0,0,0,0,2
2026-09-14T20:47:33.971949+00:00,3246,2328433,128x,300ms,25,64,1,0,0,0,0,1,0,0,0,0,2
2026-09-14T20:47:34.691586+00:00,3247,2329152,128x,300ms,25,64,1,0,0,0,0,1,0,0,0,0,2
2026-09-14T20:47:35.404015+00:00,3248,2329869,128x,300ms,25,64,1,0,0,0,0,1,0,0,0,0,2
2026-09-14T20:47:36.123307+00:00,3249,2330587,128x,300ms,25,64,1,0,0,0,0,1,0,0,0,0,2
2026-09-14T20:47:36.835246+00:00,3250,2331304,128x,300ms,25,64,1,0,0,0,0,1,0,0,0,0,2
2026-09-14T20:47:37.555796+00:00,3251,2332022,128x,300ms,25,64,0,0,0,0,0,1,0,0,0,0,2
2026-09-14T20:47:38.275802+00:00,3252,2332739,128x,300ms,25,64,0,0,0,0,0,1,0,0,0,0,2
2026-09-14T20:47:38.987754+00:00,3253,2333457,128x,300ms,25,64,0,0,0,0,0,1,0,0,0,0,2
2026-09-14T20:47:39.707934+00:00,3254,2334174,128x,300ms,25,64,0,0,0,0,0,1,0,0,0,0,2
2026-09-14T20:47:40.428129+00:00,3255,2334891,128x,300ms,25,64,0,0,0,0,0,1,0,0,0,0,2
2026-09-14T20:47:41.148048+00:00,3256,2335607,128x,300ms,25,64,1,0,0,0,0,1,0,0,0,0,2
2026-09-14T20:47:41.860039+00:00,3257,2336325,128x,300ms,25,64,1,0,0,0,0,1,0,0,0,0,2
2026-09-14T20:47:42.579117+00:00,3258,2337043,128x,300ms,25,64,1,0,0,0,0,1,0,0,0,0,2
2026-09-14T20:47:43.291609+00:00,3259,2337761,128x,300ms,25,64,1,0,0,0,0,1,0,0,0,0,2
2026-09-14T20:47:44.012211+00:00,3260,2338479,128x,300ms,25,64,1,0,0,0,0,1,0,0,0,0,2
2026-09-14T20:47:44.731829+00:00,3261,2339196,128x,300ms,25,64,0,0,0,0,0,1,0,0,0,0,2
2026-09-14T20:47:45.443260+00:00,3262,2339913,128x,300ms,25,64,0,0,0,0,0,1,0,0,0,0,2
2026-09-14T20:47:46.163197+00:00,3263,2340630,128x,300ms,25,64,0,0,0,0,0,1,0,0,0,0,2
2026-09-14T20:47:46.875525+00:00,3264,2341348,128x,300ms,25,64,0,0,0,0,0,1,0,0,0,0,2
2026-09-14T20:47:47.595858+00:00,3265,2342065,128x,300ms,25,64,0,0,0,0,0,1,0,0,0,0,2
2026-09-14T20:47:48.314582+00:00,3266,2342781,128x,300ms,25,64,1,0,0,0,0,1,0,0,0,0,3
2026-09-14T20:47:49.028082+00:00,3267,2343499,128x,300ms,25,64,1,0,0,0,0,1,0,0,0,0,2
2026-09-14T20:47:49.747835+00:00,3268,2344217,128x,300ms,25,64,1,0,0,0,0,1,0,0,0,0,2
2026-09-14T20:47:50.467458+00:00,3269,2344935,128x,300ms,25,64,1,0,0,0,0,1,0,0,0,0,2
2026-09-14T20:47:51.186641+00:00,3270,2345653,128x,300ms,25,64,1,0,0,0,0,1,0,0,0,0,2
2026-09-14T20:47:51.898494+00:00,3271,2346371,128x,300ms,25,64,0,0,0,0,0,1,0,0,0,0,2
2026-09-14T20:47:52.619392+00:00,3272,2347087,128x,300ms,25,64,0,0,0,0,0,1,0,0,0,0,2
2026-09-14T20:47:53.331717+00:00,3273,2347804,128x,300ms,25,64,0,0,0,0,0,1,0,0,0,0,2
2026-09-14T20:47:54.052615+00:00,3274,2348521,128x,300ms,25,64,0,0,0,0,0,1,0,0,0,0,2
2026-09-14T20:47:54.771629+00:00,3275,2349239,128x,300ms,25,64,0,0,0,0,0,1,0,0,0,0,2
2026-09-14T20:47:55.484358+00:00,3276,2349956,128x,300ms,25,64,1,0,0,0,0,1,0,0,0,0,2
2026-09-14T20:47:56.203321+00:00,3277,2350673,128x,300ms,25,64,1,0,0,0,0,1,0,0,0,0,2
2026-09-14T20:47:56.916563+00:00,3278,2351391,128x,300ms,25,64,1,0,0,0,0,1,0,0,0,0,2
2026-09-14T20:47:57.635222+00:00,3279,2352109,128x,300ms,25,64,1,0,0,0,0,1,0,0,0,0,2
2026-09-14T20:47:58.355252+00:00,3280,2352826,128x,300ms,25,64,1,0,0,0,0,1,0,0,0,0,2
2026-09-14T20:47:59.067709+00:00,3281,2353544,128x,300ms,25,64,0,0,0,0,0,1,0,0,0,0,2
2026-09-14T20:47:59.787840+00:00,3282,2354260,128x,300ms,25,64,0,0,0,0,0,1,0,0,0,0,2
2026-09-14T20:48:00.499982+00:00,3283,2354978,128x,300ms,25,64,0,0,0,0,0,1,0,0,0,0,2
2026-09-14T20:48:01.219855+00:00,3284,2355695,128x,300ms,25,64,0,0,0,0,0,1,0,0,0,0,2
2026-09-14T20:48:01.940359+00:00,3285,2356413,128x,300ms,25,64,0,0,0,0,0,1,0,0,0,0,2
2026-09-14T20:48:02.658969+00:00,3286,2357130,128x,300ms,25,64,1,0,0,0,0,1,0,0,0,0,2
2026-09-14T20:48:03.371866+00:00,3287,2357848,128x,300ms,25,64,1,0,0,0,0,1,0,0,0,0,2
2026-09-14T20:48:04.091806+00:00,3288,2358564,128x,300ms,25,64,1,0,0,0,0,1,0,0,0,0,2
2026-09-14T20:48:04.811594+00:00,3289,2359282,128x,300ms,25,64,1,0,0,0,0,1,0,0,0,0,2
2026-09-14T20:48:05.524367+00:00,3290,2360000,128x,300ms,25,64,1,0,0,0,0,1,0,0,0,0,2
2026-09-14T20:48:06.243622+00:00,3291,2360718,128x,300ms,25,64,0,0,0,0,0,1,0,0,0,0,2
2026-09-14T20:48:06.955493+00:00,3292,2361435,128x,300ms,25,64,0,0,0,0,0,1,0,0,0,0,2
2026-09-14T20:48:07.675478+00:00,3293,2362152,128x,300ms,25,64,0,0,0,0,0,1,0,0,0,0,2
2026-09-14T20:48:08.395877+00:00,3294,2362869,128x,300ms,25,64,0,0,0,0,0,1,0,0,0,0,2
2026-09-14T20:48:09.108086+00:00,3295,2363586,128x,300ms,25,64,0,0,0,0,0,1,0,0,0,0,2
2026-09-14T20:48:09.827728+00:00,3296,2364304,128x,300ms,25,64,1,0,0,0,0,1,0,0,0,0,2
2026-09-14T20:48:10.547663+00:00,3297,2365022,128x,300ms,25,64,1,0,0,0,0,1,0,0,0,0,2
2026-09-14T20:48:11.260202+00:00,3298,2365739,128x,300ms,25,64,1,0,0,0,0,1,0,0,0,0,2
2026-09-14T20:48:11.980335+00:00,3299,2366456,128x,300ms,25,64,1,0,0,0,0,1,0,0,0,0,2
2026-09-14T20:48:12.699331+00:00,3300,2367174,128x,300ms,25,64,1,0,0,0,0,1,0,0,0,0,2
2026-09-14T20:48:13.420490+00:00,3301,2367892,128x,300ms,25,64,0,0,0,0,0,1,0,0,0,0,2
2026-09-14T20:48:14.131674+00:00,3302,2368609,128x,300ms,25,64,0,0,0,0,0,1,0,0,0,0,2
2026-09-14T20:48:14.844393+00:00,3303,2369327,128x,300ms,25,64,0,0,0,0,0,1,0,0,0,0,2
2026-09-14T20:48:15.563671+00:00,3304,2370043,128x,300ms,25,64,0,0,0,0,0,1,0,0,0,0,2
2026-09-14T20:48:16.284122+00:00,3305,2370760,128x,300ms,25,64,0,0,0,0,0,1,0,0,0,0,2
2026-09-14T20:48:16.995975+00:00,3306,2371478,128x,300ms,25,64,1,0,0,0,0,1,0,0,0,0,2
2026-09-14T20:48:17.717155+00:00,3307,2372196,128x,300ms,25,64,1,0,0,0,0,1,0,0,0,0,2
2026-09-14T20:48:18.428384+00:00,3308,2372913,128x,300ms,25,64,1,0,0,0,0,1,0,0,0,0,2
2026-09-14T20:48:19.146359+00:00,3309,2373630,128x,300ms,25,64,1,0,0,0,0,1,0,0,0,0,2
2026-09-14T20:48:19.867712+00:00,3310,2374348,128x,300ms,25,64,1,0,0,0,0,1,0,0,0,0,2
2026-09-14T20:48:20.579431+00:00,3311,2375066,128x,300ms,25,64,0,0,0,0,0,1,0,0,0,0,2
2026-09-14T20:48:21.299279+00:00,3312,2375783,128x,300ms,25,64,0,0,0,0,0,1,0,0,0,0,2
2026-09-14T20:48:22.019505+00:00,3313,2376501,128x,300ms,25,64,0,0,0,0,0,1,0,0,0,0,2
2026-09-14T20:48:22.731200+00:00,3314,2377218,128x,300ms,25,64,0,0,0,0,0,1,0,0,0,0,3
2026-09-14T20:48:23.452679+00:00,3315,2377934,128x,300ms,25,64,0,0,0,0,0,1,0,0,0,0,2
2026-09-14T20:48:24.171827+00:00,3316,2378651,128x,300ms,25,64,1,0,0,0,0,1,0,0,0,0,2
2026-09-14T20:48:24.884324+00:00,3317,2379369,128x,300ms,25,64,1,0,0,0,0,1,0,0,0,0,2
2026-09-14T20:48:25.604013+00:00,3318,2380087,128x,300ms,25,64,1,0,0,0,0,1,0,0,0,0,2
2026-09-14T20:48:26.324407+00:00,3319,2380805,128x,300ms,25,64,1,0,0,0,0,1,0,0,0,0,2
2026-09-14T20:48:27.036053+00:00,3320,2381522,128x,300ms,25,64,1,0,0,0,0,1,0,0,0,0,2
2026-09-14T20:48:27.755042+00:00,3321,2382240,128x,300ms,25,64,0,0,0,0,0,1,0,0,0,0,2
2026-09-14T20:48:28.475697+00:00,3322,2382957,128x,300ms,25,64,0,0,0,0,0,1,0,0,0,0,2
2026-09-14T20:48:29.186776+00:00,3323,2383674,128x,300ms,25,64,0,0,0,0,0,1,0,0,0,0,3
2026-09-14T20:48:29.908543+00:00,3324,2384392,128x,300ms,25,64,0,0,0,0,0,1,0,0,0,0,2
2026-09-14T20:48:30.619199+00:00,3325,2385108,128x,300ms,25,64,0,0,0,0,0,1,0,0,0,0,2
2026-09-14T20:48:31.338647+00:00,3326,2385825,128x,300ms,25,64,1,0,0,0,0,1,0,0,0,0,2
2026-09-14T20:48:32.060123+00:00,3327,2386543,128x,300ms,25,64,1,0,0,0,0,1,0,0,0,0,2
2026-09-14T20:48:32.779915+00:00,3328,2387261,128x,300ms,25,64,1,0,0,0,0,1,0,0,0,0,2
2026-09-14T20:48:33.491893+00:00,3329,2387979,128x,300ms,25,64,1,0,0,0,0,1,0,0,0,0,2
2026-09-14T20:48:34.210426+00:00,3330,2388697,128x,300ms,25,64,1,0,0,0,0,1,0,0,0,0,2
2026-09-14T20:48:34.924202+00:00,3331,2389414,128x,300ms,25,64,0,0,0,0,0,1,0,0,0,0,2
2026-09-14T20:48:35.642649+00:00,3332,2390131,128x,300ms,25,64,0,0,0,0,0,1,0,0,0,0,2
2026-09-14T20:48:36.362619+00:00,3333,2390848,128x,300ms,25,64,0,0,0,0,0,1,0,0,0,0,2
2026-09-14T20:48:37.076152+00:00,3334,2391566,128x,300ms,25,64,0,0,0,0,0,1,0,0,0,0,2
2026-09-14T20:48:37.795707+00:00,3335,2392283,128x,300ms,25,64,0,0,0,0,0,1,0,0,0,0,2
2026-09-14T20:48:38.515458+00:00,3336,2392999,128x,300ms,25,64,1,0,0,0,0,1,0,0,0,0,2
2026-09-14T20:48:39.227224+00:00,3337,2393717,128x,300ms,25,64,1,0,0,0,0,1,0,0,0,0,2
2026-09-14T20:48:39.947284+00:00,3338,2394435,128x,300ms,25,64,1,0,0,0,0,1,0,0,0,0,2
2026-09-14T20:48:40.660094+00:00,3339,2395153,128x,300ms,25,64,1,0,0,0,0,1,0,0,0,0,2
2026-09-14T20:48:41.378025+00:00,3340,2395871,128x,300ms,25,64,1,0,0,0,0,1,0,0,0,0,2
2026-09-14T20:48:42.098284+00:00,3341,2396589,128x,300ms,25,64,0,0,0,0,0,1,0,0,0,0,2
2026-09-14T20:48:42.811033+00:00,3342,2397305,128x,300ms,25,64,0,0,0,0,0,1,0,0,0,0,2
2026-09-14T20:48:43.532364+00:00,3343,2398022,128x,300ms,25,64,0,0,0,0,0,1,0,0,0,0,3
2026-09-14T20:48:44.252676+00:00,3344,2398740,128x,300ms,25,64,0,0,0,0,0,1,0,0,0,0,2
2026-09-14T20:48:44.964527+00:00,3345,2399457,128x,300ms,25,64,0,0,0,0,0,1,0,0,0,0,2
2026-09-14T20:48:45.684138+00:00,3346,2400174,128x,300ms,25,64,1,0,0,0,0,1,0,0,0,0,2
2026-09-14T20:48:46.402645+00:00,3347,2400891,128x,300ms,25,64,1,0,0,0,0,1,0,0,0,0,2
2026-09-14T20:48:47.115229+00:00,3348,2401609,128x,300ms,25,64,1,0,0,0,0,1,0,0,0,0,2
2026-09-14T20:48:47.835623+00:00,3349,2402327,128x,300ms,25,64,1,0,0,0,0,1,0,0,0,0,2
2026-09-14T20:48:48.548352+00:00,3350,2403045,128x,300ms,25,64,1,0,0,0,0,1,0,0,0,0,2
2026-09-14T20:48:49.266399+00:00,3351,2403762,128x,300ms,25,64,0,0,0,0,0,1,0,0,0,0,2
2026-09-14T20:48:49.986199+00:00,3352,2404480,128x,300ms,25,64,0,0,0,0,0,1,0,0,0,0,2
2026-09-14T20:48:50.700477+00:00,3353,2405196,128x,300ms,25,64,0,0,0,0,0,1,0,0,0,0,2
2026-09-14T20:48:51.419542+00:00,3354,2405914,128x,300ms,25,64,0,0,0,0,0,1,0,0,0,0,2
2026-09-14T20:48:52.139987+00:00,3355,2406631,128x,300ms,25,64,0,0,0,0,0,1,0,0,0,0,2
2026-09-14T20:48:52.851721+00:00,3356,2407348,128x,300ms,25,64,1,0,0,0,0,1,0,0,0,0,2
2026-09-14T20:48:53.572271+00:00,3357,2408066,128x,300ms,25,64,1,0,0,0,0,1,0,0,0,0,2
2026-09-14T20:48:54.291913+00:00,3358,2408783,128x,300ms,25,64,1,0,0,0,0,1,0,0,0,0,2
2026-09-14T20:48:55.005245+00:00,3359,2409501,128x,300ms,25,64,1,0,0,0,0,1,0,0,0,0,2
2026-09-14T20:48:55.723526+00:00,3360,2410219,128x,300ms,25,64,1,0,0,0,0,1,0,0,0,0,2
2026-09-14T20:48:56.445568+00:00,3361,2410936,128x,300ms,25,64,0,0,0,0,0,1,0,0,0,0,2
2026-09-14T20:48:57.157486+00:00,3362,2411654,128x,300ms,25,64,0,0,0,0,0,1,0,0,0,0,2
2026-09-14T20:48:57.877689+00:00,3363,2412370,128x,300ms,25,64,0,0,0,0,0,1,0,0,0,0,2
2026-09-14T20:48:58.589226+00:00,3364,2413087,128x,300ms,25,64,0,0,0,0,0,1,0,0,0,0,2
2026-09-14T20:48:59.308304+00:00,3365,2413805,128x,300ms,25,64,0,0,0,0,0,1,0,0,0,0,2
2026-09-14T20:49:00.027745+00:00,3366,2414522,128x,300ms,25,64,1,0,0,0,0,1,0,0,0,0,3
2026-09-14T20:49:00.740872+00:00,3367,2415240,128x,300ms,25,64,1,0,0,0,0,1,0,0,0,0,3
2026-09-14T20:49:01.461261+00:00,3368,2415958,128x,300ms,25,64,1,0,0,0,0,1,0,0,0,0,2
2026-09-14T20:49:02.173360+00:00,3369,2416674,128x,300ms,25,64,1,0,0,0,0,1,0,0,0,0,2
2026-09-14T20:49:02.891925+00:00,3370,2417392,128x,300ms,25,64,1,0,0,0,0,1,0,0,0,0,2
2026-09-14T20:49:03.612962+00:00,3371,2418110,128x,300ms,25,64,0,0,0,0,0,1,0,0,0,0,2
2026-09-14T20:49:04.324684+00:00,3372,2418828,128x,300ms,25,64,0,0,0,0,0,1,0,0,0,0,2
2026-09-14T20:49:05.044999+00:00,3373,2419545,128x,300ms,25,64,0,0,0,0,0,1,0,0,0,0,2
2026-09-14T20:49:05.757697+00:00,3374,2420261,128x,300ms,25,64,0,0,0,0,0,1,0,0,0,0,2
2026-09-14T20:49:06.485495+00:00,3375,2420978,128x,300ms,25,64,0,0,0,0,0,1,0,0,0,0,2
2026-09-14T20:49:07.197478+00:00,3376,2421696,128x,300ms,25,64,1,0,0,0,0,1,0,0,0,0,2
2026-09-14T20:49:07.914296+00:00,3377,2422414,128x,300ms,25,64,1,0,0,0,0,1,0,0,0,0,2
2026-09-14T20:49:08.633218+00:00,3378,2423132,128x,300ms,25,64,1,0,0,0,0,1,0,0,0,0,2
2026-09-14T20:49:09.345801+00:00,3379,2423848,128x,300ms,25,64,1,0,0,0,0,1,0,0,0,0,2
2026-09-14T20:49:10.065675+00:00,3380,2424566,128x,300ms,25,64,1,0,0,0,0,1,0,0,0,0,2
2026-09-14T20:49:10.786516+00:00,3381,2425284,128x,300ms,25,64,0,0,0,0,0,1,0,0,0,0,2
2026-09-14T20:49:11.498056+00:00,3382,2426002,128x,300ms,25,64,0,0,0,0,0,1,0,0,0,0,2
2026-09-14T20:49:12.218297+00:00,3383,2426719,128x,300ms,25,64,0,0,0,0,0,1,0,0,0,0,2
2026-09-14T20:49:12.930600+00:00,3384,2427436,128x,300ms,25,64,0,0,0,0,0,1,0,0,0,0,2
2026-09-14T20:49:13.650112+00:00,3385,2428152,128x,300ms,25,64,0,0,0,0,0,1,0,0,0,0,2
2026-09-14T20:49:14.370120+00:00,3386,2428870,128x,300ms,25,64,1,0,0,0,0,1,0,0,0,0,2
2026-09-14T20:49:15.090176+00:00,3387,2429588,128x,300ms,25,64,1,0,0,0,0,1,0,0,0,0,2
2026-09-14T20:49:15.802444+00:00,3388,2430306,128x,300ms,25,64,1,0,0,0,0,1,0,0,0,0,2
2026-09-14T20:49:16.521446+00:00,3389,2431023,128x,300ms,25,64,1,0,0,0,0,1,0,0,0,0,2
2026-09-14T20:49:17.242296+00:00,3390,2431740,128x,300ms,25,64,1,0,0,0,0,1,0,0,0,0,2
2026-09-14T20:49:17.954780+00:00,3391,2432458,128x,300ms,25,64,0,0,0,0,0,1,0,0,0,0,2
2026-09-14T20:49:18.673789+00:00,3392,2433175,128x,300ms,25,64,0,0,0,0,0,1,0,0,0,0,2
2026-09-14T20:49:19.385591+00:00,3393,2433893,128x,300ms,25,64,0,0,0,0,0,1,0,0,0,0,2
2026-09-14T20:49:20.106661+00:00,3394,2434610,128x,300ms,25,64,0,0,0,0,0,1,0,0,0,0,3
2026-09-14T20:49:20.826717+00:00,3395,2435326,128x,300ms,25,64,0,0,0,0,0,1,0,0,0,0,2
2026-09-14T20:49:21.538009+00:00,3396,2436044,128x,300ms,25,64,1,0,0,0,0,1,0,0,0,0,2
2026-09-14T20:49:22.258644+00:00,3397,2436762,128x,300ms,25,64,1,0,0,0,0,1,0,0,0,0,3
2026-09-14T20:49:22.971667+00:00,3398,2437480,128x,300ms,25,64,1,0,0,0,0,1,0,0,0,0,2
2026-09-14T20:49:23.691842+00:00,3399,2438197,128x,300ms,25,64,1,0,0,0,0,1,0,0,0,0,2
2026-09-14T20:49:24.404262+00:00,3400,2438915,128x,300ms,25,64,1,0,0,0,0,1,0,0,0,0,2
2026-09-14T20:49:25.122987+00:00,3401,2439632,128x,300ms,25,64,0,0,0,0,0,1,0,0,0,0,2
2026-09-14T20:49:25.841184+00:00,3402,2440349,128x,300ms,25,64,0,0,0,0,0,1,0,0,0,0,2
2026-09-14T20:49:26.553173+00:00,3403,2441067,128x,300ms,25,64,0,0,0,0,0,1,0,0,0,0,2
2026-09-14T20:49:27.275124+00:00,3404,2441784,128x,300ms,25,64,0,0,0,0,0,1,0,0,0,0,2
2026-09-14T20:49:27.995293+00:00,3405,2442501,128x,300ms,25,64,0,0,0,0,0,1,0,0,0,0,2
2026-09-14T20:49:28.713059+00:00,3406,2443218,128x,300ms,25,64,1,0,0,0,0,1,0,0,0,0,2
2026-09-14T20:49:29.426962+00:00,3407,2443935,128x,300ms,25,64,1,0,0,0,0,1,0,0,0,0,2
2026-09-14T20:49:30.147380+00:00,3408,2444653,128x,300ms,25,64,1,0,0,0,0,1,0,0,0,0,2
2026-09-14T20:49:30.858423+00:00,3409,2445371,128x,300ms,25,64,1,0,0,0,0,1,0,0,0,0,3
2026-09-14T20:49:31.579182+00:00,3410,2446089,128x,300ms,25,64,1,0,0,0,0,1,0,0,0,0,2
2026-09-14T20:49:32.299314+00:00,3411,2446807,128x,300ms,25,64,0,0,0,0,0,1,0,0,0,0,2
2026-09-14T20:49:33.010867+00:00,3412,2447523,128x,300ms,25,64,0,0,0,0,0,1,0,0,0,0,2
2026-09-14T20:49:33.731017+00:00,3413,2448241,128x,300ms,25,64,0,0,0,0,0,1,0,0,0,0,2
2026-09-14T20:49:34.451109+00:00,3414,2448958,128x,300ms,25,64,0,0,0,0,0,1,0,0,0,0,2
2026-09-14T20:49:35.162942+00:00,3415,2449675,128x,300ms,25,64,0,0,0,0,0,1,0,0,0,0,2
2026-09-14T20:49:35.881844+00:00,3416,2450393,128x,300ms,25,64,1,0,0,0,0,1,0,0,0,0,2
2026-09-14T20:49:36.602979+00:00,3417,2451110,128x,300ms,25,64,1,0,0,0,0,1,0,0,0,0,2
2026-09-14T20:49:37.314416+00:00,3418,2451827,128x,300ms,25,64,1,0,0,0,0,1,0,0,0,0,2
2026-09-14T20:49:38.034347+00:00,3419,2452545,128x,300ms,25,64,1,0,0,0,0,1,0,0,0,0,2
2026-09-14T20:49:38.753925+00:00,3420,2453263,128x,300ms,25,64,1,0,0,0,0,1,0,0,0,0,3
2026-09-14T20:49:39.466266+00:00,3421,2453981,128x,300ms,25,64,0,0,0,0,0,1,0,0,0,0,2
2026-09-14T20:49:40.186201+00:00,3422,2454697,128x,300ms,25,64,0,0,0,0,0,1,0,0,0,0,2
2026-09-14T20:49:40.898573+00:00,3423,2455415,128x,300ms,25,64,0,0,0,0,0,1,0,0,0,0,2
2026-09-14T20:49:41.619305+00:00,3424,2456132,128x,300ms,25,64,0,0,0,0,0,1,0,0,0,0,2
2026-09-14T20:49:42.338573+00:00,3425,2456849,128x,300ms,25,64,0,0,0,0,0,1,0,0,0,0,2
2026-09-14T20:49:43.050284+00:00,3426,2457566,128x,300ms,25,64,1,0,0,0,0,1,0,0,0,0,2
2026-09-14T20:49:43.770226+00:00,3427,2458284,128x,300ms,25,64,1,0,0,0,0,1,0,0,0,0,2
2026-09-14T20:49:44.482589+00:00,3428,2459001,128x,300ms,25,64,1,0,0,0,0,1,0,0,0,0,2
2026-09-14T20:49:45.201942+00:00,3429,2459719,128x,300ms,25,64,1,0,0,0,0,1,0,0,0,0,2
2026-09-14T20:49:45.923239+00:00,3430,2460437,128x,300ms,25,64,1,0,0,0,0,1,0,0,0,0,3
2026-09-14T20:49:46.633840+00:00,3431,2461155,128x,300ms,25,64,0,0,0,0,0,1,0,0,0,0,2
2026-09-14T20:49:47.353636+00:00,3432,2461872,128x,300ms,25,64,0,0,0,0,0,1,0,0,0,0,2
2026-09-14T20:49:48.075188+00:00,3433,2462588,128x,300ms,25,64,0,0,0,0,0,1,0,0,0,0,2
2026-09-14T20:49:48.794321+00:00,3434,2463306,128x,300ms,25,64,0,0,0,0,0,1,0,0,0,0,2
2026-09-14T20:49:49.506672+00:00,3435,2464023,128x,300ms,25,64,0,0,0,0,0,1,0,0,0,0,2
2026-09-14T20:49:50.226816+00:00,3436,2464740,128x,300ms,25,64,1,0,0,0,0,1,0,0,0,0,2
2026-09-14T20:49:50.939053+00:00,3437,2465458,128x,300ms,25,64,1,0,0,0,0,1,0,0,0,0,3
2026-09-14T20:49:51.659096+00:00,3438,2466176,128x,300ms,25,64,1,0,0,0,0,1,0,0,0,0,2
2026-09-14T20:49:52.378690+00:00,3439,2466893,128x,300ms,25,64,1,0,0,0,0,1,0,0,0,0,2
2026-09-14T20:49:53.090427+00:00,3440,2467611,128x,300ms,25,64,1,0,0,0,0,1,0,0,0,0,2
2026-09-14T20:49:53.809975+00:00,3441,2468329,128x,300ms,25,64,0,0,0,0,0,1,0,0,0,0,2
2026-09-14T20:49:54.522874+00:00,3442,2469046,128x,300ms,25,64,0,0,0,0,0,1,0,0,0,0,2
2026-09-14T20:49:55.242709+00:00,3443,2469763,128x,300ms,25,64,0,0,0,0,0,1,0,0,0,0,2
2026-09-14T20:49:55.962479+00:00,3444,2470479,128x,300ms,25,64,0,0,0,0,0,1,0,0,0,0,2
2026-09-14T20:49:56.674398+00:00,3445,2471197,128x,300ms,25,64,0,0,0,0,0,1,0,0,0,0,2
2026-09-14T20:49:57.395099+00:00,3446,2471914,128x,300ms,25,64,1,0,0,0,0,1,0,0,0,0,2
2026-09-14T20:49:58.113142+00:00,3447,2472632,128x,300ms,25,64,1,0,0,0,0,1,0,0,0,0,2
2026-09-14T20:49:58.834586+00:00,3448,2473350,128x,300ms,25,64,1,0,0,0,0,1,0,0,0,0,2
2026-09-14T20:49:59.546523+00:00,3449,2474067,128x,300ms,25,64,1,0,0,0,0,1,0,0,0,0,3
2026-09-14T20:50:00.266501+00:00,3450,2474784,128x,300ms,25,64,1,0,0,0,0,1,0,0,0,0,2
2026-09-14T20:50:00.978485+00:00,3451,2475502,128x,300ms,25,64,0,0,0,0,0,1,0,0,0,0,2
2026-09-14T20:50:01.698388+00:00,3452,2476220,128x,300ms,25,64,0,0,0,0,0,1,0,0,0,0,2
2026-09-14T20:50:02.417022+00:00,3453,2476937,128x,300ms,25,64,0,0,0,0,0,1,0,0,0,0,2
2026-09-14T20:50:03.130505+00:00,3454,2477654,128x,300ms,25,64,0,0,0,0,0,1,0,0,0,0,3
2026-09-14T20:50:03.850131+00:00,3455,2478371,128x,300ms,25,64,0,0,0,0,0,1,0,0,0,0,2
2026-09-14T20:50:04.570846+00:00,3456,2479088,128x,300ms,25,64,1,0,0,0,0,1,0,0,0,0,2
2026-09-14T20:50:05.283020+00:00,3457,2479806,128x,300ms,25,64,1,0,0,0,0,1,0,0,0,0,2
2026-09-14T20:50:06.002402+00:00,3458,2480524,128x,300ms,25,64,1,0,0,0,0,1,0,0,0,0,2
2026-09-14T20:50:06.713607+00:00,3459,2481242,128x,300ms,25,64,1,0,0,0,0,1,0,0,0,0,2
2026-09-14T20:50:07.435224+00:00,3460,2481958,128x,300ms,25,64,1,0,0,0,0,1,0,0,0,0,3
2026-09-14T20:50:08.146483+00:00,3461,2482676,128x,300ms,25,64,0,0,0,0,0,1,0,0,0,0,2
2026-09-14T20:50:08.867152+00:00,3462,2483393,128x,300ms,25,64,0,0,0,0,0,1,0,0,0,0,2
2026-09-14T20:50:09.586731+00:00,3463,2484111,128x,300ms,25,64,0,0,0,0,0,1,0,0,0,0,2
2026-09-14T20:50:10.306971+00:00,3464,2484828,128x,300ms,25,64,0,0,0,0,0,1,0,0,0,0,3
2026-09-14T20:50:11.019243+00:00,3465,2485545,128x,300ms,25,64,0,0,0,0,0,1,0,0,0,0,2
2026-09-14T20:50:11.739070+00:00,3466,2486262,128x,300ms,25,64,1,0,0,0,0,1,0,0,0,0,2
2026-09-14T20:50:12.459097+00:00,3467,2486980,128x,300ms,25,64,1,0,0,0,0,1,0,0,0,0,2
2026-09-14T20:50:13.170585+00:00,3468,2487697,128x,300ms,25,64,1,0,0,0,0,1,0,0,0,0,3
2026-09-14T20:50:13.890661+00:00,3469,2488415,128x,300ms,25,64,1,0,0,0,0,1,0,0,0,0,3
2026-09-14T20:50:14.602722+00:00,3470,2489133,128x,300ms,25,64,1,0,0,0,0,1,0,0,0,0,2
2026-09-14T20:50:15.323284+00:00,3471,2489850,128x,300ms,25,64,0,0,0,0,0,1,0,0,0,0,2
2026-09-14T20:50:16.042275+00:00,3472,2490567,128x,300ms,25,64,0,0,0,0,0,1,0,0,0,0,2
2026-09-14T20:50:16.754381+00:00,3473,2491285,128x,300ms,25,64,0,0,0,0,0,1,0,0,0,0,2
2026-09-14T20:50:17.475484+00:00,3474,2492002,128x,300ms,25,64,0,0,0,0,0,1,0,0,0,0,2
2026-09-14T20:50:18.186827+00:00,3475,2492719,128x,300ms,25,64,0,0,0,0,0,1,0,0,0,0,2
2026-09-14T20:50:18.906998+00:00,3476,2493435,128x,300ms,25,64,1,0,0,0,0,1,0,0,0,0,2
2026-09-14T20:50:19.627074+00:00,3477,2494153,128x,300ms,25,64,1,0,0,0,0,1,0,0,0,0,2
2026-09-14T20:50:20.347098+00:00,3478,2494871,128x,300ms,25,64,1,0,0,0,0,1,0,0,0,0,2
2026-09-14T20:50:21.059108+00:00,3479,2495589,128x,300ms,25,64,1,0,0,0,0,1,0,0,0,0,3
2026-09-14T20:50:21.778625+00:00,3480,2496307,128x,300ms,25,64,1,0,0,0,0,1,0,0,0,0,3
2026-09-14T20:50:22.499437+00:00,3481,2497025,128x,300ms,25,64,0,0,0,0,0,1,0,0,0,0,3
2026-09-14T20:50:23.211316+00:00,3482,2497741,128x,300ms,25,64,0,0,0,0,0,1,0,0,0,0,3
2026-09-14T20:50:23.930589+00:00,3483,2498458,128x,300ms,25,64,0,0,0,0,0,1,0,0,0,0,2
2026-09-14T20:50:24.642425+00:00,3484,2499176,128x,300ms,25,64,0,0,0,0,0,1,0,0,0,0,2
2026-09-14T20:50:25.363223+00:00,3485,2499893,128x,300ms,25,64,0,0,0,0,0,1,0,0,0,0,2
2026-09-14T20:50:26.082111+00:00,3486,2500610,128x,300ms,25,64,1,0,0,0,0,1,0,0,0,0,2
2026-09-14T20:50:26.794564+00:00,3487,2501327,128x,300ms,25,64,1,0,0,0,0,1,0,0,0,0,2
2026-09-14T20:50:27.514468+00:00,3488,2502045,128x,300ms,25,64,1,0,0,0,0,1,0,0,0,0,2
2026-09-14T20:50:28.227019+00:00,3489,2502763,128x,300ms,25,64,1,0,0,0,0,1,0,0,0,0,2
2026-09-14T20:50:28.946371+00:00,3490,2503481,128x,300ms,25,64,1,0,0,0,0,1,0,0,0,0,2
2026-09-14T20:50:29.666867+00:00,3491,2504199,128x,300ms,25,64,0,0,0,0,0,1,0,0,0,0,2
2026-09-14T20:50:30.379401+00:00,3492,2504915,128x,300ms,25,64,0,0,0,0,0,1,0,0,0,0,2
2026-09-14T20:50:31.098846+00:00,3493,2505632,128x,300ms,25,64,0,0,0,0,0,1,0,0,0,0,2
2026-09-14T20:50:31.818487+00:00,3494,2506350,128x,300ms,25,64,0,0,0,0,0,1,0,0,0,0,2
2026-09-14T20:50:32.538654+00:00,3495,2507067,128x,300ms,25,64,0,0,0,0,0,1,0,0,0,0,2
2026-09-14T20:50:33.251356+00:00,3496,2507784,128x,300ms,25,64,1,0,0,0,0,1,0,0,0,0,2
2026-09-14T20:50:33.971434+00:00,3497,2508502,128x,300ms,25,64,1,0,0,0,0,1,0,0,0,0,2
2026-09-14T20:50:34.682599+00:00,3498,2509219,128x,300ms,25,64,1,0,0,0,0,1,0,0,0,0,2
2026-09-14T20:50:35.402729+00:00,3499,2509937,128x,300ms,25,64,1,0,0,0,0,1,0,0,0,0,2
2026-09-14T20:50:36.123255+00:00,3500,2510655,128x,300ms,25,64,1,0,0,0,0,1,0,0,0,0,2
2026-09-14T20:50:36.834113+00:00,3501,2511373,128x,300ms,25,64,0,0,0,0,0,1,0,0,0,0,2
2026-09-14T20:50:37.555086+00:00,3502,2512090,128x,300ms,25,64,0,0,0,0,0,1,0,0,0,0,2
2026-09-14T20:50:38.266676+00:00,3503,2512806,128x,300ms,25,64,0,0,0,0,0,1,0,0,0,0,2
2026-09-14T20:50:38.987360+00:00,3504,2513524,128x,300ms,25,64,0,0,0,0,0,1,0,0,0,0,2
2026-09-14T20:50:39.707493+00:00,3505,2514241,128x,300ms,25,64,0,0,0,0,0,1,0,0,0,0,3
2026-09-14T20:50:40.417428+00:00,3506,2514958,128x,300ms,25,64,1,0,0,0,0,1,0,0,0,0,3
2026-09-14T20:50:41.138394+00:00,3507,2515676,128x,300ms,25,64,1,0,0,0,0,1,0,0,0,0,2
2026-09-14T20:50:41.859022+00:00,3508,2516393,128x,300ms,25,64,1,0,0,0,0,1,0,0,0,0,3
2026-09-14T20:50:42.579309+00:00,3509,2517111,128x,300ms,25,64,1,0,0,0,0,1,0,0,0,0,2
2026-09-14T20:50:43.290588+00:00,3510,2517829,128x,300ms,25,64,1,0,0,0,0,1,0,0,0,0,3
2026-09-14T20:50:44.011119+00:00,3511,2518547,128x,300ms,25,64,0,0,0,0,0,1,0,0,0,0,2
2026-09-14T20:50:44.723723+00:00,3512,2519264,128x,300ms,25,64,0,0,0,0,0,1,0,0,0,0,2
2026-09-14T20:50:45.442738+00:00,3513,2519981,128x,300ms,25,64,0,0,0,0,0,1,0,0,0,0,2
2026-09-14T20:50:46.162369+00:00,3514,2520697,128x,300ms,25,64,0,0,0,0,0,1,0,0,0,0,2
2026-09-14T20:50:46.874199+00:00,3515,2521415,128x,300ms,25,64,0,0,0,0,0,1,0,0,0,0,2
2026-09-14T20:50:47.594608+00:00,3516,2522132,128x,300ms,25,64,1,0,0,0,0,1,0,0,0,0,2
2026-09-14T20:50:48.306116+00:00,3517,2522850,128x,300ms,25,64,1,0,0,0,0,1,0,0,0,0,3
2026-09-14T20:50:49.025578+00:00,3518,2523568,128x,300ms,25,64,1,0,0,0,0,1,0,0,0,0,2
2026-09-14T20:50:49.746787+00:00,3519,2524285,128x,300ms,25,64,1,0,0,0,0,1,0,0,0,0,2
2026-09-14T20:50:50.459159+00:00,3520,2525002,128x,300ms,25,64,1,0,0,0,0,1,0,0,0,0,2
2026-09-14T20:50:51.179128+00:00,3521,2525721,128x,300ms,25,64,0,0,0,0,0,1,0,0,0,0,2
2026-09-14T20:50:51.890840+00:00,3522,2526438,128x,300ms,25,64,0,0,0,0,0,1,0,0,0,0,3
2026-09-14T20:50:52.611123+00:00,3523,2527155,128x,300ms,25,64,0,0,0,0,0,1,0,0,0,0,2
2026-09-14T20:50:53.330904+00:00,3524,2527872,128x,300ms,25,64,0,0,0,0,0,1,0,0,0,0,2
2026-09-14T20:50:54.050316+00:00,3525,2528589,128x,300ms,25,64,0,0,0,0,0,1,0,0,0,0,2
2026-09-14T20:50:54.762774+00:00,3526,2529306,128x,300ms,25,64,1,0,0,0,0,1,0,0,0,0,2
2026-09-14T20:50:55.482909+00:00,3527,2530024,128x,300ms,25,64,1,0,0,0,0,1,0,0,0,0,2
2026-09-14T20:50:56.203336+00:00,3528,2530742,128x,300ms,25,64,1,0,0,0,0,1,0,0,0,0,2
2026-09-14T20:50:56.914983+00:00,3529,2531460,128x,300ms,25,64,1,0,0,0,0,1,0,0,0,0,2
2026-09-14T20:50:57.635080+00:00,3530,2532176,128x,300ms,25,64,1,0,0,0,0,1,0,0,0,0,2
2026-09-14T20:50:58.347302+00:00,3531,2532894,128x,300ms,25,64,0,0,0,0,0,1,0,0,0,0,2
2026-09-14T20:50:59.066529+00:00,3532,2533612,128x,300ms,25,64,0,0,0,0,0,1,0,0,0,0,2
2026-09-14T20:50:59.786804+00:00,3533,2534329,128x,300ms,25,64,0,0,0,0,0,1,0,0,0,0,2
2026-09-14T20:51:00.499322+00:00,3534,2535046,128x,300ms,25,64,0,0,0,0,0,1,0,0,0,0,2
2026-09-14T20:51:01.218155+00:00,3535,2535763,128x,300ms,25,64,0,0,0,0,0,1,0,0,0,0,2
2026-09-14T20:51:01.938384+00:00,3536,2536480,128x,300ms,25,64,1,0,0,0,0,1,0,0,0,0,2
2026-09-14T20:51:02.658830+00:00,3537,2537198,128x,300ms,25,64,1,0,0,0,0,1,0,0,0,0,2
2026-09-14T20:51:03.370131+00:00,3538,2537916,128x,300ms,25,64,1,0,0,0,0,1,0,0,0,0,2
2026-09-14T20:51:04.090686+00:00,3539,2538634,128x,300ms,25,64,1,0,0,0,0,1,0,0,0,0,2
2026-09-14T20:51:04.803108+00:00,3540,2539351,128x,300ms,25,64,1,0,0,0,0,1,0,0,0,0,3
2026-09-14T20:51:05.522922+00:00,3541,2540068,128x,300ms,25,64,0,0,0,0,0,1,0,0,0,0,2
2026-09-14T20:51:06.242763+00:00,3542,2540786,128x,300ms,25,64,0,0,0,0,0,1,0,0,0,0,3
2026-09-14T20:51:06.955281+00:00,3543,2541503,128x,300ms,25,64,0,0,0,0,0,1,0,0,0,0,2
2026-09-14T20:51:07.674812+00:00,3544,2542220,128x,300ms,25,64,0,0,0,0,0,1,0,0,0,0,2
2026-09-14T20:51:08.387206+00:00,3545,2542938,128x,300ms,25,64,0,0,0,0,0,1,0,0,0,0,2
2026-09-14T20:51:09.107299+00:00,3546,2543654,128x,300ms,25,64,1,0,0,0,0,1,0,0,0,0,2
2026-09-14T20:51:09.826861+00:00,3547,2544372,128x,300ms,25,64,1,0,0,0,0,1,0,0,0,0,2
2026-09-14T20:51:10.539037+00:00,3548,2545089,128x,300ms,25,64,1,0,0,0,0,1,0,0,0,0,2
2026-09-14T20:51:11.259000+00:00,3549,2545808,128x,300ms,25,64,1,0,0,0,0,1,0,0,0,0,2
2026-09-14T20:51:11.970701+00:00,3550,2546525,128x,300ms,25,64,1,0,0,0,0,1,0,0,0,0,2
2026-09-14T20:51:12.691131+00:00,3551,2547243,128x,300ms,25,64,0,0,0,0,0,1,0,0,0,0,3
2026-09-14T20:51:13.411488+00:00,3552,2547959,128x,300ms,25,64,0,0,0,0,0,1,0,0,0,0,2
2026-09-14T20:51:14.122671+00:00,3553,2548677,128x,300ms,25,64,0,0,0,0,0,1,0,0,0,0,2
2026-09-14T20:51:14.841780+00:00,3554,2549394,128x,300ms,25,64,0,0,0,0,0,1,0,0,0,0,2
2026-09-14T20:51:15.562486+00:00,3555,2550112,128x,300ms,25,64,0,0,0,0,0,1,0,0,0,0,2
2026-09-14T20:51:16.275548+00:00,3556,2550829,128x,300ms,25,64,1,0,0,0,0,1,0,0,0,0,2
2026-09-14T20:51:16.994612+00:00,3557,2551546,128x,300ms,25,64,1,0,0,0,0,1,0,0,0,0,2
2026-09-14T20:51:17.713661+00:00,3558,2552263,128x,300ms,25,64,1,0,0,0,0,1,0,0,0,0,2
2026-09-14T20:51:18.426766+00:00,3559,2552982,128x,300ms,25,64,1,0,0,0,0,1,0,0,0,0,2
2026-09-14T20:51:19.146382+00:00,3560,2553699,128x,300ms,25,64,1,0,0,0,0,1,0,0,0,0,2
2026-09-14T20:51:19.867092+00:00,3561,2554417,128x,300ms,25,64,0,0,0,0,0,1,0,0,0,0,2
2026-09-14T20:51:20.579556+00:00,3562,2555133,128x,300ms,25,64,0,0,0,0,0,1,0,0,0,0,2
2026-09-14T20:51:21.299059+00:00,3563,2555851,128x,300ms,25,64,0,0,0,0,0,1,0,0,0,0,2
2026-09-14T20:51:22.011126+00:00,3564,2556568,128x,300ms,25,64,0,0,0,0,0,1,0,0,0,0,2
2026-09-14T20:51:22.730915+00:00,3565,2557285,128x,300ms,25,64,0,0,0,0,0,1,0,0,0,0,2
2026-09-14T20:51:23.450359+00:00,3566,2558003,128x,300ms,25,64,1,0,0,0,0,1,0,0,0,0,2
2026-09-14T20:51:24.171222+00:00,3567,2558721,128x,300ms,25,64,1,0,0,0,0,1,0,0,0,0,2
2026-09-14T20:51:24.883264+00:00,3568,2559437,128x,300ms,25,64,1,0,0,0,0,1,0,0,0,0,2
2026-09-14T20:51:25.602995+00:00,3569,2560155,128x,300ms,25,64,1,0,0,0,0,1,0,0,0,0,2
2026-09-14T20:51:26.323386+00:00,3570,2560873,128x,300ms,25,64,1,0,0,0,0,1,0,0,0,0,2
2026-09-14T20:51:27.033206+00:00,3571,2561591,128x,300ms,25,64,0,0,0,0,0,1,0,0,0,0,2
2026-09-14T20:51:27.755083+00:00,3572,2562308,128x,300ms,25,64,0,0,0,0,0,1,0,0,0,0,2
2026-09-14T20:51:28.466486+00:00,3573,2563025,128x,300ms,25,64,0,0,0,0,0,1,0,0,0,0,2
2026-09-14T20:51:29.186932+00:00,3574,2563742,128x,300ms,25,64,0,0,0,0,0,1,0,0,0,0,2
2026-09-14T20:51:29.906645+00:00,3575,2564459,128x,300ms,25,64,0,0,0,0,0,1,0,0,0,0,2
2026-09-14T20:51:30.619022+00:00,3576,2565176,128x,300ms,25,64,1,0,0,0,0,1,0,0,0,0,2
2026-09-14T20:51:31.338292+00:00,3577,2565894,128x,300ms,25,64,1,0,0,0,0,1,0,0,0,0,2
2026-09-14T20:51:32.049782+00:00,3578,2566611,128x,300ms,25,64,1,0,0,0,0,1,0,0,0,0,2
2026-09-14T20:51:32.770515+00:00,3579,2567329,128x,300ms,25,64,1,0,0,0,0,1,0,0,0,0,2
2026-09-14T20:51:33.491445+00:00,3580,2568047,128x,300ms,25,64,1,0,0,0,0,1,0,0,0,0,2
2026-09-14T20:51:34.202998+00:00,3581,2568765,128x,300ms,25,64,0,0,0,0,0,1,0,0,0,0,3
2026-09-14T20:51:34.922711+00:00,3582,2569482,128x,300ms,25,64,0,0,0,0,0,1,0,0,0,0,2
2026-09-14T20:51:35.635094+00:00,3583,2570199,128x,300ms,25,64,0,0,0,0,0,1,0,0,0,0,2
2026-09-14T20:51:36.362374+00:00,3584,2570915,128x,300ms,25,64,0,0,0,0,0,1,0,0,0,0,2
2026-09-14T20:51:37.075298+00:00,3585,2571633,128x,300ms,25,64,0,0,0,0,0,1,0,0,0,0,2
2026-09-14T20:51:37.794918+00:00,3586,2572350,128x,300ms,25,64,1,0,0,0,0,1,0,0,0,0,2
2026-09-14T20:51:38.507381+00:00,3587,2573068,128x,300ms,25,64,1,0,0,0,0,1,0,0,0,0,2
2026-09-14T20:51:39.226791+00:00,3588,2573786,128x,300ms,25,64,1,0,0,0,0,1,0,0,0,0,2
2026-09-14T20:51:39.947482+00:00,3589,2574503,128x,300ms,25,64,1,0,0,0,0,1,0,0,0,0,2
2026-09-14T20:51:40.658933+00:00,3590,2575220,128x,300ms,25,64,1,0,0,0,0,1,0,0,0,0,2
2026-09-14T20:51:41.378420+00:00,3591,2575939,128x,300ms,25,64,0,0,0,0,0,1,0,0,0,0,2
2026-09-14T20:51:42.091181+00:00,3592,2576656,128x,300ms,25,64,0,0,0,0,0,1,0,0,0,0,2
2026-09-14T20:51:42.811097+00:00,3593,2577373,128x,300ms,25,64,0,0,0,0,0,1,0,0,0,0,2
2026-09-14T20:51:43.530915+00:00,3594,2578089,128x,300ms,25,64,0,0,0,0,0,1,0,0,0,0,2
2026-09-14T20:51:44.243447+00:00,3595,2578807,128x,300ms,25,64,0,0,0,0,0,1,0,0,0,0,2
2026-09-14T20:51:44.963019+00:00,3596,2579524,128x,300ms,25,64,1,0,0,0,0,1,0,0,0,0,2
2026-09-14T20:51:45.683195+00:00,3597,2580242,128x,300ms,25,64,1,0,0,0,0,1,0,0,0,0,2
2026-09-14T20:51:46.394937+00:00,3598,2580960,128x,300ms,25,64,1,0,0,0,0,1,0,0,0,0,2
2026-09-14T20:51:47.113313+00:00,3599,2581678,128x,300ms,25,64,1,0,0,0,0,1,0,0,0,0,2
2026-09-14T20:51:47.834979+00:00,3600,2582394,128x,300ms,25,64,1,0,0,0,0,1,0,0,0,0,2
2026-09-14T20:51:48.546941+00:00,3601,2583112,128x,300ms,25,64,0,0,0,0,0,1,0,0,0,0,2
2026-09-14T20:51:49.266779+00:00,3602,2583830,128x,300ms,25,64,0,0,0,0,0,1,0,0,0,0,2
2026-09-14T20:51:49.987325+00:00,3603,2584547,128x,300ms,25,64,0,0,0,0,0,1,0,0,0,0,3
2026-09-14T20:51:50.699416+00:00,3604,2585264,128x,300ms,25,64,0,0,0,0,0,1,0,0,0,0,2
2026-09-14T20:51:51.418562+00:00,3605,2585981,128x,300ms,25,64,0,0,0,0,0,1,0,0,0,0,2
2026-09-14T20:51:52.130740+00:00,3606,2586698,128x,300ms,25,64,1,0,0,0,0,1,0,0,0,0,2
2026-09-14T20:51:52.854357+00:00,3607,2587416,128x,300ms,25,64,1,0,0,0,0,1,0,0,0,0,2
2026-09-14T20:51:53.565453+00:00,3608,2588134,128x,300ms,25,64,1,0,0,0,0,1,0,0,0,0,2
2026-09-14T20:51:54.285808+00:00,3609,2588852,128x,300ms,25,64,1,0,0,0,0,1,0,0,0,0,2
2026-09-14T20:51:54.997907+00:00,3610,2589569,128x,300ms,25,64,1,0,0,0,0,1,0,0,0,0,2
2026-09-14T20:51:55.717337+00:00,3611,2590286,128x,300ms,25,64,0,0,0,0,0,1,0,0,0,0,2
2026-09-14T20:51:56.437528+00:00,3612,2591003,128x,300ms,25,64,0,0,0,0,0,1,0,0,0,0,3
2026-09-14T20:51:57.150257+00:00,3613,2591721,128x,300ms,25,64,0,0,0,0,0,1,0,0,0,0,3
2026-09-14T20:51:57.869890+00:00,3614,2592438,128x,300ms,25,64,0,0,0,0,0,1,0,0,0,0,2
2026-09-14T20:51:58.588193+00:00,3615,2593156,128x,300ms,25,64,0,0,0,0,0,1,0,0,0,0,3
2026-09-14T20:51:59.309338+00:00,3616,2593872,128x,300ms,25,64,1,0,0,0,0,1,0,0,0,0,3
2026-09-14T20:52:00.020841+00:00,3617,2594590,128x,300ms,25,64,1,0,0,0,0,1,0,0,0,0,2
2026-09-14T20:52:00.741252+00:00,3618,2595307,128x,300ms,25,64,1,0,0,0,0,1,0,0,0,0,2
2026-09-14T20:52:01.455176+00:00,3619,2596025,128x,300ms,25,64,1,0,0,0,0,1,0,0,0,0,2
2026-09-14T20:52:02.176338+00:00,3620,2596743,128x,300ms,25,64,1,0,0,0,0,1,0,0,0,0,2
2026-09-14T20:52:02.888540+00:00,3621,2597460,128x,300ms,25,64,0,0,0,0,0,1,0,0,0,0,2
2026-09-14T20:52:03.608555+00:00,3622,2598177,128x,300ms,25,64,0,0,0,0,0,1,0,0,0,0,2
2026-09-14T20:52:04.320382+00:00,3623,2598895,128x,300ms,25,64,0,0,0,0,0,1,0,0,0,0,2
2026-09-14T20:52:05.040816+00:00,3624,2599612,128x,300ms,25,64,0,0,0,0,0,1,0,0,0,0,2
2026-09-14T20:52:05.760115+00:00,3625,2600329,128x,300ms,25,64,0,0,0,0,0,1,0,0,0,0,3
2026-09-14T20:52:06.476421+00:00,3626,2601047,128x,300ms,25,64,1,0,0,0,0,1,0,0,0,0,2
2026-09-14T20:52:07.197115+00:00,3627,2601764,128x,300ms,25,64,1,0,0,0,0,1,0,0,0,0,2
2026-09-14T20:52:07.910582+00:00,3628,2602481,128x,300ms,25,64,1,0,0,0,0,1,0,0,0,0,3
2026-09-14T20:52:08.629793+00:00,3629,2603199,128x,300ms,25,64,1,0,0,0,0,1,0,0,0,0,2
2026-09-14T20:52:09.342329+00:00,3630,2603917,128x,300ms,25,64,1,0,0,0,0,1,0,0,0,0,3
2026-09-14T20:52:10.062131+00:00,3631,2604635,128x,300ms,25,64,0,0,0,0,0,1,0,0,0,0,2
2026-09-14T20:52:10.781997+00:00,3632,2605351,128x,300ms,25,64,0,0,0,0,0,1,0,0,0,0,2
2026-09-14T20:52:11.493139+00:00,3633,2606069,128x,300ms,25,64,0,0,0,0,0,1,0,0,0,0,2
2026-09-14T20:52:12.214389+00:00,3634,2606786,128x,300ms,25,64,0,0,0,0,0,1,0,0,0,0,2
2026-09-14T20:52:12.934621+00:00,3635,2607503,128x,300ms,25,64,0,0,0,0,0,1,0,0,0,0,2
2026-09-14T20:52:13.646096+00:00,3636,2608221,128x,300ms,25,64,1,0,0,0,0,1,0,0,0,0,3
2026-09-14T20:52:14.366385+00:00,3637,2608939,128x,300ms,25,64,1,0,0,0,0,1,0,0,0,0,2
2026-09-14T20:52:15.086179+00:00,3638,2609655,128x,300ms,25,64,1,0,0,0,0,1,0,0,0,0,2
2026-09-14T20:52:15.798100+00:00,3639,2610373,128x,300ms,25,64,1,0,0,0,0,1,0,0,0,0,2
2026-09-14T20:52:16.517848+00:00,3640,2611091,128x,300ms,25,64,1,0,0,0,0,1,0,0,0,0,2
2026-09-14T20:52:17.238413+00:00,3641,2611809,128x,300ms,25,64,0,0,0,0,0,1,0,0,0,0,2
2026-09-14T20:52:17.949549+00:00,3642,2612526,128x,300ms,25,64,0,0,0,0,0,1,0,0,0,0,2
2026-09-14T20:52:18.670051+00:00,3643,2613243,128x,300ms,25,64,0,0,0,0,0,1,0,0,0,0,2
2026-09-14T20:52:19.382627+00:00,3644,2613960,128x,300ms,25,64,0,0,0,0,0,1,0,0,0,0,2
2026-09-14T20:52:20.101953+00:00,3645,2614677,128x,300ms,25,64,0,0,0,0,0,1,0,0,0,0,2
2026-09-14T20:52:20.821801+00:00,3646,2615395,128x,300ms,25,64,1,0,0,0,0,1,0,0,0,0,2
2026-09-14T20:52:21.534406+00:00,3647,2616113,128x,300ms,25,64,1,0,0,0,0,1,0,0,0,0,2
2026-09-14T20:52:22.254916+00:00,3648,2616829,128x,300ms,25,64,1,0,0,0,0,1,0,0,0,0,2
2026-09-14T20:52:22.966431+00:00,3649,2617547,128x,300ms,25,64,1,0,0,0,0,1,0,0,0,0,2
2026-09-14T20:52:23.686373+00:00,3650,2618265,128x,300ms,25,64,1,0,0,0,0,1,0,0,0,0,2
2026-09-14T20:52:24.406532+00:00,3651,2618983,128x,300ms,25,64,0,0,0,0,0,1,0,0,0,0,2
2026-09-14T20:52:25.118591+00:00,3652,2619700,128x,300ms,25,64,0,0,0,0,0,1,0,0,0,0,2
2026-09-14T20:52:25.838245+00:00,3653,2620418,128x,300ms,25,64,0,0,0,0,0,1,0,0,0,0,3
2026-09-14T20:52:26.550743+00:00,3654,2621134,128x,300ms,25,64,0,0,0,0,0,1,0,0,0,0,2
2026-09-14T20:52:27.270132+00:00,3655,2621851,128x,300ms,25,64,0,0,0,0,0,1,0,0,0,0,2
2026-09-14T20:52:27.990500+00:00,3656,2622568,128x,300ms,25,64,1,0,0,0,0,1,0,0,0,0,2
2026-09-14T20:52:28.709953+00:00,3657,2623286,128x,300ms,25,64,1,0,0,0,0,1,0,0,0,0,2
2026-09-14T20:52:29.422569+00:00,3658,2624004,128x,300ms,25,64,1,0,0,0,0,1,0,0,0,0,3
2026-09-14T20:52:30.142483+00:00,3659,2624721,128x,300ms,25,64,1,0,0,0,0,1,0,0,0,0,2
2026-09-14T20:52:30.861785+00:00,3660,2625439,128x,300ms,25,64,1,0,0,0,0,1,0,0,0,0,3
2026-09-14T20:52:31.574195+00:00,3661,2626157,128x,300ms,25,64,0,0,0,0,0,1,0,0,0,0,2
2026-09-14T20:52:32.294580+00:00,3662,2626874,128x,300ms,25,64,0,0,0,0,0,1,0,0,0,0,2
2026-09-14T20:52:33.006918+00:00,3663,2627591,128x,300ms,25,64,0,0,0,0,0,1,0,0,0,0,3
2026-09-14T20:52:33.727301+00:00,3664,2628307,128x,300ms,25,64,0,0,0,0,0,1,0,0,0,0,2
2026-09-14T20:52:34.446253+00:00,3665,2629025,128x,300ms,25,64,0,0,0,0,0,1,0,0,0,0,2
2026-09-14T20:52:35.158250+00:00,3666,2629742,128x,300ms,25,64,1,0,0,0,0,1,0,0,0,0,2
2026-09-14T20:52:35.878280+00:00,3667,2630460,128x,300ms,25,64,1,0,0,0,0,1,0,0,0,0,2
2026-09-14T20:52:36.590850+00:00,3668,2631178,128x,300ms,25,64,1,0,0,0,0,1,0,0,0,0,2
2026-09-14T20:52:37.310214+00:00,3669,2631896,128x,300ms,25,64,1,0,0,0,0,1,0,0,0,0,2
2026-09-14T20:52:38.030276+00:00,3670,2632612,128x,300ms,25,64,1,0,0,0,0,1,0,0,0,0,3
2026-09-14T20:52:38.742929+00:00,3671,2633330,128x,300ms,25,64,0,0,0,0,0,1,0,0,0,0,3
2026-09-14T20:52:39.462758+00:00,3672,2634047,128x,300ms,25,64,0,0,0,0,0,1,0,0,0,0,2
2026-09-14T20:52:40.181945+00:00,3673,2634765,128x,300ms,25,64,0,0,0,0,0,1,0,0,0,0,2
2026-09-14T20:52:40.901909+00:00,3674,2635482,128x,300ms,25,64,0,0,0,0,0,1,0,0,0,0,3
2026-09-14T20:52:41.613425+00:00,3675,2636198,128x,300ms,25,64,0,0,0,0,0,1,0,0,0,0,3
2026-09-14T20:52:42.334216+00:00,3676,2636916,128x,300ms,25,64,1,0,0,0,0,1,0,0,0,0,2
2026-09-14T20:52:43.046840+00:00,3677,2637634,128x,300ms,25,64,1,0,0,0,0,1,0,0,0,0,2
2026-09-14T20:52:43.766808+00:00,3678,2638351,128x,300ms,25,64,1,0,0,0,0,1,0,0,0,0,2
2026-09-14T20:52:44.485848+00:00,3679,2639069,128x,300ms,25,64,1,0,0,0,0,1,0,0,0,0,2
2026-09-14T20:52:45.199047+00:00,3680,2639787,128x,300ms,25,64,1,0,0,0,0,1,0,0,0,0,2
2026-09-14T20:52:45.918383+00:00,3681,2640504,128x,300ms,25,64,0,0,0,0,0,1,0,0,0,0,3
2026-09-14T20:52:46.631003+00:00,3682,2641222,128x,300ms,25,64,0,0,0,0,0,1,0,0,0,0,2
2026-09-14T20:52:47.350699+00:00,3683,2641939,128x,300ms,25,64,0,0,0,0,0,1,0,0,0,0,2
2026-09-14T20:52:48.069831+00:00,3684,2642656,128x,300ms,25,64,0,0,0,0,0,1,0,0,0,0,2
2026-09-14T20:52:48.782765+00:00,3685,2643373,128x,300ms,25,64,0,0,0,0,0,1,0,0,0,0,2
2026-09-14T20:52:49.502947+00:00,3686,2644090,128x,300ms,25,64,1,0,0,0,0,1,0,0,0,0,2
2026-09-14T20:52:50.223173+00:00,3687,2644807,128x,300ms,25,64,1,0,0,0,0,1,0,0,0,0,2
2026-09-14T20:52:50.942083+00:00,3688,2645526,128x,300ms,25,64,1,0,0,0,0,1,0,0,0,0,2
2026-09-14T20:52:51.653684+00:00,3689,2646243,128x,300ms,25,64,1,0,0,0,0,1,0,0,0,0,2
2026-09-14T20:52:52.373992+00:00,3690,2646961,128x,300ms,25,64,1,0,0,0,0,1,0,0,0,0,3
2026-09-14T20:52:53.086983+00:00,3691,2647678,128x,300ms,25,64,0,0,0,0,0,1,0,0,0,0,2
2026-09-14T20:52:53.807675+00:00,3692,2648395,128x,300ms,25,64,0,0,0,0,0,1,0,0,0,0,3
2026-09-14T20:52:54.520110+00:00,3693,2649113,128x,300ms,25,64,0,0,0,0,0,1,0,0,0,0,2
2026-09-14T20:52:55.239958+00:00,3694,2649830,128x,300ms,25,64,0,0,0,0,0,1,0,0,0,0,2
2026-09-14T20:52:55.959317+00:00,3695,2650547,128x,300ms,25,64,0,0,0,0,0,1,0,0,0,0,2
2026-09-14T20:52:56.671991+00:00,3696,2651265,128x,300ms,25,64,1,0,0,0,0,1,0,0,0,0,2
2026-09-14T20:52:57.392100+00:00,3697,2651981,128x,300ms,25,64,1,0,0,0,0,1,0,0,0,0,2
2026-09-14T20:52:58.103737+00:00,3698,2652699,128x,300ms,25,64,1,0,0,0,0,1,0,0,0,0,3
2026-09-14T20:52:58.823566+00:00,3699,2653417,128x,300ms,25,64,1,0,0,0,0,1,0,0,0,0,2
2026-09-14T20:52:59.542955+00:00,3700,2654135,128x,300ms,25,64,1,0,0,0,0,1,0,0,0,0,3
2026-09-14T20:53:00.255285+00:00,3701,2654853,128x,300ms,25,64,0,0,0,0,0,1,0,0,0,0,2
2026-09-14T20:53:00.974983+00:00,3702,2655569,128x,300ms,25,64,0,0,0,0,0,1,0,0,0,0,2
2026-09-14T20:53:01.688005+00:00,3703,2656286,128x,300ms,25,64,0,0,0,0,0,1,0,0,0,0,3
2026-09-14T20:53:02.414610+00:00,3704,2657004,128x,300ms,25,64,0,0,0,0,0,1,0,0,0,0,2
2026-09-14T20:53:03.127458+00:00,3705,2657721,128x,300ms,25,64,0,0,0,0,0,1,0,0,0,0,2
2026-09-14T20:53:03.847698+00:00,3706,2658438,128x,300ms,25,64,1,0,0,0,0,1,0,0,0,0,2
2026-09-14T20:53:04.566755+00:00,3707,2659155,128x,300ms,25,64,1,0,0,0,0,1,0,0,0,0,3
2026-09-14T20:53:05.279134+00:00,3708,2659873,128x,300ms,25,64,1,0,0,0,0,1,0,0,0,0,2
2026-09-14T20:53:05.999631+00:00,3709,2660591,128x,300ms,25,64,1,0,0,0,0,1,0,0,0,0,2
2026-09-14T20:53:06.712235+00:00,3710,2661309,128x,300ms,25,64,1,0,0,0,0,1,0,0,0,0,2
2026-09-14T20:53:07.431673+00:00,3711,2662026,128x,300ms,25,64,0,0,0,0,0,1,0,0,0,0,2
2026-09-14T20:53:08.152153+00:00,3712,2662744,128x,300ms,25,64,0,0,0,0,0,1,0,0,0,0,2
2026-09-14T20:53:08.863394+00:00,3713,2663460,128x,300ms,25,64,0,0,0,0,0,1,0,0,0,0,2
2026-09-14T20:53:09.583244+00:00,3714,2664178,128x,300ms,25,64,0,0,0,0,0,1,0,0,0,0,2
2026-09-14T20:53:10.295212+00:00,3715,2664895,128x,300ms,25,64,0,0,0,0,0,1,0,0,0,0,2
2026-09-14T20:53:11.015496+00:00,3716,2665612,128x,300ms,25,64,1,0,0,0,0,1,0,0,0,0,3
2026-09-14T20:53:11.740241+00:00,3717,2666330,128x,300ms,25,64,1,0,0,0,0,1,0,0,0,0,3
2026-09-14T20:53:12.451797+00:00,3718,2667047,128x,300ms,25,64,1,0,0,0,0,1,0,0,0,0,2
2026-09-14T20:53:13.170956+00:00,3719,2667765,128x,300ms,25,64,1,0,0,0,0,1,0,0,0,0,2
2026-09-14T20:53:13.883280+00:00,3720,2668483,128x,300ms,25,64,1,0,0,0,0,1,0,0,0,0,2
2026-09-14T20:53:14.603682+00:00,3721,2669200,128x,300ms,25,64,0,0,0,0,0,1,0,0,0,0,3
2026-09-14T20:53:15.322827+00:00,3722,2669918,128x,300ms,25,64,0,0,0,0,0,1,0,0,0,0,2
2026-09-14T20:53:16.035990+00:00,3723,2670635,128x,300ms,25,64,0,0,0,0,0,1,0,0,0,0,2
2026-09-14T20:53:16.755571+00:00,3724,2671351,128x,300ms,25,64,0,0,0,0,0,1,0,0,0,0,2
2026-09-14T20:53:17.468168+00:00,3725,2672068,128x,300ms,25,64,0,0,0,0,0,1,0,0,0,0,2
2026-09-14T20:53:18.188330+00:00,3726,2672786,128x,300ms,25,64,1,0,0,0,0,1,0,0,0,0,2
2026-09-14T20:53:18.901504+00:00,3727,2673504,128x,300ms,25,64,1,0,0,0,0,1,0,0,0,0,2
2026-09-14T20:53:19.619396+00:00,3728,2674222,128x,300ms,25,64,1,0,0,0,0,1,0,0,0,0,2
2026-09-14T20:53:20.339813+00:00,3729,2674938,128x,300ms,25,64,1,0,0,0,0,1,0,0,0,0,2
2026-09-14T20:53:21.056087+00:00,3730,2675656,128x,300ms,25,64,1,0,0,0,0,1,0,0,0,0,2
2026-09-14T20:53:21.768090+00:00,3731,2676374,128x,300ms,25,64,0,0,0,0,0,1,0,0,0,0,2
2026-09-14T20:53:22.487146+00:00,3732,2677092,128x,300ms,25,64,0,0,0,0,0,1,0,0,0,0,2
2026-09-14T20:53:23.207752+00:00,3733,2677809,128x,300ms,25,64,0,0,0,0,0,1,0,0,0,0,2
2026-09-14T20:53:23.927374+00:00,3734,2678525,128x,300ms,25,64,0,0,0,0,0,1,0,0,0,0,2
2026-09-14T20:53:24.639892+00:00,3735,2679242,128x,300ms,25,64,0,0,0,0,0,1,0,0,0,0,2
2026-09-14T20:53:25.360010+00:00,3736,2679960,128x,300ms,25,64,1,0,0,0,0,1,0,0,0,0,2
2026-09-14T20:53:26.080138+00:00,3737,2680678,128x,300ms,25,64,1,0,0,0,0,1,0,0,0,0,2
2026-09-14T20:53:26.792073+00:00,3738,2681396,128x,300ms,25,64,1,0,0,0,0,1,0,0,0,0,2
2026-09-14T20:53:27.511961+00:00,3739,2682113,128x,300ms,25,64,1,0,0,0,0,1,0,0,0,0,2
2026-09-14T20:53:28.223984+00:00,3740,2682830,128x,300ms,25,64,1,0,0,0,0,1,0,0,0,0,2
2026-09-14T20:53:28.942993+00:00,3741,2683548,128x,300ms,25,64,0,0,0,0,0,1,0,0,0,0,2
2026-09-14T20:53:29.664229+00:00,3742,2684265,128x,300ms,25,64,0,0,0,0,0,1,0,0,0,0,2
2026-09-14T20:53:30.375931+00:00,3743,2684983,128x,300ms,25,64,0,0,0,0,0,1,0,0,0,0,2
2026-09-14T20:53:31.096168+00:00,3744,2685700,128x,300ms,25,64,0,0,0,0,0,1,0,0,0,0,3
2026-09-14T20:53:31.815999+00:00,3745,2686416,128x,300ms,25,64,0,0,0,0,0,1,0,0,0,0,3
2026-09-14T20:53:32.535397+00:00,3746,2687134,128x,300ms,25,64,1,0,0,0,0,1,0,0,0,0,2
2026-09-14T20:53:33.248020+00:00,3747,2687851,128x,300ms,25,64,1,0,0,0,0,1,0,0,0,0,2
2026-09-14T20:53:33.968205+00:00,3748,2688570,128x,300ms,25,64,1,0,0,0,0,1,0,0,0,0,2
2026-09-14T20:53:34.679738+00:00,3749,2689287,128x,300ms,25,64,1,0,0,0,0,1,0,0,0,0,2
2026-09-14T20:53:35.399394+00:00,3750,2690004,128x,300ms,25,64,1,0,0,0,0,1,0,0,0,0,2
2026-09-14T20:53:36.120294+00:00,3751,2690722,128x,300ms,25,64,0,0,0,0,0,1,0,0,0,0,2
2026-09-14T20:53:36.831092+00:00,3752,2691439,128x,300ms,25,64,0,0,0,0,0,1,0,0,0,0,2
2026-09-14T20:53:37.551860+00:00,3753,2692156,128x,300ms,25,64,0,0,0,0,0,1,0,0,0,0,3
2026-09-14T20:53:38.263527+00:00,3754,2692874,128x,300ms,25,64,0,0,0,0,0,1,0,0,0,0,2
2026-09-14T20:53:38.983287+00:00,3755,2693591,128x,300ms,25,64,0,0,0,0,0,1,0,0,0,0,2
2026-09-14T20:53:39.703328+00:00,3756,2694308,128x,300ms,25,64,1,0,0,0,0,1,0,0,0,0,2
2026-09-14T20:53:40.415821+00:00,3757,2695025,128x,300ms,25,64,1,0,0,0,0,1,0,0,0,0,2
2026-09-14T20:53:41.135352+00:00,3758,2695743,128x,300ms,25,64,1,0,0,0,0,1,0,0,0,0,3
2026-09-14T20:53:41.855611+00:00,3759,2696461,128x,300ms,25,64,1,0,0,0,0,1,0,0,0,0,3
2026-09-14T20:53:42.567645+00:00,3760,2697179,128x,300ms,25,64,1,0,0,0,0,1,0,0,0,0,3
2026-09-14T20:53:43.288075+00:00,3761,2697896,128x,300ms,25,64,0,0,0,0,0,1,0,0,0,0,2
2026-09-14T20:53:43.999269+00:00,3762,2698613,128x,300ms,25,64,0,0,0,0,0,1,0,0,0,0,2
2026-09-14T20:53:44.719968+00:00,3763,2699330,128x,300ms,25,64,0,0,0,0,0,1,0,0,0,0,3
2026-09-14T20:53:45.439400+00:00,3764,2700048,128x,300ms,25,64,0,0,0,0,0,1,0,0,0,0,2
2026-09-14T20:53:46.159401+00:00,3765,2700765,128x,300ms,25,64,0,0,0,0,0,1,0,0,0,0,2
2026-09-14T20:53:46.870278+00:00,3766,2701481,128x,300ms,25,64,1,0,0,0,0,1,0,0,0,0,2
2026-09-14T20:53:47.592166+00:00,3767,2702199,128x,300ms,25,64,1,0,0,0,0,1,0,0,0,0,2
2026-09-14T20:53:48.303470+00:00,3768,2702917,128x,300ms,25,64,1,0,0,0,0,1,0,0,0,0,3
2026-09-14T20:53:49.022130+00:00,3769,2703635,128x,300ms,25,64,1,0,0,0,0,1,0,0,0,0,2
2026-09-14T20:53:49.743002+00:00,3770,2704353,128x,300ms,25,64,1,0,0,0,0,1,0,0,0,0,2
2026-09-14T20:53:50.456003+00:00,3771,2705070,128x,300ms,25,64,0,0,0,0,0,1,0,0,0,0,2
2026-09-14T20:53:51.175756+00:00,3772,2705787,128x,300ms,25,64,0,0,0,0,0,1,0,0,0,0,2
2026-09-14T20:53:51.896199+00:00,3773,2706504,128x,300ms,25,64,0,0,0,0,0,1,0,0,0,0,2
2026-09-14T20:53:52.607693+00:00,3774,2707221,128x,300ms,25,64,0,0,0,0,0,1,0,0,0,0,2
2026-09-14T20:53:53.327883+00:00,3775,2707939,128x,300ms,25,64,0,0,0,0,0,1,0,0,0,0,2
2026-09-14T20:53:54.039942+00:00,3776,2708656,128x,300ms,25,64,1,0,0,0,0,1,0,0,0,0,2
2026-09-14T20:53:54.759378+00:00,3777,2709373,128x,300ms,25,64,1,0,0,0,0,1,0,0,0,0,3
2026-09-14T20:53:55.479875+00:00,3778,2710091,128x,300ms,25,64,1,0,0,0,0,1,0,0,0,0,2
2026-09-14T20:53:56.199075+00:00,3779,2710809,128x,300ms,25,64,1,0,0,0,0,1,0,0,0,0,2
2026-09-14T20:53:56.911095+00:00,3780,2711527,128x,300ms,25,64,1,0,0,0,0,1,0,0,0,0,2
2026-09-14T20:53:57.631181+00:00,3781,2712244,128x,300ms,25,64,0,0,0,0,0,1,0,0,0,0,2
2026-09-14T20:53:58.343379+00:00,3782,2712962,128x,300ms,25,64,0,0,0,0,0,1,0,0,0,0,2
2026-09-14T20:53:59.063593+00:00,3783,2713678,128x,300ms,25,64,0,0,0,0,0,1,0,0,0,0,2
2026-09-14T20:53:59.783308+00:00,3784,2714395,128x,300ms,25,64,0,0,0,0,0,1,0,0,0,0,3
2026-09-14T20:54:00.495715+00:00,3785,2715113,128x,300ms,25,64,0,0,0,0,0,1,0,0,0,0,2
2026-09-14T20:54:01.213997+00:00,3786,2715830,128x,300ms,25,64,1,0,0,0,0,1,0,0,0,0,2
2026-09-14T20:54:01.936010+00:00,3787,2716548,128x,300ms,25,64,1,0,0,0,0,1,0,0,0,0,2
2026-09-14T20:54:02.648262+00:00,3788,2717265,128x,300ms,25,64,1,0,0,0,0,1,0,0,0,0,2
2026-09-14T20:54:03.367827+00:00,3789,2717982,128x,300ms,25,64,1,0,0,0,0,1,0,0,0,0,2
2026-09-14T20:54:04.079565+00:00,3790,2718701,128x,300ms,25,64,1,0,0,0,0,1,0,0,0,0,2
2026-09-14T20:54:04.799635+00:00,3791,2719418,128x,300ms,25,64,0,0,0,0,0,1,0,0,0,0,2
2026-09-14T20:54:05.512209+00:00,3792,2720136,128x,300ms,25,64,0,0,0,0,0,1,0,0,0,0,2
2026-09-14T20:54:06.231541+00:00,3793,2720852,128x,300ms,25,64,0,0,0,0,0,1,0,0,0,0,2
2026-09-14T20:54:06.951839+00:00,3794,2721569,128x,300ms,25,64,0,0,0,0,0,1,0,0,0,0,2
2026-09-14T20:54:07.671511+00:00,3795,2722286,128x,300ms,25,64,0,0,0,0,0,1,0,0,0,0,2
2026-09-14T20:54:08.383934+00:00,3796,2723004,128x,300ms,25,64,1,0,0,0,0,1,0,0,0,0,2
2026-09-14T20:54:09.103919+00:00,3797,2723722,128x,300ms,25,64,1,0,0,0,0,1,0,0,0,0,2
2026-09-14T20:54:09.823693+00:00,3798,2724440,128x,300ms,25,64,1,0,0,0,0,1,0,0,0,0,2
2026-09-14T20:54:10.535937+00:00,3799,2725156,128x,300ms,25,64,1,0,0,0,0,1,0,0,0,0,2
2026-09-14T20:54:11.256067+00:00,3800,2725874,128x,300ms,25,64,1,0,0,0,0,1,0,0,0,0,2
2026-09-14T20:54:11.975385+00:00,3801,2726592,128x,300ms,25,64,0,0,0,0,0,1,0,0,0,0,2
2026-09-14T20:54:12.687172+00:00,3802,2727309,128x,300ms,25,64,0,0,0,0,0,1,0,0,0,0,2
2026-09-14T20:54:13.407629+00:00,3803,2728027,128x,300ms,25,64,0,0,0,0,0,1,0,0,0,0,2
2026-09-14T20:54:14.120347+00:00,3804,2728743,128x,300ms,25,64,0,0,0,0,0,1,0,0,0,0,2
2026-09-14T20:54:14.840381+00:00,3805,2729460,128x,300ms,25,64,0,0,0,0,0,1,0,0,0,0,3
2026-09-14T20:54:15.551873+00:00,3806,2730178,128x,300ms,25,64,1,0,0,0,0,1,0,0,0,0,2
2026-09-14T20:54:16.279773+00:00,3807,2730895,128x,300ms,25,64,1,0,0,0,0,1,0,0,0,0,2
2026-09-14T20:54:16.990035+00:00,3808,2731613,128x,300ms,25,64,1,0,0,0,0,1,0,0,0,0,2
2026-09-14T20:54:17.711150+00:00,3809,2732331,128x,300ms,25,64,1,0,0,0,0,1,0,0,0,0,2
2026-09-14T20:54:18.423614+00:00,3810,2733048,128x,300ms,25,64,1,0,0,0,0,1,0,0,0,0,2
2026-09-14T20:54:19.143010+00:00,3811,2733766,128x,300ms,25,64,0,0,0,0,0,1,0,0,0,0,2
2026-09-14T20:54:19.864028+00:00,3812,2734483,128x,300ms,25,64,0,0,0,0,0,1,0,0,0,0,2
2026-09-14T20:54:20.575803+00:00,3813,2735201,128x,300ms,25,64,0,0,0,0,0,1,0,0,0,0,2
2026-09-14T20:54:21.296170+00:00,3814,2735918,128x,300ms,25,64,0,0,0,0,0,1,0,0,0,0,2
2026-09-14T20:54:22.016094+00:00,3815,2736634,128x,300ms,25,64,0,0,0,0,0,1,0,0,0,0,2
2026-09-14T20:54:22.727871+00:00,3816,2737352,128x,300ms,25,64,1,0,0,0,0,1,0,0,0,0,2
2026-09-14T20:54:23.447403+00:00,3817,2738069,128x,300ms,25,64,1,0,0,0,0,1,0,0,0,0,2
2026-09-14T20:54:24.159409+00:00,3818,2738788,128x,300ms,25,64,1,0,0,0,0,1,0,0,0,0,2
2026-09-14T20:54:24.879763+00:00,3819,2739505,128x,300ms,25,64,1,0,0,0,0,1,0,0,0,0,2
2026-09-14T20:54:25.600060+00:00,3820,2740222,128x,300ms,25,64,1,0,0,0,0,1,0,0,0,0,2
2026-09-14T20:54:26.310869+00:00,3821,2740940,128x,300ms,25,64,0,0,0,0,0,1,0,0,0,0,2
2026-09-14T20:54:27.031993+00:00,3822,2741657,128x,300ms,25,64,0,0,0,0,0,1,0,0,0,0,2
2026-09-14T20:54:27.743071+00:00,3823,2742375,128x,300ms,25,64,0,0,0,0,0,1,0,0,0,0,2
2026-09-14T20:54:28.464094+00:00,3824,2743092,128x,300ms,25,64,0,0,0,0,0,1,0,0,0,0,2
2026-09-14T20:54:29.184261+00:00,3825,2743809,128x,300ms,25,64,0,0,0,0,0,1,0,0,0,0,2
2026-09-14T20:54:29.902120+00:00,3826,2744526,128x,300ms,25,64,1,0,0,0,0,1,0,0,0,0,3
2026-09-14T20:54:30.615648+00:00,3827,2745244,128x,300ms,25,64,1,0,0,0,0,1,0,0,0,0,2
2026-09-14T20:54:31.335402+00:00,3828,2745962,128x,300ms,25,64,1,0,0,0,0,1,0,0,0,0,2
2026-09-14T20:54:32.047536+00:00,3829,2746679,128x,300ms,25,64,1,0,0,0,0,1,0,0,0,0,2
2026-09-14T20:54:32.768245+00:00,3830,2747397,128x,300ms,25,64,1,0,0,0,0,1,0,0,0,0,2
2026-09-14T20:54:33.487266+00:00,3831,2748114,128x,300ms,25,64,0,0,0,0,0,1,0,0,0,0,2
2026-09-14T20:54:34.199533+00:00,3832,2748831,128x,300ms,25,64,0,0,0,0,0,1,0,0,0,0,2
2026-09-14T20:54:34.919924+00:00,3833,2749548,128x,300ms,25,64,0,0,0,0,0,1,0,0,0,0,2
2026-09-14T20:54:35.631502+00:00,3834,2750266,128x,300ms,25,64,0,0,0,0,0,1,0,0,0,0,2
2026-09-14T20:54:36.351855+00:00,3835,2750983,128x,300ms,25,64,0,0,0,0,0,1,0,0,0,0,3
2026-09-14T20:54:37.071220+00:00,3836,2751700,128x,300ms,25,64,1,0,0,0,0,1,0,0,0,0,2
2026-09-14T20:54:37.791785+00:00,3837,2752417,128x,300ms,25,64,1,0,0,0,0,1,0,0,0,0,2
2026-09-14T20:54:38.503294+00:00,3838,2753135,128x,300ms,25,64,1,0,0,0,0,1,0,0,0,0,2
2026-09-14T20:54:39.224091+00:00,3839,2753853,128x,300ms,25,64,1,0,0,0,0,1,0,0,0,0,2
2026-09-14T20:54:39.942892+00:00,3840,2754571,128x,300ms,25,64,1,0,0,0,0,1,0,0,0,0,2
2026-09-14T20:54:40.656172+00:00,3841,2755289,128x,300ms,25,64,0,0,0,0,0,1,0,0,0,0,2
2026-09-14T20:54:41.376261+00:00,3842,2756005,128x,300ms,25,64,0,0,0,0,0,1,0,0,0,0,3
2026-09-14T20:54:42.087545+00:00,3843,2756722,128x,300ms,25,64,0,0,0,0,0,1,0,0,0,0,2
2026-09-14T20:54:42.807116+00:00,3844,2757440,128x,300ms,25,64,0,0,0,0,0,1,0,0,0,0,3
2026-09-14T20:54:43.526136+00:00,3845,2758157,128x,300ms,25,64,0,0,0,0,0,1,0,0,0,0,2
2026-09-14T20:54:44.239325+00:00,3846,2758874,128x,300ms,25,64,1,0,0,0,0,1,0,0,0,0,3
2026-09-14T20:54:44.958668+00:00,3847,2759591,128x,300ms,25,64,1,0,0,0,0,1,0,0,0,0,2
2026-09-14T20:54:45.671517+00:00,3848,2760309,128x,300ms,25,64,1,0,0,0,0,1,0,0,0,0,2
2026-09-14T20:54:46.391629+00:00,3849,2761027,128x,300ms,25,64,1,0,0,0,0,1,0,0,0,0,2
2026-09-14T20:54:47.109970+00:00,3850,2761745,128x,300ms,25,64,1,0,0,0,0,1,0,0,0,0,2
2026-09-14T20:54:47.824262+00:00,3851,2762462,128x,300ms,25,64,0,0,0,0,0,1,0,0,0,0,2
2026-09-14T20:54:48.544118+00:00,3852,2763180,128x,300ms,25,64,0,0,0,0,0,1,0,0,0,0,2
2026-09-14T20:54:49.255525+00:00,3853,2763896,128x,300ms,25,64,0,0,0,0,0,1,0,0,0,0,3
2026-09-14T20:54:49.983383+00:00,3854,2764614,128x,300ms,25,64,0,0,0,0,0,1,0,0,0,0,2
2026-09-14T20:54:50.696275+00:00,3855,2765331,128x,300ms,25,64,0,0,0,0,0,1,0,0,0,0,2
2026-09-14T20:54:51.415627+00:00,3856,2766048,128x,300ms,25,64,1,0,0,0,0,1,0,0,0,0,2
2026-09-14T20:54:52.128050+00:00,3857,2766766,128x,300ms,25,64,1,0,0,0,0,1,0,0,0,0,3
2026-09-14T20:54:52.847547+00:00,3858,2767483,128x,300ms,25,64,1,0,0,0,0,1,0,0,0,0,2
2026-09-14T20:54:53.566573+00:00,3859,2768201,128x,300ms,25,64,1,0,0,0,0,1,0,0,0,0,3
2026-09-14T20:54:54.279239+00:00,3860,2768919,128x,300ms,25,64,1,0,0,0,0,1,0,0,0,0,2
2026-09-14T20:54:54.999755+00:00,3861,2769636,128x,300ms,25,64,0,0,0,0,0,1,0,0,0,0,2
2026-09-14T20:54:55.712234+00:00,3862,2770354,128x,300ms,25,64,0,0,0,0,0,1,0,0,0,0,2
2026-09-14T20:54:56.431721+00:00,3863,2771070,128x,300ms,25,64,0,0,0,0,0,1,0,0,0,0,2
2026-09-14T20:54:57.151928+00:00,3864,2771787,128x,300ms,25,64,0,0,0,0,0,1,0,0,0,0,2
2026-09-14T20:54:57.863540+00:00,3865,2772505,128x,300ms,25,64,0,0,0,0,0,1,0,0,0,0,2
2026-09-14T20:54:58.584126+00:00,3866,2773222,128x,300ms,25,64,1,0,0,0,0,1,0,0,0,0,2
2026-09-14T20:54:59.304285+00:00,3867,2773940,128x,300ms,25,64,1,0,0,0,0,1,0,0,0,0,3
2026-09-14T20:55:00.022988+00:00,3868,2774658,128x,300ms,25,64,1,0,0,0,0,1,0,0,0,0,2
2026-09-14T20:55:00.736140+00:00,3869,2775374,128x,300ms,25,64,1,0,0,0,0,1,0,0,0,0,2
2026-09-14T20:55:01.455153+00:00,3870,2776092,128x,300ms,25,64,1,0,0,0,0,1,0,0,0,0,2
2026-09-14T20:55:02.168316+00:00,3871,2776810,128x,300ms,25,64,0,0,0,0,0,1,0,0,0,0,2
2026-09-14T20:55:02.887845+00:00,3872,2777528,128x,300ms,25,64,0,0,0,0,0,1,0,0,0,0,2
2026-09-14T20:55:03.607833+00:00,3873,2778245,128x,300ms,25,64,0,0,0,0,0,1,0,0,0,0,3
2026-09-14T20:55:04.319826+00:00,3874,2778961,128x,300ms,25,64,0,0,0,0,0,1,0,0,0,0,2
2026-09-14T20:55:05.039375+00:00,3875,2779678,128x,300ms,25,64,0,0,0,0,0,1,0,0,0,0,2
2026-09-14T20:55:05.751981+00:00,3876,2780396,128x,300ms,25,64,1,0,0,0,0,1,0,0,0,0,2
2026-09-14T20:55:06.471059+00:00,3877,2781114,128x,300ms,25,64,1,0,0,0,0,1,0,0,0,0,2
2026-09-14T20:55:07.192232+00:00,3878,2781832,128x,300ms,25,64,1,0,0,0,0,1,0,0,0,0,2
2026-09-14T20:55:07.903835+00:00,3879,2782548,128x,300ms,25,64,1,0,0,0,0,1,0,0,0,0,3
2026-09-14T20:55:08.623441+00:00,3880,2783266,128x,300ms,25,64,1,0,0,0,0,1,0,0,0,0,2
2026-09-14T20:55:09.337170+00:00,3881,2783984,128x,300ms,25,64,0,0,0,0,0,1,0,0,0,0,3
2026-09-14T20:55:10.056616+00:00,3882,2784702,128x,300ms,25,64,0,0,0,0,0,1,0,0,0,0,2
2026-09-14T20:55:10.777094+00:00,3883,2785419,128x,300ms,25,64,0,0,0,0,0,1,0,0,0,0,2
2026-09-14T20:55:11.496174+00:00,3884,2786136,128x,300ms,25,64,0,0,0,0,0,1,0,0,0,0,2
2026-09-14T20:55:12.208743+00:00,3885,2786852,128x,300ms,25,64,0,0,0,0,0,1,0,0,0,0,2
2026-09-14T20:55:12.928750+00:00,3886,2787570,128x,300ms,25,64,1,0,0,0,0,1,0,0,0,0,2
2026-09-14T20:55:13.641235+00:00,3887,2788287,128x,300ms,25,64,1,0,0,0,0,1,0,0,0,0,2
2026-09-14T20:55:14.360592+00:00,3888,2789006,128x,300ms,25,64,1,0,0,0,0,1,0,0,0,0,2
2026-09-14T20:55:15.078598+00:00,3889,2789723,128x,300ms,25,64,1,0,0,0,0,1,0,0,0,0,3
2026-09-14T20:55:15.791534+00:00,3890,2790440,128x,300ms,25,64,1,0,0,0,0,1,0,0,0,0,2
2026-09-14T20:55:16.512598+00:00,3891,2791158,128x,300ms,25,64,0,0,0,0,0,1,0,0,0,0,2
2026-09-14T20:55:17.233169+00:00,3892,2791875,128x,300ms,25,64,0,0,0,0,0,1,0,0,0,0,3
2026-09-14T20:55:17.945140+00:00,3893,2792593,128x,300ms,25,64,0,0,0,0,0,1,0,0,0,0,2
2026-09-14T20:55:18.664754+00:00,3894,2793310,128x,300ms,25,64,0,0,0,0,0,1,0,0,0,0,3
2026-09-14T20:55:19.376399+00:00,3895,2794027,128x,300ms,25,64,0,0,0,0,0,1,0,0,0,0,2
2026-09-14T20:55:20.097020+00:00,3896,2794744,128x,300ms,25,64,1,0,0,0,0,1,0,0,0,0,2
2026-09-14T20:55:20.816318+00:00,3897,2795461,128x,300ms,25,64,1,0,0,0,0,1,0,0,0,0,2
2026-09-14T20:55:21.536981+00:00,3898,2796179,128x,300ms,25,64,1,0,0,0,0,1,0,0,0,0,2
2026-09-14T20:55:22.248102+00:00,3899,2796897,128x,300ms,25,64,1,0,0,0,0,1,0,0,0,0,3
2026-09-14T20:55:22.967615+00:00,3900,2797615,128x,300ms,25,64,1,0,0,0,0,1,0,0,0,0,2
2026-09-14T20:55:23.680440+00:00,3901,2798332,128x,300ms,25,64,0,0,0,0,0,1,0,0,0,0,2
2026-09-14T20:55:24.406571+00:00,3902,2799049,128x,300ms,25,64,0,0,0,0,0,1,0,0,0,0,3
2026-09-14T20:55:25.120778+00:00,3903,2799766,128x,300ms,25,64,0,0,0,0,0,1,0,0,0,0,2
2026-09-14T20:55:25.831509+00:00,3904,2800484,128x,300ms,25,64,0,0,0,0,0,1,0,0,0,0,2
2026-09-14T20:55:26.551012+00:00,3905,2801201,128x,300ms,25,64,0,0,0,0,0,1,0,0,0,0,2
2026-09-14T20:55:27.264898+00:00,3906,2801918,128x,300ms,25,64,1,0,0,0,0,1,0,0,0,0,2
2026-09-14T20:55:27.984997+00:00,3907,2802635,128x,300ms,25,64,1,0,0,0,0,1,0,0,0,0,2
2026-09-14T20:55:28.704784+00:00,3908,2803353,128x,300ms,25,64,1,0,0,0,0,1,0,0,0,0,2
2026-09-14T20:55:29.416056+00:00,3909,2804071,128x,300ms,25,64,1,0,0,0,0,1,0,0,0,0,3
2026-09-14T20:55:30.138798+00:00,3910,2804789,128x,300ms,25,64,1,0,0,0,0,1,0,0,0,0,3
2026-09-14T20:55:30.851493+00:00,3911,2805507,128x,300ms,25,64,0,0,0,0,0,1,0,0,0,0,3
2026-09-14T20:55:31.571245+00:00,3912,2806223,128x,300ms,25,64,0,0,0,0,0,1,0,0,0,0,2
2026-09-14T20:55:32.284673+00:00,3913,2806940,128x,300ms,25,64,0,0,0,0,0,1,0,0,0,0,2
2026-09-14T20:55:33.005208+00:00,3914,2807658,128x,300ms,25,64,0,0,0,0,0,1,0,0,0,0,2
2026-09-14T20:55:33.724064+00:00,3915,2808375,128x,300ms,25,64,0,0,0,0,0,1,0,0,0,0,2
2026-09-14T20:55:34.444394+00:00,3916,2809092,128x,300ms,25,64,1,0,0,0,0,1,0,0,0,0,2
2026-09-14T20:55:35.156265+00:00,3917,2809809,128x,300ms,25,64,1,0,0,0,0,1,0,0,0,0,2
2026-09-14T20:55:35.876258+00:00,3918,2810527,128x,300ms,25,64,1,0,0,0,0,1,0,0,0,0,2
2026-09-14T20:55:36.589375+00:00,3919,2811245,128x,300ms,25,64,1,0,0,0,0,1,0,0,0,0,2
2026-09-14T20:55:37.308915+00:00,3920,2811963,128x,300ms,25,64,1,0,0,0,0,1,0,0,0,0,3
2026-09-14T20:55:38.029021+00:00,3921,2812680,128x,300ms,25,64,0,0,0,0,0,1,0,0,0,0,2
2026-09-14T20:55:38.740459+00:00,3922,2813398,128x,300ms,25,64,0,0,0,0,0,1,0,0,0,0,3
2026-09-14T20:55:39.459541+00:00,3923,2814114,128x,300ms,25,64,0,0,0,0,0,1,0,0,0,0,2
2026-09-14T20:55:40.173180+00:00,3924,2814831,128x,300ms,25,64,0,0,0,0,0,1,0,0,0,0,2
2026-09-14T20:55:40.891785+00:00,3925,2815549,128x,300ms,25,64,0,0,0,0,0,1,0,0,0,0,2
2026-09-14T20:55:41.612479+00:00,3926,2816266,128x,300ms,25,64,1,0,0,0,0,1,0,0,0,0,2
2026-09-14T20:55:42.332422+00:00,3927,2816984,128x,300ms,25,64,1,0,0,0,0,1,0,0,0,0,2
2026-09-14T20:55:43.044915+00:00,3928,2817701,128x,300ms,25,64,1,0,0,0,0,1,0,0,0,0,3
2026-09-14T20:55:43.764175+00:00,3929,2818418,128x,300ms,25,64,1,0,0,0,0,1,0,0,0,0,2
2026-09-14T20:55:44.484338+00:00,3930,2819137,128x,300ms,25,64,1,0,0,0,0,1,0,0,0,0,2
2026-09-14T20:55:45.194882+00:00,3931,2819854,128x,300ms,25,64,0,0,0,0,0,1,0,0,0,0,2
2026-09-14T20:55:45.915494+00:00,3932,2820572,128x,300ms,25,64,0,0,0,0,0,1,0,0,0,0,2
2026-09-14T20:55:46.629262+00:00,3933,2821288,128x,300ms,25,64,0,0,0,0,0,1,0,0,0,0,2
2026-09-14T20:55:47.348220+00:00,3934,2822005,128x,300ms,25,64,0,0,0,0,0,1,0,0,0,0,3
2026-09-14T20:55:48.069628+00:00,3935,2822723,128x,300ms,25,64,0,0,0,0,0,1,0,0,0,0,2
2026-09-14T20:55:48.781412+00:00,3936,2823440,128x,300ms,25,64,1,0,0,0,0,1,0,0,0,0,2
2026-09-14T20:55:49.501261+00:00,3937,2824158,128x,300ms,25,64,1,0,0,0,0,1,0,0,0,0,2
2026-09-14T20:55:50.220740+00:00,3938,2824876,128x,300ms,25,64,1,0,0,0,0,1,0,0,0,0,2
2026-09-14T20:55:50.932876+00:00,3939,2825592,128x,300ms,25,64,1,0,0,0,0,1,0,0,0,0,2
2026-09-14T20:55:51.645515+00:00,3940,2826310,128x,300ms,25,64,1,0,0,0,0,1,0,0,0,0,2
2026-09-14T20:55:52.363652+00:00,3941,2827028,128x,300ms,25,64,0,0,0,0,0,1,0,0,0,0,2
2026-09-14T20:55:53.084452+00:00,3942,2827746,128x,300ms,25,64,0,0,0,0,0,1,0,0,0,0,2
2026-09-14T20:55:53.797329+00:00,3943,2828463,128x,300ms,25,64,0,0,0,0,0,1,0,0,0,0,2
2026-09-14T20:55:54.517630+00:00,3944,2829179,128x,300ms,25,64,0,0,0,0,0,1,0,0,0,0,3
2026-09-14T20:55:55.236354+00:00,3945,2829896,128x,300ms,25,64,0,0,0,0,0,1,0,0,0,0,2
2026-09-14T20:55:55.957515+00:00,3946,2830614,128x,300ms,25,64,1,0,0,0,0,1,0,0,0,0,3
2026-09-14T20:55:56.668918+00:00,3947,2831331,128x,300ms,25,64,1,0,0,0,0,1,0,0,0,0,2
2026-09-14T20:55:57.388535+00:00,3948,2832049,128x,300ms,25,64,1,0,0,0,0,1,0,0,0,0,2
2026-09-14T20:55:58.101302+00:00,3949,2832766,128x,300ms,25,64,1,0,0,0,0,1,0,0,0,0,2
2026-09-14T20:55:58.820592+00:00,3950,2833484,128x,300ms,25,64,1,0,0,0,0,1,0,0,0,0,2
2026-09-14T20:55:59.541596+00:00,3951,2834202,128x,300ms,25,64,0,0,0,0,0,1,0,0,0,0,2
2026-09-14T20:56:00.253150+00:00,3952,2834919,128x,300ms,25,64,0,0,0,0,0,1,0,0,0,0,2
2026-09-14T20:56:00.972164+00:00,3953,2835637,128x,300ms,25,64,0,0,0,0,0,1,0,0,0,0,2
2026-09-14T20:56:01.691845+00:00,3954,2836354,128x,300ms,25,64,0,0,0,0,0,1,0,0,0,0,2
2026-09-14T20:56:02.405229+00:00,3955,2837070,128x,300ms,25,64,0,0,0,0,0,1,0,0,0,0,2
2026-09-14T20:56:03.125214+00:00,3956,2837788,128x,300ms,25,64,1,0,0,0,0,1,0,0,0,0,2
2026-09-14T20:56:03.844063+00:00,3957,2838505,128x,300ms,25,64,1,0,0,0,0,1,0,0,0,0,2
2026-09-14T20:56:04.565199+00:00,3958,2839224,128x,300ms,25,64,1,0,0,0,0,1,0,0,0,0,2
2026-09-14T20:56:05.276619+00:00,3959,2839941,128x,300ms,25,64,1,0,0,0,0,1,0,0,0,0,2
2026-09-14T20:56:05.996033+00:00,3960,2840658,128x,300ms,25,64,1,0,0,0,0,1,0,0,0,0,2
2026-09-14T20:56:06.708835+00:00,3961,2841376,128x,300ms,25,64,0,0,0,0,0,1,0,0,0,0,2
2026-09-14T20:56:07.427760+00:00,3962,2842093,128x,300ms,25,64,0,0,0,0,0,1,0,0,0,0,2
2026-09-14T20:56:08.147236+00:00,3963,2842811,128x,300ms,25,64,0,0,0,0,0,1,0,0,0,0,2
2026-09-14T20:56:08.861296+00:00,3964,2843528,128x,300ms,25,64,0,0,0,0,0,1,0,0,0,0,2
2026-09-14T20:56:09.579632+00:00,3965,2844244,128x,300ms,25,64,0,0,0,0,0,1,0,0,0,0,2
2026-09-14T20:56:10.292592+00:00,3966,2844962,128x,300ms,25,64,1,0,0,0,0,1,0,0,0,0,2
2026-09-14T20:56:11.013357+00:00,3967,2845680,128x,300ms,25,64,1,0,0,0,0,1,0,0,0,0,2
2026-09-14T20:56:11.733339+00:00,3968,2846397,128x,300ms,25,64,1,0,0,0,0,1,0,0,0,0,3
2026-09-14T20:56:12.452620+00:00,3969,2847115,128x,300ms,25,64,1,0,0,0,0,1,0,0,0,0,2
2026-09-14T20:56:13.165531+00:00,3970,2847833,128x,300ms,25,64,1,0,0,0,0,1,0,0,0,0,2
2026-09-14T20:56:13.885100+00:00,3971,2848550,128x,300ms,25,64,0,0,0,0,0,1,0,0,0,0,2
2026-09-14T20:56:14.604986+00:00,3972,2849267,128x,300ms,25,64,0,0,0,0,0,1,0,0,0,0,2
2026-09-14T20:56:15.317484+00:00,3973,2849985,128x,300ms,25,64,0,0,0,0,0,1,0,0,0,0,3
2026-09-14T20:56:16.037517+00:00,3974,2850702,128x,300ms,25,64,0,0,0,0,0,1,0,0,0,0,3
2026-09-14T20:56:16.748486+00:00,3975,2851419,128x,300ms,25,64,0,0,0,0,0,1,0,0,0,0,2
2026-09-14T20:56:17.468723+00:00,3976,2852135,128x,300ms,25,64,1,0,0,0,0,1,0,0,0,0,2
2026-09-14T20:56:18.189379+00:00,3977,2852853,128x,300ms,25,64,1,0,0,0,0,1,0,0,0,0,2
2026-09-14T20:56:18.900981+00:00,3978,2853571,128x,300ms,25,64,1,0,0,0,0,1,0,0,0,0,3
2026-09-14T20:56:19.620870+00:00,3979,2854289,128x,300ms,25,64,1,0,0,0,0,1,0,0,0,0,2
2026-09-14T20:56:20.332118+00:00,3980,2855007,128x,300ms,25,64,1,0,0,0,0,1,0,0,0,0,2
2026-09-14T20:56:21.051906+00:00,3981,2855725,128x,300ms,25,64,0,0,0,0,0,1,0,0,0,0,2
2026-09-14T20:56:21.765058+00:00,3982,2856441,128x,300ms,25,64,0,0,0,0,0,1,0,0,0,0,3
2026-09-14T20:56:22.485218+00:00,3983,2857158,128x,300ms,25,64,0,0,0,0,0,1,0,0,0,0,2
2026-09-14T20:56:23.204403+00:00,3984,2857876,128x,300ms,25,64,0,0,0,0,0,1,0,0,0,0,2
2026-09-14T20:56:23.917120+00:00,3985,2858593,128x,300ms,25,64,0,0,0,0,0,1,0,0,0,0,2
2026-09-14T20:56:24.636660+00:00,3986,2859310,128x,300ms,25,64,1,0,0,0,0,1,0,0,0,0,2
2026-09-14T20:56:25.355407+00:00,3987,2860027,128x,300ms,25,64,1,0,0,0,0,1,0,0,0,0,2
2026-09-14T20:56:26.077088+00:00,3988,2860745,128x,300ms,25,64,1,0,0,0,0,1,0,0,0,0,3
2026-09-14T20:56:26.788010+00:00,3989,2861463,128x,300ms,25,64,1,0,0,0,0,1,0,0,0,0,2
2026-09-14T20:56:27.508296+00:00,3990,2862181,128x,300ms,25,64,1,0,0,0,0,1,0,0,0,0,2
2026-09-14T20:56:28.220578+00:00,3991,2862899,128x,300ms,25,64,0,0,0,0,0,1,0,0,0,0,2
2026-09-14T20:56:28.940641+00:00,3992,2863616,128x,300ms,25,64,0,0,0,0,0,1,0,0,0,0,2
2026-09-14T20:56:29.660208+00:00,3993,2864332,128x,300ms,25,64,0,0,0,0,0,1,0,0,0,0,2
2026-09-14T20:56:30.373155+00:00,3994,2865049,128x,300ms,25,64,0,0,0,0,0,1,0,0,0,0,3
2026-09-14T20:56:31.091933+00:00,3995,2865767,128x,300ms,25,64,0,0,0,0,0,1,0,0,0,0,3
2026-09-14T20:56:31.805058+00:00,3996,2866484,128x,300ms,25,64,1,0,0,0,0,1,0,0,0,0,2
2026-09-14T20:56:32.524564+00:00,3997,2867202,128x,300ms,25,64,1,0,0,0,0,1,0,0,0,0,2
2026-09-14T20:56:33.245033+00:00,3998,2867919,128x,300ms,25,64,1,0,0,0,0,1,0,0,0,0,2
2026-09-14T20:56:33.964045+00:00,3999,2868637,128x,300ms,25,64,1,0,0,0,0,1,0,0,0,0,2
2026-09-14T20:56:34.677008+00:00,4000,2869355,128x,300ms,25,64,1,0,0,0,0,1,0,0,0,0,2
2026-09-14T20:56:35.397034+00:00,4001,2870073,128x,300ms,25,64,0,0,0,0,0,1,0,0,0,0,2
2026-09-14T20:56:36.115799+00:00,4002,2870790,128x,300ms,25,64,0,0,0,0,0,1,0,0,0,0,2
2026-09-14T20:56:36.828845+00:00,4003,2871506,128x,300ms,25,64,0,0,0,0,0,1,0,0,0,0,2
2026-09-14T20:56:37.547697+00:00,4004,2872223,128x,300ms,25,64,0,0,0,0,0,1,0,0,0,0,3
2026-09-14T20:56:38.260945+00:00,4005,2872941,128x,300ms,25,64,0,0,0,0,0,1,0,0,0,0,2
2026-09-14T20:56:38.980667+00:00,4006,2873658,128x,300ms,25,64,1,0,0,0,0,1,0,0,0,0,2
2026-09-14T20:56:39.701216+00:00,4007,2874376,128x,300ms,25,64,1,0,0,0,0,1,0,0,0,0,3
2026-09-14T20:56:40.411863+00:00,4008,2875094,128x,300ms,25,64,1,0,0,0,0,1,0,0,0,0,2
2026-09-14T20:56:41.132115+00:00,4009,2875811,128x,300ms,25,64,1,0,0,0,0,1,0,0,0,0,2
2026-09-14T20:56:41.844501+00:00,4010,2876528,128x,300ms,25,64,1,0,0,0,0,1,0,0,0,0,3
2026-09-14T20:56:42.564807+00:00,4011,2877246,128x,300ms,25,64,0,0,0,0,0,1,0,0,0,0,2
2026-09-14T20:56:43.283907+00:00,4012,2877964,128x,300ms,25,64,0,0,0,0,0,1,0,0,0,0,2
2026-09-14T20:56:43.995799+00:00,4013,2878681,128x,300ms,25,64,0,0,0,0,0,1,0,0,0,0,2
2026-09-14T20:56:44.715935+00:00,4014,2879397,128x,300ms,25,64,0,0,0,0,0,1,0,0,0,0,3
2026-09-14T20:56:45.428437+00:00,4015,2880115,128x,300ms,25,64,0,0,0,0,0,1,0,0,0,0,2
2026-09-14T20:56:46.155991+00:00,4016,2880832,128x,300ms,25,64,1,0,0,0,0,1,0,0,0,0,2
2026-09-14T20:56:46.869162+00:00,4017,2881550,128x,300ms,25,64,1,0,0,0,0,1,0,0,0,0,2
2026-09-14T20:56:47.588716+00:00,4018,2882267,128x,300ms,25,64,1,0,0,0,0,1,0,0,0,0,2
2026-09-14T20:56:48.300556+00:00,4019,2882984,128x,300ms,25,64,1,0,0,0,0,1,0,0,0,0,3
2026-09-14T20:56:49.020576+00:00,4020,2883702,128x,300ms,25,64,1,0,0,0,0,1,0,0,0,0,2
2026-09-14T20:56:49.740701+00:00,4021,2884420,128x,300ms,25,64,0,0,0,0,0,1,0,0,0,0,2
2026-09-14T20:56:50.452132+00:00,4022,2885138,128x,300ms,25,64,0,0,0,0,0,1,0,0,0,0,3
2026-09-14T20:56:51.172344+00:00,4023,2885855,128x,300ms,25,64,0,0,0,0,0,1,0,0,0,0,2
2026-09-14T20:56:51.884773+00:00,4024,2886572,128x,300ms,25,64,0,0,0,0,0,1,0,0,0,0,2
2026-09-14T20:56:52.604165+00:00,4025,2887288,128x,300ms,25,64,0,0,0,0,0,1,0,0,0,0,2
2026-09-14T20:56:53.324435+00:00,4026,2888006,128x,300ms,25,64,1,0,0,0,0,1,0,0,0,0,2
2026-09-14T20:56:54.036647+00:00,4027,2888724,128x,300ms,25,64,1,0,0,0,0,1,0,0,0,0,2
2026-09-14T20:56:54.756871+00:00,4028,2889442,128x,300ms,25,64,1,0,0,0,0,1,0,0,0,0,3
2026-09-14T20:56:55.476555+00:00,4029,2890159,128x,300ms,25,64,1,0,0,0,0,1,0,0,0,0,2
2026-09-14T20:56:56.196666+00:00,4030,2890876,128x,300ms,25,64,1,0,0,0,0,1,0,0,0,0,2
2026-09-14T20:56:56.908150+00:00,4031,2891594,128x,300ms,25,64,0,0,0,0,0,1,0,0,0,0,2
2026-09-14T20:56:57.627212+00:00,4032,2892311,128x,300ms,25,64,0,0,0,0,0,1,0,0,0,0,3
2026-09-14T20:56:58.339994+00:00,4033,2893029,128x,300ms,25,64,0,0,0,0,0,1,0,0,0,0,2
2026-09-14T20:56:59.059740+00:00,4034,2893746,128x,300ms,25,64,0,0,0,0,0,1,0,0,0,0,2
2026-09-14T20:56:59.774342+00:00,4035,2894462,128x,300ms,25,64,0,0,0,0,0,1,0,0,0,0,2
2026-09-14T20:57:00.494803+00:00,4036,2895180,128x,300ms,25,64,1,0,0,0,0,1,0,0,0,0,2
2026-09-14T20:57:01.216653+00:00,4037,2895898,128x,300ms,25,64,1,0,0,0,0,1,0,0,0,0,3
2026-09-14T20:57:01.926370+00:00,4038,2896615,128x,300ms,25,64,1,0,0,0,0,1,0,0,0,0,2
2026-09-14T20:57:02.646584+00:00,4039,2897333,128x,300ms,25,64,1,0,0,0,0,1,0,0,0,0,2
2026-09-14T20:57:03.367638+00:00,4040,2898051,128x,300ms,25,64,1,0,0,0,0,1,0,0,0,0,3
2026-09-14T20:57:04.078550+00:00,4041,2898768,128x,300ms,25,64,0,0,0,0,0,1,0,0,0,0,3
2026-09-14T20:57:04.799107+00:00,4042,2899485,128x,300ms,25,64,0,0,0,0,0,1,0,0,0,0,3
2026-09-14T20:57:05.510883+00:00,4043,2900203,128x,300ms,25,64,0,0,0,0,0,1,0,0,0,0,2
2026-09-14T20:57:06.230526+00:00,4044,2900920,128x,300ms,25,64,0,0,0,0,0,1,0,0,0,0,2
2026-09-14T20:57:06.942446+00:00,4045,2901637,128x,300ms,25,64,0,0,0,0,0,1,0,0,0,0,2
2026-09-14T20:57:07.663407+00:00,4046,2902353,128x,300ms,25,64,1,0,0,0,0,1,0,0,0,0,2
2026-09-14T20:57:08.383180+00:00,4047,2903071,128x,300ms,25,64,1,0,0,0,0,1,0,0,0,0,2
2026-09-14T20:57:09.103065+00:00,4048,2903789,128x,300ms,25,64,1,0,0,0,0,1,0,0,0,0,3
2026-09-14T20:57:09.814412+00:00,4049,2904507,128x,300ms,25,64,1,0,0,0,0,1,0,0,0,0,3
2026-09-14T20:57:10.535091+00:00,4050,2905225,128x,300ms,25,64,1,0,0,0,0,1,0,0,0,0,2
2026-09-14T20:57:11.247320+00:00,4051,2905943,128x,300ms,25,64,0,0,0,0,0,1,0,0,0,0,2
2026-09-14T20:57:11.966136+00:00,4052,2906659,128x,300ms,25,64,0,0,0,0,0,1,0,0,0,0,2
2026-09-14T20:57:12.686776+00:00,4053,2907376,128x,300ms,25,64,0,0,0,0,0,1,0,0,0,0,3
2026-09-14T20:57:13.397693+00:00,4054,2908094,128x,300ms,25,64,0,0,0,0,0,1,0,0,0,0,2
2026-09-14T20:57:14.119398+00:00,4055,2908811,128x,300ms,25,64,0,0,0,0,0,1,0,0,0,0,2
2026-09-14T20:57:14.831196+00:00,4056,2909528,128x,300ms,25,64,1,0,0,0,0,1,0,0,0,0,3
2026-09-14T20:57:15.551302+00:00,4057,2910245,128x,300ms,25,64,1,0,0,0,0,1,0,0,0,0,2
2026-09-14T20:57:16.270334+00:00,4058,2910963,128x,300ms,25,64,1,0,0,0,0,1,0,0,0,0,3
2026-09-14T20:57:16.991039+00:00,4059,2911681,128x,300ms,25,64,1,0,0,0,0,1,0,0,0,0,2
2026-09-14T20:57:17.703346+00:00,4060,2912399,128x,300ms,25,64,1,0,0,0,0,1,0,0,0,0,3
2026-09-14T20:57:18.422802+00:00,4061,2913117,128x,300ms,25,64,0,0,0,0,0,1,0,0,0,0,2
2026-09-14T20:57:19.142404+00:00,4062,2913833,128x,300ms,25,64,0,0,0,0,0,1,0,0,0,0,2
2026-09-14T20:57:19.854475+00:00,4063,2914550,128x,300ms,25,64,0,0,0,0,0,1,0,0,0,0,2
2026-09-14T20:57:20.575236+00:00,4064,2915267,128x,300ms,25,64,0,0,0,0,0,1,0,0,0,0,3
2026-09-14T20:57:21.287312+00:00,4065,2915985,128x,300ms,25,64,0,0,0,0,0,1,0,0,0,0,2
2026-09-14T20:57:22.006744+00:00,4066,2916702,128x,300ms,25,64,1,0,0,0,0,1,0,0,0,0,2
2026-09-14T20:57:22.727458+00:00,4067,2917420,128x,300ms,25,64,1,0,0,0,0,1,0,0,0,0,2
2026-09-14T20:57:23.438868+00:00,4068,2918137,128x,300ms,25,64,1,0,0,0,0,1,0,0,0,0,2
2026-09-14T20:57:24.158789+00:00,4069,2918855,128x,300ms,25,64,1,0,0,0,0,1,0,0,0,0,2
2026-09-14T20:57:24.879676+00:00,4070,2919572,128x,300ms,25,64,1,0,0,0,0,1,0,0,0,0,2
2026-09-14T20:57:25.590390+00:00,4071,2920290,128x,300ms,25,64,0,0,0,0,0,1,0,0,0,0,2
2026-09-14T20:57:26.310650+00:00,4072,2921008,128x,300ms,25,64,0,0,0,0,0,1,0,0,0,0,2
2026-09-14T20:57:27.023116+00:00,4073,2921724,128x,300ms,25,64,0,0,0,0,0,1,0,0,0,0,2
2026-09-14T20:57:27.742453+00:00,4074,2922441,128x,300ms,25,64,0,0,0,0,0,1,0,0,0,0,2
2026-09-14T20:57:28.462467+00:00,4075,2923159,128x,300ms,25,64,0,0,0,0,0,1,0,0,0,0,2
2026-09-14T20:57:29.183220+00:00,4076,2923876,128x,300ms,25,64,1,0,0,0,0,1,0,0,0,0,2
2026-09-14T20:57:29.894376+00:00,4077,2924594,128x,300ms,25,64,1,0,0,0,0,1,0,0,0,0,2
2026-09-14T20:57:30.614605+00:00,4078,2925310,128x,300ms,25,64,1,0,0,0,0,1,0,0,0,0,2
2026-09-14T20:57:31.335442+00:00,4079,2926029,128x,300ms,25,64,1,0,0,0,0,1,0,0,0,0,2
2026-09-14T20:57:32.047429+00:00,4080,2926746,128x,300ms,25,64,1,0,0,0,0,1,0,0,0,0,2
2026-09-14T20:57:32.766405+00:00,4081,2927464,128x,300ms,25,64,0,0,0,0,0,1,0,0,0,0,2
2026-09-14T20:57:33.478578+00:00,4082,2928181,128x,300ms,25,64,0,0,0,0,0,1,0,0,0,0,2
2026-09-14T20:57:34.199042+00:00,4083,2928899,128x,300ms,25,64,0,0,0,0,0,1,0,0,0,0,2
2026-09-14T20:57:34.911526+00:00,4084,2929615,128x,300ms,25,64,0,0,0,0,0,1,0,0,0,0,2
2026-09-14T20:57:35.630954+00:00,4085,2930332,128x,300ms,25,64,0,0,0,0,0,1,0,0,0,0,3
2026-09-14T20:57:36.351149+00:00,4086,2931050,128x,300ms,25,64,1,0,0,0,0,1,0,0,0,0,2
2026-09-14T20:57:37.063750+00:00,4087,2931768,128x,300ms,25,64,1,0,0,0,0,1,0,0,0,0,2
2026-09-14T20:57:37.782593+00:00,4088,2932485,128x,300ms,25,64,1,0,0,0,0,1,0,0,0,0,2
2026-09-14T20:57:38.502784+00:00,4089,2933202,128x,300ms,25,64,1,0,0,0,0,1,0,0,0,0,2
2026-09-14T20:57:39.223579+00:00,4090,2933920,128x,300ms,25,64,1,0,0,0,0,1,0,0,0,0,2
2026-09-14T20:57:39.933479+00:00,4091,2934638,128x,300ms,25,64,0,0,0,0,0,1,0,0,0,0,2
2026-09-14T20:57:40.653970+00:00,4092,2935355,128x,300ms,25,64,0,0,0,0,0,1,0,0,0,0,3
2026-09-14T20:57:41.367120+00:00,4093,2936073,128x,300ms,25,64,0,0,0,0,0,1,0,0,0,0,2
2026-09-14T20:57:42.087389+00:00,4094,2936790,128x,300ms,25,64,0,0,0,0,0,1,0,0,0,0,2
2026-09-14T20:57:42.807063+00:00,4095,2937506,128x,300ms,25,64,0,0,0,0,0,1,0,0,0,0,2
2026-09-14T20:57:43.519204+00:00,4096,2938224,128x,300ms,25,64,1,0,0,0,0,1,0,0,0,0,3
2026-09-14T20:57:44.239376+00:00,4097,2938942,128x,300ms,25,64,1,0,0,0,0,1,0,0,0,0,3
2026-09-14T20:57:44.958523+00:00,4098,2939659,128x,300ms,25,64,1,0,0,0,0,1,0,0,0,0,2
2026-09-14T20:57:45.671523+00:00,4099,2940377,128x,300ms,25,64,1,0,0,0,0,1,0,0,0,0,2
2026-09-14T20:57:46.391461+00:00,4100,2941094,128x,300ms,25,64,1,0,0,0,0,1,0,0,0,0,3
2026-09-14T20:57:47.103184+00:00,4101,2941812,128x,300ms,25,64,0,0,0,0,0,1,0,0,0,0,2
2026-09-14T20:57:47.822339+00:00,4102,2942529,128x,300ms,25,64,0,0,0,0,0,1,0,0,0,0,2
2026-09-14T20:57:48.543390+00:00,4103,2943247,128x,300ms,25,64,0,0,0,0,0,1,0,0,0,0,2
2026-09-14T20:57:49.255157+00:00,4104,2943964,128x,300ms,25,64,0,0,0,0,0,1,0,0,0,0,2
2026-09-14T20:57:49.974569+00:00,4105,2944680,128x,300ms,25,64,0,0,0,0,0,1,0,0,0,0,2
2026-09-14T20:57:50.695109+00:00,4106,2945397,128x,300ms,25,64,1,0,0,0,0,1,0,0,0,0,2
2026-09-14T20:57:51.406674+00:00,4107,2946115,128x,300ms,25,64,1,0,0,0,0,1,0,0,0,0,2
2026-09-14T20:57:52.126059+00:00,4108,2946833,128x,300ms,25,64,1,0,0,0,0,1,0,0,0,0,2
2026-09-14T20:57:52.847484+00:00,4109,2947551,128x,300ms,25,64,1,0,0,0,0,1,0,0,0,0,3
2026-09-14T20:57:53.559463+00:00,4110,2948269,128x,300ms,25,64,1,0,0,0,0,1,0,0,0,0,3
2026-09-14T20:57:54.278745+00:00,4111,2948986,128x,300ms,25,64,0,0,0,0,0,1,0,0,0,0,2
2026-09-14T20:57:54.991041+00:00,4112,2949703,128x,300ms,25,64,0,0,0,0,0,1,0,0,0,0,3
2026-09-14T20:57:55.710321+00:00,4113,2950420,128x,300ms,25,64,0,0,0,0,0,1,0,0,0,0,3
2026-09-14T20:57:56.431206+00:00,4114,2951138,128x,300ms,25,64,0,0,0,0,0,1,0,0,0,0,2
2026-09-14T20:57:57.142465+00:00,4115,2951855,128x,300ms,25,64,0,0,0,0,0,1,0,0,0,0,2
2026-09-14T20:57:57.862496+00:00,4116,2952571,128x,300ms,25,64,1,0,0,0,0,1,0,0,0,0,2
2026-09-14T20:57:58.575437+00:00,4117,2953289,128x,300ms,25,64,1,0,0,0,0,1,0,0,0,0,2
2026-09-14T20:57:59.302835+00:00,4118,2954007,128x,300ms,25,64,1,0,0,0,0,1,0,0,0,0,2
2026-09-14T20:58:00.014560+00:00,4119,2954725,128x,300ms,25,64,1,0,0,0,0,1,0,0,0,0,3
2026-09-14T20:58:00.734298+00:00,4120,2955442,128x,300ms,25,64,1,0,0,0,0,1,0,0,0,0,2
2026-09-14T20:58:01.446919+00:00,4121,2956161,128x,300ms,25,64,0,0,0,0,0,1,0,0,0,0,2
2026-09-14T20:58:02.166885+00:00,4122,2956877,128x,300ms,25,64,0,0,0,0,0,1,0,0,0,0,2
2026-09-14T20:58:02.886871+00:00,4123,2957594,128x,300ms,25,64,0,0,0,0,0,1,0,0,0,0,2
2026-09-14T20:58:03.599445+00:00,4124,2958311,128x,300ms,25,64,0,0,0,0,0,1,0,0,0,0,2
2026-09-14T20:58:04.319246+00:00,4125,2959029,128x,300ms,25,64,0,0,0,0,0,1,0,0,0,0,3
2026-09-14T20:58:05.030807+00:00,4126,2959746,128x,300ms,25,64,1,0,0,0,0,1,0,0,0,0,2
2026-09-14T20:58:05.751253+00:00,4127,2960463,128x,300ms,25,64,1,0,0,0,0,1,0,0,0,0,2
2026-09-14T20:58:06.470677+00:00,4128,2961181,128x,300ms,25,64,1,0,0,0,0,1,0,0,0,0,3
2026-09-14T20:58:07.182830+00:00,4129,2961899,128x,300ms,25,64,1,0,0,0,0,1,0,0,0,0,2
2026-09-14T20:58:07.901288+00:00,4130,2962616,128x,300ms,25,64,1,0,0,0,0,1,0,0,0,0,3
2026-09-14T20:58:08.615232+00:00,4131,2963334,128x,300ms,25,64,0,0,0,0,0,1,0,0,0,0,2
2026-09-14T20:58:09.335540+00:00,4132,2964051,128x,300ms,25,64,0,0,0,0,0,1,0,0,0,0,2
2026-09-14T20:58:10.054979+00:00,4133,2964768,128x,300ms,25,64,0,0,0,0,0,1,0,0,0,0,2
2026-09-14T20:58:10.767614+00:00,4134,2965485,128x,300ms,25,64,0,0,0,0,0,1,0,0,0,0,2
2026-09-14T20:58:11.487430+00:00,4135,2966203,128x,300ms,25,64,0,0,0,0,0,1,0,0,0,0,2
2026-09-14T20:58:12.205555+00:00,4136,2966920,128x,300ms,25,64,1,0,0,0,0,1,0,0,0,0,2
2026-09-14T20:58:12.926884+00:00,4137,2967638,128x,300ms,25,64,1,0,0,0,0,1,0,0,0,0,2
2026-09-14T20:58:13.639480+00:00,4138,2968354,128x,300ms,25,64,1,0,0,0,0,1,0,0,0,0,2
2026-09-14T20:58:14.357786+00:00,4139,2969072,128x,300ms,25,64,1,0,0,0,0,1,0,0,0,0,2
2026-09-14T20:58:15.071799+00:00,4140,2969790,128x,300ms,25,64,1,0,0,0,0,1,0,0,0,0,2
2026-09-14T20:58:15.791575+00:00,4141,2970508,128x,300ms,25,64,0,0,0,0,0,1,0,0,0,0,2
2026-09-14T20:58:16.510891+00:00,4142,2971225,128x,300ms,25,64,0,0,0,0,0,1,0,0,0,0,3
2026-09-14T20:58:17.223131+00:00,4143,2971942,128x,300ms,25,64,0,0,0,0,0,1,0,0,0,0,2
2026-09-14T20:58:17.942441+00:00,4144,2972659,128x,300ms,25,64,0,0,0,0,0,1,0,0,0,0,2
2026-09-14T20:58:18.655767+00:00,4145,2973376,128x,300ms,25,64,0,0,0,0,0,1,0,0,0,0,3
2026-09-14T20:58:19.375859+00:00,4146,2974094,128x,300ms,25,64,1,0,0,0,0,1,0,0,0,0,3
2026-09-14T20:58:20.094869+00:00,4147,2974812,128x,300ms,25,64,1,0,0,0,0,1,0,0,0,0,2
2026-09-14T20:58:20.807578+00:00,4148,2975528,128x,300ms,25,64,1,0,0,0,0,1,0,0,0,0,2
2026-09-14T20:58:21.527500+00:00,4149,2976246,128x,300ms,25,64,1,0,0,0,0,1,0,0,0,0,2
2026-09-14T20:58:22.247485+00:00,4150,2976964,128x,300ms,25,64,1,0,0,0,0,1,0,0,0,0,3
2026-09-14T20:58:22.957713+00:00,4151,2977682,128x,300ms,25,64,0,0,0,0,0,1,0,0,0,0,3
2026-09-14T20:58:23.679038+00:00,4152,2978399,128x,300ms,25,64,0,0,0,0,0,1,0,0,0,0,2
2026-09-14T20:58:24.391062+00:00,4153,2979117,128x,300ms,25,64,0,0,0,0,0,1,0,0,0,0,3
2026-09-14T20:58:25.111725+00:00,4154,2979833,128x,300ms,25,64,0,0,0,0,0,1,0,0,0,0,2
2026-09-14T20:58:25.831493+00:00,4155,2980550,128x,300ms,25,64,0,0,0,0,0,1,0,0,0,0,2
2026-09-14T20:58:26.551363+00:00,4156,2981267,128x,300ms,25,64,1,0,0,0,0,1,0,0,0,0,3
2026-09-14T20:58:27.263764+00:00,4157,2981985,128x,300ms,25,64,1,0,0,0,0,1,0,0,0,0,3
2026-09-14T20:58:27.981483+00:00,4158,2982703,128x,300ms,25,64,1,0,0,0,0,1,0,0,0,0,2
2026-09-14T20:58:28.695522+00:00,4159,2983420,128x,300ms,25,64,1,0,0,0,0,1,0,0,0,0,2
2026-09-14T20:58:29.415328+00:00,4160,2984138,128x,300ms,25,64,1,0,0,0,0,1,0,0,0,0,2
2026-09-14T20:58:30.135049+00:00,4161,2984856,128x,300ms,25,64,0,0,0,0,0,1,0,0,0,0,2
2026-09-14T20:58:30.847459+00:00,4162,2985573,128x,300ms,25,64,0,0,0,0,0,1,0,0,0,0,2
2026-09-14T20:58:31.567688+00:00,4163,2986290,128x,300ms,25,64,0,0,0,0,0,1,0,0,0,0,2
2026-09-14T20:58:32.279630+00:00,4164,2987008,128x,300ms,25,64,0,0,0,0,0,1,0,0,0,0,2
2026-09-14T20:58:32.999044+00:00,4165,2987724,128x,300ms,25,64,0,0,0,0,0,1,0,0,0,0,2
2026-09-14T20:58:33.719243+00:00,4166,2988441,128x,300ms,25,64,1,0,0,0,0,1,0,0,0,0,3
2026-09-14T20:58:34.439070+00:00,4167,2989159,128x,300ms,25,64,1,0,0,0,0,1,0,0,0,0,2
2026-09-14T20:58:35.159804+00:00,4168,2989877,128x,300ms,25,64,1,0,0,0,0,1,0,0,0,0,2
2026-09-14T20:58:35.871478+00:00,4169,2990595,128x,300ms,25,64,1,0,0,0,0,1,0,0,0,0,2
2026-09-14T20:58:36.591663+00:00,4170,2991312,128x,300ms,25,64,1,0,0,0,0,1,0,0,0,0,2
2026-09-14T20:58:37.302693+00:00,4171,2992030,128x,300ms,25,64,0,0,0,0,0,1,0,0,0,0,2
2026-09-14T20:58:38.022929+00:00,4172,2992747,128x,300ms,25,64,0,0,0,0,0,1,0,0,0,0,3
2026-09-14T20:58:38.734835+00:00,4173,2993464,128x,300ms,25,64,0,0,0,0,0,1,0,0,0,0,2
2026-09-14T20:58:39.455724+00:00,4174,2994181,128x,300ms,25,64,0,0,0,0,0,1,0,0,0,0,2
2026-09-14T20:58:40.175209+00:00,4175,2994898,128x,300ms,25,64,0,0,0,0,0,1,0,0,0,0,2
2026-09-14T20:58:40.887249+00:00,4176,2995615,128x,300ms,25,64,1,0,0,0,0,1,0,0,0,0,2
2026-09-14T20:58:41.607047+00:00,4177,2996333,128x,300ms,25,64,1,0,0,0,0,1,0,0,0,0,2
2026-09-14T20:58:42.327885+00:00,4178,2997051,128x,300ms,25,64,1,0,0,0,0,1,0,0,0,0,2
2026-09-14T20:58:43.046815+00:00,4179,2997769,128x,300ms,25,64,1,0,0,0,0,1,0,0,0,0,2
2026-09-14T20:58:43.758896+00:00,4180,2998487,128x,300ms,25,64,1,0,0,0,0,1,0,0,0,0,2
2026-09-14T20:58:44.478924+00:00,4181,2999204,128x,300ms,25,64,0,0,0,0,0,1,0,0,0,0,2
2026-09-14T20:58:45.199975+00:00,4182,2999921,128x,300ms,25,64,0,0,0,0,0,1,0,0,0,0,2
2026-09-14T20:58:45.911570+00:00,4183,3000638,128x,300ms,25,64,0,0,0,0,0,1,0,0,0,0,2
2026-09-14T20:58:46.630690+00:00,4184,3001356,128x,300ms,25,64,0,0,0,0,0,1,0,0,0,0,2
2026-09-14T20:58:47.341964+00:00,4185,3002073,128x,300ms,25,64,0,0,0,0,0,1,0,0,0,0,3
2026-09-14T20:58:48.063561+00:00,4186,3002789,128x,300ms,25,64,1,0,0,0,0,1,0,0,0,0,3
2026-09-14T20:58:48.775224+00:00,4187,3003507,128x,300ms,25,64,1,0,0,0,0,1,0,0,0,0,2
2026-09-14T20:58:49.495374+00:00,4188,3004225,128x,300ms,25,64,1,0,0,0,0,1,0,0,0,0,3
2026-09-14T20:58:50.209554+00:00,4189,3004943,128x,300ms,25,64,1,0,0,0,0,1,0,0,0,0,2
2026-09-14T20:58:50.925668+00:00,4190,3005661,128x,300ms,25,64,1,0,0,0,0,1,0,0,0,0,3
2026-09-14T20:58:51.645763+00:00,4191,3006379,128x,300ms,25,64,0,0,0,0,0,1,0,0,0,0,2
2026-09-14T20:58:52.365990+00:00,4192,3007095,128x,300ms,25,64,0,0,0,0,0,1,0,0,0,0,2
2026-09-14T20:58:53.077981+00:00,4193,3007812,128x,300ms,25,64,0,0,0,0,0,1,0,0,0,0,2
2026-09-14T20:58:53.797357+00:00,4194,3008529,128x,300ms,25,64,0,0,0,0,0,1,0,0,0,0,2
2026-09-14T20:58:54.509426+00:00,4195,3009247,128x,300ms,25,64,0,0,0,0,0,1,0,0,0,0,2
2026-09-14T20:58:55.238488+00:00,4196,3009964,128x,300ms,25,64,1,0,0,0,0,1,0,0,0,0,2
2026-09-14T20:58:55.950414+00:00,4197,3010681,128x,300ms,25,64,1,0,0,0,0,1,0,0,0,0,2
2026-09-14T20:58:56.670395+00:00,4198,3011399,128x,300ms,25,64,1,0,0,0,0,1,0,0,0,0,2
2026-09-14T20:58:57.382365+00:00,4199,3012117,128x,300ms,25,64,1,0,0,0,0,1,0,0,0,0,2
2026-09-14T20:58:58.101672+00:00,4200,3012834,128x,300ms,25,64,1,0,0,0,0,1,0,0,0,0,2
2026-09-14T20:58:58.822261+00:00,4201,3013552,128x,300ms,25,64,0,0,0,0,0,1,0,0,0,0,2
2026-09-14T20:58:59.534318+00:00,4202,3014269,128x,300ms,25,64,0,0,0,0,0,1,0,0,0,0,2
2026-09-14T20:59:00.254293+00:00,4203,3014986,128x,300ms,25,64,0,0,0,0,0,1,0,0,0,0,2
2026-09-14T20:59:00.966626+00:00,4204,3015703,128x,300ms,25,64,0,0,0,0,0,1,0,0,0,0,2
2026-09-14T20:59:01.685852+00:00,4205,3016421,128x,300ms,25,64,0,0,0,0,0,1,0,0,0,0,2
2026-09-14T20:59:02.406553+00:00,4206,3017138,128x,300ms,25,64,1,0,0,0,0,1,0,0,0,0,2
2026-09-14T20:59:03.118217+00:00,4207,3017856,128x,300ms,25,64,1,0,0,0,0,1,0,0,0,0,2
2026-09-14T20:59:03.836831+00:00,4208,3018573,128x,300ms,25,64,1,0,0,0,0,1,0,0,0,0,3
2026-09-14T20:59:04.558395+00:00,4209,3019291,128x,300ms,25,64,1,0,0,0,0,1,0,0,0,0,2
2026-09-14T20:59:05.278401+00:00,4210,3020008,128x,300ms,25,64,1,0,0,0,0,1,0,0,0,0,2
2026-09-14T20:59:05.990010+00:00,4211,3020726,128x,300ms,25,64,0,0,0,0,0,1,0,0,0,0,2
2026-09-14T20:59:06.702338+00:00,4212,3021443,128x,300ms,25,64,0,0,0,0,0,1,0,0,0,0,2
2026-09-14T20:59:07.422224+00:00,4213,3022160,128x,300ms,25,64,0,0,0,0,0,1,0,0,0,0,2
2026-09-14T20:59:08.142197+00:00,4214,3022877,128x,300ms,25,64,0,0,0,0,0,1,0,0,0,0,3
2026-09-14T20:59:08.862389+00:00,4215,3023594,128x,300ms,25,64,0,0,0,0,0,1,0,0,0,0,2
2026-09-14T20:59:09.573897+00:00,4216,3024312,128x,300ms,25,64,1,0,0,0,0,1,0,0,0,0,2
2026-09-14T20:59:10.294494+00:00,4217,3025030,128x,300ms,25,64,1,0,0,0,0,1,0,0,0,0,2
2026-09-14T20:59:11.005418+00:00,4218,3025746,128x,300ms,25,64,1,0,0,0,0,1,0,0,0,0,2
2026-09-14T20:59:11.726292+00:00,4219,3026464,128x,300ms,25,64,1,0,0,0,0,1,0,0,0,0,2
2026-09-14T20:59:12.446473+00:00,4220,3027182,128x,300ms,25,64,1,0,0,0,0,1,0,0,0,0,2
2026-09-14T20:59:13.160146+00:00,4221,3027900,128x,300ms,25,64,0,0,0,0,0,1,0,0,0,0,2
2026-09-14T20:59:13.879698+00:00,4222,3028617,128x,300ms,25,64,0,0,0,0,0,1,0,0,0,0,2
2026-09-14T20:59:14.591547+00:00,4223,3029335,128x,300ms,25,64,0,0,0,0,0,1,0,0,0,0,2
2026-09-14T20:59:15.306595+00:00,4224,3030051,128x,300ms,25,64,0,0,0,0,0,1,0,0,0,0,2
2026-09-14T20:59:16.025877+00:00,4225,3030768,128x,300ms,25,64,0,0,0,0,0,1,0,0,0,0,2
2026-09-14T20:59:16.746121+00:00,4226,3031485,128x,300ms,25,64,1,0,0,0,0,1,0,0,0,0,2
2026-09-14T20:59:17.466685+00:00,4227,3032203,128x,300ms,25,64,1,0,0,0,0,1,0,0,0,0,2
2026-09-14T20:59:18.178448+00:00,4228,3032921,128x,300ms,25,64,1,0,0,0,0,1,0,0,0,0,2
2026-09-14T20:59:18.898422+00:00,4229,3033638,128x,300ms,25,64,1,0,0,0,0,1,0,0,0,0,2
2026-09-14T20:59:19.616889+00:00,4230,3034356,128x,300ms,25,64,1,0,0,0,0,1,0,0,0,0,2
2026-09-14T20:59:20.329755+00:00,4231,3035074,128x,300ms,25,64,0,0,0,0,0,1,0,0,0,0,2
2026-09-14T20:59:21.050830+00:00,4232,3035791,128x,300ms,25,64,0,0,0,0,0,1,0,0,0,0,2
2026-09-14T20:59:21.762048+00:00,4233,3036509,128x,300ms,25,64,0,0,0,0,0,1,0,0,0,0,3
2026-09-14T20:59:22.482001+00:00,4234,3037225,128x,300ms,25,64,0,0,0,0,0,1,0,0,0,0,2
2026-09-14T20:59:23.201870+00:00,4235,3037942,128x,300ms,25,64,0,0,0,0,0,1,0,0,0,0,3
2026-09-14T20:59:23.914541+00:00,4236,3038659,128x,300ms,25,64,1,0,0,0,0,1,0,0,0,0,2
2026-09-14T20:59:24.634151+00:00,4237,3039377,128x,300ms,25,64,1,0,0,0,0,1,0,0,0,0,2
2026-09-14T20:59:25.354274+00:00,4238,3040095,128x,300ms,25,64,1,0,0,0,0,1,0,0,0,0,3
2026-09-14T20:59:26.074068+00:00,4239,3040813,128x,300ms,25,64,1,0,0,0,0,1,0,0,0,0,3
2026-09-14T20:59:26.786822+00:00,4240,3041530,128x,300ms,25,64,1,0,0,0,0,1,0,0,0,0,2
2026-09-14T20:59:27.506617+00:00,4241,3042248,128x,300ms,25,64,0,0,0,0,0,1,0,0,0,0,3
2026-09-14T20:59:28.217987+00:00,4242,3042965,128x,300ms,25,64,0,0,0,0,0,1,0,0,0,0,2
2026-09-14T20:59:28.929863+00:00,4243,3043682,128x,300ms,25,64,0,0,0,0,0,1,0,0,0,0,2
2026-09-14T20:59:29.658725+00:00,4244,3044399,128x,300ms,25,64,0,0,0,0,0,1,0,0,0,0,3
2026-09-14T20:59:30.370264+00:00,4245,3045116,128x,300ms,25,64,0,0,0,0,0,1,0,0,0,0,2
2026-09-14T20:59:31.089348+00:00,4246,3045833,128x,300ms,25,64,1,0,0,0,0,1,0,0,0,0,3
2026-09-14T20:59:31.801796+00:00,4247,3046551,128x,300ms,25,64,1,0,0,0,0,1,0,0,0,0,3
2026-09-14T20:59:32.522528+00:00,4248,3047269,128x,300ms,25,64,1,0,0,0,0,1,0,0,0,0,3
2026-09-14T20:59:33.241768+00:00,4249,3047987,128x,300ms,25,64,1,0,0,0,0,1,0,0,0,0,2
2026-09-14T20:59:33.954308+00:00,4250,3048704,128x,300ms,25,64,1,0,0,0,0,1,0,0,0,0,2
2026-09-14T20:59:34.673828+00:00,4251,3049421,128x,300ms,25,64,0,0,0,0,0,1,0,0,0,0,2
2026-09-14T20:59:35.385898+00:00,4252,3050139,128x,300ms,25,64,0,0,0,0,0,1,0,0,0,0,2
2026-09-14T20:59:36.106130+00:00,4253,3050856,128x,300ms,25,64,0,0,0,0,0,1,0,0,0,0,3
2026-09-14T20:59:36.824903+00:00,4254,3051573,128x,300ms,25,64,0,0,0,0,0,1,0,0,0,0,2
2026-09-14T20:59:37.539067+00:00,4255,3052291,128x,300ms,25,64,0,0,0,0,0,1,0,0,0,0,2
2026-09-14T20:59:38.258077+00:00,4256,3053007,128x,300ms,25,64,1,0,0,0,0,1,0,0,0,0,2
2026-09-14T20:59:38.978534+00:00,4257,3053725,128x,300ms,25,64,1,0,0,0,0,1,0,0,0,0,3
2026-09-14T20:59:39.698130+00:00,4258,3054443,128x,300ms,25,64,1,0,0,0,0,1,0,0,0,0,2
2026-09-14T20:59:40.410436+00:00,4259,3055161,128x,300ms,25,64,1,0,0,0,0,1,0,0,0,0,2
2026-09-14T20:59:41.129219+00:00,4260,3055878,128x,300ms,25,64,1,0,0,0,0,1,0,0,0,0,2
2026-09-14T20:59:41.842602+00:00,4261,3056595,128x,300ms,25,64,0,0,0,0,0,1,0,0,0,0,2
2026-09-14T20:59:42.561947+00:00,4262,3057312,128x,300ms,25,64,0,0,0,0,0,1,0,0,0,0,3
2026-09-14T20:59:43.282851+00:00,4263,3058030,128x,300ms,25,64,0,0,0,0,0,1,0,0,0,0,2
2026-09-14T20:59:43.994908+00:00,4264,3058747,128x,300ms,25,64,0,0,0,0,0,1,0,0,0,0,3
2026-09-14T20:59:44.713294+00:00,4265,3059464,128x,300ms,25,64,0,0,0,0,0,1,0,0,0,0,3
2026-09-14T20:59:45.426396+00:00,4266,3060182,128x,300ms,25,64,1,0,0,0,0,1,0,0,0,0,2
2026-09-14T20:59:46.145765+00:00,4267,3060899,128x,300ms,25,64,1,0,0,0,0,1,0,0,0,0,2
2026-09-14T20:59:46.866570+00:00,4268,3061616,128x,300ms,25,64,1,0,0,0,0,1,0,0,0,0,2
2026-09-14T20:59:47.578382+00:00,4269,3062335,128x,300ms,25,64,1,0,0,0,0,1,0,0,0,0,3
2026-09-14T20:59:48.298602+00:00,4270,3063052,128x,300ms,25,64,1,0,0,0,0,1,0,0,0,0,2
2026-09-14T20:59:49.017829+00:00,4271,3063770,128x,300ms,25,64,0,0,0,0,0,1,0,0,0,0,2
2026-09-14T20:59:49.730345+00:00,4272,3064486,128x,300ms,25,64,0,0,0,0,0,1,0,0,0,0,3
2026-09-14T20:59:50.449936+00:00,4273,3065204,128x,300ms,25,64,0,0,0,0,0,1,0,0,0,0,2
2026-09-14T20:59:51.168997+00:00,4274,3065921,128x,300ms,25,64,0,0,0,0,0,1,0,0,0,0,2
2026-09-14T20:59:51.881598+00:00,4275,3066638,128x,300ms,25,64,0,0,0,0,0,1,0,0,0,0,2
2026-09-14T20:59:52.602055+00:00,4276,3067356,128x,300ms,25,64,1,0,0,0,0,1,0,0,0,0,2
2026-09-14T20:59:53.322928+00:00,4277,3068073,128x,300ms,25,64,1,0,0,0,0,1,0,0,0,0,3
2026-09-14T20:59:54.034823+00:00,4278,3068790,128x,300ms,25,64,1,0,0,0,0,1,0,0,0,0,2
2026-09-14T20:59:54.754631+00:00,4279,3069508,128x,300ms,25,64,1,0,0,0,0,1,0,0,0,0,2
2026-09-14T20:59:55.466195+00:00,4280,3070226,128x,300ms,25,64,1,0,0,0,0,1,0,0,0,0,2
2026-09-14T20:59:56.186086+00:00,4281,3070944,128x,300ms,25,64,0,0,0,0,0,1,0,0,0,0,2
2026-09-14T20:59:56.906055+00:00,4282,3071661,128x,300ms,25,64,0,0,0,0,0,1,0,0,0,0,2
2026-09-14T20:59:57.618386+00:00,4283,3072378,128x,300ms,25,64,0,0,0,0,0,1,0,0,0,0,2
2026-09-14T20:59:58.338078+00:00,4284,3073095,128x,300ms,25,64,0,0,0,0,0,1,0,0,0,0,2
2026-09-14T20:59:59.049754+00:00,4285,3073812,128x,300ms,25,64,0,0,0,0,0,1,0,0,0,0,3
2026-09-14T20:59:59.770877+00:00,4286,3074530,128x,300ms,25,64,1,0,0,0,0,1,0,0,0,0,2
2026-09-14T21:00:00.490812+00:00,4287,3075248,128x,300ms,25,64,1,0,0,0,0,1,0,0,0,0,2
2026-09-14T21:00:01.209960+00:00,4288,3075964,128x,300ms,25,64,1,0,0,0,0,1,0,0,0,0,2
2026-09-14T21:00:01.921589+00:00,4289,3076682,128x,300ms,25,64,1,0,0,0,0,1,0,0,0,0,3
2026-09-14T21:00:02.642140+00:00,4290,3077400,128x,300ms,25,64,1,0,0,0,0,1,0,0,0,0,2
2026-09-14T21:00:03.362398+00:00,4291,3078118,128x,300ms,25,64,0,0,0,0,0,1,0,0,0,0,2
2026-09-14T21:00:04.073956+00:00,4292,3078835,128x,300ms,25,64,0,0,0,0,0,1,0,0,0,0,2
2026-09-14T21:00:04.793899+00:00,4293,3079553,128x,300ms,25,64,0,0,0,0,0,1,0,0,0,0,3
2026-09-14T21:00:05.513971+00:00,4294,3080269,128x,300ms,25,64,0,0,0,0,0,1,0,0,0,0,2
2026-09-14T21:00:06.226237+00:00,4295,3080986,128x,300ms,25,64,0,0,0,0,0,1,0,0,0,0,2
2026-09-14T21:00:06.946231+00:00,4296,3081703,128x,300ms,25,64,1,0,0,0,0,1,0,0,0,0,2
2026-09-14T21:00:07.658856+00:00,4297,3082422,128x,300ms,25,64,1,0,0,0,0,1,0,0,0,0,2
2026-09-14T21:00:08.378502+00:00,4298,3083139,128x,300ms,25,64,1,0,0,0,0,1,0,0,0,0,2
2026-09-14T21:00:09.098098+00:00,4299,3083856,128x,300ms,25,64,1,0,0,0,0,1,0,0,0,0,2
2026-09-14T21:00:09.818355+00:00,4300,3084574,128x,300ms,25,64,1,0,0,0,0,1,0,0,0,0,2
2026-09-14T21:00:10.529034+00:00,4301,3085292,128x,300ms,25,64,0,0,0,0,0,1,0,0,0,0,3
2026-09-14T21:00:11.250828+00:00,4302,3086009,128x,300ms,25,64,0,0,0,0,0,1,0,0,0,0,2
2026-09-14T21:00:11.962162+00:00,4303,3086727,128x,300ms,25,64,0,0,0,0,0,1,0,0,0,0,2
2026-09-14T21:00:12.681149+00:00,4304,3087443,128x,300ms,25,64,0,0,0,0,0,1,0,0,0,0,2
2026-09-14T21:00:13.400350+00:00,4305,3088160,128x,300ms,25,64,0,0,0,0,0,1,0,0,0,0,2
2026-09-14T21:00:14.113102+00:00,4306,3088877,128x,300ms,25,64,1,0,0,0,0,1,0,0,0,0,2
2026-09-14T21:00:14.834419+00:00,4307,3089595,128x,300ms,25,64,1,0,0,0,0,1,0,0,0,0,2
2026-09-14T21:00:15.545721+00:00,4308,3090313,128x,300ms,25,64,1,0,0,0,0,1,0,0,0,0,2
2026-09-14T21:00:16.266530+00:00,4309,3091031,128x,300ms,25,64,1,0,0,0,0,1,0,0,0,0,2
2026-09-14T21:00:16.986804+00:00,4310,3091748,128x,300ms,25,64,1,0,0,0,0,1,0,0,0,0,2
2026-09-14T21:00:17.697007+00:00,4311,3092466,128x,300ms,25,64,0,0,0,0,0,1,0,0,0,0,2
2026-09-14T21:00:18.418560+00:00,4312,3093183,128x,300ms,25,64,0,0,0,0,0,1,0,0,0,0,2
2026-09-14T21:00:19.130707+00:00,4313,3093900,128x,300ms,25,64,0,0,0,0,0,1,0,0,0,0,2
2026-09-14T21:00:19.850337+00:00,4314,3094617,128x,300ms,25,64,0,0,0,0,0,1,0,0,0,0,2
2026-09-14T21:00:20.569363+00:00,4315,3095334,128x,300ms,25,64,0,0,0,0,0,1,0,0,0,0,2
2026-09-14T21:00:21.289800+00:00,4316,3096051,128x,300ms,25,64,1,0,0,0,0,1,0,0,0,0,2
2026-09-14T21:00:22.002165+00:00,4317,3096769,128x,300ms,25,64,1,0,0,0,0,1,0,0,0,0,2
2026-09-14T21:00:22.723071+00:00,4318,3097487,128x,300ms,25,64,1,0,0,0,0,1,0,0,0,0,2
2026-09-14T21:00:23.442616+00:00,4319,3098205,128x,300ms,25,64,1,0,0,0,0,1,0,0,0,0,2
2026-09-14T21:00:24.154642+00:00,4320,3098921,128x,300ms,25,64,1,0,0,0,0,1,0,0,0,0,2
2026-09-14T21:00:24.874427+00:00,4321,3099639,128x,300ms,25,64,0,0,0,0,0,1,0,0,0,0,3
2026-09-14T21:00:25.585432+00:00,4322,3100357,128x,300ms,25,64,0,0,0,0,0,1,0,0,0,0,2
2026-09-14T21:00:26.305220+00:00,4323,3101074,128x,300ms,25,64,0,0,0,0,0,1,0,0,0,0,2
2026-09-14T21:00:27.026946+00:00,4324,3101791,128x,300ms,25,64,0,0,0,0,0,1,0,0,0,0,2
2026-09-14T21:00:27.738324+00:00,4325,3102509,128x,300ms,25,64,0,0,0,0,0,1,0,0,0,0,2
2026-09-14T21:00:28.457355+00:00,4326,3103225,128x,300ms,25,64,1,0,0,0,0,1,0,0,0,0,2
2026-09-14T21:00:29.170392+00:00,4327,3103943,128x,300ms,25,64,1,0,0,0,0,1,0,0,0,0,2
2026-09-14T21:00:29.890793+00:00,4328,3104661,128x,300ms,25,64,1,0,0,0,0,1,0,0,0,0,2
2026-09-14T21:00:30.610459+00:00,4329,3105379,128x,300ms,25,64,1,0,0,0,0,1,0,0,0,0,2
2026-09-14T21:00:31.322788+00:00,4330,3106096,128x,300ms,25,64,1,0,0,0,0,1,0,0,0,0,2
2026-09-14T21:00:32.042660+00:00,4331,3106813,128x,300ms,25,64,0,0,0,0,0,1,0,0,0,0,3
2026-09-14T21:00:32.754744+00:00,4332,3107530,128x,300ms,25,64,0,0,0,0,0,1,0,0,0,0,3
2026-09-14T21:00:33.474503+00:00,4333,3108248,128x,300ms,25,64,0,0,0,0,0,1,0,0,0,0,3
2026-09-14T21:00:34.194301+00:00,4334,3108965,128x,300ms,25,64,0,0,0,0,0,1,0,0,0,0,2
2026-09-14T21:00:34.914449+00:00,4335,3109682,128x,300ms,25,64,0,0,0,0,0,1,0,0,0,0,2
2026-09-14T21:00:35.626702+00:00,4336,3110400,128x,300ms,25,64,1,0,0,0,0,1,0,0,0,0,2
2026-09-14T21:00:36.345049+00:00,4337,3111117,128x,300ms,25,64,1,0,0,0,0,1,0,0,0,0,2
2026-09-14T21:00:37.066309+00:00,4338,3111834,128x,300ms,25,64,1,0,0,0,0,1,0,0,0,0,3
2026-09-14T21:00:37.778776+00:00,4339,3112552,128x,300ms,25,64,1,0,0,0,0,1,0,0,0,0,2
2026-09-14T21:00:38.498970+00:00,4340,3113270,128x,300ms,25,64,1,0,0,0,0,1,0,0,0,0,2
2026-09-14T21:00:39.210713+00:00,4341,3113988,128x,300ms,25,64,0,0,0,0,0,0,0,0,0,0,1
2026-09-14T21:00:39.930433+00:00,4342,3114705,128x,300ms,25,64,0,0,0,0,0,1,0,0,0,0,1
2026-09-14T21:00:40.648734+00:00,4343,3115422,128x,300ms,25,64,0,0,0,0,0,0,0,0,0,0,1
2026-09-14T21:00:41.362592+00:00,4344,3116140,128x,300ms,25,64,0,0,0,0,0,1,0,0,0,0,2
2026-09-14T21:00:42.082884+00:00,4345,3116857,128x,300ms,25,64,0,0,0,0,0,1,0,0,0,0,2
2026-09-14T21:00:42.801764+00:00,4346,3117574,128x,300ms,25,64,1,0,0,0,0,1,0,0,0,0,2
2026-09-14T21:00:43.521782+00:00,4347,3118291,128x,300ms,25,64,1,0,0,0,0,1,0,0,0,0,2
2026-09-14T21:00:44.234589+00:00,4348,3119009,128x,300ms,25,64,1,0,0,0,0,1,0,0,0,0,2
2026-09-14T21:00:44.954871+00:00,4349,3119727,128x,300ms,25,64,1,0,0,0,0,1,0,0,0,0,2
2026-09-14T21:00:45.667063+00:00,4350,3120445,128x,300ms,25,64,1,0,0,0,0,1,0,0,0,0,3
2026-09-14T21:00:46.386801+00:00,4351,3121162,128x,300ms,25,64,0,0,0,0,0,1,0,0,0,0,2
2026-09-14T21:00:47.106734+00:00,4352,3121880,128x,300ms,25,64,0,0,0,0,0,1,0,0,0,0,2
2026-09-14T21:00:47.818247+00:00,4353,3122596,128x,300ms,25,64,0,0,0,0,0,1,0,0,0,0,2
2026-09-14T21:00:48.538155+00:00,4354,3123313,128x,300ms,25,64,0,0,0,0,0,1,0,0,0,0,2
2026-09-14T21:00:49.250547+00:00,4355,3124031,128x,300ms,25,64,0,0,0,0,0,1,0,0,0,0,2
2026-09-14T21:00:49.970123+00:00,4356,3124748,128x,300ms,25,64,1,0,0,0,0,1,0,0,0,0,2
2026-09-14T21:00:50.689861+00:00,4357,3125466,128x,300ms,25,64,1,0,0,0,0,1,0,0,0,0,2
2026-09-14T21:00:51.409879+00:00,4358,3126183,128x,300ms,25,64,1,0,0,0,0,1,0,0,0,0,3
2026-09-14T21:00:52.123183+00:00,4359,3126900,128x,300ms,25,64,1,0,0,0,0,1,0,0,0,0,2
2026-09-14T21:00:52.842091+00:00,4360,3127618,128x,300ms,25,64,1,0,0,0,0,1,0,0,0,0,2
2026-09-14T21:00:53.561794+00:00,4361,3128337,128x,300ms,25,64,0,0,0,0,0,1,0,0,0,0,2
2026-09-14T21:00:54.274733+00:00,4362,3129054,128x,300ms,25,64,0,0,0,0,0,1,0,0,0,0,2
2026-09-14T21:00:54.993857+00:00,4363,3129771,128x,300ms,25,64,0,0,0,0,0,1,0,0,0,0,2
2026-09-14T21:00:55.706873+00:00,4364,3130487,128x,300ms,25,64,0,0,0,0,0,1,0,0,0,0,2
2026-09-14T21:00:56.426756+00:00,4365,3131205,128x,300ms,25,64,0,0,0,0,0,1,0,0,0,0,2
2026-09-14T21:00:57.146075+00:00,4366,3131922,128x,300ms,25,64,1,0,0,0,0,1,0,0,0,0,2
2026-09-14T21:00:57.858214+00:00,4367,3132640,128x,300ms,25,64,1,0,0,0,0,1,0,0,0,0,3
2026-09-14T21:00:58.578912+00:00,4368,3133357,128x,300ms,25,64,1,0,0,0,0,1,0,0,0,0,2
2026-09-14T21:00:59.290533+00:00,4369,3134075,128x,300ms,25,64,1,0,0,0,0,1,0,0,0,0,2
2026-09-14T21:01:00.010280+00:00,4370,3134792,128x,300ms,25,64,1,0,0,0,0,1,0,0,0,0,2
2026-09-14T21:01:00.730465+00:00,4371,3135510,128x,300ms,25,64,0,0,0,0,0,1,0,0,0,0,2
2026-09-14T21:01:01.441313+00:00,4372,3136227,128x,300ms,25,64,0,0,0,0,0,1,0,0,0,0,2
2026-09-14T21:01:02.162082+00:00,4373,3136945,128x,300ms,25,64,0,0,0,0,0,1,0,0,0,0,2
2026-09-14T21:01:02.874273+00:00,4374,3137661,128x,300ms,25,64,0,0,0,0,0,1,0,0,0,0,3
2026-09-14T21:01:03.594687+00:00,4375,3138378,128x,300ms,25,64,0,0,0,0,0,1,0,0,0,0,2
2026-09-14T21:01:04.314114+00:00,4376,3139096,128x,300ms,25,64,1,0,0,0,0,1,0,0,0,0,2
2026-09-14T21:01:05.034603+00:00,4377,3139814,128x,300ms,25,64,1,0,0,0,0,1,0,0,0,0,3
2026-09-14T21:01:05.746189+00:00,4378,3140531,128x,300ms,25,64,1,0,0,0,0,1,0,0,0,0,2
2026-09-14T21:01:06.466926+00:00,4379,3141249,128x,300ms,25,64,1,0,0,0,0,1,0,0,0,0,3
2026-09-14T21:01:07.186624+00:00,4380,3141966,128x,300ms,25,64,1,0,0,0,0,1,0,0,0,0,2
2026-09-14T21:01:07.898800+00:00,4381,3142684,128x,300ms,25,64,0,0,0,0,0,1,0,0,0,0,2
2026-09-14T21:01:08.617739+00:00,4382,3143401,128x,300ms,25,64,0,0,0,0,0,1,0,0,0,0,2
2026-09-14T21:01:09.331157+00:00,4383,3144119,128x,300ms,25,64,0,0,0,0,0,1,0,0,0,0,2
2026-09-14T21:01:10.049992+00:00,4384,3144836,128x,300ms,25,64,0,0,0,0,0,1,0,0,0,0,2
2026-09-14T21:01:10.770767+00:00,4385,3145552,128x,300ms,25,64,0,0,0,0,0,1,0,0,0,0,2
2026-09-14T21:01:11.482297+00:00,4386,3146269,128x,300ms,25,64,1,0,0,0,0,1,0,0,0,0,2
2026-09-14T21:01:12.201976+00:00,4387,3146987,128x,300ms,25,64,1,0,0,0,0,1,0,0,0,0,2
2026-09-14T21:01:12.920654+00:00,4388,3147705,128x,300ms,25,64,1,0,0,0,0,1,0,0,0,0,2
2026-09-14T21:01:13.642649+00:00,4389,3148423,128x,300ms,25,64,1,0,0,0,0,1,0,0,0,0,2
2026-09-14T21:01:14.354107+00:00,4390,3149140,128x,300ms,25,64,1,0,0,0,0,1,0,0,0,0,2
2026-09-14T21:01:15.073978+00:00,4391,3149858,128x,300ms,25,64,0,0,0,0,0,0,0,0,0,0,2
2026-09-14T21:01:15.786195+00:00,4392,3150575,128x,300ms,25,64,0,0,0,0,0,1,0,0,0,0,2
2026-09-14T21:01:16.506933+00:00,4393,3151293,128x,300ms,25,64,0,0,0,0,0,1,0,0,0,0,2
2026-09-14T21:01:17.226374+00:00,4394,3152010,128x,300ms,25,64,0,0,0,0,0,1,0,0,0,0,3
2026-09-14T21:01:17.938240+00:00,4395,3152727,128x,300ms,25,64,0,0,0,0,0,1,0,0,0,0,2
2026-09-14T21:01:18.658698+00:00,4396,3153443,128x,300ms,25,64,1,0,0,0,0,1,0,0,0,0,2
2026-09-14T21:01:19.369189+00:00,4397,3154161,128x,300ms,25,64,1,0,0,0,0,1,0,0,0,0,2
2026-09-14T21:01:20.090528+00:00,4398,3154879,128x,300ms,25,64,1,0,0,0,0,1,0,0,0,0,2
2026-09-14T21:01:20.809951+00:00,4399,3155597,128x,300ms,25,64,1,0,0,0,0,1,0,0,0,0,2
2026-09-14T21:01:21.523522+00:00,4400,3156315,128x,300ms,25,64,1,0,0,0,0,1,0,0,0,0,2
2026-09-14T21:01:22.242455+00:00,4401,3157032,128x,300ms,25,64,0,0,0,0,0,1,0,0,0,0,2
2026-09-14T21:01:22.954303+00:00,4402,3157749,128x,300ms,25,64,0,0,0,0,0,1,0,0,0,0,2
2026-09-14T21:01:23.674844+00:00,4403,3158466,128x,300ms,25,64,0,0,0,0,0,1,0,0,0,0,2
2026-09-14T21:01:24.394726+00:00,4404,3159184,128x,300ms,25,64,0,0,0,0,0,1,0,0,0,0,2
2026-09-14T21:01:25.113130+00:00,4405,3159901,128x,300ms,25,64,0,0,0,0,0,1,0,0,0,0,2
2026-09-14T21:01:25.827044+00:00,4406,3160617,128x,300ms,25,64,1,0,0,0,0,1,0,0,0,0,2
2026-09-14T21:01:26.546299+00:00,4407,3161335,128x,300ms,25,64,1,0,0,0,0,1,0,0,0,0,2
2026-09-14T21:01:27.258931+00:00,4408,3162053,128x,300ms,25,64,1,0,0,0,0,1,0,0,0,0,2
2026-09-14T21:01:27.978964+00:00,4409,3162771,128x,300ms,25,64,1,0,0,0,0,1,0,0,0,0,2
2026-09-14T21:01:28.697805+00:00,4410,3163489,128x,300ms,25,64,1,0,0,0,0,1,0,0,0,0,2
2026-09-14T21:01:29.410434+00:00,4411,3164207,128x,300ms,25,64,0,0,0,0,0,1,0,0,0,0,2
2026-09-14T21:01:30.129020+00:00,4412,3164923,128x,300ms,25,64,0,0,0,0,0,1,0,0,0,0,2
2026-09-14T21:01:30.850467+00:00,4413,3165640,128x,300ms,25,64,0,0,0,0,0,1,0,0,0,0,2
2026-09-14T21:01:31.562358+00:00,4414,3166357,128x,300ms,25,64,0,0,0,0,0,1,0,0,0,0,3
2026-09-14T21:01:32.282476+00:00,4415,3167075,128x,300ms,25,64,0,0,0,0,0,1,0,0,0,0,2
2026-09-14T21:01:32.994617+00:00,4416,3167792,128x,300ms,25,64,1,0,0,0,0,1,0,0,0,0,2
2026-09-14T21:01:33.712688+00:00,4417,3168509,128x,300ms,25,64,1,0,0,0,0,1,0,0,0,0,2
2026-09-14T21:01:34.434977+00:00,4418,3169227,128x,300ms,25,64,1,0,0,0,0,1,0,0,0,0,3
2026-09-14T21:01:35.154590+00:00,4419,3169945,128x,300ms,25,64,1,0,0,0,0,1,0,0,0,0,2
2026-09-14T21:01:35.866908+00:00,4420,3170662,128x,300ms,25,64,1,0,0,0,0,1,0,0,0,0,2
2026-09-14T21:01:36.586421+00:00,4421,3171380,128x,300ms,25,64,0,0,0,0,0,1,0,0,0,0,2
2026-09-14T21:01:37.298662+00:00,4422,3172098,128x,300ms,25,64,0,0,0,0,0,1,0,0,0,0,2
2026-09-14T21:01:38.018255+00:00,4423,3172814,128x,300ms,25,64,0,0,0,0,0,1,0,0,0,0,2
2026-09-14T21:01:38.737049+00:00,4424,3173531,128x,300ms,25,64,0,0,0,0,0,1,0,0,0,0,2
2026-09-14T21:01:39.458761+00:00,4425,3174249,128x,300ms,25,64,0,0,0,0,0,1,0,0,0,0,2
2026-09-14T21:01:40.171059+00:00,4426,3174966,128x,300ms,25,64,1,0,0,0,0,1,0,0,0,0,2
2026-09-14T21:01:40.889660+00:00,4427,3175684,128x,300ms,25,64,1,0,0,0,0,1,0,0,0,0,2
2026-09-14T21:01:41.602044+00:00,4428,3176401,128x,300ms,25,64,1,0,0,0,0,1,0,0,0,0,2
2026-09-14T21:01:42.320462+00:00,4429,3177119,128x,300ms,25,64,1,0,0,0,0,1,0,0,0,0,2
2026-09-14T21:01:43.035030+00:00,4430,3177836,128x,300ms,25,64,1,0,0,0,0,1,0,0,0,0,2
2026-09-14T21:01:43.754413+00:00,4431,3178554,128x,300ms,25,64,0,0,0,0,0,1,0,0,0,0,3
2026-09-14T21:01:44.467057+00:00,4432,3179272,128x,300ms,25,64,0,0,0,0,0,1,0,0,0,0,2
2026-09-14T21:01:45.186543+00:00,4433,3179988,128x,300ms,25,64,0,0,0,0,0,1,0,0,0,0,2
2026-09-14T21:01:45.905960+00:00,4434,3180705,128x,300ms,25,64,0,0,0,0,0,1,0,0,0,0,2
2026-09-14T21:01:46.626777+00:00,4435,3181423,128x,300ms,25,64,0,0,0,0,0,1,0,0,0,0,2
2026-09-14T21:01:47.338195+00:00,4436,3182140,128x,300ms,25,64,1,0,0,0,0,1,0,0,0,0,3
2026-09-14T21:01:48.059020+00:00,4437,3182858,128x,300ms,25,64,1,0,0,0,0,1,0,0,0,0,2
2026-09-14T21:01:48.777966+00:00,4438,3183576,128x,300ms,25,64,1,0,0,0,0,1,0,0,0,0,2
2026-09-14T21:01:49.489978+00:00,4439,3184293,128x,300ms,25,64,1,0,0,0,0,1,0,0,0,0,3
2026-09-14T21:01:50.209858+00:00,4440,3185010,128x,300ms,25,64,1,0,0,0,0,1,0,0,0,0,2
2026-09-14T21:01:50.930843+00:00,4441,3185728,128x,300ms,25,64,0,0,0,0,0,1,0,0,0,0,2
2026-09-14T21:01:51.642392+00:00,4442,3186445,128x,300ms,25,64,0,0,0,0,0,1,0,0,0,0,2
2026-09-14T21:01:52.362137+00:00,4443,3187163,128x,300ms,25,64,0,0,0,0,0,1,0,0,0,0,3
2026-09-14T21:01:53.074220+00:00,4444,3187879,128x,300ms,25,64,0,0,0,0,0,1,0,0,0,0,2
2026-09-14T21:01:53.794129+00:00,4445,3188596,128x,300ms,25,64,0,0,0,0,0,1,0,0,0,0,3
2026-09-14T21:01:54.506785+00:00,4446,3189314,128x,300ms,25,64,1,0,0,0,0,1,0,0,0,0,2
2026-09-14T21:01:55.226415+00:00,4447,3190032,128x,300ms,25,64,1,0,0,0,0,1,0,0,0,0,2
2026-09-14T21:01:55.945916+00:00,4448,3190749,128x,300ms,25,64,1,0,0,0,0,1,0,0,0,0,2
2026-09-14T21:01:56.666305+00:00,4449,3191467,128x,300ms,25,64,1,0,0,0,0,1,0,0,0,0,2
2026-09-14T21:01:57.379022+00:00,4450,3192184,128x,300ms,25,64,1,0,0,0,0,1,0,0,0,0,2
2026-09-14T21:01:58.098224+00:00,4451,3192902,128x,300ms,25,64,0,0,0,0,0,1,0,0,0,0,2
2026-09-14T21:01:58.818194+00:00,4452,3193619,128x,300ms,25,64,0,0,0,0,0,1,0,0,0,0,2
2026-09-14T21:01:59.530534+00:00,4453,3194337,128x,300ms,25,64,0,0,0,0,0,1,0,0,0,0,3
2026-09-14T21:02:00.250213+00:00,4454,3195054,128x,300ms,25,64,0,0,0,0,0,1,0,0,0,0,3
2026-09-14T21:02:00.962673+00:00,4455,3195770,128x,300ms,25,64,0,0,0,0,0,1,0,0,0,0,3
2026-09-14T21:02:01.682216+00:00,4456,3196487,128x,300ms,25,64,1,0,0,0,0,1,0,0,0,0,2
2026-09-14T21:02:02.402515+00:00,4457,3197205,128x,300ms,25,64,1,0,0,0,0,1,0,0,0,0,2
2026-09-14T21:02:03.113200+00:00,4458,3197923,128x,300ms,25,64,1,0,0,0,0,1,0,0,0,0,3
2026-09-14T21:02:03.834858+00:00,4459,3198641,128x,300ms,25,64,1,0,0,0,0,1,0,0,0,0,2
2026-09-14T21:02:04.554497+00:00,4460,3199358,128x,300ms,25,64,1,0,0,0,0,1,0,0,0,0,3
2026-09-14T21:02:05.266630+00:00,4461,3200076,128x,300ms,25,64,0,0,0,0,0,1,0,0,0,0,2
2026-09-14T21:02:05.986862+00:00,4462,3200793,128x,300ms,25,64,0,0,0,0,0,1,0,0,0,0,2
2026-09-14T21:02:06.698435+00:00,4463,3201510,128x,300ms,25,64,0,0,0,0,0,1,0,0,0,0,2
2026-09-14T21:02:07.418810+00:00,4464,3202228,128x,300ms,25,64,0,0,0,0,0,1,0,0,0,0,2
2026-09-14T21:02:08.137720+00:00,4465,3202945,128x,300ms,25,64,0,0,0,0,0,1,0,0,0,0,2
2026-09-14T21:02:08.858863+00:00,4466,3203661,128x,300ms,25,64,1,0,0,0,0,1,0,0,0,0,2
2026-09-14T21:02:09.570899+00:00,4467,3204379,128x,300ms,25,64,1,0,0,0,0,1,0,0,0,0,2
2026-09-14T21:02:10.290096+00:00,4468,3205097,128x,300ms,25,64,1,0,0,0,0,1,0,0,0,0,2
2026-09-14T21:02:11.002249+00:00,4469,3205815,128x,300ms,25,64,1,0,0,0,0,1,0,0,0,0,2
2026-09-14T21:02:11.722415+00:00,4470,3206533,128x,300ms,25,64,1,0,0,0,0,1,0,0,0,0,2
2026-09-14T21:02:12.442759+00:00,4471,3207250,128x,300ms,25,64,0,0,0,0,0,1,0,0,0,0,2
2026-09-14T21:02:13.153216+00:00,4472,3207967,128x,300ms,25,64,0,0,0,0,0,1,0,0,0,0,2
2026-09-14T21:02:13.873983+00:00,4473,3208684,128x,300ms,25,64,0,0,0,0,0,1,0,0,0,0,2
2026-09-14T21:02:14.594710+00:00,4474,3209401,128x,300ms,25,64,0,0,0,0,0,1,0,0,0,0,2
2026-09-14T21:02:15.306706+00:00,4475,3210119,128x,300ms,25,64,0,0,0,0,0,1,0,0,0,0,2
2026-09-14T21:02:16.026457+00:00,4476,3210835,128x,300ms,25,64,1,0,0,0,0,0,0,0,0,0,1
2026-09-14T21:02:16.738812+00:00,4477,3211553,128x,300ms,25,64,1,0,0,0,0,0,0,0,0,0,0
2026-09-14T21:02:17.457917+00:00,4478,3212271,128x,300ms,25,64,1,0,0,0,0,0,0,0,0,0,0
2026-09-14T21:02:18.178774+00:00,4479,3212989,128x,300ms,25,64,1,0,0,0,0,0,0,0,0,0,0
2026-09-14T21:02:18.897931+00:00,4480,3213707,128x,300ms,25,64,1,0,0,0,0,0,0,0,0,0,0
2026-09-14T21:02:19.611163+00:00,4481,3214425,128x,300ms,25,64,0,0,0,0,0,0,0,0,0,0,0
2026-09-14T21:02:20.330435+00:00,4482,3215141,128x,300ms,25,64,0,0,0,0,0,0,0,0,0,0,0
2026-09-14T21:02:21.042716+00:00,4483,3215859,128x,300ms,25,64,0,0,0,0,0,0,0,0,0,0,1
2026-09-14T21:02:21.762283+00:00,4484,3216576,128x,300ms,25,64,0,0,0,0,0,0,0,0,0,0,0
2026-09-14T21:02:22.481888+00:00,4485,3217294,128x,300ms,25,64,0,0,0,0,0,0,0,0,0,0,1
2026-09-14T21:02:23.193952+00:00,4486,3218011,128x,300ms,25,64,1,0,0,0,0,0,0,0,0,0,0
2026-09-14T21:02:23.914051+00:00,4487,3218728,128x,300ms,25,64,1,0,0,0,0,0,0,0,0,0,1
2026-09-14T21:02:24.633864+00:00,4488,3219446,128x,300ms,25,64,1,0,0,0,0,0,0,0,0,0,0
2026-09-14T21:02:25.354147+00:00,4489,3220164,128x,300ms,25,64,1,0,0,0,0,0,0,0,0,0,0
2026-09-14T21:02:26.066257+00:00,4490,3220882,128x,300ms,25,64,1,0,0,0,0,0,0,0,0,0,0
2026-09-14T21:02:26.786588+00:00,4491,3221600,128x,300ms,25,64,0,0,0,0,0,0,0,0,0,0,1
2026-09-14T21:02:27.498198+00:00,4492,3222317,128x,300ms,25,64,0,0,0,0,0,0,0,0,0,0,1
2026-09-14T21:02:28.217580+00:00,4493,3223034,128x,300ms,25,64,0,0,0,0,0,0,0,0,0,0,0
2026-09-14T21:02:28.938433+00:00,4494,3223751,128x,300ms,25,64,0,0,0,0,0,0,0,0,0,0,0
2026-09-14T21:02:29.650084+00:00,4495,3224469,128x,300ms,25,64,0,0,0,0,0,0,0,0,0,0,0
2026-09-14T21:02:30.371243+00:00,4496,3225186,128x,300ms,25,64,1,0,0,0,0,0,0,0,0,0,1
2026-09-14T21:02:31.082563+00:00,4497,3225904,128x,300ms,25,64,1,0,0,0,0,0,0,0,0,0,0
2026-09-14T21:02:31.810082+00:00,4498,3226621,128x,300ms,25,64,1,0,0,0,0,0,0,0,0,0,0
2026-09-14T21:02:32.522540+00:00,4499,3227339,128x,300ms,25,64,1,0,0,0,0,0,0,0,0,0,0
2026-09-14T21:02:33.242134+00:00,4500,3228057,128x,300ms,25,64,1,0,0,0,0,0,0,0,0,0,0
2026-09-14T21:02:33.953899+00:00,4501,3228775,128x,300ms,25,64,0,0,0,0,0,0,0,0,0,0,0
2026-09-14T21:02:34.673965+00:00,4502,3229492,128x,300ms,25,64,0,0,0,0,0,0,0,0,0,0,0
2026-09-14T21:02:35.394973+00:00,4503,3230210,128x,300ms,25,64,0,0,0,0,0,0,0,0,0,0,0
2026-09-14T21:02:36.107084+00:00,4504,3230926,128x,300ms,25,64,0,0,0,0,0,0,0,0,0,0,0
2026-09-14T21:02:36.826091+00:00,4505,3231644,128x,300ms,25,64,0,0,0,0,0,0,0,0,0,0,0
2026-09-14T21:02:37.538106+00:00,4506,3232361,128x,300ms,25,64,1,0,0,0,0,0,0,0,0,0,0
2026-09-14T21:02:38.257295+00:00,4507,3233079,128x,300ms,25,64,1,0,0,0,0,0,0,0,0,0,0
2026-09-14T21:02:38.978579+00:00,4508,3233797,128x,300ms,25,64,1,0,0,0,0,0,0,0,0,0,0
2026-09-14T21:02:39.698412+00:00,4509,3234514,128x,300ms,25,64,1,0,0,0,0,0,0,0,0,0,1
2026-09-14T21:02:40.410878+00:00,4510,3235232,128x,300ms,25,64,1,0,0,0,0,0,0,0,0,0,0
2026-09-14T21:02:41.129614+00:00,4511,3235950,128x,300ms,25,64,0,0,0,0,0,0,0,0,0,0,1
2026-09-14T21:02:41.850036+00:00,4512,3236668,128x,300ms,25,64,0,0,0,0,0,0,0,0,0,0,0
2026-09-14T21:02:42.562353+00:00,4513,3237385,128x,300ms,25,64,0,0,0,0,0,0,0,0,0,0,0
2026-09-14T21:02:43.282366+00:00,4514,3238103,128x,300ms,25,64,0,0,0,0,0,0,0,0,0,0,0
2026-09-14T21:02:43.994635+00:00,4515,3238819,128x,300ms,25,64,0,0,0,0,0,0,0,0,0,0,0
2026-09-14T21:02:44.713684+00:00,4516,3239537,128x,300ms,25,64,1,0,0,0,0,0,0,0,0,0,0
2026-09-14T21:02:45.435227+00:00,4517,3240254,128x,300ms,25,64,1,0,0,0,0,0,0,0,0,0,0
2026-09-14T21:02:46.154379+00:00,4518,3240972,128x,300ms,25,64,1,0,0,0,0,0,0,0,0,0,0
2026-09-14T21:02:46.865999+00:00,4519,3241690,128x,300ms,25,64,1,0,0,0,0,0,0,0,0,0,0
2026-09-14T21:02:47.585598+00:00,4520,3242407,128x,300ms,25,64,1,0,0,0,0,0,0,0,0,0,0
2026-09-14T21:02:48.299016+00:00,4521,3243125,128x,300ms,25,64,0,0,0,0,0,0,0,0,0,0,0
2026-09-14T21:02:49.019044+00:00,4522,3243843,128x,300ms,25,64,0,0,0,0,0,0,0,0,0,0,0
2026-09-14T21:02:49.738252+00:00,4523,3244560,128x,300ms,25,64,0,0,0,0,0,0,0,0,0,0,0
2026-09-14T21:02:50.450219+00:00,4524,3245278,128x,300ms,25,64,0,0,0,0,0,0,0,0,0,0,0
2026-09-14T21:02:51.169153+00:00,4525,3245995,128x,300ms,25,64,0,0,0,0,0,0,0,0,0,0,1
2026-09-14T21:02:51.882729+00:00,4526,3246712,128x,300ms,25,64,1,0,0,0,0,0,0,0,0,0,0
2026-09-14T21:02:52.602907+00:00,4527,3247429,128x,300ms,25,64,1,0,0,0,0,1,0,0,0,0,0
2026-09-14T21:02:53.323182+00:00,4528,3248148,128x,300ms,25,64,1,0,0,0,0,0,0,0,0,0,0
2026-09-14T21:02:54.042233+00:00,4529,3248865,128x,300ms,25,64,1,0,0,0,0,0,0,0,0,0,0
2026-09-14T21:02:54.754700+00:00,4530,3249583,128x,300ms,25,64,1,0,0,0,0,0,0,0,0,0,0
2026-09-14T21:02:55.474998+00:00,4531,3250300,128x,300ms,25,64,0,0,0,0,0,0,0,0,0,0,0
2026-09-14T21:02:56.194582+00:00,4532,3251018,128x,300ms,25,64,0,0,0,0,0,0,0,0,0,0,0
2026-09-14T21:02:56.907261+00:00,4533,3251735,128x,300ms,25,64,0,0,0,0,0,0,0,0,0,0,0
2026-09-14T21:02:57.626970+00:00,4534,3252453,128x,300ms,25,64,0,0,0,0,0,0,0,0,0,0,1
2026-09-14T21:02:58.345960+00:00,4535,3253170,128x,300ms,25,64,0,0,0,0,0,1,0,0,0,0,1
2026-09-14T21:02:59.058708+00:00,4536,3253888,128x,300ms,25,64,1,0,0,0,0,0,0,0,0,0,1
2026-09-14T21:02:59.779014+00:00,4537,3254604,128x,300ms,25,64,1,0,0,0,0,0,0,0,0,0,1
2026-09-14T21:03:00.490602+00:00,4538,3255322,128x,300ms,25,64,1,0,0,0,0,0,0,0,0,0,0
2026-09-14T21:03:01.210930+00:00,4539,3256040,128x,300ms,25,64,1,0,0,0,0,1,0,0,0,0,1
2026-09-14T21:03:01.930625+00:00,4540,3256758,128x,300ms,25,64,1,0,0,0,0,1,0,0,0,0,2
2026-09-14T21:03:02.642409+00:00,4541,3257475,128x,300ms,25,64,0,0,0,0,0,1,0,0,0,0,3
2026-09-14T21:03:03.362549+00:00,4542,3258192,128x,300ms,25,64,0,0,0,0,0,1,0,0,0,0,2
2026-09-14T21:03:04.074713+00:00,4543,3258909,128x,300ms,25,64,0,0,0,0,0,0,0,0,0,0,1
2026-09-14T21:03:04.794315+00:00,4544,3259627,128x,300ms,25,64,0,0,0,0,0,0,0,0,0,0,0
2026-09-14T21:03:05.514073+00:00,4545,3260344,128x,300ms,25,64,0,0,0,0,0,0,0,0,0,0,0
2026-09-14T21:03:06.234266+00:00,4546,3261062,128x,300ms,25,64,1,0,0,0,0,1,0,0,0,0,0
2026-09-14T21:03:06.946000+00:00,4547,3261779,128x,300ms,25,64,1,0,0,0,0,0,0,0,0,0,1
2026-09-14T21:03:07.666511+00:00,4548,3262496,128x,300ms,25,64,1,0,0,0,0,0,0,0,0,0,0
2026-09-14T21:03:08.378989+00:00,4549,3263214,128x,300ms,25,64,1,0,0,0,0,0,0,0,0,0,0
2026-09-14T21:03:09.098207+00:00,4550,3263932,128x,300ms,25,64,1,0,0,0,0,0,0,0,0,0,0
2026-09-14T21:03:09.818607+00:00,4551,3264650,128x,300ms,25,64,0,0,0,0,0,0,0,0,0,0,0
2026-09-14T21:03:10.530268+00:00,4552,3265368,128x,300ms,25,64,0,0,0,0,0,0,0,0,0,0,0
2026-09-14T21:03:11.250377+00:00,4553,3266084,128x,300ms,25,64,0,0,0,0,0,0,0,0,0,0,0
2026-09-14T21:03:11.970706+00:00,4554,3266802,128x,300ms,25,64,0,0,0,0,0,0,0,0,0,0,1
2026-09-14T21:03:12.690789+00:00,4555,3267519,128x,300ms,25,64,0,0,0,0,0,0,0,0,0,0,0
2026-09-14T21:03:13.402480+00:00,4556,3268237,128x,300ms,25,64,1,0,0,0,0,0,0,0,0,0,0
2026-09-14T21:03:14.123333+00:00,4557,3268955,128x,300ms,25,64,1,0,0,0,0,0,0,0,0,0,0
2026-09-14T21:03:14.835009+00:00,4558,3269672,128x,300ms,25,64,1,0,0,0,0,0,0,0,0,0,0
2026-09-14T21:03:15.554432+00:00,4559,3270390,128x,300ms,25,64,1,0,0,0,0,0,0,0,0,0,0
2026-09-14T21:03:16.274285+00:00,4560,3271108,128x,300ms,25,64,1,0,0,0,0,0,0,0,0,0,0
2026-09-14T21:03:16.987076+00:00,4561,3271826,128x,300ms,25,64,0,0,0,0,0,0,0,0,0,0,0
2026-09-14T21:03:17.706502+00:00,4562,3272543,128x,300ms,25,64,0,0,0,0,0,0,0,0,0,0,1
2026-09-14T21:03:18.426543+00:00,4563,3273261,128x,300ms,25,64,0,0,0,0,0,0,0,0,0,0,1
2026-09-14T21:03:19.145933+00:00,4564,3273977,128x,300ms,25,64,0,0,0,0,0,0,0,0,0,0,0
2026-09-14T21:03:19.858465+00:00,4565,3274695,128x,300ms,25,64,0,0,0,0,0,0,0,0,0,0,1
2026-09-14T21:03:20.578451+00:00,4566,3275413,128x,300ms,25,64,1,0,0,0,0,1,0,0,0,0,2
2026-09-14T21:03:21.290915+00:00,4567,3276130,128x,300ms,25,64,1,0,0,0,0,1,0,0,0,0,3
2026-09-14T21:03:22.010890+00:00,4568,3276848,128x,300ms,25,64,1,0,0,0,0,1,0,0,0,0,2
2026-09-14T21:03:22.730527+00:00,4569,3277565,128x,300ms,25,64,1,0,0,0,0,1,0,0,0,0,2
2026-09-14T21:03:23.442105+00:00,4570,3278283,128x,300ms,25,64,1,0,0,0,0,1,0,0,0,0,2
2026-09-14T21:03:24.162355+00:00,4571,3279000,128x,300ms,25,64,0,0,0,0,0,1,0,0,0,0,2
2026-09-14T21:03:24.874786+00:00,4572,3279718,128x,300ms,25,64,0,0,0,0,0,1,0,0,0,0,2
2026-09-14T21:03:25.594407+00:00,4573,3280435,128x,300ms,25,64,0,0,0,0,0,0,0,0,0,0,0
2026-09-14T21:03:26.314271+00:00,4574,3281153,128x,300ms,25,64,0,0,0,0,0,0,0,0,0,0,1
2026-09-14T21:03:27.034719+00:00,4575,3281869,128x,300ms,25,64,0,0,0,0,0,1,0,0,0,0,0
2026-09-14T21:03:27.747036+00:00,4576,3282587,128x,300ms,25,64,1,0,0,0,0,0,0,0,0,0,0
2026-09-14T21:03:28.466116+00:00,4577,3283305,128x,300ms,25,64,1,0,0,0,0,0,0,0,0,0,0
2026-09-14T21:03:29.185073+00:00,4578,3284023,128x,300ms,25,64,1,0,0,0,0,0,0,0,0,0,0
2026-09-14T21:03:29.898252+00:00,4579,3284740,128x,300ms,25,64,1,0,0,0,0,0,0,0,0,0,0
2026-09-14T21:03:30.618843+00:00,4580,3285457,128x,300ms,25,64,1,0,0,0,0,0,0,0,0,0,0
2026-09-14T21:03:31.330903+00:00,4581,3286175,128x,300ms,25,64,0,0,0,0,0,1,0,0,0,0,2
2026-09-14T21:03:32.050441+00:00,4582,3286893,128x,300ms,25,64,0,0,0,0,0,1,0,0,0,0,2
2026-09-14T21:03:32.770426+00:00,4583,3287610,128x,300ms,25,64,0,0,0,0,0,1,0,0,0,0,2
2026-09-14T21:03:33.483154+00:00,4584,3288327,128x,300ms,25,64,0,0,0,0,0,1,0,0,0,0,2
2026-09-14T21:03:34.202867+00:00,4585,3289043,128x,300ms,25,64,0,0,0,0,0,1,0,0,0,0,2
2026-09-14T21:03:34.922381+00:00,4586,3289761,128x,300ms,25,64,1,0,0,0,0,0,0,0,0,0,0
2026-09-14T21:03:35.635012+00:00,4587,3290479,128x,300ms,25,64,1,0,0,0,0,0,0,0,0,0,0
2026-09-14T21:03:36.353587+00:00,4588,3291197,128x,300ms,25,64,1,0,0,0,0,0,0,0,0,0,0
2026-09-14T21:03:37.074169+00:00,4589,3291915,128x,300ms,25,64,1,0,0,0,0,0,0,0,0,0,0
2026-09-14T21:03:37.787165+00:00,4590,3292633,128x,300ms,25,64,1,0,0,0,0,0,0,0,0,0,0
2026-09-14T21:03:38.506420+00:00,4591,3293349,128x,300ms,25,64,0,0,0,0,0,0,0,0,0,0,1
2026-09-14T21:03:39.226983+00:00,4592,3294067,128x,300ms,25,64,0,0,0,0,0,0,0,0,0,0,0
2026-09-14T21:03:39.938030+00:00,4593,3294784,128x,300ms,25,64,0,0,0,0,0,0,0,0,0,0,2
2026-09-14T21:03:40.657975+00:00,4594,3295502,128x,300ms,25,64,0,0,0,0,0,1,0,0,0,0,1
2026-09-14T21:03:41.370380+00:00,4595,3296219,128x,300ms,25,64,0,0,0,0,0,0,0,0,0,0,1
2026-09-14T21:03:42.090732+00:00,4596,3296936,128x,300ms,25,64,1,0,0,0,0,0,0,0,0,0,1
2026-09-14T21:03:42.809809+00:00,4597,3297653,128x,300ms,25,64,1,0,0,0,0,0,0,0,0,0,0
2026-09-14T21:03:43.530304+00:00,4598,3298372,128x,300ms,25,64,1,0,0,0,0,0,0,0,0,0,0
2026-09-14T21:03:44.242827+00:00,4599,3299089,128x,300ms,25,64,1,0,0,0,0,0,0,0,0,0,1
2026-09-14T21:03:44.962821+00:00,4600,3299807,128x,300ms,25,64,1,0,0,0,0,1,0,0,0,0,1
2026-09-14T21:03:45.682426+00:00,4601,3300525,128x,300ms,25,64,0,0,0,0,0,1,0,0,0,0,1
2026-09-14T21:03:46.395067+00:00,4602,3301241,128x,300ms,25,64,0,0,0,0,0,0,0,0,0,0,0
2026-09-14T21:03:47.113273+00:00,4603,3301959,128x,300ms,25,64,0,0,0,0,0,0,0,0,0,0,0
2026-09-14T21:03:47.826036+00:00,4604,3302676,128x,300ms,25,64,0,0,0,0,0,0,0,0,0,0,1
2026-09-14T21:03:48.546931+00:00,4605,3303394,128x,300ms,25,64,0,0,0,0,0,0,0,0,0,0,0
2026-09-14T21:03:49.267181+00:00,4606,3304111,128x,300ms,25,64,1,0,0,0,0,0,0,0,0,0,1
2026-09-14T21:03:49.978272+00:00,4607,3304828,128x,300ms,25,64,1,0,0,0,0,0,0,0,0,0,0
2026-09-14T21:03:50.698279+00:00,4608,3305546,128x,300ms,25,64,1,0,0,0,0,1,0,0,0,0,1
2026-09-14T21:03:51.409892+00:00,4609,3306264,128x,300ms,25,64,1,0,0,0,0,1,0,0,0,0,2
2026-09-14T21:03:52.131280+00:00,4610,3306982,128x,300ms,25,64,1,0,0,0,0,1,0,0,0,0,2
2026-09-14T21:03:52.850569+00:00,4611,3307699,128x,300ms,25,64,0,0,0,0,0,1,0,0,0,0,3
2026-09-14T21:03:53.570090+00:00,4612,3308417,128x,300ms,25,64,0,0,0,0,0,0,0,0,0,0,1
2026-09-14T21:03:54.283153+00:00,4613,3309133,128x,300ms,25,64,0,0,0,0,0,0,0,0,0,0,1
2026-09-14T21:03:55.002363+00:00,4614,3309851,128x,300ms,25,64,0,0,0,0,0,0,0,0,0,0,0
2026-09-14T21:03:55.722504+00:00,4615,3310568,128x,300ms,25,64,0,0,0,0,0,0,0,0,0,0,0
2026-09-14T21:03:56.434873+00:00,4616,3311286,128x,300ms,25,64,1,0,0,0,0,0,0,0,0,0,0
2026-09-14T21:03:57.154910+00:00,4617,3312004,128x,300ms,25,64,1,0,0,0,0,0,0,0,0,0,1
2026-09-14T21:03:57.866314+00:00,4618,3312720,128x,300ms,25,64,1,0,0,0,0,0,0,0,0,0,1
2026-09-14T21:03:58.586094+00:00,4619,3313438,128x,300ms,25,64,1,0,0,0,0,0,0,0,0,0,1
2026-09-14T21:03:59.298996+00:00,4620,3314156,128x,300ms,25,64,1,0,0,0,0,0,0,0,0,0,1
2026-09-14T21:04:00.018282+00:00,4621,3314873,128x,300ms,25,64,0,0,0,0,0,0,0,0,0,0,1
2026-09-14T21:04:00.738224+00:00,4622,3315591,128x,300ms,25,64,0,0,0,0,0,0,0,0,0,0,1
2026-09-14T21:04:01.450345+00:00,4623,3316308,128x,300ms,25,64,0,0,0,0,0,0,0,0,0,0,1
2026-09-14T21:04:02.178820+00:00,4624,3317025,128x,300ms,25,64,0,0,0,0,0,0,0,0,0,0,1
2026-09-14T21:04:02.889268+00:00,4625,3317743,128x,300ms,25,64,0,0,0,0,0,0,0,0,0,0,1
2026-09-14T21:04:03.610438+00:00,4626,3318460,128x,300ms,25,64,1,0,0,0,0,0,0,0,0,0,1
2026-09-14T21:04:04.322300+00:00,4627,3319178,128x,300ms,25,64,1,0,0,0,0,0,0,0,0,0,1
2026-09-14T21:04:05.042435+00:00,4628,3319896,128x,300ms,25,64,1,0,0,0,0,0,0,0,0,0,1
2026-09-14T21:04:05.754708+00:00,4629,3320612,128x,300ms,25,64,1,0,0,0,0,0,0,0,0,0,1
2026-09-14T21:04:06.474393+00:00,4630,3321330,128x,300ms,25,64,1,0,0,0,0,0,0,0,0,0,1
2026-09-14T21:04:07.192983+00:00,4631,3322048,128x,300ms,25,64,0,0,0,0,0,0,0,0,0,0,1
2026-09-14T21:04:07.905659+00:00,4632,3322765,128x,300ms,25,64,0,0,0,0,0,0,0,0,0,0,1
2026-09-14T21:04:08.626122+00:00,4633,3323483,128x,300ms,25,64,0,0,0,0,0,0,0,0,0,0,1
2026-09-14T21:04:09.346108+00:00,4634,3324200,128x,300ms,25,64,0,0,0,0,0,0,0,0,0,0,1
2026-09-14T21:04:10.057798+00:00,4635,3324917,128x,300ms,25,64,0,0,0,0,0,0,0,0,0,0,1
2026-09-14T21:04:10.778980+00:00,4636,3325635,128x,300ms,25,64,1,0,0,0,0,0,0,0,0,0,1
2026-09-14T21:04:11.498704+00:00,4637,3326352,128x,300ms,25,64,1,0,0,0,0,0,0,0,0,0,1
2026-09-14T21:04:12.217216+00:00,4638,3327070,128x,300ms,25,64,1,0,0,0,0,0,0,0,0,0,1
2026-09-14T21:04:12.930266+00:00,4639,3327788,128x,300ms,25,64,1,0,0,0,0,0,0,0,0,0,1
2026-09-14T21:04:13.650449+00:00,4640,3328504,128x,300ms,25,64,1,0,0,0,0,0,0,0,0,0,0
2026-09-14T21:04:14.361794+00:00,4641,3329222,128x,300ms,25,64,0,0,0,0,0,0,0,0,0,0,0
2026-09-14T21:04:15.083234+00:00,4642,3329940,128x,300ms,25,64,0,0,0,0,0,0,0,0,0,0,0
2026-09-14T21:04:15.794722+00:00,4643,3330658,128x,300ms,25,64,0,0,0,0,0,0,0,0,0,0,0
2026-09-14T21:04:16.514499+00:00,4644,3331375,128x,300ms,25,64,0,0,0,0,0,0,0,0,0,0,0
2026-09-14T21:04:17.234115+00:00,4645,3332092,128x,300ms,25,64,0,0,0,0,0,0,0,0,0,0,0
2026-09-14T21:04:17.946798+00:00,4646,3332809,128x,300ms,25,64,1,0,0,0,0,0,0,0,0,0,1
2026-09-14T21:04:18.666413+00:00,4647,3333527,128x,300ms,25,64,1,0,0,0,0,0,0,0,0,0,1
2026-09-14T21:04:19.386019+00:00,4648,3334244,128x,300ms,25,64,1,0,0,0,0,0,0,0,0,0,1
2026-09-14T21:04:20.106472+00:00,4649,3334962,128x,300ms,25,64,1,0,0,0,0,0,0,0,0,0,1
2026-09-14T21:04:20.818649+00:00,4650,3335680,128x,300ms,25,64,1,0,0,0,0,0,0,0,0,0,1
2026-09-14T21:04:21.538372+00:00,4651,3336397,128x,300ms,25,64,0,0,0,0,0,0,0,0,0,0,1
2026-09-14T21:04:22.250398+00:00,4652,3337114,128x,300ms,25,64,0,0,0,0,0,0,0,0,0,0,1
2026-09-14T21:04:22.970959+00:00,4653,3337832,128x,300ms,25,64,0,0,0,0,0,0,0,0,0,0,1
2026-09-14T21:04:23.691214+00:00,4654,3338549,128x,300ms,25,64,0,0,0,0,0,0,0,0,0,0,1
2026-09-14T21:04:24.403179+00:00,4655,3339267,128x,300ms,25,64,0,0,0,0,0,0,0,0,0,0,1
2026-09-14T21:04:25.121646+00:00,4656,3339983,128x,300ms,25,64,1,0,0,0,0,0,0,0,0,0,2
2026-09-14T21:04:25.834627+00:00,4657,3340701,128x,300ms,25,64,1,0,0,0,0,0,0,0,0,0,2
2026-09-14T21:04:26.554311+00:00,4658,3341419,128x,300ms,25,64,1,0,0,0,0,0,0,0,0,0,2
2026-09-14T21:04:27.274409+00:00,4659,3342137,128x,300ms,25,64,1,0,0,0,0,0,0,0,0,0,2
2026-09-14T21:04:27.995105+00:00,4660,3342855,128x,300ms,25,64,1,0,0,0,0,0,0,0,0,0,1
2026-09-14T21:04:28.707111+00:00,4661,3343572,128x,300ms,25,64,0,0,0,0,0,0,0,0,0,0,2
2026-09-14T21:04:29.426991+00:00,4662,3344289,128x,300ms,25,64,0,0,0,0,0,0,0,0,0,0,1
2026-09-14T21:04:30.146417+00:00,4663,3345007,128x,300ms,25,64,0,0,0,0,0,0,0,0,0,0,2
2026-09-14T21:04:30.857984+00:00,4664,3345724,128x,300ms,25,64,0,0,0,0,0,0,0,0,0,0,2
2026-09-14T21:04:31.579205+00:00,4665,3346442,128x,300ms,25,64,0,0,0,0,0,0,0,0,0,0,2
2026-09-14T21:04:32.290749+00:00,4666,3347159,128x,300ms,25,64,1,0,0,0,0,0,0,0,0,0,2
2026-09-14T21:04:33.010300+00:00,4667,3347876,128x,300ms,25,64,1,0,0,0,0,0,0,0,0,0,1
2026-09-14T21:04:33.730373+00:00,4668,3348593,128x,300ms,25,64,1,0,0,0,0,0,0,0,0,0,1
2026-09-14T21:04:34.442484+00:00,4669,3349311,128x,300ms,25,64,1,0,0,0,0,0,0,0,0,0,1
2026-09-14T21:04:35.163019+00:00,4670,3350029,128x,300ms,25,64,1,0,0,0,0,0,0,0,0,0,2
2026-09-14T21:04:35.882472+00:00,4671,3350747,128x,300ms,25,64,0,0,0,0,0,0,0,0,0,0,1
2026-09-14T21:04:36.594949+00:00,4672,3351463,128x,300ms,25,64,0,0,0,0,0,0,0,0,0,0,2
2026-09-14T21:04:37.314358+00:00,4673,3352181,128x,300ms,25,64,0,0,0,0,0,0,0,0,0,0,2
2026-09-14T21:04:38.034870+00:00,4674,3352898,128x,300ms,25,64,0,0,0,0,0,0,0,0,0,0,2
2026-09-14T21:04:38.746334+00:00,4675,3353616,128x,300ms,25,64,0,0,0,0,0,0,0,0,0,0,2
2026-09-14T21:04:39.466503+00:00,4676,3354333,128x,300ms,25,64,1,0,0,0,0,0,0,0,0,0,2
2026-09-14T21:04:40.186369+00:00,4677,3355051,128x,300ms,25,64,1,0,0,0,0,0,0,0,0,0,2
2026-09-14T21:04:40.898188+00:00,4678,3355768,128x,300ms,25,64,1,0,0,0,0,0,0,0,0,0,2
2026-09-14T21:04:41.619063+00:00,4679,3356486,128x,300ms,25,64,1,0,0,0,0,0,0,0,0,0,2
2026-09-14T21:04:42.330856+00:00,4680,3357204,128x,300ms,25,64,1,0,0,0,0,0,0,0,0,0,1
2026-09-14T21:04:43.051285+00:00,4681,3357922,128x,300ms,25,64,0,0,0,0,0,0,0,0,0,0,2
2026-09-14T21:04:43.770469+00:00,4682,3358639,128x,300ms,25,64,0,0,0,0,0,0,0,0,0,0,2
2026-09-14T21:04:44.490880+00:00,4683,3359356,128x,300ms,25,64,0,0,0,0,0,0,0,0,0,0,2
2026-09-14T21:04:45.202189+00:00,4684,3360073,128x,300ms,25,64,0,0,0,0,0,0,0,0,0,0,2
2026-09-14T21:04:45.923014+00:00,4685,3360791,128x,300ms,25,64,0,0,0,0,0,0,0,0,0,0,2
2026-09-14T21:04:46.642929+00:00,4686,3361509,128x,300ms,25,64,1,0,0,0,0,0,0,0,0,0,2
2026-09-14T21:04:47.355159+00:00,4687,3362226,128x,300ms,25,64,1,0,0,0,0,0,0,0,0,0,2
2026-09-14T21:04:48.070334+00:00,4688,3362944,128x,300ms,25,64,1,0,0,0,0,0,0,0,0,0,2
2026-09-14T21:04:48.790447+00:00,4689,3363661,128x,300ms,25,64,1,0,0,0,0,0,0,0,0,0,1
2026-09-14T21:04:49.502693+00:00,4690,3364379,128x,300ms,25,64,1,0,0,0,0,0,0,0,0,0,2
2026-09-14T21:04:50.226027+00:00,4691,3365097,128x,300ms,25,64,0,0,0,0,0,0,0,0,0,0,1
2026-09-14T21:04:50.937802+00:00,4692,3365814,128x,300ms,25,64,0,0,0,0,0,0,0,0,0,0,1
2026-09-14T21:04:51.657783+00:00,4693,3366532,128x,300ms,25,64,0,0,0,0,0,0,0,0,0,0,1
2026-09-14T21:04:52.377523+00:00,4694,3367248,128x,300ms,25,64,0,0,0,0,0,0,0,0,0,0,2
2026-09-14T21:04:53.097492+00:00,4695,3367966,128x,300ms,25,64,0,0,0,0,0,0,0,0,0,0,2
2026-09-14T21:04:53.809310+00:00,4696,3368683,128x,300ms,25,64,1,0,0,0,0,0,0,0,0,0,2
2026-09-14T21:04:54.529690+00:00,4697,3369401,128x,300ms,25,64,1,0,0,0,0,0,0,0,0,0,2
2026-09-14T21:04:55.241745+00:00,4698,3370119,128x,300ms,25,64,1,0,0,0,0,0,0,0,0,0,2
2026-09-14T21:04:55.962470+00:00,4699,3370836,128x,300ms,25,64,1,0,0,0,0,0,0,0,0,0,2
2026-09-14T21:04:56.681263+00:00,4700,3371554,128x,300ms,25,64,1,0,0,0,0,0,0,0,0,0,2
2026-09-14T21:04:57.394154+00:00,4701,3372271,128x,300ms,25,64,0,0,0,0,0,0,0,0,0,0,2
2026-09-14T21:04:58.113766+00:00,4702,3372989,128x,300ms,25,64,0,0,0,0,0,0,0,0,0,0,2
2026-09-14T21:04:58.834050+00:00,4703,3373706,128x,300ms,25,64,0,0,0,0,0,0,0,0,0,0,2
2026-09-14T21:04:59.546592+00:00,4704,3374424,128x,300ms,25,64,0,0,0,0,0,0,0,0,0,0,2
2026-09-14T21:05:00.265741+00:00,4705,3375140,128x,300ms,25,64,0,0,0,0,0,0,0,0,0,0,2
2026-09-14T21:05:00.985479+00:00,4706,3375858,128x,300ms,25,64,1,0,0,0,0,0,0,0,0,0,2
2026-09-14T21:05:01.698429+00:00,4707,3376576,128x,300ms,25,64,1,0,0,0,0,0,0,0,0,0,2
2026-09-14T21:05:02.417574+00:00,4708,3377294,128x,300ms,25,64,1,0,0,0,0,0,0,0,0,0,2
2026-09-14T21:05:03.138273+00:00,4709,3378012,128x,300ms,25,64,1,0,0,0,0,0,0,0,0,0,2
2026-09-14T21:05:03.849511+00:00,4710,3378729,128x,300ms,25,64,1,0,0,0,0,0,0,0,0,0,2
2026-09-14T21:05:04.568772+00:00,4711,3379446,128x,300ms,25,64,0,0,0,0,0,0,0,0,0,0,2
2026-09-14T21:05:05.281392+00:00,4712,3380164,128x,300ms,25,64,0,0,0,0,0,0,0,0,0,0,1
2026-09-14T21:05:06.001637+00:00,4713,3380881,128x,300ms,25,64,0,0,0,0,0,0,0,0,0,0,2
2026-09-14T21:05:06.722488+00:00,4714,3381599,128x,300ms,25,64,0,0,0,0,0,0,0,0,0,0,2
2026-09-14T21:05:07.441866+00:00,4715,3382316,128x,300ms,25,64,0,0,0,0,0,0,0,0,0,0,2
2026-09-14T21:05:08.153483+00:00,4716,3383033,128x,300ms,25,64,1,0,0,0,0,0,0,0,0,0,2
2026-09-14T21:05:08.873745+00:00,4717,3383751,128x,300ms,25,64,1,0,0,0,0,0,0,0,0,0,2
2026-09-14T21:05:09.593729+00:00,4718,3384469,128x,300ms,25,64,1,0,0,0,0,0,0,0,0,0,2
2026-09-14T21:05:10.306262+00:00,4719,3385187,128x,300ms,25,64,1,0,0,0,0,0,0,0,0,0,2
2026-09-14T21:05:11.026229+00:00,4720,3385905,128x,300ms,25,64,1,0,0,0,0,0,0,0,0,0,2
2026-09-14T21:05:11.737605+00:00,4721,3386621,128x,300ms,25,64,0,0,0,0,0,0,0,0,0,0,2
2026-09-14T21:05:12.458817+00:00,4722,3387339,128x,300ms,25,64,0,0,0,0,0,0,0,0,0,0,2
2026-09-14T21:05:13.178441+00:00,4723,3388056,128x,300ms,25,64,0,0,0,0,0,0,0,0,0,0,2
2026-09-14T21:05:13.889956+00:00,4724,3388774,128x,300ms,25,64,0,0,0,0,0,0,0,0,0,0,2
2026-09-14T21:05:14.609578+00:00,4725,3389491,128x,300ms,25,64,0,0,0,0,0,0,0,0,0,0,2
2026-09-14T21:05:15.329842+00:00,4726,3390209,128x,300ms,25,64,1,0,0,0,0,0,0,0,0,0,1
2026-09-14T21:05:16.050170+00:00,4727,3390926,128x,300ms,25,64,1,0,0,0,0,0,0,0,0,0,0
2026-09-14T21:05:16.761943+00:00,4728,3391644,128x,300ms,25,64,1,0,0,0,0,0,0,0,0,0,0
2026-09-14T21:05:17.482491+00:00,4729,3392362,128x,300ms,25,64,1,0,0,0,0,0,0,0,0,0,0
2026-09-14T21:05:18.193682+00:00,4730,3393080,128x,300ms,25,64,1,0,0,0,0,0,0,0,0,0,0
2026-09-14T21:05:18.914419+00:00,4731,3393797,128x,300ms,25,64,0,0,0,0,0,0,0,0,0,0,0
2026-09-14T21:05:19.633275+00:00,4732,3394514,128x,300ms,25,64,0,0,0,0,0,0,0,0,0,0,0
2026-09-14T21:05:20.346430+00:00,4733,3395231,128x,300ms,25,64,0,0,0,0,0,0,0,0,0,0,0
2026-09-14T21:05:21.066746+00:00,4734,3395949,128x,300ms,25,64,0,0,0,0,0,0,0,0,0,0,0
2026-09-14T21:05:21.778473+00:00,4735,3396667,128x,300ms,25,64,0,0,0,0,0,0,0,0,0,0,0
2026-09-14T21:05:22.498290+00:00,4736,3397384,128x,300ms,25,64,1,0,0,0,0,0,0,0,0,0,0
2026-09-14T21:05:23.218076+00:00,4737,3398102,128x,300ms,25,64,1,0,0,0,0,0,0,0,0,0,0
2026-09-14T21:05:23.935360+00:00,4738,3398819,128x,300ms,25,64,1,0,0,0,0,0,0,0,0,0,0
2026-09-14T21:05:24.655540+00:00,4739,3399537,128x,300ms,25,64,1,0,0,0,0,0,0,0,0,0,0
2026-09-14T21:05:25.368443+00:00,4740,3400255,128x,300ms,25,64,1,0,0,0,0,0,0,0,0,0,0
2026-09-14T21:05:26.084401+00:00,4741,3400973,128x,300ms,25,64,0,0,0,0,0,0,0,0,0,0,0
2026-09-14T21:05:26.800349+00:00,4742,3401690,128x,300ms,25,64,0,0,0,0,0,0,0,0,0,0,0
2026-09-14T21:05:27.519282+00:00,4743,3402407,128x,300ms,25,64,0,0,0,0,0,0,0,0,0,0,0
2026-09-14T21:05:28.239611+00:00,4744,3403124,128x,300ms,25,64,0,0,0,0,0,0,0,0,0,0,0
2026-09-14T21:05:28.951895+00:00,4745,3403842,128x,300ms,25,64,0,0,0,0,0,0,0,0,0,0,0
2026-09-14T21:05:29.671530+00:00,4746,3404559,128x,300ms,25,64,1,0,0,0,0,0,0,0,0,0,0
2026-09-14T21:05:30.392245+00:00,4747,3405277,128x,300ms,25,64,1,0,0,0,0,0,0,0,0,0,0
2026-09-14T21:05:31.112444+00:00,4748,3405995,128x,300ms,25,64,1,0,0,0,0,0,0,0,0,0,0
2026-09-14T21:05:31.823831+00:00,4749,3406712,128x,300ms,25,64,1,0,0,0,0,0,0,0,0,0,0
2026-09-14T21:05:32.543863+00:00,4750,3407430,128x,300ms,25,64,1,0,0,0,0,0,0,0,0,0,0
2026-09-14T21:05:33.255612+00:00,4751,3408148,128x,300ms,25,64,0,0,0,0,0,0,0,0,0,0,0
2026-09-14T21:05:33.976341+00:00,4752,3408866,128x,300ms,25,64,0,0,0,0,0,0,0,0,0,0,1
2026-09-14T21:05:34.688373+00:00,4753,3409583,128x,300ms,25,64,0,0,0,0,0,0,0,0,0,0,2
2026-09-14T21:05:35.408395+00:00,4754,3410300,128x,300ms,25,64,0,0,0,0,0,0,0,0,0,0,0
2026-09-14T21:05:36.128022+00:00,4755,3411017,128x,300ms,25,64,0,0,0,0,0,0,0,0,0,0,0
2026-09-14T21:05:36.847616+00:00,4756,3411735,128x,300ms,25,64,1,0,0,0,0,0,0,0,0,0,0
2026-09-14T21:05:37.560252+00:00,4757,3412452,128x,300ms,25,64,1,0,0,0,0,0,0,0,0,0,0
2026-09-14T21:05:38.280561+00:00,4758,3413171,128x,300ms,25,64,1,0,0,0,0,0,0,0,0,0,1
2026-09-14T21:05:39.000498+00:00,4759,3413888,128x,300ms,25,64,1,0,0,0,0,0,0,0,0,0,1
2026-09-14T21:05:39.712023+00:00,4760,3414605,128x,300ms,25,64,1,0,0,0,0,0,0,0,0,0,1
2026-09-14T21:05:40.431670+00:00,4761,3415322,128x,300ms,25,64,0,0,0,0,0,0,0,0,0,0,1
2026-09-14T21:05:41.152503+00:00,4762,3416040,128x,300ms,25,64,0,0,0,0,0,0,0,0,0,0,1
2026-09-14T21:05:41.863868+00:00,4763,3416757,128x,300ms,25,64,0,0,0,0,0,0,0,0,0,0,1
2026-09-14T21:05:42.583631+00:00,4764,3417475,128x,300ms,25,64,0,0,0,0,0,0,0,0,0,0,1
2026-09-14T21:05:43.295538+00:00,4765,3418192,128x,300ms,25,64,0,0,0,0,0,0,0,0,0,0,1
2026-09-14T21:05:44.015488+00:00,4766,3418909,128x,300ms,25,64,1,0,0,0,0,0,0,0,0,0,1
2026-09-14T21:05:44.735885+00:00,4767,3419627,128x,300ms,25,64,1,0,0,0,0,0,0,0,0,0,1
2026-09-14T21:05:45.456341+00:00,4768,3420345,128x,300ms,25,64,1,0,0,0,0,0,0,0,0,0,0
2026-09-14T21:05:46.168496+00:00,4769,3421063,128x,300ms,25,64,1,0,0,0,0,0,0,0,0,0,0
2026-09-14T21:05:46.888068+00:00,4770,3421780,128x,300ms,25,64,1,0,0,0,0,0,0,0,0,0,0
2026-09-14T21:05:47.599876+00:00,4771,3422497,128x,300ms,25,64,0,0,0,0,0,0,0,0,0,0,0
2026-09-14T21:05:48.319242+00:00,4772,3423215,128x,300ms,25,64,0,0,0,0,0,0,0,0,0,0,0
2026-09-14T21:05:49.039977+00:00,4773,3423932,128x,300ms,25,64,0,0,0,0,0,0,0,0,0,0,1
2026-09-14T21:05:49.752564+00:00,4774,3424650,128x,300ms,25,64,0,0,0,0,0,0,0,0,0,0,1
2026-09-14T21:05:50.471857+00:00,4775,3425367,128x,300ms,25,64,0,0,0,0,0,0,0,0,0,0,0
2026-09-14T21:05:51.192691+00:00,4776,3426084,128x,300ms,25,64,1,0,0,0,0,5,9,5,1,0,20
2026-09-14T21:05:51.911924+00:00,4777,3426802,128x,300ms,25,64,1,0,0,1,3,5,9,6,3,0,21
2026-09-14T21:05:52.623799+00:00,4778,3427520,128x,300ms,25,64,1,0,0,1,2,5,10,6,2,0,22
2026-09-14T21:05:53.343532+00:00,4779,3428239,128x,300ms,25,64,1,0,1,1,3,6,11,7,3,0,25
2026-09-14T21:05:54.056259+00:00,4780,3428957,128x,300ms,25,64,1,0,1,2,3,6,10,7,3,0,25
2026-09-14T21:05:54.776677+00:00,4781,3429676,128x,300ms,25,64,0,0,0,1,2,5,9,5,2,0,20
2026-09-14T21:05:55.495758+00:00,4782,3430392,128x,300ms,25,64,0,0,0,1,2,7,11,9,4,0,26
2026-09-14T21:05:56.215253+00:00,4783,3431110,128x,300ms,25,64,0,0,0,0,2,9,14,14,7,0,35
2026-09-14T21:05:56.934028+00:00,4784,3431827,128x,300ms,25,64,0,0,0,0,0,5,7,8,4,0,20
2026-09-14T21:05:57.645540+00:00,4785,3432545,128x,300ms,25,64,0,0,4,7,12,19,29,30,15,1,69
2026-09-14T21:05:58.365668+00:00,4786,3433263,128x,300ms,25,64,1,0,1,2,3,5,10,6,2,0,22
2026-09-14T21:05:59.085500+00:00,4787,3433981,128x,300ms,25,64,1,0,0,1,3,6,11,6,2,0,24
2026-09-14T21:05:59.798546+00:00,4788,3434699,128x,300ms,25,64,1,0,0,2,3,6,12,7,2,0,25
2026-09-14T21:06:00.517561+00:00,4789,3435418,128x,300ms,25,64,1,0,0,2,3,6,11,6,3,0,24
2026-09-14T21:06:01.238222+00:00,4790,3436136,128x,300ms,25,64,1,0,0,2,2,6,11,6,2,0,23
2026-09-14T21:06:01.950334+00:00,4791,3436855,128x,300ms,25,64,0,0,0,1,3,5,11,6,2,0,24
2026-09-14T21:06:02.669612+00:00,4792,3437572,128x,300ms,25,64,0,0,0,1,3,5,10,6,2,0,23
2026-09-14T21:06:03.382664+00:00,4793,3438288,128x,300ms,25,64,0,0,0,1,2,5,10,6,2,0,22
2026-09-14T21:06:04.101686+00:00,4794,3439006,128x,300ms,25,64,0,0,0,2,3,6,11,6,2,0,24
2026-09-14T21:06:04.821873+00:00,4795,3439723,128x,300ms,25,64,0,0,0,1,3,6,11,6,2,0,25
2026-09-14T21:06:05.542469+00:00,4796,3440441,128x,300ms,25,64,1,0,0,2,3,6,12,7,3,0,25
2026-09-14T21:06:06.253968+00:00,4797,3441159,128x,300ms,25,64,1,0,0,2,3,6,11,7,2,0,24
2026-09-14T21:06:06.974387+00:00,4798,3441876,128x,300ms,25,64,1,0,1,2,3,6,11,7,3,0,25
2026-09-14T21:06:07.693710+00:00,4799,3442595,128x,300ms,25,64,1,0,1,2,4,5,11,6,2,0,24
2026-09-14T21:06:08.406313+00:00,4800,3443313,128x,300ms,25,64,1,0,1,3,5,4,9,6,3,0,21
2026-09-14T21:06:09.125480+00:00,4801,3444031,128x,300ms,25,64,0,0,0,2,3,7,13,8,3,0,28
2026-09-14T21:06:09.845850+00:00,4802,3444749,128x,300ms,25,64,0,0,1,2,4,9,15,11,4,0,35
2026-09-14T21:06:10.565023+00:00,4803,3445466,128x,300ms,25,64,0,0,0,2,3,6,11,6,2,0,24
2026-09-14T21:06:11.277947+00:00,4804,3446182,128x,300ms,25,64,0,0,2,3,5,11,17,13,5,0,41
2026-09-14T21:06:11.997904+00:00,4805,3446900,128x,300ms,25,64,0,0,3,5,8,6,11,7,3,0,25
2026-09-14T21:06:12.717931+00:00,4806,3447618,128x,300ms,25,64,1,0,0,1,3,6,10,6,2,0,23
2026-09-14T21:06:13.438284+00:00,4807,3448336,128x,300ms,25,64,1,0,1,1,3,6,11,7,3,0,25
2026-09-14T21:06:14.150356+00:00,4808,3449055,128x,300ms,25,64,1,0,0,1,3,5,11,6,2,0,23
2026-09-14T21:06:14.869559+00:00,4809,3449773,128x,300ms,25,64,1,0,0,1,3,6,11,6,2,0,23
2026-09-14T21:06:15.581709+00:00,4810,3450491,128x,300ms,25,64,1,0,0,1,3,5,11,6,2,0,23
2026-09-14T21:06:16.301654+00:00,4811,3451209,128x,300ms,25,64,0,0,0,1,3,5,10,6,2,0,23
2026-09-14T21:06:17.022202+00:00,4812,3451926,128x,300ms,25,64,0,0,0,1,3,5,10,6,2,0,23
2026-09-14T21:06:17.733537+00:00,4813,3452644,128x,300ms,25,64,0,0,0,1,3,6,10,6,2,0,23
2026-09-14T21:06:18.452902+00:00,4814,3453361,128x,300ms,25,64,0,0,0,1,3,8,14,10,4,0,31
2026-09-14T21:06:19.166193+00:00,4815,3454078,128x,300ms,25,64,0,0,0,1,2,5,8,5,2,0,20
2026-09-14T21:06:19.893161+00:00,4816,3454795,128x,300ms,25,64,1,0,0,1,3,3,7,3,1,0,16
2026-09-14T21:06:20.622454+00:00,4817,3455513,128x,300ms,25,64,1,0,0,0,1,3,3,1,0,0,10
2026-09-14T21:06:20.653038+00:00,4818,3456231,128x,300ms,25,64,1,28,50,65,81,923,805,959,489,909,4790
2026-09-14T21:06:21.381636+00:00,4819,3456955,128x,300ms,25,64,1,541,457,1431,669,7210,6102,5433,2138,2834,25837
2026-09-14T21:06:22.109557+00:00,4820,3457682,128x,300ms,25,64,1,1674,4147,5321,5230,10723,11332,8179,3150,2453,22197
2026-09-14T21:06:22.838605+00:00,4821,3458409,128x,300ms,25,64,0,1646,4157,5384,5255,10472,11747,8284,3172,2450,22870
2026-09-14T21:06:23.558392+00:00,4822,3459136,128x,300ms,25,64,0,1765,4163,5400,5525,10153,11994,7612,3183,2503,31643
2026-09-14T21:06:24.284298+00:00,4823,3459863,128x,300ms,25,64,0,1711,4123,5316,5252,10017,12068,7598,3170,2482,31903
2026-09-14T21:06:25.011173+00:00,4824,3460590,128x,300ms,25,64,0,1737,4136,5357,5379,9956,12047,7697,3181,2443,32235
2026-09-14T21:06:25.739058+00:00,4825,3461316,128x,300ms,25,64,0,1747,4121,5381,5396,9955,12038,7746,3187,2428,32288
2026-09-14T21:06:26.466549+00:00,4826,3462042,128x,300ms,25,64,1,1738,4102,5367,5341,10054,12013,7718,3186,2441,32214
2026-09-14T21:06:27.194043+00:00,4827,3462769,128x,300ms,25,64,1,1868,4202,5569,5872,9098,12808,7772,3238,2424,31886
2026-09-14T21:06:27.921883+00:00,4828,3463497,128x,300ms,25,64,1,1786,4171,5490,5507,9873,12624,7798,3242,2510,32921
2026-09-14T21:06:28.650142+00:00,4829,3464224,128x,300ms,25,64,1,1856,4210,5561,5890,10028,12489,7675,3220,2551,32194
2026-09-14T21:06:29.377834+00:00,4830,3464952,128x,300ms,25,64,1,1779,4176,5427,5533,10145,12268,7640,3197,2584,30162
2026-09-14T21:06:30.098805+00:00,4831,3465680,128x,300ms,25,64,0,1807,4216,5499,5656,10293,12013,7725,3186,2580,27717
2026-09-14T21:06:30.826858+00:00,4832,3466407,128x,300ms,25,64,0,1514,4090,5198,4696,10887,9925,7824,3112,2542,21119
2026-09-14T21:06:31.554765+00:00,4833,3467134,128x,300ms,25,64,0,1599,4114,5229,4758,10157,11662,7553,3179,2587,31918
2026-09-14T21:06:32.962518+00:00,4834,3467862,128x,300ms,25,64,0,710,2093,2451,2357,930,813,1195,626,943,4120
2026-09-14T21:06:33.674583+00:00,4835,3468587,128x,300ms,25,64,0,93,218,265,332,483,426,511,263,234,972
2026-09-14T21:06:34.402389+00:00,4836,3469308,128x,300ms,25,64,1,10,21,26,43,18,7,8,2,0,21
2026-09-14T21:06:35.114544+00:00,4837,3470027,128x,300ms,25,64,1,0,2,3,13,28,13,14,6,4,68
2026-09-14T21:06:35.834497+00:00,4838,3470746,128x,300ms,25,64,1,0,2,2,11,10,5,3,0,0,25
2026-09-14T21:06:36.546321+00:00,4839,3471463,128x,300ms,25,64,1,0,0,0,7,30,14,14,5,5,58
2026-09-14T21:06:37.265941+00:00,4840,3472182,128x,300ms,25,64,1,0,0,1,7,13,7,7,1,1,44
2026-09-14T21:06:37.985793+00:00,4841,3472900,128x,300ms,25,64,0,0,1,1,8,14,6,6,1,1,45
2026-09-14T21:06:38.698268+00:00,4842,3473615,128x,300ms,25,64,0,0,0,0,10,23,5,3,1,1,36
2026-09-14T21:06:39.418730+00:00,4843,3474333,128x,300ms,25,64,0,0,0,0,6,21,7,5,2,0,41
2026-09-14T21:06:40.130828+00:00,4844,3475051,128x,300ms,25,64,0,0,0,0,6,13,3,0,0,0,27
2026-09-14T21:06:40.858030+00:00,4845,3475768,128x,300ms,25,64,0,0,0,0,11,11,3,1,0,0,25
2026-09-14T21:06:41.570920+00:00,4846,3476486,128x,300ms,25,64,1,0,0,0,6,5,1,0,0,0,12
2026-09-14T21:06:42.291164+00:00,4847,3477203,128x,300ms,25,64,1,0,0,0,0,1,0,0,0,0,3
2026-09-14T21:06:43.002418+00:00,4848,3477920,128x,300ms,25,64,1,0,0,0,0,0,1,0,0,0,5
2026-09-14T21:06:43.722325+00:00,4849,3478638,128x,300ms,25,64,1,0,0,0,1,5,10,5,1,0,22
2026-09-14T21:06:44.443257+00:00,4850,3479357,128x,300ms,25,64,1,0,0,1,2,5,10,5,2,0,22
2026-09-14T21:06:45.154623+00:00,4851,3480075,128x,300ms,25,64,0,0,0,1,2,4,9,5,1,0,21
2026-09-14T21:06:45.874255+00:00,4852,3480793,128x,300ms,25,64,0,0,0,1,2,5,9,5,1,0,22
2026-09-14T21:06:46.594105+00:00,4853,3481509,128x,300ms,25,64,0,0,0,1,2,4,8,4,1,0,19
2026-09-14T21:06:47.314952+00:00,4854,3482226,128x,300ms,25,64,0,0,0,0,1,261,181,259,108,84,386
2026-09-14T21:06:48.042271+00:00,4855,3482945,128x,300ms,25,64,0,74,164,210,245,647,651,703,393,508,3047
2026-09-14T21:06:48.754617+00:00,4856,3483668,128x,300ms,25,64,1,237,231,399,450,426,526,464,223,460,3377
2026-09-14T21:06:49.474617+00:00,4857,3484392,128x,300ms,25,64,1,2,5,7,14,18,10,9,2,0,34
2026-09-14T21:06:50.193522+00:00,4858,3485111,128x,300ms,25,64,1,1,5,6,14,16,8,7,1,0,26
2026-09-14T21:06:50.914905+00:00,4859,3485829,128x,300ms,25,64,1,0,2,4,8,33,19,23,8,4,53
2026-09-14T21:06:51.627301+00:00,4860,3486547,128x,300ms,25,64,1,2,7,8,21,0,0,0,0,0,3
2026-09-14T21:06:52.346196+00:00,4861,3487265,128x,300ms,25,64,0,0,0,0,0,0,0,0,0,0,1
2026-09-14T21:06:53.059128+00:00,4862,3487983,128x,300ms,25,64,0,0,0,0,0,0,0,0,0,0,0
2026-09-14T21:06:53.777397+00:00,4863,3488700,128x,300ms,25,64,0,0,0,0,0,0,0,0,0,0,0
2026-09-14T21:06:54.498184+00:00,4864,3489418,128x,300ms,25,64,0,0,0,0,0,1,1,0,0,0,5
2026-09-14T21:06:55.218644+00:00,4865,3490135,128x,300ms,25,64,0,0,0,0,0,1,1,1,0,0,4
2026-09-14T21:06:55.938272+00:00,4866,3490851,128x,300ms,25,64,1,0,3,6,8,30,50,33,15,5,102
2026-09-14T21:06:56.658803+00:00,4867,3491572,128x,300ms,25,64,1,2,7,13,16,31,51,34,15,5,104
2026-09-14T21:06:56.698035+00:00,4868,3492292,128x,300ms,25,64,1,3,13,20,28,31,51,34,16,5,104
2026-09-14T21:06:57.419250+00:00,4869,3493012,128x,300ms,25,64,1,51,239,287,424,2388,2957,3419,1802,402,7021
2026-09-14T21:06:58.146263+00:00,4870,3493737,128x,300ms,25,64,1,429,2049,2410,3528,5553,6816,7894,4158,932,16424
2026-09-14T21:06:58.866665+00:00,4871,3494464,128x,300ms,25,64,0,667,3190,3754,5482,8101,9975,11544,6092,1363,23887
2026-09-14T21:06:59.594791+00:00,4872,3495190,128x,300ms,25,64,0,674,3222,3791,5536,7731,9519,11018,5809,1302,22807
2026-09-14T21:07:00.322419+00:00,4873,3495915,128x,300ms,25,64,0,664,3167,3730,5447,7736,9525,11027,5816,1303,22817
2026-09-14T21:07:01.050018+00:00,4874,3496641,128x,300ms,25,64,0,657,3141,3695,5395,7683,9452,10951,5781,1293,22638
2026-09-14T21:07:01.778318+00:00,4875,3497367,128x,300ms,25,64,0,655,3132,3687,5383,7700,9478,10982,5796,1296,22695
2026-09-14T21:07:02.506445+00:00,4876,3498093,128x,300ms,25,64,1,662,3166,3725,5440,7637,9395,10893,5752,1284,22504
2026-09-14T21:07:03.234514+00:00,4877,3498821,128x,300ms,25,64,1,644,3079,3624,5294,7462,9186,10629,5612,1256,21990
2026-09-14T21:07:03.954225+00:00,4878,3499549,128x,300ms,25,64,1,654,3118,3673,5363,7671,9448,10946,5777,1292,22621
2026-09-14T21:07:04.683062+00:00,4879,3500276,128x,300ms,25,64,1,625,2988,3515,5139,6732,8272,9573,5046,1130,19835
2026-09-14T21:07:05.410490+00:00,4880,3501003,128x,300ms,25,64,1,553,2655,3120,4559,6159,7566,8755,4616,1033,18138
2026-09-14T21:07:06.138261+00:00,4881,3501730,128x,300ms,25,64,0,570,2726,3211,4692,6508,8018,9273,4891,1095,19198
2026-09-14T21:07:06.858743+00:00,4882,3502456,128x,300ms,25,64,0,594,2836,3342,4880,6524,8035,9293,4900,1098,19234
2026-09-14T21:07:07.586343+00:00,4883,3503183,128x,300ms,25,64,0,562,2679,3158,4618,6844,8433,9757,5146,1153,20185
2026-09-14T21:07:08.314410+00:00,4884,3503909,128x,300ms,25,64,0,610,2910,3427,5007,6716,8278,9577,5052,1132,19809
2026-09-14T21:07:09.042759+00:00,4885,3504634,128x,300ms,25,64,0,552,2628,3096,4528,6212,7655,8857,4670,1047,18331
2026-09-14T21:07:09.762668+00:00,4886,3505361,128x,300ms,25,64,1,509,2422,2858,4184,5802,7153,8275,4364,979,17139
2026-09-14T21:07:11.178493+00:00,4887,3506087,128x,300ms,25,64,1,388,1842,2177,3192,4088,5053,5846,3082,691,12076
2026-09-14T21:07:11.898650+00:00,4888,3506814,128x,300ms,25,64,1,159,739,881,1300,112,161,171,94,21,368
2026-09-14T21:07:12.618236+00:00,4889,3507536,128x,300ms,25,64,1,6,26,36,54,2508,3120,3626,1907,417,7068
2026-09-14T21:07:13.338239+00:00,4890,3508261,128x,300ms,25,64,1,3,10,16,23,31,51,35,16,6,105
2026-09-14T21:07:14.050809+00:00,4891,3508981,128x,300ms,25,64,0,2,7,13,17,30,51,34,16,5,104
2026-09-14T21:07:14.779037+00:00,4892,3509700,128x,300ms,25,64,0,2,7,13,17,29,48,33,15,5,100
2026-09-14T21:07:14.810567+00:00,4893,3510419,128x,300ms,25,64,0,2,8,13,17,34,55,39,19,6,113
2026-09-14T21:07:15.538228+00:00,4894,3511138,128x,300ms,25,64,0,188,864,1032,1541,4700,5816,6746,3542,794,13763
2026-09-14T21:07:16.258582+00:00,4895,3511863,128x,300ms,25,64,0,419,1975,2333,3448,5656,6992,8100,4272,954,16588
2026-09-14T21:07:17.675082+00:00,4896,3512589,128x,300ms,25,64,1,446,2102,2493,3668,1535,1910,2201,1159,259,4519
2026-09-14T21:07:18.393806+00:00,4897,3513315,128x,300ms,25,64,1,1,7,11,15,9,15,13,7,1,38
2026-09-14T21:07:18.426507+00:00,4898,3514034,128x,300ms,25,64,1,0,4,6,10,257,325,373,198,44,719
2026-09-14T21:07:19.155059+00:00,4899,3514756,128x,300ms,25,64,1,243,1137,1352,2002,4498,5571,6477,3399,758,13049
2026-09-14T21:07:19.881702+00:00,4900,3515482,128x,300ms,25,64,1,478,2253,2659,3928,5946,7345,8517,4480,1006,17524
2026-09-14T21:07:20.610582+00:00,4901,3516209,128x,300ms,25,64,0,550,2604,3068,4511,6642,8205,9523,5018,1123,19530
2026-09-14T21:07:21.330242+00:00,4902,3516935,128x,300ms,25,64,0,579,2731,3220,4738,6245,7722,8981,4732,1053,18253
2026-09-14T21:07:22.059149+00:00,4903,3517661,128x,300ms,25,64,0,512,2415,2845,4192,5638,6976,8115,4272,946,16309
2026-09-14T21:07:22.786531+00:00,4904,3518387,128x,300ms,25,64,0,481,2268,2673,3941,2537,3133,3624,1905,418,7111
2026-09-14T21:07:23.506350+00:00,4905,3519112,128x,300ms,25,64,0,99,466,553,817,1339,1662,1913,1003,222,3801
2026-09-14T21:07:24.234394+00:00,4906,3519836,128x,300ms,25,64,1,113,526,626,929,2356,2914,3369,1774,400,6964
2026-09-14T21:07:24.955254+00:00,4907,3520562,128x,300ms,25,64,1,258,1232,1452,2131,3239,3986,4584,2405,549,9632
2026-09-14T21:07:25.681847+00:00,4908,3521288,128x,300ms,25,64,1,257,1218,1436,2111,2893,3575,4124,2167,491,8575
2026-09-14T21:07:26.410354+00:00,4909,3522014,128x,300ms,25,64,1,277,1323,1556,2280,3099,3807,4370,2295,524,9197
2026-09-14T21:07:27.138656+00:00,4910,3522740,128x,300ms,25,64,1,277,1326,1558,2281,3529,4354,5020,2642,598,10431
2026-09-14T21:07:27.866762+00:00,4911,3523467,128x,300ms,25,64,0,291,1389,1632,2387,3735,4592,5270,2769,633,11097
2026-09-14T21:07:28.587221+00:00,4912,3524193,128x,300ms,25,64,0,385,1843,2160,3151,3852,4739,5447,2864,653,11435
2026-09-14T21:07:29.314300+00:00,4913,3524918,128x,300ms,25,64,0,302,1434,1687,2472,3178,3931,4542,2392,536,9310
2026-09-14T21:07:30.043173+00:00,4914,3525644,128x,300ms,25,64,0,261,1228,1448,2137,4480,5530,6386,3349,757,13136
2026-09-14T21:07:30.763109+00:00,4915,3526369,128x,300ms,25,64,0,408,1927,2265,3332,5886,7264,8417,4424,993,17201
2026-09-14T21:07:31.490259+00:00,4916,3527095,128x,300ms,25,64,1,428,2030,2377,3495,5977,7371,8554,4496,1004,17282
2026-09-14T21:07:32.898583+00:00,4917,3527822,128x,300ms,25,64,1,602,2854,3346,4911,6732,8307,9618,5062,1137,19730
2026-09-14T21:07:33.618544+00:00,4918,3528549,128x,300ms,25,64,1,212,1000,1174,1730,66,94,105,58,13,223
2026-09-14T21:07:34.338102+00:00,4919,3529271,128x,300ms,25,64,1,1,6,10,14,19,30,22,11,4,68
2026-09-14T21:07:35.059094+00:00,4920,3529991,128x,300ms,25,64,1,1,5,8,11,23,37,25,12,5,80
2026-09-14T21:07:35.778226+00:00,4921,3530711,128x,300ms,25,64,0,1,6,11,14,30,49,32,15,5,101
2026-09-14T21:07:36.490194+00:00,4922,3531429,128x,300ms,25,64,0,2,8,14,17,33,54,35,17,6,110
2026-09-14T21:07:37.210426+00:00,4923,3532148,128x,300ms,25,64,0,2,8,14,18,32,54,35,16,6,109
2026-09-14T21:07:37.931015+00:00,4924,3532867,128x,300ms,25,64,0,2,7,12,16,24,40,27,13,4,84
2026-09-14T21:07:38.650971+00:00,4925,3533585,128x,300ms,25,64,0,1,5,9,12,21,34,23,11,4,73
2026-09-14T21:07:39.370625+00:00,4926,3534304,128x,300ms,25,64,1,1,4,7,10,17,28,19,10,3,62
2026-09-14T21:07:40.082905+00:00,4927,3535023,128x,300ms,25,64,1,0,3,4,6,13,21,15,7,2,48
2026-09-14T21:07:40.803068+00:00,4928,3535741,128x,300ms,25,64,1,0,2,4,6,9,14,10,6,1,36
2026-09-14T21:07:41.523023+00:00,4929,3536460,128x,300ms,25,64,1,0,1,2,3,6,9,7,4,0,27
2026-09-14T21:07:42.234531+00:00,4930,3537178,128x,300ms,25,64,1,0,1,1,3,5,9,7,4,0,26
2026-09-14T21:07:42.955144+00:00,4931,3537896,128x,300ms,25,64,0,0,1,1,3,6,11,8,5,0,29
2026-09-14T21:07:43.667367+00:00,4932,3538613,128x,300ms,25,64,0,0,1,2,4,6,11,8,5,0,29
2026-09-14T21:07:44.386454+00:00,4933,3539330,128x,300ms,25,64,0,0,1,2,3,8,14,10,5,0,34
2026-09-14T21:07:45.106402+00:00,4934,3540047,128x,300ms,25,64,0,0,2,4,6,14,23,16,8,2,52
2026-09-14T21:07:45.826868+00:00,4935,3540765,128x,300ms,25,64,0,0,3,5,8,15,26,18,8,2,57
2026-09-14T21:07:46.547168+00:00,4936,3541483,128x,300ms,25,64,1,0,3,6,8,22,37,25,11,3,76
2026-09-14T21:07:47.266662+00:00,4937,3542202,128x,300ms,25,64,1,1,5,9,12,22,38,25,11,3,78
2026-09-14T21:07:47.986489+00:00,4938,3542922,128x,300ms,25,64,1,1,4,7,10,21,35,23,10,2,72
2026-09-14T21:07:48.698516+00:00,4939,3543641,128x,300ms,25,64,1,1,6,11,15,27,45,30,14,4,92
2026-09-14T21:07:49.418849+00:00,4940,3544360,128x,300ms,25,64,1,0,3,6,8,10,18,13,6,1,42
2026-09-14T21:07:50.138960+00:00,4941,3545079,128x,300ms,25,64,0,0,2,5,7,15,26,18,8,1,57
2026-09-14T21:07:50.859010+00:00,4942,3545797,128x,300ms,25,64,0,0,4,7,9,19,32,21,10,2,67
2026-09-14T21:07:51.570962+00:00,4943,3546515,128x,300ms,25,64,0,1,5,10,13,24,42,27,13,3,84
2026-09-14T21:07:52.290146+00:00,4944,3547234,128x,300ms,25,64,0,2,6,11,14,27,45,30,13,3,91
2026-09-14T21:07:53.010662+00:00,4945,3547952,128x,300ms,25,64,0,1,6,10,14,26,44,29,13,3,88
2026-09-14T21:07:53.731117+00:00,4946,3548670,128x,300ms,25,64,1,1,5,10,13,24,41,27,12,3,82
2026-09-14T21:07:54.450856+00:00,4947,3549390,128x,300ms,25,64,1,1,5,9,12,26,43,28,13,3,88
2026-09-14T21:07:55.169814+00:00,4948,3550109,128x,300ms,25,64,1,2,6,11,14,27,45,30,13,4,91
2026-09-14T21:07:55.881823+00:00,4949,3550829,128x,300ms,25,64,1,1,6,11,15,27,46,30,14,4,92
2026-09-14T21:07:56.602823+00:00,4950,3551549,128x,300ms,25,64,1,1,6,11,14,25,43,29,13,3,88
2026-09-14T21:07:57.323035+00:00,4951,3552269,128x,300ms,25,64,0,0,2,5,7,9,16,12,6,0,37
2026-09-14T21:07:58.042513+00:00,4952,3552986,128x,300ms,25,64,0,1,5,10,13,26,45,30,13,3,90
2026-09-14T21:07:58.762969+00:00,4953,3553704,128x,300ms,25,64,0,1,6,11,14,26,45,29,13,3,90
2026-09-14T21:07:59.474884+00:00,4954,3554423,128x,300ms,25,64,0,1,6,10,13,21,35,23,11,3,73
2026-09-14T21:08:00.202315+00:00,4955,3555141,128x,300ms,25,64,0,0,3,5,7,16,25,19,12,4,64
2026-09-14T21:08:00.922286+00:00,4956,3555859,128x,300ms,25,64,1,4,11,16,24,17,22,20,16,5,187
2026-09-14T21:08:01.634945+00:00,4957,3556580,128x,300ms,25,64,1,0,2,3,4,20,34,21,10,2,84
2026-09-14T21:08:02.354744+00:00,4958,3557299,128x,300ms,25,64,1,7,115,61,16,19,32,21,10,2,102
2026-09-14T21:08:03.074814+00:00,4959,3558020,128x,300ms,25,64,1,7,124,63,15,19,30,20,12,1,141
2026-09-14T21:08:03.802450+00:00,4960,3558739,128x,300ms,25,64,1,7,131,65,14,21,32,22,14,2,198
2026-09-14T21:08:04.523004+00:00,4961,3559460,128x,300ms,25,64,0,7,132,66,14,17,27,18,10,1,116
2026-09-14T21:08:05.242485+00:00,4962,3560179,128x,300ms,25,64,0,142,2571,1174,116,106,109,114,146,25,3114
2026-09-14T21:08:05.961529+00:00,4963,3560903,128x,300ms,25,64,0,355,6480,2965,274,90,97,97,117,20,2300
2026-09-14T21:08:06.681796+00:00,4964,3561626,128x,300ms,25,64,0,1,6,8,10,17,29,20,10,2,83
2026-09-14T21:08:07.402571+00:00,4965,3562345,128x,300ms,25,64,0,4,73,41,14,19,33,21,10,2,67
2026-09-14T21:08:08.122590+00:00,4966,3563064,128x,300ms,25,64,1,1,4,7,9,18,30,20,9,2,64
2026-09-14T21:08:08.842838+00:00,4967,3563783,128x,300ms,25,64,1,5,97,51,14,60,70,65,70,14,1473
2026-09-14T21:08:09.562380+00:00,4968,3564504,128x,300ms,25,64,1,157,2898,1358,130,84,86,92,117,21,2676
2026-09-14T21:08:10.289694+00:00,4969,3565227,128x,300ms,25,64,1,118,2189,1020,92,69,69,76,99,18,2248
2026-09-14T21:08:11.011039+00:00,4970,3565948,128x,300ms,25,64,1,119,2176,1018,100,81,89,88,105,21,2285
2026-09-14T21:08:11.737533+00:00,4971,3566671,128x,300ms,25,64,0,118,2173,1014,94,72,73,79,101,19,2257
2026-09-14T21:08:12.451691+00:00,4972,3567393,128x,300ms,25,64,0,118,2174,1014,96,82,90,88,105,20,2285
2026-09-14T21:08:13.171854+00:00,4973,3568116,128x,300ms,25,64,0,120,2177,1020,102,71,72,77,100,18,2251
2026-09-14T21:08:13.900431+00:00,4974,3568839,128x,300ms,25,64,0,118,2172,1011,91,65,63,72,97,17,2236
2026-09-14T21:08:14.619881+00:00,4975,3569561,128x,300ms,25,64,0,117,2171,1010,91,65,62,71,97,17,2234
2026-09-14T21:08:15.340845+00:00,4976,3570283,128x,300ms,25,64,1,117,2171,1010,91,65,63,72,97,17,2234
2026-09-14T21:08:16.060843+00:00,4977,3571005,128x,300ms,25,64,1,117,2172,1010,91,65,62,71,97,17,2233
2026-09-14T21:08:16.781776+00:00,4978,3571727,128x,300ms,25,64,1,117,2173,1010,91,65,62,71,97,17,2234
2026-09-14T21:08:17.504053+00:00,4979,3572449,128x,300ms,25,64,1,117,2172,1009,91,65,62,71,97,17,2233
2026-09-14T21:08:18.224490+00:00,4980,3573170,128x,300ms,25,64,1,117,2173,1010,90,65,62,71,97,17,2233
2026-09-14T21:08:18.947852+00:00,4981,3573892,128x,300ms,25,64,0,117,2172,1010,90,64,62,71,97,17,2231
2026-09-14T21:08:19.675240+00:00,4982,3574614,128x,300ms,25,64,0,117,2173,1009,90,65,62,71,97,17,2232
2026-09-14T21:08:20.396192+00:00,4983,3575336,128x,300ms,25,64,0,117,2173,1009,90,64,61,71,97,17,2232
2026-09-14T21:08:21.115977+00:00,4984,3576058,128x,300ms,25,64,0,117,2173,1010,90,65,62,71,97,17,2233
2026-09-14T21:08:21.835786+00:00,4985,3576781,128x,300ms,25,64,0,118,2173,1009,90,65,62,71,97,17,2235
2026-09-14T21:08:22.555886+00:00,4986,3577504,128x,300ms,25,64,1,117,2172,1009,90,65,62,71,97,17,2233
2026-09-14T21:08:23.275731+00:00,4987,3578226,128x,300ms,25,64,1,117,2172,1009,90,65,62,71,97,17,2232
2026-09-14T21:08:24.003499+00:00,4988,3578947,128x,300ms,25,64,1,118,2173,1009,90,65,61,71,97,16,2232
2026-09-14T21:08:24.723569+00:00,4989,3579669,128x,300ms,25,64,1,117,2174,1009,90,65,62,71,97,17,2233
2026-09-14T21:08:25.442956+00:00,4990,3580391,128x,300ms,25,64,1,117,2174,1009,90,65,62,71,97,17,2234
2026-09-14T21:08:26.172030+00:00,4991,3581113,128x,300ms,25,64,0,117,2174,1009,90,65,62,71,97,17,2233
2026-09-14T21:08:26.892525+00:00,4992,3581835,128x,300ms,25,64,0,117,2175,1009,90,65,62,71,97,17,2233
2026-09-14T21:08:27.612303+00:00,4993,3582558,128x,300ms,25,64,0,117,2174,1009,91,65,62,71,97,17,2233
2026-09-14T21:08:28.332312+00:00,4994,3583280,128x,300ms,25,64,0,117,2174,1008,90,88,101,94,107,22,2305
2026-09-14T21:08:29.059650+00:00,4995,3584003,128x,300ms,25,64,0,120,2181,1020,104,90,104,97,109,22,2312
2026-09-14T21:08:29.778831+00:00,4996,3584727,128x,300ms,25,64,1,120,2182,1020,104,90,105,97,108,22,2313
2026-09-14T21:08:30.500401+00:00,4997,3585449,128x,300ms,25,64,1,120,2181,1020,104,89,103,96,108,22,2310
2026-09-14T21:08:31.220477+00:00,4998,3586172,128x,300ms,25,64,1,119,2179,1016,100,79,85,85,103,19,2276
2026-09-14T21:08:31.940367+00:00,4999,3586895,128x,300ms,25,64,1,118,2178,1013,96,78,84,84,102,18,2285
2026-09-14T21:08:32.659607+00:00,5000,3587618,128x,300ms,25,64,1,54,1041,513,49,0,1,0,0,0,36
2026-09-14T21:08:33.379679+00:00,5001,3588337,128x,300ms,25,64,0,1,40,19,1,0,0,0,0,0,36
2026-09-14T21:08:34.092478+00:00,5002,3589055,128x,300ms,25,64,0,1,47,26,1,2,4,2,0,0,12
2026-09-14T21:08:34.812518+00:00,5003,3589773,128x,300ms,25,64,0,0,0,1,1,21,25,22,23,2,538
2026-09-14T21:08:35.532268+00:00,5004,3590491,128x,300ms,25,64,0,33,615,301,28,15,18,16,17,1,396
2026-09-14T21:08:36.251722+00:00,5005,3591212,128x,300ms,25,64,0,10,214,114,9,24,27,25,29,3,692
2026-09-14T21:08:36.971819+00:00,5006,3591931,128x,300ms,25,64,1,1,43,22,1,1,1,1,0,0,37
2026-09-14T21:08:37.684220+00:00,5007,3592649,128x,300ms,25,64,1,1,39,19,1,1,1,1,0,0,37
2026-09-14T21:08:38.403914+00:00,5008,3593367,128x,300ms,25,64,1,1,40,20,0,1,1,0,0,0,36
2026-09-14T21:08:39.124394+00:00,5009,3594085,128x,300ms,25,64,1,1,40,20,1,1,2,1,1,0,38
2026-09-14T21:08:39.843674+00:00,5010,3594803,128x,300ms,25,64,1,1,40,20,1,1,1,1,0,0,37
2026-09-14T21:08:40.556699+00:00,5011,3595521,128x,300ms,25,64,0,1,40,19,0,0,0,0,0,0,36
2026-09-14T21:08:41.276584+00:00,5012,3596239,128x,300ms,25,64,0,1,40,19,0,0,0,0,0,0,36
2026-09-14T21:08:41.996357+00:00,5013,3596957,128x,300ms,25,64,0,1,40,19,0,1,1,0,0,0,36
2026-09-14T21:08:42.708487+00:00,5014,3597675,128x,300ms,25,64,0,1,40,19,0,0,1,0,0,0,36
2026-09-14T21:08:43.428468+00:00,5015,3598393,128x,300ms,25,64,0,1,39,19,0,1,1,1,0,0,37
2026-09-14T21:08:44.148023+00:00,5016,3599111,128x,300ms,25,64,1,1,40,20,0,1,1,1,1,0,37
2026-09-14T21:08:44.868387+00:00,5017,3599828,128x,300ms,25,64,1,1,40,20,1,1,1,1,1,0,38
2026-09-14T21:08:45.580460+00:00,5018,3600546,128x,300ms,25,64,1,1,40,20,1,1,1,1,1,0,37
2026-09-14T21:08:46.300421+00:00,5019,3601264,128x,300ms,25,64,1,1,40,20,1,1,1,1,1,0,38
2026-09-14T21:08:47.020116+00:00,5020,3601982,128x,300ms,25,64,1,1,40,20,1,1,1,1,1,0,38
2026-09-14T21:08:47.739563+00:00,5021,3602700,128x,300ms,25,64,0,1,40,19,1,36,15,9,8,1,259
2026-09-14T21:08:48.468298+00:00,5022,3603418,128x,300ms,25,64,0,11,176,101,106,262,97,58,51,26,1496
2026-09-14T21:08:49.187648+00:00,5023,3604140,128x,300ms,25,64,0,69,852,507,739,268,104,64,57,29,1718
2026-09-14T21:08:49.908276+00:00,5024,3604862,128x,300ms,25,64,0,78,934,558,961,428,156,93,81,44,2236
2026-09-14T21:08:50.635809+00:00,5025,3605584,128x,300ms,25,64,0,55,641,378,670,490,173,99,81,47,2194
2026-09-14T21:08:51.355953+00:00,5026,3606307,128x,300ms,25,64,1,124,1376,798,1592,606,219,128,106,61,2817
2026-09-14T21:08:52.076226+00:00,5027,3607031,128x,300ms,25,64,1,125,1378,800,1596,608,221,129,106,61,2821
2026-09-14T21:08:52.804598+00:00,5028,3607754,128x,300ms,25,64,1,125,1378,800,1595,607,219,128,106,61,2817
2026-09-14T21:08:53.523836+00:00,5029,3608478,128x,300ms,25,64,1,124,1378,799,1593,606,218,128,105,60,2816
2026-09-14T21:08:54.251625+00:00,5030,3609202,128x,300ms,25,64,1,124,1378,799,1593,606,219,127,106,61,2816
2026-09-14T21:08:54.972551+00:00,5031,3609925,128x,300ms,25,64,0,125,1378,799,1593,604,217,126,105,60,2811
2026-09-14T21:08:55.691586+00:00,5032,3610649,128x,300ms,25,64,0,125,1378,799,1593,606,219,128,106,60,2816
2026-09-14T21:08:56.420070+00:00,5033,3611373,128x,300ms,25,64,0,124,1379,799,1593,605,216,126,105,60,2813
2026-09-14T21:08:57.148189+00:00,5034,3612097,128x,300ms,25,64,0,124,1379,799,1593,606,218,128,106,60,2817
2026-09-14T21:08:57.867796+00:00,5035,3612821,128x,300ms,25,64,0,125,1379,800,1594,607,219,128,106,61,2819
2026-09-14T21:08:58.588721+00:00,5036,3613545,128x,300ms,25,64,1,125,1380,800,1594,607,220,129,106,61,2820
2026-09-14T21:08:59.308524+00:00,5037,3614269,128x,300ms,25,64,1,125,1380,801,1598,610,224,131,107,61,2828
2026-09-14T21:09:00.035811+00:00,5038,3614993,128x,300ms,25,64,1,125,1381,801,1597,606,218,127,106,60,2817
2026-09-14T21:09:00.755649+00:00,5039,3615716,128x,300ms,25,64,1,124,1378,797,1585,564,194,113,97,55,2661
2026-09-14T21:09:01.476235+00:00,5040,3616439,128x,300ms,25,64,1,30,388,234,374,69,24,15,13,3,378
2026-09-14T21:09:02.188304+00:00,5041,3617160,128x,300ms,25,64,0,40,473,290,520,7,8,5,2,0,30
2026-09-14T21:09:02.908321+00:00,5042,3617881,128x,300ms,25,64,0,0,9,5,13,7,7,4,1,0,25
2026-09-14T21:09:03.627462+00:00,5043,3618598,128x,300ms,25,64,0,0,1,1,4,12,6,3,1,0,56
2026-09-14T21:09:04.348773+00:00,5044,3619315,128x,300ms,25,64,0,0,1,1,2,0,0,0,0,0,3
2026-09-14T21:09:05.067848+00:00,5045,3620032,128x,300ms,25,64,0,7,108,80,131,297,105,67,63,32,2042
2026-09-14T21:09:05.788625+00:00,5046,3620754,128x,300ms,25,64,1,73,945,563,804,61,21,12,10,3,284
2026-09-14T21:09:06.508346+00:00,5047,3621474,128x,300ms,25,64,1,7,91,61,129,220,76,46,40,21,1232
2026-09-14T21:09:07.227440+00:00,5048,3622196,128x,300ms,25,64,1,167,1976,1269,2316,205,70,42,37,19,1177
2026-09-14T21:09:07.947726+00:00,5049,3622918,128x,300ms,25,64,1,7,89,60,130,45,15,8,6,1,202
2026-09-14T21:09:08.667836+00:00,5050,3623636,128x,300ms,25,64,1,18,204,124,257,34,12,7,6,3,168
2026-09-14T21:09:09.387726+00:00,5051,3624356,128x,300ms,25,64,0,0,0,0,0,174,57,31,26,15,778
2026-09-14T21:09:10.108607+00:00,5052,3625075,128x,300ms,25,64,0,58,648,409,807,99,34,19,15,7,477
2026-09-14T21:09:10.827451+00:00,5053,3625797,128x,300ms,25,64,0,7,89,59,127,14,5,3,2,1,68
2026-09-14T21:09:11.547592+00:00,5054,3626516,128x,300ms,25,64,0,8,96,64,136,70,24,13,11,4,321
2026-09-14T21:09:11.587525+00:00,5055,3627237,128x,300ms,25,64,0,73,745,471,1137,519,173,97,79,51,2509
2026-09-14T21:09:12.995910+00:00,5056,3627959,128x,300ms,25,64,1,183,2024,1334,2501,1270,432,256,220,138,7116
2026-09-14T21:09:13.717171+00:00,5057,3628683,128x,300ms,25,64,1,221,2741,1650,2486,427,167,118,127,57,4358
2026-09-14T21:09:14.435782+00:00,5058,3629407,128x,300ms,25,64,1,109,1418,841,1031,506,179,113,106,57,3389
2026-09-14T21:09:15.155989+00:00,5059,3630130,128x,300ms,25,64,1,133,1530,889,1727,43,16,9,7,3,204
2026-09-14T21:09:15.874970+00:00,5060,3630850,128x,300ms,25,64,1,2,33,22,45,11,5,3,2,0,55
2026-09-14T21:09:16.595538+00:00,5061,3631568,128x,300ms,25,64,0,0,19,11,22,0,0,0,0,0,2
2026-09-14T21:09:17.316543+00:00,5062,3632286,128x,300ms,25,64,0,0,0,0,0,0,0,0,0,0,3
2026-09-14T21:09:18.043664+00:00,5063,3633004,128x,300ms,25,64,0,15,175,101,212,620,209,117,97,61,2747
2026-09-14T21:09:18.763689+00:00,5064,3633727,128x,300ms,25,64,0,136,1476,907,1915,1033,345,194,159,106,4580
2026-09-14T21:09:19.483729+00:00,5065,3634451,128x,300ms,25,64,0,34,406,241,462,121,42,25,21,10,580
2026-09-14T21:09:20.203761+00:00,5066,3635173,128x,300ms,25,64,1,23,281,164,315,121,44,26,21,10,574
2026-09-14T21:09:20.924514+00:00,5067,3635894,128x,300ms,25,64,1,24,282,166,320,126,50,30,23,11,587
2026-09-14T21:09:21.643639+00:00,5068,3636616,128x,300ms,25,64,1,25,284,168,326,136,64,38,26,12,611
2026-09-14T21:09:22.363372+00:00,5069,3637337,128x,300ms,25,64,1,26,284,168,328,137,64,38,26,12,611
2026-09-14T21:09:23.083688+00:00,5070,3638057,128x,300ms,25,64,1,25,284,169,329,136,64,38,26,12,611
2026-09-14T21:09:23.812401+00:00,5071,3638778,128x,300ms,25,64,0,26,284,168,329,137,64,38,26,12,611
2026-09-14T21:09:24.532774+00:00,5072,3639501,128x,300ms,25,64,0,25,284,168,328,137,64,38,26,12,611
2026-09-14T21:09:25.251959+00:00,5073,3640223,128x,300ms,25,64,0,25,284,168,328,136,64,38,26,12,611
2026-09-14T21:09:25.971716+00:00,5074,3640945,128x,300ms,25,64,0,25,284,168,328,136,64,38,26,12,611
2026-09-14T21:09:26.692740+00:00,5075,3641667,128x,300ms,25,64,0,25,284,168,328,137,63,38,26,12,611
2026-09-14T21:09:27.420759+00:00,5076,3642390,128x,300ms,25,64,1,25,284,168,329,136,63,37,26,12,611
2026-09-14T21:09:28.139587+00:00,5077,3643111,128x,300ms,25,64,1,25,284,168,329,137,63,38,26,12,611
2026-09-14T21:09:28.859883+00:00,5078,3643832,128x,300ms,25,64,1,25,284,168,328,136,64,38,26,12,611
2026-09-14T21:09:29.580573+00:00,5079,3644553,128x,300ms,25,64,1,25,284,168,328,136,64,38,26,12,611
2026-09-14T21:09:30.300437+00:00,5080,3645275,128x,300ms,25,64,1,25,284,168,328,137,64,38,26,12,611
2026-09-14T21:09:31.028257+00:00,5081,3645996,128x,300ms,25,64,0,25,284,168,328,136,64,38,26,12,611
2026-09-14T21:09:31.747773+00:00,5082,3646717,128x,300ms,25,64,0,26,284,168,328,136,64,38,26,12,611
2026-09-14T21:09:32.467803+00:00,5083,3647440,128x,300ms,25,64,0,25,284,168,328,136,64,37,26,12,611
2026-09-14T21:09:33.187724+00:00,5084,3648162,128x,300ms,25,64,0,25,284,168,328,136,64,38,26,12,611
2026-09-14T21:09:33.908591+00:00,5085,3648884,128x,300ms,25,64,0,26,284,168,328,137,64,38,26,12,611
2026-09-14T21:09:34.635652+00:00,5086,3649606,128x,300ms,25,64,1,25,284,168,328,127,52,31,23,11,588
2026-09-14T21:09:35.356046+00:00,5087,3650328,128x,300ms,25,64,1,24,281,165,318,156,64,38,29,14,729
2026-09-14T21:09:36.075728+00:00,5088,3651049,128x,300ms,25,64,1,109,1182,636,1292,482,173,100,82,47,2210
2026-09-14T21:09:36.796106+00:00,5089,3651772,128x,300ms,25,64,1,20,241,143,278,141,56,33,25,11,649
2026-09-14T21:09:37.523756+00:00,5090,3652494,128x,300ms,25,64,1,98,1060,595,1237,462,168,98,80,45,2143
2026-09-14T21:09:38.243599+00:00,5091,3653217,128x,300ms,25,64,0,103,1147,661,1311,341,127,75,60,33,1586
2026-09-14T21:09:38.964073+00:00,5092,3653940,128x,300ms,25,64,0,23,262,153,291,117,49,29,21,10,535
2026-09-14T21:09:39.684779+00:00,5093,3654662,128x,300ms,25,64,0,22,257,151,291,115,47,28,21,10,532
2026-09-14T21:09:40.404505+00:00,5094,3655383,128x,300ms,25,64,0,21,256,150,287,110,40,24,20,9,519
2026-09-14T21:09:41.124426+00:00,5095,3656104,128x,300ms,25,64,0,21,256,149,286,110,40,24,19,8,519
2026-09-14T21:09:41.847755+00:00,5096,3656826,128x,300ms,25,64,1,21,256,149,286,111,41,25,20,9,520
2026-09-14T21:09:42.567417+00:00,5097,3657548,128x,300ms,25,64,1,22,256,150,287,112,43,26,20,9,524
2026-09-14T21:09:43.288334+00:00,5098,3658269,128x,300ms,25,64,1,22,257,151,288,112,43,25,20,9,523
2026-09-14T21:09:44.008575+00:00,5099,3658990,128x,300ms,25,64,1,21,256,150,287,111,41,24,19,9,520
2026-09-14T21:09:44.735234+00:00,5100,3659711,128x,300ms,25,64,1,22,256,150,287,114,45,27,20,9,528
2026-09-14T21:09:45.455683+00:00,5101,3660433,128x,300ms,25,64,0,22,258,152,292,124,59,35,24,10,553
2026-09-14T21:09:46.175730+00:00,5102,3661155,128x,300ms,25,64,0,23,259,153,299,127,61,36,24,11,558
2026-09-14T21:09:46.895642+00:00,5103,3661877,128x,300ms,25,64,0,23,259,154,299,126,61,36,24,11,558
2026-09-14T21:09:47.614839+00:00,5104,3662599,128x,300ms,25,64,0,23,259,154,299,126,61,36,24,11,558
2026-09-14T21:09:48.336088+00:00,5105,3663322,128x,300ms,25,64,0,23,259,154,299,127,61,36,24,11,558
2026-09-14T21:09:49.063241+00:00,5106,3664044,128x,300ms,25,64,1,23,259,154,298,126,61,36,24,11,558
2026-09-14T21:09:49.784075+00:00,5107,3664764,128x,300ms,25,64,1,23,259,154,299,76,43,26,15,6,319
2026-09-14T21:09:50.504346+00:00,5108,3665485,128x,300ms,25,64,1,23,260,154,299,127,61,36,24,11,558
2026-09-14T21:09:51.223864+00:00,5109,3666206,128x,300ms,25,64,1,23,259,154,298,127,61,36,24,11,558
2026-09-14T21:09:51.951699+00:00,5110,3666928,128x,300ms,25,64,1,23,259,154,299,127,61,36,24,11,558
2026-09-14T21:09:52.671507+00:00,5111,3667649,128x,300ms,25,64,0,23,259,154,299,126,61,36,24,11,558
2026-09-14T21:09:53.391607+00:00,5112,3668371,128x,300ms,25,64,0,23,260,154,299,126,61,36,24,11,558
2026-09-14T21:09:54.112275+00:00,5113,3669094,128x,300ms,25,64,0,23,260,154,299,126,61,36,24,11,558
2026-09-14T21:09:54.831486+00:00,5114,3669816,128x,300ms,25,64,0,23,260,154,298,127,61,36,24,11,558
2026-09-14T21:09:55.552309+00:00,5115,3670538,128x,300ms,25,64,0,23,260,154,299,127,61,36,24,11,558
2026-09-14T21:09:56.271498+00:00,5116,3671260,128x,300ms,25,64,1,23,260,154,299,126,61,36,24,11,558
2026-09-14T21:09:56.991607+00:00,5117,3671982,128x,300ms,25,64,1,23,260,154,299,126,61,36,24,11,558
2026-09-14T21:09:57.719367+00:00,5118,3672702,128x,300ms,25,64,1,23,260,154,299,126,61,36,24,11,558
2026-09-14T21:09:58.439332+00:00,5119,3673423,128x,300ms,25,64,1,23,260,154,298,127,61,36,24,11,558
2026-09-14T21:09:59.151661+00:00,5120,3674145,128x,300ms,25,64,1,7,76,46,95,23,25,15,6,0,71
2026-09-14T21:09:59.871858+00:00,5121,3674864,128x,300ms,25,64,0,1,2,3,14,45,33,20,10,3,174
2026-09-14T21:10:00.583635+00:00,5122,3675583,128x,300ms,25,64,0,1,2,3,14,19,23,14,5,0,49
2026-09-14T21:10:01.303397+00:00,5123,3676301,128x,300ms,25,64,0,1,3,4,14,19,23,14,5,0,49
2026-09-14T21:10:02.023145+00:00,5124,3677019,128x,300ms,25,64,0,1,2,4,14,34,29,17,8,1,122
2026-09-14T21:10:02.743515+00:00,5125,3677736,128x,300ms,25,64,0,1,3,3,14,95,50,30,19,7,408
2026-09-14T21:10:03.463547+00:00,5126,3678455,128x,300ms,25,64,1,23,260,153,299,127,61,36,24,11,559
2026-09-14T21:10:04.184483+00:00,5127,3679176,128x,300ms,25,64,1,21,227,134,262,127,61,36,24,11,559
2026-09-14T21:10:04.911254+00:00,5128,3679897,128x,300ms,25,64,1,23,260,153,299,127,61,37,24,11,558
2026-09-14T21:10:05.631462+00:00,5129,3680618,128x,300ms,25,64,1,24,260,154,299,127,61,36,24,11,559
2026-09-14T21:10:06.352454+00:00,5130,3681340,128x,300ms,25,64,1,23,260,154,299,127,61,36,24,11,559
2026-09-14T21:10:07.072596+00:00,5131,3682061,128x,300ms,25,64,0,23,260,154,299,126,61,36,24,11,559
2026-09-14T21:10:07.800576+00:00,5132,3682783,128x,300ms,25,64,0,23,260,154,299,127,61,36,24,11,558
2026-09-14T21:10:08.519457+00:00,5133,3683506,128x,300ms,25,64,0,23,260,154,299,127,61,36,24,11,559
2026-09-14T21:10:09.240057+00:00,5134,3684228,128x,300ms,25,64,0,23,260,154,299,127,61,36,24,11,559
2026-09-14T21:10:09.960291+00:00,5135,3684950,128x,300ms,25,64,0,23,260,154,299,127,61,36,24,11,559
2026-09-14T21:10:10.680517+00:00,5136,3685671,128x,300ms,25,64,1,23,260,154,299,127,61,36,24,11,559
2026-09-14T21:10:11.400637+00:00,5137,3686392,128x,300ms,25,64,1,23,260,154,299,127,61,36,24,11,558
2026-09-14T21:10:12.118932+00:00,5138,3687114,128x,300ms,25,64,1,23,260,153,299,127,61,36,24,11,558
2026-09-14T21:10:12.839795+00:00,5139,3687835,128x,300ms,25,64,1,24,260,154,299,126,61,36,24,11,558
2026-09-14T21:10:13.568183+00:00,5140,3688557,128x,300ms,25,64,1,23,260,154,299,127,61,37,24,11,558
2026-09-14T21:10:14.287839+00:00,5141,3689278,128x,300ms,25,64,0,23,260,154,299,127,61,36,24,11,559
2026-09-14T21:10:15.007532+00:00,5142,3690000,128x,300ms,25,64,0,23,261,154,299,127,61,36,24,11,559
2026-09-14T21:10:15.728577+00:00,5143,3690722,128x,300ms,25,64,0,23,260,154,299,127,61,36,24,11,559
2026-09-14T21:10:16.455524+00:00,5144,3691444,128x,300ms,25,64,0,23,260,154,299,126,61,36,24,11,559
2026-09-14T21:10:17.175215+00:00,5145,3692166,128x,300ms,25,64,0,23,260,153,299,126,61,36,24,11,559
2026-09-14T21:10:17.895903+00:00,5146,3692889,128x,300ms,25,64,1,23,260,153,299,126,61,36,24,11,559
2026-09-14T21:10:18.614767+00:00,5147,3693609,128x,300ms,25,64,1,23,260,154,299,126,61,36,24,11,559
2026-09-14T21:10:19.335696+00:00,5148,3694330,128x,300ms,25,64,1,23,260,154,299,126,61,36,24,11,559
2026-09-14T21:10:20.055467+00:00,5149,3695052,128x,300ms,25,64,1,23,261,154,299,127,61,36,24,11,559
2026-09-14T21:10:20.783604+00:00,5150,3695773,128x,300ms,25,64,1,23,261,154,299,126,61,36,24,11,559
2026-09-14T21:10:21.503909+00:00,5151,3696494,128x,300ms,25,64,0,23,261,153,299,127,61,36,24,11,558
2026-09-14T21:10:22.224132+00:00,5152,3697216,128x,300ms,25,64,0,23,260,153,299,127,61,36,24,11,559
2026-09-14T21:10:22.943605+00:00,5153,3697939,128x,300ms,25,64,0,23,261,153,299,127,61,36,24,11,559
2026-09-14T21:10:23.672240+00:00,5154,3698661,128x,300ms,25,64,0,23,261,153,299,128,60,36,24,11,565
2026-09-14T21:10:24.391562+00:00,5155,3699383,128x,300ms,25,64,0,25,292,172,334,371,130,75,63,35,1727
2026-09-14T21:10:25.111883+00:00,5156,3700105,128x,300ms,25,64,1,138,1455,848,1890,788,267,151,124,78,3461
2026-09-14T21:10:25.831415+00:00,5157,3700828,128x,300ms,25,64,1,44,483,282,601,91,37,22,16,6,408
2026-09-14T21:10:26.552296+00:00,5158,3701549,128x,300ms,25,64,1,17,188,114,235,96,43,25,17,7,419
2026-09-14T21:10:27.272251+00:00,5159,3702269,128x,300ms,25,64,1,16,186,112,226,88,34,20,15,6,401
2026-09-14T21:10:27.991462+00:00,5160,3702990,128x,300ms,25,64,1,16,186,112,228,85,31,18,14,5,395
2026-09-14T21:10:28.711104+00:00,5161,3703711,128x,300ms,25,64,0,15,178,107,217,77,27,16,13,5,356
2026-09-14T21:10:29.431465+00:00,5162,3704432,128x,300ms,25,64,0,11,134,79,162,41,15,9,6,1,189
2026-09-14T21:10:30.152645+00:00,5163,3705152,128x,300ms,25,64,0,6,86,50,105,40,14,9,6,1,184
2026-09-14T21:10:30.871845+00:00,5164,3705872,128x,300ms,25,64,0,6,86,51,105,40,15,9,6,1,185
2026-09-14T21:10:31.591677+00:00,5165,3706592,128x,300ms,25,64,0,5,74,44,91,35,13,7,5,0,159
2026-09-14T21:10:32.312137+00:00,5166,3707311,128x,300ms,25,64,1,5,74,43,91,35,13,7,5,0,160
2026-09-14T21:10:33.024392+00:00,5167,3708030,128x,300ms,25,64,1,6,74,43,91,35,13,8,5,0,160
2026-09-14T21:10:33.744398+00:00,5168,3708749,128x,300ms,25,64,1,6,74,43,91,35,13,7,5,0,160
2026-09-14T21:10:34.463883+00:00,5169,3709467,128x,300ms,25,64,1,5,74,43,91,35,13,8,5,0,160
2026-09-14T21:10:35.183906+00:00,5170,3710186,128x,300ms,25,64,1,5,74,43,91,35,13,8,6,0,161
2026-09-14T21:10:35.895553+00:00,5171,3710905,128x,300ms,25,64,0,5,74,44,91,35,13,8,6,1,161
2026-09-14T21:10:36.615806+00:00,5172,3711624,128x,300ms,25,64,0,5,74,44,91,35,13,8,5,1,161
2026-09-14T21:10:37.335678+00:00,5173,3712342,128x,300ms,25,64,0,6,74,44,91,35,13,8,6,0,160
2026-09-14T21:10:38.055561+00:00,5174,3713060,128x,300ms,25,64,0,2,36,21,43,10,5,3,2,0,52
2026-09-14T21:10:38.767622+00:00,5175,3713778,128x,300ms,25,64,0,1,23,13,25,8,4,3,2,0,47
2026-09-14T21:10:39.488082+00:00,5176,3714496,128x,300ms,25,64,1,0,20,10,16,5,3,2,1,0,32
2026-09-14T21:10:40.199576+00:00,5177,3715214,128x,300ms,25,64,1,0,9,5,7,1,1,1,0,0,9
2026-09-14T21:10:40.919939+00:00,5178,3715931,128x,300ms,25,64,1,0,0,0,1,1,1,1,0,0,8
2026-09-14T21:10:41.639506+00:00,5179,3716646,128x,300ms,25,64,1,0,10,5,8,9,5,3,1,0,49
2026-09-14T21:10:42.351639+00:00,5180,3717364,128x,300ms,25,64,1,2,35,18,32,20,9,5,3,0,97
2026-09-14T21:10:43.071888+00:00,5181,3718082,128x,300ms,25,64,0,0,16,9,18,21,13,8,4,0,93
2026-09-14T21:10:43.791541+00:00,5182,3718800,128x,300ms,25,64,0,2,34,19,38,22,14,9,4,0,92
2026-09-14T21:10:44.511463+00:00,5183,3719518,128x,300ms,25,64,0,4,52,29,54,23,15,9,5,0,100
2026-09-14T21:10:45.224162+00:00,5184,3720237,128x,300ms,25,64,0,0,12,7,16,5,7,4,1,0,17
2026-09-14T21:10:45.943541+00:00,5185,3720954,128x,300ms,25,64,0,0,0,0,3,5,5,4,1,0,16
2026-09-14T21:10:46.655923+00:00,5186,3721670,128x,300ms,25,64,1,0,0,0,2,2,2,2,0,0,10
2026-09-14T21:10:47.376004+00:00,5187,3722388,128x,300ms,25,64,1,0,0,0,2,2,3,2,0,0,11
2026-09-14T21:10:48.096639+00:00,5188,3723105,128x,300ms,25,64,1,0,0,0,2,6,7,4,1,0,20
2026-09-14T21:10:50.504653+00:00,5189,3723823,128x,300ms,25,64,1,0,1,2,8,11,14,8,3,0,32
2026-09-14T21:10:50.543229+00:00,5190,3724540,128x,300ms,25,64,1,0,1,2,8,9,11,7,2,0,27
