received_at,sequence,millis,gain,integration_time,page,415,445,480,515,555,590,630,680,nir,clear
2026-09-09T00:06:24.851919+00:00,1,240,128x,100ms,0,0,0,0,1,0,0,0,1,0,4
2026-09-09T00:06:25.112967+00:00,2,499,128x,100ms,0,0,0,0,1,0,0,0,1,0,4
2026-09-09T00:06:25.369549+00:00,3,758,128x,100ms,0,0,0,0,1,0,0,0,1,0,4
2026-09-09T00:06:25.632934+00:00,4,1017,128x,100ms,0,0,0,0,1,0,0,0,1,0,4
2026-09-09T00:06:25.889430+00:00,5,1276,128x,100ms,0,0,0,0,1,0,0,0,1,0,4
2026-09-09T00:06:26.145566+00:00,6,1536,128x,100ms,0,0,0,0,1,0,0,0,1,0,4
2026-09-09T00:06:26.408955+00:00,7,1795,128x,100ms,0,0,0,0,1,0,0,0,1,0,5
2026-09-09T00:06:26.666065+00:00,8,2054,128x,100ms,0,0,0,0,1,0,0,0,1,0,5
2026-09-09T00:06:26.921249+00:00,9,2314,128x,100ms,0,0,0,0,1,0,0,0,1,0,5
2026-09-09T00:06:27.185760+00:00,10,2572,128x,100ms,0,0,0,0,1,0,0,0,1,0,4
2026-09-09T00:06:27.441508+00:00,11,2831,128x,100ms,0,0,0,0,1,0,0,0,1,0,4
2026-09-09T00:06:27.698277+00:00,12,3091,128x,100ms,1,0,0,0,1,0,0,0,1,0,5
2026-09-09T00:06:27.962367+00:00,13,3350,128x,100ms,1,0,0,0,1,0,0,0,1,0,4
2026-09-09T00:06:28.225355+00:00,14,3609,128x,100ms,1,0,0,0,1,0,0,0,1,0,5
2026-09-09T00:06:28.481237+00:00,15,3869,128x,100ms,1,0,0,0,1,0,0,0,1,0,4
2026-09-09T00:06:28.737906+00:00,16,4128,128x,100ms,1,0,0,0,1,0,0,0,1,0,5
2026-09-09T00:06:29.001583+00:00,17,4387,128x,100ms,1,0,0,0,1,0,0,0,1,0,5
2026-09-09T00:06:29.257734+00:00,18,4647,128x,100ms,1,0,0,0,1,0,0,0,1,0,5
2026-09-09T00:06:29.513347+00:00,19,4907,128x,100ms,1,0,0,0,1,0,0,0,1,0,5
2026-09-09T00:06:29.777439+00:00,20,5167,128x,100ms,1,0,0,0,1,0,0,0,1,0,4
2026-09-09T00:06:30.034115+00:00,21,5426,128x,100ms,1,0,0,0,1,0,0,0,1,0,4
2026-09-09T00:06:30.296679+00:00,22,5686,128x,100ms,1,0,0,0,1,0,0,0,1,0,4
2026-09-09T00:06:30.554297+00:00,23,5945,128x,100ms,1,0,0,0,1,0,0,0,1,0,4
2026-09-09T00:06:30.817656+00:00,24,6204,128x,100ms,0,0,0,0,1,0,0,0,1,0,4
2026-09-09T00:06:31.072542+00:00,25,6464,128x,100ms,0,0,0,0,1,0,0,0,1,0,4
2026-09-09T00:06:31.337927+00:00,26,6723,128x,100ms,0,0,0,0,1,1,1,1,19,2,47
2026-09-09T00:06:31.593912+00:00,27,6982,128x,100ms,0,8,19,24,79,5,17,20,22,8,101
2026-09-09T00:06:31.857624+00:00,28,7243,128x,100ms,0,3,11,13,15,2,8,9,10,7,83
2026-09-09T00:06:32.114897+00:00,29,7503,128x,100ms,0,2,7,8,10,2,6,7,9,6,77
2026-09-09T00:06:32.373936+00:00,30,7762,128x,100ms,0,1,5,6,7,2,6,7,8,5,58
2026-09-09T00:06:32.632636+00:00,31,8022,128x,100ms,0,3,9,11,17,5,15,18,30,13,161
2026-09-09T00:06:32.891010+00:00,32,8281,128x,100ms,0,5,12,17,24,4,10,16,21,11,127
2026-09-09T00:06:33.156744+00:00,33,8542,128x,100ms,0,7,22,23,31,7,22,23,29,8,92
2026-09-09T00:06:33.409255+00:00,34,8801,128x,100ms,0,4,14,16,19,5,15,18,19,10,119
2026-09-09T00:06:33.670198+00:00,35,9061,128x,100ms,1,6,20,20,17,8,26,33,21,9,106
2026-09-09T00:06:33.935746+00:00,36,9322,128x,100ms,1,9,37,39,30,9,47,42,32,17,161
2026-09-09T00:06:34.200404+00:00,37,9583,128x,100ms,1,12,74,54,46,9,53,40,31,19,183
2026-09-09T00:06:34.456069+00:00,38,9845,128x,100ms,1,29,157,42,18,17,91,29,18,12,165
2026-09-09T00:06:34.722662+00:00,39,10107,128x,100ms,1,7,31,28,28,9,41,38,44,14,174
2026-09-09T00:06:34.977891+00:00,40,10369,128x,100ms,1,9,49,34,68,3,4,5,47,5,96
2026-09-09T00:06:35.241697+00:00,41,10629,128x,100ms,1,5,11,15,45,0,1,1,3,0,10
2026-09-09T00:06:35.499386+00:00,42,10889,128x,100ms,1,0,0,0,1,0,0,0,2,0,6
2026-09-09T00:06:35.762800+00:00,43,11149,128x,100ms,1,2,2,3,29,4,13,15,37,9,138
2026-09-09T00:06:36.019821+00:00,44,11410,128x,100ms,1,4,15,15,20,4,19,19,26,8,100
2026-09-09T00:06:36.284160+00:00,45,11671,128x,100ms,1,5,20,19,27,5,21,21,28,9,101
2026-09-09T00:06:36.540686+00:00,46,11932,128x,100ms,1,6,24,24,31,5,17,19,25,8,99
2026-09-09T00:06:36.807679+00:00,47,12193,128x,100ms,0,6,22,24,30,6,21,24,29,14,154
2026-09-09T00:06:37.062666+00:00,48,12454,128x,100ms,0,6,20,24,27,6,19,23,26,13,140
2026-09-09T00:06:37.325821+00:00,49,12716,128x,100ms,0,5,18,22,25,5,16,20,23,10,119
2026-09-09T00:06:37.584145+00:00,50,12977,128x,100ms,0,4,13,16,18,4,12,15,17,6,76
2026-09-09T00:06:37.842079+00:00,51,13237,128x,100ms,0,3,10,13,15,1,5,5,8,1,28
2026-09-09T00:06:38.098612+00:00,52,13496,128x,100ms,0,0,1,0,5,0,1,0,3,0,8
2026-09-09T00:06:38.363207+00:00,53,13755,128x,100ms,0,0,1,0,4,0,0,0,3,0,8
2026-09-09T00:06:38.618568+00:00,54,14014,128x,100ms,0,0,0,0,2,0,0,0,1,0,6
2026-09-09T00:06:38.882608+00:00,55,14273,128x,100ms,0,0,0,0,1,0,0,0,0,0,5
2026-09-09T00:06:39.137852+00:00,56,14532,128x,100ms,0,0,0,0,0,0,0,0,1,0,7
2026-09-09T00:06:39.403264+00:00,57,14792,128x,100ms,0,0,0,0,1,0,0,0,1,0,7
2026-09-09T00:06:39.658688+00:00,58,15051,128x,100ms,1,0,0,0,1,0,0,0,5,0,13
2026-09-09T00:06:39.922113+00:00,59,15310,128x,100ms,1,3,11,12,14,3,13,13,18,4,58
2026-09-09T00:06:40.178901+00:00,60,15571,128x,100ms,1,2,9,8,9,0,4,2,5,0,17
2026-09-09T00:06:40.436264+00:00,61,15832,128x,100ms,1,0,0,0,1,0,0,0,0,0,3
2026-09-09T00:06:40.699381+00:00,62,16091,128x,100ms,1,0,0,0,0,0,0,0,0,0,0
2026-09-09T00:06:40.954519+00:00,63,16351,128x,100ms,1,0,0,0,0,0,0,0,0,0,0
2026-09-09T00:06:41.219967+00:00,64,16611,128x,100ms,1,0,0,0,0,0,0,0,0,0,0
2026-09-09T00:06:41.475347+00:00,65,16870,128x,100ms,1,0,0,0,0,0,0,0,0,0,0
2026-09-09T00:06:41.740334+00:00,66,17130,128x,100ms,1,0,0,0,0,0,0,0,0,0,0
2026-09-09T00:06:41.996140+00:00,67,17390,128x,100ms,1,0,0,0,0,0,0,0,0,0,0
2026-09-09T00:06:42.251973+00:00,68,17650,128x,100ms,1,0,0,0,0,0,0,0,0,0,0
2026-09-09T00:06:42.516167+00:00,69,17909,128x,100ms,1,0,0,0,0,0,0,0,0,0,0
2026-09-09T00:06:42.779582+00:00,70,18169,128x,100ms,0,0,0,0,0,0,0,0,0,0,0
2026-09-09T00:06:43.035378+00:00,71,18428,128x,100ms,0,0,0,0,0,0,0,0,0,0,0
2026-09-09T00:06:43.299257+00:00,72,18689,128x,100ms,0,0,0,0,0,0,0,0,0,0,0
2026-09-09T00:06:43.555959+00:00,73,18948,128x,100ms,0,0,0,0,0,0,0,0,0,0,0
2026-09-09T00:06:43.812242+00:00,74,19207,128x,100ms,0,0,0,0,0,0,0,0,0,0,0
2026-09-09T00:06:44.075378+00:00,75,19467,128x,100ms,0,0,0,0,0,0,0,0,0,0,0
2026-09-09T00:06:44.332132+00:00,76,19726,128x,100ms,0,0,0,0,0,0,0,0,0,0,0
2026-09-09T00:06:44.587444+00:00,77,19985,128x,100ms,0,0,0,0,0,0,0,0,0,0,0
2026-09-09T00:06:44.851760+00:00,78,20244,128x,100ms,0,0,0,0,0,0,0,0,0,0,0
2026-09-09T00:06:45.107182+00:00,79,20504,128x,100ms,0,0,0,0,0,0,0,0,0,0,0
2026-09-09T00:06:45.371123+00:00,80,20763,128x,100ms,0,0,0,0,0,0,0,0,0,0,0
2026-09-09T00:06:45.627631+00:00,81,21022,128x,100ms,1,0,0,0,0,0,0,0,0,0,0
2026-09-09T00:06:45.891283+00:00,82,21282,128x,100ms,1,0,0,0,0,0,0,0,0,0,0
2026-09-09T00:06:46.147798+00:00,83,21542,128x,100ms,1,0,0,0,0,0,0,0,0,0,0
2026-09-09T00:06:46.412042+00:00,84,21803,128x,100ms,1,0,0,0,0,0,0,0,0,0,0
2026-09-09T00:06:46.667462+00:00,85,22062,128x,100ms,1,0,0,0,0,0,0,0,0,0,0
2026-09-09T00:06:46.924178+00:00,86,22322,128x,100ms,1,0,0,0,0,0,0,0,0,0,0
2026-09-09T00:06:47.187727+00:00,87,22582,128x,100ms,1,0,0,0,0,0,0,0,0,0,0
2026-09-09T00:06:47.443542+00:00,88,22841,128x,100ms,1,0,0,0,0,0,0,0,0,0,0
2026-09-09T00:06:47.707297+00:00,89,23101,128x,100ms,1,0,0,0,0,0,0,0,0,0,0
2026-09-09T00:06:47.964067+00:00,90,23361,128x,100ms,1,0,0,0,0,0,0,0,0,0,1
2026-09-09T00:06:48.227965+00:00,91,23620,128x,100ms,1,0,3,0,4,2,6,1,7,0,13
2026-09-09T00:06:48.483258+00:00,92,23880,128x,100ms,1,2,8,1,5,2,8,1,4,0,12
2026-09-09T00:06:48.748868+00:00,93,24140,128x,100ms,0,1,7,0,1,0,2,0,0,0,3
2026-09-09T00:06:49.004166+00:00,94,24398,128x,100ms,0,0,2,0,0,0,2,0,0,0,2
2026-09-09T00:06:49.260959+00:00,95,24657,128x,100ms,0,0,2,0,0,0,2,0,0,0,2
2026-09-09T00:06:49.525339+00:00,96,24916,128x,100ms,0,0,2,0,0,0,3,0,0,0,3
2026-09-09T00:06:49.780173+00:00,97,25176,128x,100ms,0,3,11,1,1,3,11,1,2,0,13
2026-09-09T00:06:50.036428+00:00,98,25435,128x,100ms,0,3,11,1,1,3,11,1,2,0,13
2026-09-09T00:06:50.300318+00:00,99,25694,128x,100ms,0,3,11,1,1,3,11,1,1,0,13
2026-09-09T00:06:50.557014+00:00,100,25952,128x,100ms,0,3,11,1,2,3,11,1,2,0,13
2026-09-09T00:06:50.812715+00:00,101,26212,128x,100ms,0,3,11,1,2,3,11,1,2,0,14
2026-09-09T00:06:51.077097+00:00,102,26471,128x,100ms,0,3,11,1,1,3,11,1,2,0,13
2026-09-09T00:06:51.332947+00:00,103,26730,128x,100ms,0,3,11,1,1,3,11,1,2,0,13
2026-09-09T00:06:51.589249+00:00,104,26989,128x,100ms,0,3,11,1,2,3,11,1,2,0,14
2026-09-09T00:06:51.853002+00:00,105,27248,128x,100ms,1,3,11,1,1,3,11,1,2,0,14
2026-09-09T00:06:52.108277+00:00,106,27508,128x,100ms,1,3,11,1,1,3,11,1,1,0,13
2026-09-09T00:06:52.371982+00:00,107,27767,128x,100ms,1,3,11,1,2,3,11,1,2,0,13
2026-09-09T00:06:52.628545+00:00,108,28027,128x,100ms,1,3,11,1,1,3,12,1,2,0,15
2026-09-09T00:06:52.892416+00:00,109,28288,128x,100ms,1,5,18,2,3,8,27,3,5,0,32
2026-09-09T00:06:53.152049+00:00,110,28549,128x,100ms,1,9,32,4,9,21,68,13,37,0,88
2026-09-09T00:06:53.416974+00:00,111,28810,128x,100ms,1,26,86,17,49,37,118,25,75,1,155
2026-09-09T00:06:53.673332+00:00,112,29072,128x,100ms,1,29,94,18,50,75,243,49,135,3,315
2026-09-09T00:06:53.940510+00:00,113,29334,128x,100ms,1,209,638,138,432,176,553,117,342,11,740
2026-09-09T00:06:54.204386+00:00,114,29596,128x,100ms,1,170,545,102,266,457,1427,244,663,26,2088
2026-09-09T00:06:54.468531+00:00,115,29861,128x,100ms,1,79,241,45,142,413,1237,251,783,29,2040
2026-09-09T00:06:54.732596+00:00,116,30126,128x,100ms,0,489,1455,364,1244,161,493,112,355,11,657
2026-09-09T00:06:54.989654+00:00,117,30390,128x,100ms,0,4,14,2,8,14,51,10,28,0,61
2026-09-09T00:06:55.252884+00:00,118,30649,128x,100ms,0,16,56,11,33,9,32,6,18,0,41
2026-09-09T00:06:55.508676+00:00,119,30910,128x,100ms,0,6,22,4,13,6,23,4,13,0,30
2026-09-09T00:06:55.774948+00:00,120,31170,128x,100ms,0,6,24,4,14,4,17,3,10,0,23
2026-09-09T00:06:56.029955+00:00,121,31430,128x,100ms,0,7,24,4,13,29,99,20,59,1,124
2026-09-09T00:06:56.294358+00:00,122,31690,128x,100ms,0,29,98,20,60,37,125,27,79,1,164
2026-09-09T00:06:56.551696+00:00,123,31951,128x,100ms,0,76,254,57,173,133,430,95,294,9,604
2026-09-09T00:06:56.823805+00:00,124,32214,128x,100ms,0,686,2104,455,1411,741,2270,490,1519,55,3355
2026-09-09T00:06:57.088361+00:00,125,32478,128x,100ms,0,977,2955,657,2084,1023,3069,705,2296,81,4709
2026-09-09T00:06:57.352927+00:00,126,32743,128x,100ms,0,978,2920,694,2308,858,2571,608,2007,70,3963
2026-09-09T00:06:57.616595+00:00,127,33007,128x,100ms,0,272,822,189,605,62,195,40,120,3,227
2026-09-09T00:06:57.873510+00:00,128,33270,128x,100ms,1,15,53,10,29,7,24,4,13,0,30
2026-09-09T00:06:58.136974+00:00,129,33531,128x,100ms,1,11,37,7,22,178,572,129,406,13,828
2026-09-09T00:06:58.401367+00:00,130,33796,128x,100ms,1,243,771,175,552,244,773,175,553,19,1116
2026-09-09T00:06:58.664786+00:00,131,34059,128x,100ms,1,248,785,178,561,241,764,173,546,18,1099
2026-09-09T00:06:58.929773+00:00,132,34322,128x,100ms,1,259,819,185,588,266,839,190,604,20,1207
2026-09-09T00:06:59.193322+00:00,133,34586,128x,100ms,1,283,882,200,636,280,873,198,627,21,1259
2026-09-09T00:06:59.458367+00:00,134,34850,128x,100ms,1,274,855,193,613,272,849,192,609,20,1229
2026-09-09T00:06:59.721628+00:00,135,35115,128x,100ms,1,305,947,215,685,314,974,222,706,24,1415
2026-09-09T00:06:59.986466+00:00,136,35378,128x,100ms,1,307,951,216,689,297,921,209,666,23,1351
2026-09-09T00:07:00.243654+00:00,137,35642,128x,100ms,1,218,702,153,494,220,707,154,498,16,970
2026-09-09T00:07:00.514873+00:00,138,35905,128x,100ms,1,220,705,154,497,222,713,155,503,16,978
2026-09-09T00:07:00.771386+00:00,139,36168,128x,100ms,0,220,705,153,497,223,715,156,504,16,982
2026-09-09T00:07:01.034803+00:00,140,36431,128x,100ms,0,220,706,154,498,221,709,155,500,16,974
2026-09-09T00:07:01.298993+00:00,141,36696,128x,100ms,0,222,712,155,502,220,704,154,497,16,969
2026-09-09T00:07:01.562849+00:00,142,36960,128x,100ms,0,223,716,157,505,220,705,154,497,16,968
2026-09-09T00:07:01.827051+00:00,143,37223,128x,100ms,0,220,705,154,497,224,718,156,506,16,985
2026-09-09T00:07:02.093455+00:00,144,37486,128x,100ms,0,219,704,153,496,223,716,156,504,16,983
2026-09-09T00:07:02.353066+00:00,145,37750,128x,100ms,0,221,708,154,499,220,706,154,497,16,969
2026-09-09T00:07:02.616112+00:00,146,38013,128x,100ms,0,221,709,154,499,219,704,154,496,16,967
2026-09-09T00:07:02.881170+00:00,147,38277,128x,100ms,0,218,701,152,494,214,692,151,488,16,950
2026-09-09T00:07:03.145170+00:00,148,38540,128x,100ms,0,211,682,148,479,201,657,143,459,15,896
2026-09-09T00:07:03.408642+00:00,149,38803,128x,100ms,0,149,505,103,315,156,529,107,326,10,676
2026-09-09T00:07:03.666998+00:00,150,39066,128x,100ms,1,131,459,87,251,122,428,80,224,7,509
2026-09-09T00:07:03.931040+00:00,151,39329,128x,100ms,1,167,561,112,335,164,553,113,343,11,709
2026-09-09T00:07:04.195800+00:00,152,39592,128x,100ms,1,174,583,119,367,208,682,144,450,15,901
2026-09-09T00:07:04.459194+00:00,153,39856,128x,100ms,1,219,712,150,472,214,697,147,463,15,924
2026-09-09T00:07:04.724121+00:00,154,40119,128x,100ms,1,442,1339,239,662,274,817,106,203,8,1047
2026-09-09T00:07:04.987204+00:00,155,40382,128x,100ms,1,329,964,157,386,254,772,130,314,12,1112
2026-09-09T00:07:05.244096+00:00,156,40645,128x,100ms,1,21,93,10,2,20,92,10,1,0,55
2026-09-09T00:07:05.509572+00:00,157,40906,128x,100ms,1,21,94,10,2,20,92,10,2,0,55
2026-09-09T00:07:05.765288+00:00,158,41167,128x,100ms,1,21,94,10,2,20,92,10,1,0,55
2026-09-09T00:07:06.029317+00:00,159,41428,128x,100ms,1,21,94,10,2,20,92,10,2,0,55
2026-09-09T00:07:06.285305+00:00,160,41690,128x,100ms,1,21,94,10,2,20,92,10,2,0,55
2026-09-09T00:07:06.549622+00:00,161,41951,128x,100ms,1,21,93,10,1,20,92,10,1,0,55
2026-09-09T00:07:06.814240+00:00,162,42212,128x,100ms,0,21,93,10,1,20,92,10,1,0,55
2026-09-09T00:07:07.069744+00:00,163,42472,128x,100ms,0,20,92,10,2,21,93,10,2,0,56
2026-09-09T00:07:07.333444+00:00,164,42733,128x,100ms,0,20,92,10,1,21,93,10,2,0,56
2026-09-09T00:07:07.598119+00:00,165,42994,128x,100ms,0,21,92,10,1,21,92,10,2,0,56
2026-09-09T00:07:07.855110+00:00,166,43254,128x,100ms,0,21,94,10,1,20,92,10,1,0,56
2026-09-09T00:07:08.119103+00:00,167,43515,128x,100ms,0,21,94,10,2,20,92,10,2,0,55
2026-09-09T00:07:08.375283+00:00,168,43777,128x,100ms,0,21,93,10,1,20,92,10,1,0,56
2026-09-09T00:07:08.638918+00:00,169,44037,128x,100ms,0,20,92,10,2,21,94,10,1,0,56
2026-09-09T00:07:08.894896+00:00,170,44298,128x,100ms,0,20,92,10,1,21,94,10,1,0,56
2026-09-09T00:07:09.158859+00:00,171,44559,128x,100ms,0,21,92,10,1,21,92,10,1,0,56
2026-09-09T00:07:09.415703+00:00,172,44819,128x,100ms,0,21,93,10,1,21,92,10,1,0,55
2026-09-09T00:07:09.680770+00:00,173,45080,128x,100ms,1,21,93,10,2,20,92,10,1,0,56
2026-09-09T00:07:09.936924+00:00,174,45341,128x,100ms,1,20,92,10,2,21,93,10,1,0,56
2026-09-09T00:07:10.202959+00:00,175,45602,128x,100ms,1,21,92,10,2,21,93,10,2,0,56
2026-09-09T00:07:10.460699+00:00,176,45863,128x,100ms,1,20,92,10,2,21,93,10,1,0,57
2026-09-09T00:07:10.718811+00:00,177,46124,128x,100ms,1,20,92,10,1,21,94,10,2,0,57
2026-09-09T00:07:10.981682+00:00,178,46385,128x,100ms,1,20,92,10,1,21,94,10,1,0,57
2026-09-09T00:07:11.246333+00:00,179,46646,128x,100ms,1,20,92,10,1,21,93,10,1,0,56
2026-09-09T00:07:11.502532+00:00,180,46907,128x,100ms,1,21,92,10,1,21,93,10,1,0,56
2026-09-09T00:07:11.768719+00:00,181,47168,128x,100ms,1,20,92,10,2,21,93,10,2,0,56
2026-09-09T00:07:12.024503+00:00,182,47429,128x,100ms,1,20,92,10,1,21,93,10,1,0,56
2026-09-09T00:07:12.288008+00:00,183,47689,128x,100ms,1,21,92,10,2,21,92,10,2,0,55
2026-09-09T00:07:12.544387+00:00,184,47950,128x,100ms,1,21,94,10,1,21,92,10,2,0,56
2026-09-09T00:07:12.809174+00:00,185,48211,128x,100ms,0,21,94,10,1,20,92,10,1,0,56
2026-09-09T00:07:13.065101+00:00,186,48472,128x,100ms,0,21,93,10,1,21,93,10,2,0,56
2026-09-09T00:07:13.328618+00:00,187,48733,128x,100ms,0,20,92,10,1,21,94,10,1,0,56
2026-09-09T00:07:13.594018+00:00,188,48993,128x,100ms,0,21,93,10,2,20,92,10,1,0,55
2026-09-09T00:07:13.851016+00:00,189,49254,128x,100ms,0,21,94,10,1,20,92,10,1,0,55
2026-09-09T00:07:14.116112+00:00,190,49514,128x,100ms,0,20,92,10,2,21,94,10,2,0,56
2026-09-09T00:07:14.371273+00:00,191,49775,128x,100ms,0,20,92,10,1,21,93,10,1,0,56
2026-09-09T00:07:14.635001+00:00,192,50036,128x,100ms,0,20,92,10,1,20,92,10,1,0,55
2026-09-09T00:07:14.891455+00:00,193,50296,128x,100ms,0,21,92,10,2,20,92,10,1,0,55
2026-09-09T00:07:15.155241+00:00,194,50557,128x,100ms,0,21,93,10,1,20,92,10,1,0,55
2026-09-09T00:07:15.411857+00:00,195,50819,128x,100ms,0,20,92,10,2,20,92,10,1,0,56
2026-09-09T00:07:15.676278+00:00,196,51079,128x,100ms,1,20,91,10,1,21,92,10,1,0,56
2026-09-09T00:07:15.933121+00:00,197,51340,128x,100ms,1,20,91,10,1,20,93,10,1,0,56
2026-09-09T00:07:16.196404+00:00,198,51600,128x,100ms,1,20,92,10,1,20,91,10,1,0,55
2026-09-09T00:07:16.452573+00:00,199,51861,128x,100ms,1,21,93,10,1,20,91,10,1,0,55
2026-09-09T00:07:16.716495+00:00,200,52121,128x,100ms,1,20,91,10,1,21,93,10,1,0,56
2026-09-09T00:07:16.981029+00:00,201,52382,128x,100ms,1,20,91,10,1,20,93,10,1,0,56
2026-09-09T00:07:17.237206+00:00,202,52643,128x,100ms,1,20,91,10,1,21,93,10,1,0,56
2026-09-09T00:07:17.500896+00:00,203,52904,128x,100ms,1,20,91,10,1,21,92,10,1,0,56
2026-09-09T00:07:17.765923+00:00,204,53166,128x,100ms,1,20,91,10,2,20,92,10,2,0,55
2026-09-09T00:07:18.028770+00:00,205,53427,128x,100ms,1,20,91,10,1,20,92,10,1,0,55
2026-09-09T00:07:18.281600+00:00,206,53687,128x,100ms,1,21,93,10,2,20,91,10,2,0,55
2026-09-09T00:07:18.541804+00:00,207,53948,128x,100ms,1,20,92,10,1,20,91,10,1,0,55
2026-09-09T00:07:18.803804+00:00,208,54208,128x,100ms,0,20,91,10,1,20,93,10,1,0,56
2026-09-09T00:07:19.060927+00:00,209,54469,128x,100ms,0,20,91,10,2,20,92,10,1,0,56
2026-09-09T00:07:19.325465+00:00,210,54729,128x,100ms,0,20,92,10,1,20,91,10,2,0,55
2026-09-09T00:07:19.587999+00:00,211,54990,128x,100ms,0,20,93,10,2,20,91,10,2,0,55
2026-09-09T00:07:19.844493+00:00,212,55252,128x,100ms,0,21,93,10,1,20,91,10,1,0,55
2026-09-09T00:07:20.112446+00:00,213,55513,128x,100ms,0,21,93,10,1,20,91,10,1,0,55
2026-09-09T00:07:20.365158+00:00,214,55774,128x,100ms,0,20,91,10,1,21,93,10,2,0,56
2026-09-09T00:07:20.629409+00:00,215,56034,128x,100ms,0,20,91,10,2,21,93,10,1,0,56
2026-09-09T00:07:20.894771+00:00,216,56295,128x,100ms,0,20,91,10,1,20,92,10,1,0,55
2026-09-09T00:07:21.150581+00:00,217,56555,128x,100ms,0,20,92,10,2,20,91,10,2,0,55
2026-09-09T00:07:21.415108+00:00,218,56816,128x,100ms,0,21,93,10,1,20,91,10,1,0,55
2026-09-09T00:07:21.670492+00:00,219,57077,128x,100ms,1,20,91,10,1,20,93,10,1,0,56
2026-09-09T00:07:21.928382+00:00,220,57337,128x,100ms,1,20,92,10,1,20,93,10,2,0,56
2026-09-09T00:07:22.192222+00:00,221,57598,128x,100ms,1,20,91,10,1,21,93,10,1,0,56
2026-09-09T00:07:22.448701+00:00,222,57860,128x,100ms,1,20,91,10,1,21,93,10,1,0,56
2026-09-09T00:07:22.712363+00:00,223,58120,128x,100ms,1,20,92,10,1,20,92,10,1,0,55
2026-09-09T00:07:22.975064+00:00,224,58381,128x,100ms,1,21,93,10,2,20,92,10,1,0,55
2026-09-09T00:07:23.237464+00:00,225,58641,128x,100ms,1,20,92,10,2,21,93,10,1,0,56
2026-09-09T00:07:23.493732+00:00,226,58902,128x,100ms,1,20,92,10,1,21,94,10,2,0,56
2026-09-09T00:07:23.757600+00:00,227,59163,128x,100ms,1,20,92,10,1,21,93,10,1,0,56
2026-09-09T00:07:24.013418+00:00,228,59424,128x,100ms,1,20,92,10,1,21,93,10,2,0,56
2026-09-09T00:07:24.277021+00:00,229,59685,128x,100ms,1,20,92,10,2,21,93,10,1,0,56
2026-09-09T00:07:24.538816+00:00,230,59947,128x,100ms,1,20,92,10,1,20,92,10,2,0,56
2026-09-09T00:07:24.796462+00:00,231,60208,128x,100ms,0,20,92,10,1,21,93,10,1,0,56
2026-09-09T00:07:25.060206+00:00,232,60469,128x,100ms,0,20,92,10,1,20,92,10,1,0,55
2026-09-09T00:07:25.324455+00:00,233,60730,128x,100ms,0,21,92,10,1,21,92,10,2,0,55
2026-09-09T00:07:25.579792+00:00,234,60990,128x,100ms,0,21,93,10,2,20,92,10,2,0,55
2026-09-09T00:07:25.843708+00:00,235,61251,128x,100ms,0,21,93,10,2,20,92,10,1,0,56
2026-09-09T00:07:26.108215+00:00,236,61512,128x,100ms,0,20,92,10,2,21,93,10,2,0,56
2026-09-09T00:07:26.363549+00:00,237,61773,128x,100ms,0,20,92,10,1,21,94,10,1,0,56
2026-09-09T00:07:26.628355+00:00,238,62033,128x,100ms,0,20,92,10,2,21,94,10,1,0,56
2026-09-09T00:07:26.892434+00:00,239,62295,128x,100ms,0,20,92,10,2,21,94,10,2,0,57
2026-09-09T00:07:27.150230+00:00,240,62556,128x,100ms,0,20,92,10,1,21,94,10,1,0,57
2026-09-09T00:07:27.408826+00:00,241,62817,128x,100ms,0,21,93,10,2,21,92,10,1,0,55
2026-09-09T00:07:27.671054+00:00,242,63077,128x,100ms,1,21,94,10,1,20,92,10,1,0,55
2026-09-09T00:07:27.928901+00:00,243,63337,128x,100ms,1,21,92,10,2,21,93,10,1,0,56
2026-09-09T00:07:28.192739+00:00,244,63598,128x,100ms,1,20,92,10,1,21,94,10,1,0,57
2026-09-09T00:07:28.456378+00:00,245,63859,128x,100ms,1,20,92,10,1,21,94,10,1,0,57
2026-09-09T00:07:28.713553+00:00,246,64120,128x,100ms,1,20,92,10,1,20,92,10,1,0,56
2026-09-09T00:07:28.970415+00:00,247,64380,128x,100ms,1,21,94,10,1,20,92,10,2,0,56
2026-09-09T00:07:29.234617+00:00,248,64643,128x,100ms,1,21,94,10,2,21,92,10,2,0,56
2026-09-09T00:07:29.492296+00:00,249,64904,128x,100ms,1,21,94,10,2,20,92,10,2,0,56
2026-09-09T00:07:29.756675+00:00,250,65165,128x,100ms,1,21,93,10,2,21,92,10,2,0,56
2026-09-09T00:07:30.014550+00:00,251,65426,128x,100ms,1,21,93,10,2,21,92,10,2,0,56
2026-09-09T00:07:30.279679+00:00,252,65687,128x,100ms,1,21,94,10,1,21,92,10,1,0,55
2026-09-09T00:07:30.537033+00:00,253,65948,128x,100ms,1,21,94,10,1,21,92,10,1,0,56
2026-09-09T00:07:30.801445+00:00,254,66208,128x,100ms,0,21,94,10,1,21,92,10,1,0,56
2026-09-09T00:07:31.057715+00:00,255,66469,128x,100ms,0,21,93,10,1,21,92,10,2,0,56
2026-09-09T00:07:31.321860+00:00,256,66731,128x,100ms,0,21,92,10,1,21,94,10,1,0,57
2026-09-09T00:07:31.585668+00:00,257,66991,128x,100ms,0,21,92,10,1,21,93,10,2,0,56
2026-09-09T00:07:31.842232+00:00,258,67252,128x,100ms,0,21,94,10,2,21,92,10,2,0,56
2026-09-09T00:07:32.107193+00:00,259,67512,128x,100ms,0,21,94,10,2,20,92,10,2,0,56
2026-09-09T00:07:32.362447+00:00,260,67773,128x,100ms,0,21,94,10,2,21,92,10,1,0,56
2026-09-09T00:07:32.626949+00:00,261,68034,128x,100ms,0,21,92,10,2,21,94,10,2,0,57
2026-09-09T00:07:32.883279+00:00,262,68294,128x,100ms,0,21,92,10,2,21,94,10,1,0,57
2026-09-09T00:07:33.141353+00:00,263,68555,128x,100ms,0,21,93,10,2,21,92,10,1,0,56
2026-09-09T00:07:33.404886+00:00,264,68815,128x,100ms,0,21,94,10,2,21,92,10,2,0,56
2026-09-09T00:07:33.669318+00:00,265,69076,128x,100ms,1,21,93,10,1,20,92,10,2,0,56
2026-09-09T00:07:33.925629+00:00,266,69338,128x,100ms,1,21,94,10,2,20,92,10,2,0,56
2026-09-09T00:07:34.190351+00:00,267,69599,128x,100ms,1,21,93,10,1,20,92,10,1,0,56
2026-09-09T00:07:34.446459+00:00,268,69860,128x,100ms,1,21,94,10,1,21,92,10,1,0,56
2026-09-09T00:07:34.710950+00:00,269,70121,128x,100ms,1,21,94,10,2,21,92,10,2,0,56
2026-09-09T00:07:34.966892+00:00,270,70382,128x,100ms,1,21,93,10,2,21,93,10,2,0,56
2026-09-09T00:07:35.230181+00:00,271,70643,128x,100ms,1,21,93,10,2,21,93,10,2,0,56
2026-09-09T00:07:35.496413+00:00,272,70904,128x,100ms,1,21,93,10,2,21,92,10,1,0,56
2026-09-09T00:07:35.753046+00:00,273,71165,128x,100ms,1,21,93,10,2,21,92,10,2,0,56
2026-09-09T00:07:36.016659+00:00,274,71427,128x,100ms,1,20,93,10,1,21,93,10,2,0,56
2026-09-09T00:07:36.281034+00:00,275,71688,128x,100ms,1,20,92,10,1,21,94,10,2,0,56
2026-09-09T00:07:36.536550+00:00,276,71949,128x,100ms,1,21,92,10,1,21,94,10,2,0,57
2026-09-09T00:07:36.801470+00:00,277,72210,128x,100ms,0,21,92,10,1,21,94,10,2,0,57
2026-09-09T00:07:37.056837+00:00,278,72470,128x,100ms,0,21,93,10,1,21,93,10,2,0,56
2026-09-09T00:07:37.321055+00:00,279,72730,128x,100ms,0,21,93,10,2,21,93,10,1,0,56
2026-09-09T00:07:37.577640+00:00,280,72991,128x,100ms,0,21,93,10,1,21,93,10,2,0,56
2026-09-09T00:07:37.841238+00:00,281,73251,128x,100ms,0,21,92,10,1,21,94,10,1,0,57
2026-09-09T00:07:38.097626+00:00,282,73512,128x,100ms,0,20,93,10,1,21,93,10,2,0,56
2026-09-09T00:07:38.362731+00:00,283,73774,128x,100ms,0,21,93,10,1,21,93,10,1,0,56
2026-09-09T00:07:38.618186+00:00,284,74034,128x,100ms,0,21,95,10,2,21,95,10,2,0,57
2026-09-09T00:07:38.890509+00:00,285,74295,128x,100ms,0,178,558,70,117,402,1173,238,710,26,1719
2026-09-09T00:07:39.146866+00:00,286,74558,128x,100ms,0,412,1209,267,836,412,1206,266,834,29,1801
2026-09-09T00:07:39.411670+00:00,287,74822,128x,100ms,0,415,1217,269,842,411,1207,267,835,29,1804
2026-09-09T00:07:39.676025+00:00,288,75085,128x,100ms,1,411,1207,267,835,419,1232,272,852,30,1841
2026-09-09T00:07:39.939877+00:00,289,75350,128x,100ms,1,414,1217,269,842,411,1207,267,834,29,1803
2026-09-09T00:07:40.204377+00:00,290,75615,128x,100ms,1,415,1218,269,841,411,1207,267,834,29,1803
2026-09-09T00:07:40.470909+00:00,291,75879,128x,100ms,1,411,1206,266,834,413,1214,268,839,29,1813
2026-09-09T00:07:40.734831+00:00,292,76143,128x,100ms,1,417,1224,270,846,410,1205,266,833,29,1801
2026-09-09T00:07:40.999044+00:00,293,76407,128x,100ms,1,410,1205,266,833,415,1221,270,844,30,1825
2026-09-09T00:07:41.263141+00:00,294,76673,128x,100ms,1,410,1205,266,832,413,1216,268,839,29,1815
2026-09-09T00:07:41.527686+00:00,295,76937,128x,100ms,1,417,1226,271,846,409,1204,266,831,29,1797
2026-09-09T00:07:41.791179+00:00,296,77201,128x,100ms,1,409,1204,266,831,416,1223,270,844,29,1825
2026-09-09T00:07:42.055189+00:00,297,77465,128x,100ms,1,413,1216,269,839,409,1203,266,830,29,1795
2026-09-09T00:07:42.320577+00:00,298,77730,128x,100ms,1,415,1219,269,841,409,1203,265,830,29,1795
2026-09-09T00:07:42.584331+00:00,299,77995,128x,100ms,1,408,1202,265,829,413,1216,269,840,30,1816
2026-09-09T00:07:42.849739+00:00,300,78259,128x,100ms,0,410,1207,266,833,408,1201,265,828,29,1792
2026-09-09T00:07:43.113105+00:00,301,78523,128x,100ms,0,406,1196,264,825,408,1206,266,832,29,1796
2026-09-09T00:07:43.383312+00:00,302,78787,128x,100ms,0,409,1210,267,834,403,1190,262,820,29,1772
2026-09-09T00:07:43.661869+00:00,303,79051,128x,100ms,0,400,1183,261,814,406,1202,265,828,29,1788
2026-09-09T00:07:43.910860+00:00,304,79315,128x,100ms,0,407,1205,266,830,403,1192,263,821,29,1775
2026-09-09T00:07:44.174807+00:00,305,79581,128x,100ms,0,414,1217,269,838,415,1217,269,839,30,1816
2026-09-09T00:07:44.430849+00:00,306,79844,128x,100ms,0,424,1242,274,857,416,1219,269,840,29,1817
2026-09-09T00:07:44.695743+00:00,307,80108,128x,100ms,0,418,1224,270,843,420,1230,272,848,30,1837
2026-09-09T00:07:44.958585+00:00,308,80372,128x,100ms,0,420,1227,271,846,423,1239,274,854,30,1850
2026-09-09T00:07:45.229728+00:00,309,80635,128x,100ms,0,426,1248,276,861,420,1230,272,848,30,1836
2026-09-09T00:07:45.486830+00:00,310,80900,128x,100ms,0,421,1229,272,848,429,1255,277,865,30,1874
2026-09-09T00:07:45.754409+00:00,311,81164,128x,100ms,1,429,1255,278,866,421,1230,272,848,30,1839
2026-09-09T00:07:46.018084+00:00,312,81428,128x,100ms,1,421,1232,272,849,426,1247,276,860,30,1863
2026-09-09T00:07:46.283139+00:00,313,81693,128x,100ms,1,421,1231,272,848,426,1245,275,859,30,1860
2026-09-09T00:07:46.547305+00:00,314,81957,128x,100ms,1,425,1243,275,857,422,1234,273,851,30,1843
2026-09-09T00:07:46.813035+00:00,315,82223,128x,100ms,1,423,1236,273,852,423,1240,274,855,30,1852
2026-09-09T00:07:47.076749+00:00,316,82487,128x,100ms,1,422,1233,272,850,429,1256,277,866,31,1876
2026-09-09T00:07:47.341106+00:00,317,82751,128x,100ms,1,427,1249,276,861,422,1233,272,849,30,1842
2026-09-09T00:07:47.605561+00:00,318,83015,128x,100ms,1,422,1234,272,850,423,1240,274,854,30,1849
2026-09-09T00:07:47.869964+00:00,319,83280,128x,100ms,1,420,1229,271,846,427,1248,276,860,30,1862
2026-09-09T00:07:48.134340+00:00,320,83545,128x,100ms,1,425,1244,275,856,418,1224,270,843,30,1825
2026-09-09T00:07:48.399140+00:00,321,83809,128x,100ms,1,420,1230,272,847,420,1231,272,848,30,1838
2026-09-09T00:07:48.664343+00:00,322,84074,128x,100ms,0,418,1226,271,844,427,1251,277,861,30,1867
2026-09-09T00:07:48.927769+00:00,323,84337,128x,100ms,0,418,1227,271,844,424,1245,275,857,30,1857
2026-09-09T00:07:49.192240+00:00,324,84601,128x,100ms,0,425,1246,275,857,418,1226,271,844,30,1829
2026-09-09T00:07:49.456596+00:00,325,84865,128x,100ms,0,419,1229,271,845,418,1226,271,843,30,1828
2026-09-09T00:07:49.719811+00:00,326,85129,128x,100ms,0,418,1225,271,843,423,1242,274,855,30,1852
2026-09-09T00:07:49.977699+00:00,327,85393,128x,100ms,0,422,1240,274,853,417,1224,270,842,30,1825
2026-09-09T00:07:50.241523+00:00,328,85656,128x,100ms,0,417,1223,270,841,419,1230,271,846,30,1834
2026-09-09T00:07:50.507177+00:00,329,85920,128x,100ms,0,417,1223,270,842,425,1248,276,858,30,1861
2026-09-09T00:07:50.771336+00:00,330,86184,128x,100ms,0,423,1243,275,855,416,1222,270,840,30,1823
2026-09-09T00:07:51.035820+00:00,331,86448,128x,100ms,0,417,1223,270,842,417,1225,270,842,30,1826
2026-09-09T00:07:51.300240+00:00,332,86711,128x,100ms,0,416,1223,270,841,420,1235,273,849,30,1842
2026-09-09T00:07:51.564520+00:00,333,86975,128x,100ms,0,418,1228,271,845,417,1226,271,844,30,1829
2026-09-09T00:07:51.829366+00:00,334,87239,128x,100ms,1,424,1246,275,856,416,1223,270,841,30,1822
2026-09-09T00:07:52.092589+00:00,335,87503,128x,100ms,1,417,1223,270,841,420,1236,273,850,30,1843
2026-09-09T00:07:52.357294+00:00,336,87768,128x,100ms,1,416,1223,270,841,419,1229,272,846,30,1833
2026-09-09T00:07:52.622040+00:00,337,88033,128x,100ms,1,424,1245,275,855,416,1223,270,841,29,1823
2026-09-09T00:07:52.885402+00:00,338,88297,128x,100ms,1,416,1223,270,840,424,1245,275,855,30,1854
2026-09-09T00:07:53.149883+00:00,339,88561,128x,100ms,1,416,1222,270,840,420,1233,272,848,30,1839
2026-09-09T00:07:53.414431+00:00,340,88826,128x,100ms,1,421,1237,274,851,417,1225,271,842,30,1827
2026-09-09T00:07:53.675191+00:00,341,89091,128x,100ms,1,417,1225,271,842,422,1240,274,852,30,1849
2026-09-09T00:07:53.938774+00:00,342,89355,128x,100ms,1,417,1225,271,842,418,1229,271,844,30,1832
2026-09-09T00:07:54.203293+00:00,343,89619,128x,100ms,1,419,1230,272,845,418,1230,272,845,30,1833
2026-09-09T00:07:54.472971+00:00,344,89883,128x,100ms,1,417,1225,271,842,425,1249,276,859,30,1862
2026-09-09T00:07:54.736675+00:00,345,90147,128x,100ms,0,425,1248,276,858,417,1226,271,842,30,1826
2026-09-09T00:07:55.000937+00:00,346,90412,128x,100ms,0,418,1227,272,843,420,1232,272,847,30,1837
2026-09-09T00:07:55.261978+00:00,347,90676,128x,100ms,0,421,1237,273,850,418,1229,271,844,30,1831
2026-09-09T00:07:55.526675+00:00,348,90940,128x,100ms,0,424,1248,276,857,418,1229,271,844,30,1831
2026-09-09T00:07:55.790955+00:00,349,91203,128x,100ms,0,419,1230,272,845,418,1230,272,844,30,1832
2026-09-09T00:07:56.055150+00:00,350,91467,128x,100ms,0,418,1229,271,844,425,1249,276,858,30,1861
2026-09-09T00:07:56.313076+00:00,351,91730,128x,100ms,0,423,1244,275,854,418,1229,271,844,30,1831
2026-09-09T00:07:56.584830+00:00,352,91995,128x,100ms,0,418,1229,272,844,420,1232,272,846,30,1837
2026-09-09T00:07:56.842260+00:00,353,92259,128x,100ms,0,420,1234,273,847,421,1235,273,849,30,1841
2026-09-09T00:07:57.108874+00:00,354,92523,128x,100ms,0,424,1246,276,857,418,1229,272,845,30,1832
2026-09-09T00:07:57.372938+00:00,355,92786,128x,100ms,0,419,1230,272,845,424,1246,275,856,30,1856
2026-09-09T00:07:57.638017+00:00,356,93050,128x,100ms,1,423,1242,274,853,419,1229,272,844,30,1833
2026-09-09T00:07:57.903239+00:00,357,93315,128x,100ms,1,419,1230,272,845,424,1246,275,856,30,1857
2026-09-09T00:07:58.168117+00:00,358,93579,128x,100ms,1,425,1249,276,859,419,1231,272,845,30,1834
2026-09-09T00:07:58.432935+00:00,359,93843,128x,100ms,1,419,1230,272,845,426,1250,276,858,30,1863
2026-09-09T00:07:58.697536+00:00,360,94108,128x,100ms,1,419,1231,273,845,421,1236,273,848,30,1842
2026-09-09T00:07:58.961738+00:00,361,94373,128x,100ms,1,423,1243,275,854,419,1231,272,845,30,1834
2026-09-09T00:07:59.225554+00:00,362,94638,128x,100ms,1,423,1242,274,853,419,1231,272,846,30,1836
2026-09-09T00:07:59.482787+00:00,363,94902,128x,100ms,1,419,1232,272,846,426,1249,276,858,30,1862
2026-09-09T00:07:59.754709+00:00,364,95166,128x,100ms,1,426,1250,276,859,420,1233,273,846,30,1837
2026-09-09T00:08:00.011305+00:00,365,95431,128x,100ms,1,420,1232,273,846,424,1246,276,856,30,1858
2026-09-09T00:08:00.283726+00:00,366,95695,128x,100ms,1,419,1232,273,846,423,1242,275,853,30,1852
2026-09-09T00:08:00.541802+00:00,367,95961,128x,100ms,1,428,1257,278,863,419,1232,272,846,30,1835
2026-09-09T00:08:00.806828+00:00,368,96225,128x,100ms,0,421,1238,274,850,420,1235,273,849,30,1841
2026-09-09T00:08:01.070712+00:00,369,96489,128x,100ms,0,420,1232,272,845,421,1235,273,848,30,1841
2026-09-09T00:08:01.335634+00:00,370,96752,128x,100ms,0,419,1232,273,846,423,1243,275,854,30,1853
2026-09-09T00:08:01.598854+00:00,371,97016,128x,100ms,0,428,1257,278,863,420,1234,273,846,30,1837
2026-09-09T00:08:01.863830+00:00,372,97281,128x,100ms,0,420,1233,273,846,427,1255,278,862,30,1870
2026-09-09T00:08:02.127812+00:00,373,97545,128x,100ms,0,423,1243,275,853,419,1233,273,847,30,1838
2026-09-09T00:08:02.391841+00:00,374,97809,128x,100ms,0,421,1237,274,849,420,1235,273,847,30,1839
2026-09-09T00:08:02.680657+00:00,375,98095,128x,100ms,1,420,1234,273,847,421,1237,274,849,30,1845
2026-09-09T00:08:02.941629+00:00,376,98359,128x,100ms,1,425,1247,276,856,420,1234,274,848,30,1839
2026-09-09T00:08:03.203937+00:00,377,98623,128x,100ms,1,420,1235,273,847,425,1248,276,857,30,1860
2026-09-09T00:08:03.475381+00:00,378,98887,128x,100ms,1,427,1254,278,860,420,1235,273,847,30,1839
2026-09-09T00:08:03.731701+00:00,379,99152,128x,100ms,1,423,1242,275,853,420,1235,273,848,30,1841
2026-09-09T00:08:04.003177+00:00,380,99417,128x,100ms,1,420,1233,273,846,422,1241,274,851,30,1848
2026-09-09T00:08:04.260054+00:00,381,99680,128x,100ms,1,424,1247,276,855,419,1232,273,846,30,1836
2026-09-09T00:08:04.532303+00:00,382,99945,128x,100ms,1,419,1232,272,845,425,1250,276,858,30,1862
2026-09-09T00:08:04.795671+00:00,383,100209,128x,100ms,1,418,1233,273,846,418,1232,272,845,30,1834
2026-09-09T00:08:05.061076+00:00,384,100474,128x,100ms,1,426,1254,278,861,418,1230,272,844,30,1832
2026-09-09T00:08:05.324388+00:00,385,100739,128x,100ms,1,419,1231,272,844,424,1249,276,857,30,1859
2026-09-09T00:08:05.589216+00:00,386,101004,128x,100ms,0,419,1233,273,846,419,1233,273,845,30,1836
2026-09-09T00:08:05.845422+00:00,387,101267,128x,100ms,0,419,1232,273,845,426,1254,278,861,30,1867
2026-09-09T00:08:06.117434+00:00,388,101531,128x,100ms,0,425,1250,277,858,419,1233,273,846,30,1838
2026-09-09T00:08:06.373735+00:00,389,101795,128x,100ms,0,420,1235,273,848,426,1252,277,859,30,1865
2026-09-09T00:08:06.645316+00:00,390,102060,128x,100ms,0,428,1258,279,863,421,1236,273,848,30,1842
2026-09-09T00:08:06.902079+00:00,391,102324,128x,100ms,0,420,1235,274,847,426,1252,277,859,30,1866
2026-09-09T00:08:07.173374+00:00,392,102587,128x,100ms,0,420,1235,273,847,423,1246,276,855,30,1856
2026-09-09T00:08:07.437277+00:00,393,102851,128x,100ms,0,421,1239,274,850,419,1232,273,846,30,1835
2026-09-09T00:08:07.702214+00:00,394,103115,128x,100ms,0,419,1233,273,846,423,1247,276,854,30,1855
2026-09-09T00:08:07.958082+00:00,395,103379,128x,100ms,0,425,1252,277,858,417,1229,272,843,30,1829
2026-09-09T00:08:08.222120+00:00,396,103644,128x,100ms,0,414,1218,271,841,415,1225,271,838,29,1813
2026-09-09T00:08:08.486284+00:00,397,103907,128x,100ms,1,410,1212,268,827,459,1380,303,933,33,2028
2026-09-09T00:08:08.750140+00:00,398,104172,128x,100ms,1,474,1435,314,965,481,1458,319,980,36,2156
2026-09-09T00:08:09.022901+00:00,399,104436,128x,100ms,1,441,1316,290,890,440,1305,288,885,32,1974
2026-09-09T00:08:09.287638+00:00,400,104701,128x,100ms,1,455,1368,300,921,468,1421,310,952,35,2105
2026-09-09T00:08:09.543921+00:00,401,104966,128x,100ms,1,462,1401,306,936,456,1391,304,926,33,1989
2026-09-09T00:08:09.817134+00:00,402,105230,128x,100ms,1,453,1385,302,923,453,1382,302,921,33,1986
2026-09-09T00:08:10.073981+00:00,403,105495,128x,100ms,1,504,1545,334,1025,565,1754,372,1150,41,2374
2026-09-09T00:08:10.338052+00:00,404,105759,128x,100ms,1,578,1788,380,1175,583,1800,383,1183,42,2436
2026-09-09T00:08:10.611475+00:00,405,106024,128x,100ms,1,581,1798,382,1182,581,1797,382,1181,42,2430
2026-09-09T00:08:10.867476+00:00,406,106290,128x,100ms,1,577,1786,379,1174,586,1812,385,1191,42,2451
2026-09-09T00:08:11.138417+00:00,407,106554,128x,100ms,1,581,1799,383,1183,577,1786,380,1174,42,2416
2026-09-09T00:08:11.395312+00:00,408,106818,128x,100ms,1,581,1800,382,1183,579,1794,381,1179,42,2426
2026-09-09T00:08:11.668892+00:00,409,107083,128x,100ms,0,575,1779,378,1169,580,1792,380,1176,42,2419
2026-09-09T00:08:11.925078+00:00,410,107347,128x,100ms,0,568,1750,371,1145,554,1706,360,1109,39,2284
2026-09-09T00:08:12.196345+00:00,411,107612,128x,100ms,0,556,1708,360,1109,563,1735,368,1132,41,2331
2026-09-09T00:08:12.452493+00:00,412,107876,128x,100ms,0,625,1920,409,1271,729,2221,477,1493,54,3078
2026-09-09T00:08:12.724426+00:00,413,108141,128x,100ms,0,959,2891,624,1976,1033,3107,670,2128,78,4427
2026-09-09T00:08:12.988319+00:00,414,108405,128x,100ms,0,1098,3297,711,2261,1130,3391,732,2329,85,4855
2026-09-09T00:08:13.253164+00:00,415,108670,128x,100ms,0,1296,3877,837,2670,1310,3918,847,2698,99,5639
2026-09-09T00:08:13.517613+00:00,416,108936,128x,100ms,0,1357,4062,876,2796,1374,4112,887,2830,104,5923
2026-09-09T00:08:13.781206+00:00,417,109201,128x,100ms,0,1364,4088,883,2813,1347,4037,872,2778,102,5813
2026-09-09T00:08:14.047812+00:00,418,109466,128x,100ms,0,1351,4048,874,2786,1271,3783,823,2603,96,5551
2026-09-09T00:08:14.312213+00:00,419,109731,128x,100ms,0,1303,3885,679,2022,917,2801,450,1147,47,3806
2026-09-09T00:08:14.576755+00:00,420,109997,128x,100ms,1,83,342,38,7,84,344,38,7,0,207
2026-09-09T00:08:14.832766+00:00,421,110259,128x,100ms,1,84,344,38,7,83,341,38,6,0,206
2026-09-09T00:08:15.096865+00:00,422,110521,128x,100ms,1,83,342,38,7,83,342,38,6,0,206
2026-09-09T00:08:15.361628+00:00,423,110783,128x,100ms,1,83,341,38,7,84,343,38,6,0,207
2026-09-09T00:08:15.618402+00:00,424,111044,128x,100ms,1,83,342,38,7,85,349,39,7,0,210
2026-09-09T00:08:15.881833+00:00,425,111306,128x,100ms,1,83,342,38,6,84,345,38,7,0,208
2026-09-09T00:08:16.146211+00:00,426,111568,128x,100ms,1,85,348,39,7,83,342,38,6,0,206
2026-09-09T00:08:16.410464+00:00,427,111831,128x,100ms,1,83,342,38,7,85,348,39,7,0,210
2026-09-09T00:08:16.666947+00:00,428,112092,128x,100ms,1,85,347,38,7,83,342,38,7,0,206
2026-09-09T00:08:16.931519+00:00,429,112354,128x,100ms,1,84,344,38,7,83,342,38,6,0,206
2026-09-09T00:08:17.188179+00:00,430,112615,128x,100ms,1,83,341,38,6,85,348,39,7,0,210
2026-09-09T00:08:17.451920+00:00,431,112877,128x,100ms,0,83,341,38,7,84,342,38,7,0,206
2026-09-09T00:08:17.715540+00:00,432,113138,128x,100ms,0,98,403,46,20,242,873,113,157,8,1009
2026-09-09T00:08:17.980477+00:00,433,113400,128x,100ms,0,437,1474,198,338,523,1721,240,451,22,2213
2026-09-09T00:08:18.243484+00:00,434,113665,128x,100ms,0,834,2606,402,927,908,2823,442,1054,46,3861
2026-09-09T00:08:18.507441+00:00,435,113930,128x,100ms,0,1054,3218,563,1554,1076,3270,605,1758,71,4735
2026-09-09T00:08:18.772120+00:00,436,114195,128x,100ms,0,1404,4155,799,2514,1501,4455,891,2784,103,6148
2026-09-09T00:08:19.036391+00:00,437,114460,128x,100ms,0,1458,4322,856,2679,1447,4274,833,2624,98,5921
2026-09-09T00:08:19.308484+00:00,438,114725,128x,100ms,0,1456,4294,845,2663,1507,4457,896,2817,103,6112
2026-09-09T00:08:19.566994+00:00,439,114991,128x,100ms,0,1561,4644,947,2960,1536,4497,899,2896,106,6201
2026-09-09T00:08:19.839557+00:00,440,115256,128x,100ms,0,1566,4600,943,3035,1274,3752,798,2477,92,5439
2026-09-09T00:08:20.102938+00:00,441,115522,128x,100ms,0,1110,3266,705,2172,1079,3212,651,2002,78,4840
2026-09-09T00:08:20.367683+00:00,442,115787,128x,100ms,0,522,1602,330,974,1032,3009,670,2144,82,4746
2026-09-09T00:08:20.630909+00:00,443,116052,128x,100ms,1,1244,3656,808,2625,1188,3467,776,2527,94,5293
2026-09-09T00:08:20.896120+00:00,444,116318,128x,100ms,1,1205,3515,787,2561,1193,3477,778,2534,95,5309
2026-09-09T00:08:21.159237+00:00,445,116583,128x,100ms,1,1219,3553,795,2590,1195,3481,779,2538,95,5316
2026-09-09T00:08:21.424065+00:00,446,116847,128x,100ms,1,1216,3544,794,2585,1190,3471,777,2531,94,5303
2026-09-09T00:08:21.695477+00:00,447,117112,128x,100ms,1,1204,3510,785,2559,1189,3467,776,2527,94,5292
2026-09-09T00:08:21.952436+00:00,448,117378,128x,100ms,1,1195,3485,780,2541,1193,3478,778,2534,94,5310
2026-09-09T00:08:22.223930+00:00,449,117642,128x,100ms,1,1194,3480,779,2537,1208,3522,789,2566,95,5377
2026-09-09T00:08:22.488372+00:00,450,117908,128x,100ms,1,1192,3476,777,2532,1204,3515,786,2561,95,5363
2026-09-09T00:08:22.747728+00:00,451,118172,128x,100ms,1,1191,3473,778,2530,1211,3529,791,2571,96,5392
2026-09-09T00:08:23.011928+00:00,452,118437,128x,100ms,1,1191,3472,777,2530,1208,3526,789,2568,96,5381
2026-09-09T00:08:23.283951+00:00,453,118704,128x,100ms,1,1192,3475,778,2532,1210,3531,791,2572,96,5389
2026-09-09T00:08:23.547201+00:00,454,118969,128x,100ms,0,1187,3466,775,2524,1203,3512,786,2559,95,5362
2026-09-09T00:08:23.810742+00:00,455,119234,128x,100ms,0,1187,3465,775,2523,1204,3515,787,2559,95,5364
2026-09-09T00:08:24.075455+00:00,456,119499,128x,100ms,0,1187,3466,776,2523,1199,3501,783,2548,94,5341
2026-09-09T00:08:24.339603+00:00,457,119763,128x,100ms,0,1191,3474,778,2530,1200,3503,784,2552,95,5349
2026-09-09T00:08:24.603879+00:00,458,120030,128x,100ms,0,1190,3471,777,2528,1202,3506,784,2553,95,5350
2026-09-09T00:08:24.867049+00:00,459,120294,128x,100ms,0,1190,3471,777,2528,1209,3530,790,2570,96,5386
2026-09-09T00:08:25.139290+00:00,460,120558,128x,100ms,0,1196,3491,781,2542,1192,3475,778,2530,95,5306
2026-09-09T00:08:25.395950+00:00,461,120823,128x,100ms,0,1214,3538,792,2577,1192,3476,778,2531,95,5305
2026-09-09T00:08:25.662455+00:00,462,121088,128x,100ms,0,1191,3474,778,2529,1225,3559,797,2593,96,5435
2026-09-09T00:08:25.925340+00:00,463,121353,128x,100ms,0,1187,3464,775,2522,1201,3506,785,2552,95,5352
2026-09-09T00:08:26.190548+00:00,464,121618,128x,100ms,0,1187,3465,776,2523,1201,3505,784,2552,95,5350
2026-09-09T00:08:26.462786+00:00,465,121882,128x,100ms,1,1187,3467,776,2524,1197,3491,781,2541,95,5332
2026-09-09T00:08:26.725857+00:00,466,122147,128x,100ms,1,1216,3539,793,2577,1192,3478,778,2532,95,5310
2026-09-09T00:08:26.990877+00:00,467,122413,128x,100ms,1,1209,3526,790,2567,1193,3478,779,2532,95,5308
2026-09-09T00:08:27.255008+00:00,468,122678,128x,100ms,1,1217,3548,795,2583,1192,3478,779,2531,94,5308
2026-09-09T00:08:27.519916+00:00,469,122943,128x,100ms,1,1216,3548,794,2583,1191,3476,778,2531,94,5307
2026-09-09T00:08:27.783843+00:00,470,123207,128x,100ms,1,1203,3513,786,2558,1197,3489,781,2539,95,5326
2026-09-09T00:08:28.048610+00:00,471,123472,128x,100ms,1,1189,3473,777,2526,1189,3476,778,2528,94,5301
2026-09-09T00:08:28.312197+00:00,472,123738,128x,100ms,1,1183,3459,774,2516,1205,3520,788,2561,96,5370
2026-09-09T00:08:28.575869+00:00,473,124002,128x,100ms,1,1183,3459,774,2517,1202,3510,785,2554,95,5355
2026-09-09T00:08:28.840422+00:00,474,124268,128x,100ms,1,1186,3466,775,2521,1211,3535,791,2572,96,5394
2026-09-09T00:08:29.112244+00:00,475,124533,128x,100ms,1,1198,3490,781,2540,1220,3551,795,2586,97,5423
2026-09-09T00:08:29.370169+00:00,476,124797,128x,100ms,1,1193,3482,779,2533,1183,3459,774,2516,94,5276
2026-09-09T00:08:29.636487+00:00,477,125063,128x,100ms,0,1207,3526,789,2565,1181,3454,773,2513,94,5267
2026-09-09T00:08:29.908988+00:00,478,125328,128x,100ms,0,1208,3530,790,2568,1181,3454,773,2512,94,5268
2026-09-09T00:08:30.171672+00:00,479,125593,128x,100ms,0,1207,3527,790,2566,1181,3454,773,2512,94,5269
2026-09-09T00:08:30.436495+00:00,480,125858,128x,100ms,0,1197,3500,783,2546,1183,3458,774,2515,94,5275
2026-09-09T00:08:30.700042+00:00,481,126124,128x,100ms,0,1202,3515,786,2556,1182,3456,774,2514,94,5272
2026-09-09T00:08:30.964797+00:00,482,126389,128x,100ms,0,1190,3480,779,2531,1192,3478,779,2532,95,5310
2026-09-09T00:08:31.229017+00:00,483,126654,128x,100ms,0,1204,3522,788,2562,1183,3458,774,2515,94,5275
2026-09-09T00:08:31.492387+00:00,484,126919,128x,100ms,0,1206,3528,790,2565,1185,3463,775,2518,94,5283
2026-09-09T00:08:31.764610+00:00,485,127184,128x,100ms,0,1199,3507,785,2551,1184,3461,775,2517,94,5280
2026-09-09T00:08:32.020469+00:00,486,127450,128x,100ms,0,1196,3496,782,2541,1187,3469,776,2522,94,5292
2026-09-09T00:08:32.292523+00:00,487,127715,128x,100ms,0,1202,3513,787,2555,1182,3457,774,2513,94,5274
2026-09-09T00:08:32.557921+00:00,488,127980,128x,100ms,1,1184,3461,775,2517,1183,3459,774,2516,94,5276
2026-09-09T00:08:32.822642+00:00,489,128245,128x,100ms,1,1190,3481,779,2530,1185,3465,776,2519,94,5285
2026-09-09T00:08:33.087929+00:00,490,128510,128x,100ms,1,1191,3481,779,2531,1185,3463,776,2519,94,5284
2026-09-09T00:08:33.351770+00:00,491,128776,128x,100ms,1,1207,3528,790,2566,1184,3462,775,2518,94,5280
2026-09-09T00:08:33.615481+00:00,492,129041,128x,100ms,1,1201,3511,786,2553,1185,3465,776,2520,94,5285
2026-09-09T00:08:33.879446+00:00,493,129306,128x,100ms,1,1196,3493,782,2540,1190,3475,779,2528,95,5305
2026-09-09T00:08:34.143747+00:00,494,129571,128x,100ms,1,1190,3476,778,2528,1204,3515,787,2556,95,5362
2026-09-09T00:08:34.409434+00:00,495,129838,128x,100ms,1,1189,3474,778,2527,1204,3517,787,2557,95,5365
2026-09-09T00:08:34.673382+00:00,496,130102,128x,100ms,1,1189,3473,777,2525,1196,3494,782,2541,95,5333
2026-09-09T00:08:34.936822+00:00,497,130367,128x,100ms,1,1192,3483,780,2531,1199,3495,783,2542,95,5336
2026-09-09T00:08:35.209562+00:00,498,130632,128x,100ms,1,1214,3528,791,2567,1220,3546,795,2581,96,5417
2026-09-09T00:08:35.473253+00:00,499,130897,128x,100ms,0,1212,3525,790,2565,1223,3556,797,2587,97,5429
2026-09-09T00:08:35.737538+00:00,500,131164,128x,100ms,0,1211,3521,789,2562,1231,3580,803,2605,97,5468
2026-09-09T00:08:36.002099+00:00,501,131429,128x,100ms,0,1209,3518,788,2559,1230,3580,802,2605,98,5468
2026-09-09T00:08:36.265979+00:00,502,131694,128x,100ms,0,1210,3520,789,2561,1223,3556,797,2588,96,5432
2026-09-09T00:08:36.529405+00:00,503,131959,128x,100ms,0,1231,3579,802,2604,1211,3523,790,2563,96,5380
2026-09-09T00:08:36.802045+00:00,504,132226,128x,100ms,0,1229,3575,801,2601,1210,3521,789,2562,96,5375
2026-09-09T00:08:37.067016+00:00,505,132491,128x,100ms,0,1224,3562,798,2591,1209,3519,788,2560,96,5372
2026-09-09T00:08:37.331227+00:00,506,132756,128x,100ms,0,1210,3523,789,2563,1206,3512,787,2554,96,5361
2026-09-09T00:08:37.595202+00:00,507,133021,128x,100ms,0,1186,3469,778,2522,1190,3480,780,2530,95,5308
2026-09-09T00:08:37.859217+00:00,508,133286,128x,100ms,0,1198,3494,784,2541,1213,3530,791,2567,96,5389
2026-09-09T00:08:38.123249+00:00,509,133552,128x,100ms,0,1202,3503,785,2549,1186,3468,777,2521,94,5289
2026-09-09T00:08:38.387817+00:00,510,133817,128x,100ms,0,1186,3467,776,2519,1208,3532,791,2566,96,5388
2026-09-09T00:08:38.652085+00:00,511,134082,128x,100ms,1,1189,3475,779,2526,1205,3524,790,2561,95,5375
2026-09-09T00:08:38.924214+00:00,512,134348,128x,100ms,1,1206,3510,787,2552,1232,3586,804,2607,98,5474
2026-09-09T00:08:39.188483+00:00,513,134614,128x,100ms,1,1225,3564,798,2591,1208,3516,788,2558,96,5368
2026-09-09T00:08:39.451741+00:00,514,134879,128x,100ms,1,1227,3574,801,2599,1194,3486,781,2533,95,5320
2026-09-09T00:08:39.720445+00:00,515,135144,128x,100ms,1,1197,3503,785,2546,1182,3461,775,2514,94,5277
2026-09-09T00:08:39.984765+00:00,516,135409,128x,100ms,1,1184,3461,776,2517,1185,3470,778,2522,94,5296
2026-09-09T00:08:40.241088+00:00,517,135674,128x,100ms,1,1186,3468,777,2521,1180,3456,775,2514,93,5275
2026-09-09T00:08:40.514196+00:00,518,135940,128x,100ms,1,1200,3498,784,2543,1220,3547,796,2582,96,5424
2026-09-09T00:08:40.778779+00:00,519,136205,128x,100ms,1,1209,3515,789,2559,1222,3553,797,2587,96,5431
2026-09-09T00:08:41.036032+00:00,520,136469,128x,100ms,1,1274,3728,823,2661,1239,3607,808,2619,97,5493
2026-09-09T00:08:41.308659+00:00,521,136734,128x,100ms,1,1202,3494,785,2548,1179,3416,776,2526,95,5325
2026-09-09T00:08:41.572287+00:00,522,136999,128x,100ms,0,1155,3347,760,2474,1165,3374,767,2496,94,5264
2026-09-09T00:08:41.836382+00:00,523,137264,128x,100ms,0,1154,3343,760,2473,1163,3368,765,2492,93,5253
2026-09-09T00:08:42.098989+00:00,524,137529,128x,100ms,0,1169,3389,770,2506,1156,3348,761,2476,93,5221
2026-09-09T00:08:42.362899+00:00,525,137795,128x,100ms,0,1158,3354,762,2481,1155,3346,760,2474,93,5219
2026-09-09T00:08:42.635072+00:00,526,138060,128x,100ms,0,1148,3331,757,2463,1152,3351,761,2477,93,5220
2026-09-09T00:08:42.890625+00:00,527,138326,128x,100ms,0,1135,3301,750,2441,1131,3294,748,2436,92,5133
2026-09-09T00:08:43.162218+00:00,528,138590,128x,100ms,0,1151,3345,760,2472,1135,3303,751,2441,92,5147
2026-09-09T00:08:43.426127+00:00,529,138855,128x,100ms,0,1161,3373,766,2494,1142,3317,753,2453,92,5172
2026-09-09T00:08:43.691032+00:00,530,139119,128x,100ms,0,1154,3344,760,2472,1166,3377,767,2496,93,5263
2026-09-09T00:08:43.954522+00:00,531,139384,128x,100ms,0,1279,3748,826,2669,1248,3631,812,2634,98,5527
2026-09-09T00:08:44.218745+00:00,532,139650,128x,100ms,0,1285,3765,830,2680,1263,3680,820,2657,99,5570
2026-09-09T00:08:44.490610+00:00,533,139916,128x,100ms,1,1325,3886,853,2752,1204,3508,787,2552,95,5360
2026-09-09T00:08:44.746610+00:00,534,140181,128x,100ms,1,1197,3504,784,2539,1150,3355,759,2464,92,5191
2026-09-09T00:08:45.018607+00:00,535,140446,128x,100ms,1,1136,3301,750,2444,1137,3302,751,2444,92,5156
2026-09-09T00:08:45.284354+00:00,536,140711,128x,100ms,1,1123,3271,744,2420,1127,3285,747,2430,91,5128
2026-09-09T00:08:45.542279+00:00,537,140977,128x,100ms,1,1146,3328,757,2464,1117,3258,741,2411,90,5084
2026-09-09T00:08:45.815181+00:00,538,141242,128x,100ms,1,1159,3367,766,2492,1128,3284,747,2431,91,5126
2026-09-09T00:08:46.081187+00:00,539,141506,128x,100ms,1,1127,3281,746,2428,1150,3337,759,2471,92,5210
2026-09-09T00:08:46.339098+00:00,540,141771,128x,100ms,1,1142,3314,754,2453,1159,3361,764,2488,93,5250
2026-09-09T00:08:46.606826+00:00,541,142036,128x,100ms,1,1129,3286,747,2431,1156,3361,764,2487,93,5248
2026-09-09T00:08:46.874991+00:00,542,142302,128x,100ms,1,1138,3303,752,2445,1154,3356,763,2483,93,5237
2026-09-09T00:08:47.132796+00:00,543,142567,128x,100ms,1,1119,3261,742,2414,1136,3314,753,2449,91,5164
2026-09-09T00:08:47.398871+00:00,544,142832,128x,100ms,1,1122,3273,744,2419,1139,3323,755,2455,92,5177
2026-09-09T00:08:47.662935+00:00,545,143097,128x,100ms,0,1137,3306,752,2444,1156,3362,764,2485,93,5244
2026-09-09T00:08:47.929522+00:00,546,143363,128x,100ms,0,1115,3256,740,2406,1128,3282,747,2431,91,5132
2026-09-09T00:08:48.199225+00:00,547,143628,128x,100ms,0,1129,3282,748,2432,1143,3326,758,2464,93,5203
2026-09-09T00:08:48.462903+00:00,548,143892,128x,100ms,0,1107,3233,736,2392,1110,3241,738,2399,90,5063
2026-09-09T00:08:48.726349+00:00,549,144157,128x,100ms,0,1131,3298,751,2441,1112,3243,739,2401,90,5068
2026-09-09T00:08:48.990988+00:00,550,144421,128x,100ms,0,1128,3291,749,2437,1112,3243,738,2401,90,5068
2026-09-09T00:08:49.254515+00:00,551,144687,128x,100ms,0,1113,3246,739,2404,1134,3304,753,2447,91,5166
2026-09-09T00:08:49.518541+00:00,552,144952,128x,100ms,0,1111,3243,738,2401,1128,3291,750,2437,91,5143
2026-09-09T00:08:49.782885+00:00,553,145217,128x,100ms,0,1111,3242,738,2401,1121,3269,745,2420,91,5108
2026-09-09T00:08:50.046668+00:00,554,145481,128x,100ms,0,1122,3269,744,2421,1113,3246,739,2402,90,5072
2026-09-09T00:08:50.311095+00:00,555,145746,128x,100ms,0,1152,3346,762,2479,1239,3598,805,2607,98,5473
2026-09-09T00:08:50.582790+00:00,556,146012,128x,100ms,1,1234,3576,806,2614,1214,3519,792,2568,96,5401
2026-09-09T00:08:50.846102+00:00,557,146277,128x,100ms,1,1241,3599,810,2622,1215,3523,793,2569,96,5402
2026-09-09T00:08:51.112453+00:00,558,146542,128x,100ms,1,1198,3472,785,2549,1189,3445,779,2529,95,5327
2026-09-09T00:08:51.376182+00:00,559,146807,128x,100ms,1,1198,3468,785,2546,1189,3443,779,2527,95,5326
2026-09-09T00:08:51.640303+00:00,560,147073,128x,100ms,1,1207,3498,792,2568,1187,3441,778,2525,95,5320
2026-09-09T00:08:51.903917+00:00,561,147337,128x,100ms,1,1210,3508,794,2574,1186,3437,778,2523,95,5316
2026-09-09T00:08:52.169555+00:00,562,147602,128x,100ms,1,1168,3399,769,2493,1183,3445,779,2527,94,5323
2026-09-09T00:08:52.456701+00:00,563,147889,64x,100ms,1,595,1734,392,1263,583,1700,384,1239,47,2618
2026-09-09T00:08:52.714264+00:00,564,148153,64x,100ms,1,583,1700,384,1238,594,1732,390,1262,48,2667
2026-09-09T00:08:52.985046+00:00,565,148416,64x,100ms,1,593,1731,390,1261,583,1701,384,1239,47,2618
2026-09-09T00:08:53.242019+00:00,566,148680,64x,100ms,1,584,1702,384,1240,595,1734,391,1264,48,2670
2026-09-09T00:08:53.504958+00:00,567,148944,64x,100ms,0,589,1718,387,1251,593,1721,389,1254,48,2652
2026-09-09T00:08:53.776844+00:00,568,149208,64x,100ms,0,593,1730,390,1260,583,1702,384,1240,47,2619
2026-09-09T00:08:54.033664+00:00,569,149472,64x,100ms,0,583,1700,384,1239,584,1704,385,1242,47,2624
2026-09-09T00:08:54.306113+00:00,570,149736,64x,100ms,0,591,1724,389,1256,583,1700,384,1239,47,2618
2026-09-09T00:08:54.562357+00:00,571,149999,64x,100ms,0,588,1714,387,1249,583,1701,384,1239,47,2618
2026-09-09T00:08:54.826123+00:00,572,150263,64x,100ms,0,583,1702,384,1239,586,1708,385,1244,47,2628
2026-09-09T00:08:55.090239+00:00,573,150528,64x,100ms,0,584,1702,384,1239,590,1721,389,1253,48,2649
2026-09-09T00:08:55.353381+00:00,574,150792,64x,100ms,0,588,1716,388,1249,583,1701,384,1239,47,2618
2026-09-09T00:08:55.625321+00:00,575,151055,64x,100ms,0,584,1703,384,1241,595,1736,392,1264,48,2673
2026-09-09T00:08:55.881538+00:00,576,151319,64x,100ms,0,593,1732,391,1261,582,1701,384,1238,47,2618
2026-09-09T00:08:56.145466+00:00,577,151583,64x,100ms,0,583,1701,384,1239,585,1706,385,1242,47,2626
2026-09-09T00:08:56.477426+00:00,578,151915,32x,100ms,1,301,878,199,640,295,861,195,627,24,1326
2026-09-09T00:08:56.741855+00:00,579,152178,32x,100ms,1,300,877,199,639,294,860,195,627,24,1325
2026-09-09T00:08:57.004907+00:00,580,152441,32x,100ms,1,296,864,196,630,294,860,195,627,24,1325
2026-09-09T00:08:57.269444+00:00,581,152706,32x,100ms,1,295,861,195,627,298,871,197,635,24,1342
2026-09-09T00:08:57.534105+00:00,582,152969,32x,100ms,1,295,861,195,627,298,871,197,635,24,1342
2026-09-09T00:08:57.790678+00:00,583,153232,32x,100ms,1,295,861,195,627,298,871,197,635,24,1342
2026-09-09T00:08:58.061762+00:00,584,153495,32x,100ms,1,295,862,195,628,300,877,198,639,24,1350
2026-09-09T00:08:58.318131+00:00,585,153758,32x,100ms,1,301,873,198,637,306,890,202,649,25,1372
2026-09-09T00:08:58.581300+00:00,586,154022,32x,100ms,1,301,879,199,640,295,861,195,628,24,1327
2026-09-09T00:08:58.846024+00:00,587,154286,32x,100ms,1,340,1008,219,699,270,782,184,594,23,1246
2026-09-09T00:08:59.109816+00:00,588,154549,32x,100ms,1,266,769,182,590,265,766,182,589,22,1232
2026-09-09T00:08:59.373930+00:00,589,154813,32x,100ms,1,264,761,181,586,269,775,184,596,23,1241
2026-09-09T00:08:59.637816+00:00,590,155075,32x,100ms,0,263,760,180,584,265,766,182,589,22,1226
2026-09-09T00:08:59.902778+00:00,591,155339,32x,100ms,0,263,760,181,584,267,769,183,592,22,1232
2026-09-09T00:09:00.165905+00:00,592,155602,32x,100ms,0,263,760,181,584,266,769,183,591,22,1231
2026-09-09T00:09:00.429902+00:00,593,155866,32x,100ms,0,263,760,181,584,265,764,182,588,22,1223
2026-09-09T00:09:00.685947+00:00,594,156129,32x,100ms,0,263,761,181,585,266,768,183,591,22,1229
2026-09-09T00:09:00.957880+00:00,595,156391,32x,100ms,0,263,760,180,585,264,762,181,586,22,1220
2026-09-09T00:09:01.213785+00:00,596,156655,32x,100ms,0,263,761,181,585,267,771,183,593,22,1234
2026-09-09T00:09:01.477764+00:00,597,156917,32x,100ms,0,266,770,182,591,263,760,181,584,22,1216
2026-09-09T00:09:01.741889+00:00,598,157180,32x,100ms,0,268,772,183,594,263,760,181,584,22,1216
2026-09-09T00:09:02.005764+00:00,599,157443,32x,100ms,0,267,772,183,593,263,760,181,584,22,1216
2026-09-09T00:09:02.262428+00:00,600,157706,32x,100ms,0,263,760,181,584,266,767,182,589,23,1228
2026-09-09T00:09:02.534025+00:00,601,157969,32x,100ms,1,263,760,181,584,265,766,182,589,22,1226
2026-09-09T00:09:02.790340+00:00,602,158232,32x,100ms,1,266,769,183,591,263,760,181,584,22,1216
2026-09-09T00:09:03.054457+00:00,603,158496,32x,100ms,1,265,766,182,589,263,759,180,584,22,1216
2026-09-09T00:09:03.318373+00:00,604,158759,32x,100ms,1,267,773,183,594,263,760,181,584,22,1216
2026-09-09T00:09:03.581787+00:00,605,159023,32x,100ms,1,267,770,183,591,263,760,181,584,22,1216
2026-09-09T00:09:03.845857+00:00,606,159286,32x,100ms,1,266,768,182,590,263,760,181,584,22,1216
2026-09-09T00:09:04.110305+00:00,607,159549,32x,100ms,1,266,768,182,590,263,760,180,584,22,1215
2026-09-09T00:09:04.374313+00:00,608,159813,32x,100ms,1,263,759,180,584,265,767,182,589,22,1226
2026-09-09T00:09:04.637512+00:00,609,160076,32x,100ms,1,261,756,180,581,265,767,182,590,22,1227
2026-09-09T00:09:04.902116+00:00,610,160339,32x,100ms,1,261,756,180,581,265,766,182,588,22,1224
2026-09-09T00:09:05.158448+00:00,611,160603,32x,100ms,1,262,757,180,582,265,767,182,589,22,1227
2026-09-09T00:09:05.429321+00:00,612,160866,32x,100ms,1,261,757,180,581,265,766,182,588,22,1224
2026-09-09T00:09:05.694912+00:00,613,161129,32x,100ms,0,264,765,182,588,261,757,180,581,22,1210
2026-09-09T00:09:05.949217+00:00,614,161392,32x,100ms,0,264,764,182,587,261,756,179,581,22,1210
2026-09-09T00:09:06.213208+00:00,615,161655,32x,100ms,0,263,761,181,585,262,759,180,582,22,1214
2026-09-09T00:09:06.476755+00:00,616,161918,32x,100ms,0,262,757,180,581,267,772,183,593,23,1235
2026-09-09T00:09:06.741404+00:00,617,162182,32x,100ms,0,261,757,180,581,263,761,181,585,22,1217
2026-09-09T00:09:07.004308+00:00,618,162444,32x,100ms,0,261,757,179,581,262,759,180,583,22,1214
2026-09-09T00:09:07.797474+00:00,619,163234,32x,300ms,0,790,2287,543,1757,791,2288,543,1758,66,3659
2026-09-09T00:09:08.461309+00:00,620,163900,32x,300ms,0,792,2291,544,1760,792,2290,544,1759,66,3663
2026-09-09T00:09:09.125263+00:00,621,164567,32x,300ms,1,790,2287,543,1755,791,2288,544,1757,66,3660
2026-09-09T00:09:09.797527+00:00,622,165233,32x,300ms,1,788,2281,542,1751,789,2284,542,1753,66,3652
2026-09-09T00:09:10.461315+00:00,623,165900,32x,300ms,1,789,2283,542,1752,788,2283,542,1753,66,3650
2026-09-09T00:09:11.125317+00:00,624,166566,32x,300ms,1,790,2287,543,1756,789,2285,542,1753,66,3653
2026-09-09T00:09:11.797891+00:00,625,167234,32x,300ms,0,790,2288,544,1756,790,2284,543,1754,66,3653
2026-09-09T00:09:12.453306+00:00,626,167901,32x,300ms,0,791,2290,544,1758,791,2289,544,1757,66,3660
2026-09-09T00:09:13.125291+00:00,627,168566,32x,300ms,0,789,2285,543,1754,789,2286,543,1755,66,3655
2026-09-09T00:09:13.789994+00:00,628,169233,32x,300ms,0,790,2287,544,1756,791,2290,544,1758,66,3661
2026-09-09T00:09:14.453674+00:00,629,169899,32x,300ms,0,791,2290,544,1758,792,2294,545,1760,66,3667
2026-09-09T00:09:15.125225+00:00,630,170565,32x,300ms,1,800,2310,549,1773,803,2320,551,1781,67,3703
2026-09-09T00:09:15.790347+00:00,631,171232,32x,300ms,1,783,2275,541,1745,767,2237,532,1716,64,3563
2026-09-09T00:09:16.453314+00:00,632,171898,32x,300ms,1,1078,3193,659,2083,501,1553,274,720,29,2074
2026-09-09T00:09:17.117379+00:00,633,172565,32x,300ms,1,62,256,29,5,62,256,29,5,0,154
2026-09-09T00:09:17.781309+00:00,634,173229,32x,300ms,0,62,257,29,5,62,257,29,5,0,156
2026-09-09T00:09:18.445306+00:00,635,173892,32x,300ms,0,62,257,29,5,62,257,29,5,0,156
2026-09-09T00:09:19.109014+00:00,636,174556,32x,300ms,0,62,257,29,5,62,256,29,5,0,155
2026-09-09T00:09:19.765414+00:00,637,175218,32x,300ms,0,62,256,29,5,62,256,29,5,0,155
2026-09-09T00:09:20.429294+00:00,638,175883,32x,300ms,0,62,257,29,5,62,257,29,5,0,156
2026-09-09T00:09:21.102102+00:00,639,176545,32x,300ms,1,215,816,92,26,1006,3734,417,134,18,3542
2026-09-09T00:09:21.765447+00:00,640,177211,32x,300ms,1,984,3675,411,132,982,3669,410,132,18,3472
2026-09-09T00:09:22.429389+00:00,641,177878,32x,300ms,1,982,3668,410,132,977,3655,409,131,18,3458
2026-09-09T00:09:23.101938+00:00,642,178544,32x,300ms,1,985,3679,411,132,996,3708,415,133,18,3511
2026-09-09T00:09:23.765436+00:00,643,179210,32x,300ms,0,1016,3764,421,136,1010,3747,419,135,18,3552
2026-09-09T00:09:24.429235+00:00,644,179875,32x,300ms,0,994,3702,415,133,990,3692,413,133,18,3495
2026-09-09T00:09:25.093283+00:00,645,180542,32x,300ms,0,967,3627,406,130,966,3625,406,130,18,3426
2026-09-09T00:09:25.765417+00:00,646,181208,32x,300ms,0,966,3623,405,130,969,3632,406,130,18,3433
2026-09-09T00:09:26.421444+00:00,647,181873,32x,300ms,0,965,3622,405,130,969,3631,407,130,18,3433
2026-09-09T00:09:27.093188+00:00,648,182540,32x,300ms,1,971,3638,407,130,970,3636,407,130,18,3438
2026-09-09T00:09:27.757392+00:00,649,183206,32x,300ms,1,972,3642,407,130,987,3685,412,132,18,3487
2026-09-09T00:09:28.421019+00:00,650,183872,32x,300ms,1,988,3688,413,131,981,3666,410,131,18,3468
2026-09-09T00:09:29.094133+00:00,651,184539,32x,300ms,1,980,3664,410,131,980,3664,410,131,18,3466
2026-09-09T00:09:29.757476+00:00,652,185204,32x,300ms,0,981,3667,411,131,978,3658,409,130,18,3461
2026-09-09T00:09:30.421022+00:00,653,185870,32x,300ms,0,975,3652,409,131,975,3651,409,131,18,3453
2026-09-09T00:09:31.086225+00:00,654,186535,32x,300ms,0,977,3656,410,131,978,3658,410,131,18,3461
2026-09-09T00:09:31.749413+00:00,655,187201,32x,300ms,0,978,3659,410,131,977,3658,410,131,18,3460
2026-09-09T00:09:32.421455+00:00,656,187867,32x,300ms,0,978,3660,410,131,975,3650,409,130,18,3453
2026-09-09T00:09:33.077723+00:00,657,188532,32x,300ms,1,978,3658,410,131,978,3660,410,131,18,3463
2026-09-09T00:09:33.749401+00:00,658,189198,32x,300ms,1,978,3660,410,131,977,3657,410,131,18,3460
2026-09-09T00:09:34.414575+00:00,659,189864,32x,300ms,1,978,3659,410,131,988,3685,413,132,18,3488
2026-09-09T00:09:35.078541+00:00,660,190530,32x,300ms,1,982,3673,412,131,982,3670,411,131,18,3473
2026-09-09T00:09:35.741856+00:00,661,191196,32x,300ms,0,978,3662,410,130,978,3661,410,131,18,3463
2026-09-09T00:09:36.411479+00:00,662,191861,32x,300ms,0,981,3670,411,131,980,3667,411,131,18,3469
2026-09-09T00:09:37.074997+00:00,663,192527,32x,300ms,0,980,3668,411,131,978,3663,411,131,18,3464
2026-09-09T00:09:37.739631+00:00,664,193193,32x,300ms,0,975,3652,409,131,976,3657,409,131,18,3459
2026-09-09T00:09:38.410675+00:00,665,193859,32x,300ms,0,980,3668,411,131,981,3669,412,131,18,3472
2026-09-09T00:09:39.075053+00:00,666,194525,32x,300ms,1,982,3674,412,131,992,3700,415,132,18,3503
2026-09-09T00:09:39.738591+00:00,667,195191,32x,300ms,1,988,3691,414,132,980,3669,412,131,18,3471
2026-09-09T00:09:40.403934+00:00,668,195857,32x,300ms,1,978,3662,411,131,978,3664,411,131,18,3465
2026-09-09T00:09:41.066773+00:00,669,196523,32x,300ms,1,976,3658,410,131,978,3662,411,131,18,3465
2026-09-09T00:09:41.738800+00:00,670,197188,32x,300ms,0,980,3670,412,131,981,3672,412,131,18,3473
2026-09-09T00:09:42.403464+00:00,671,197855,32x,300ms,0,980,3671,412,131,980,3669,411,130,18,3471
2026-09-09T00:09:43.067236+00:00,672,198520,32x,300ms,0,977,3660,411,131,979,3666,412,131,18,3467
2026-09-09T00:09:43.731022+00:00,673,199185,32x,300ms,0,980,3670,412,131,981,3672,412,131,18,3473
2026-09-09T00:09:44.395006+00:00,674,199852,32x,300ms,0,981,3673,413,131,981,3673,413,131,18,3475
2026-09-09T00:09:45.066796+00:00,675,200516,32x,300ms,1,981,3672,412,131,979,3667,412,130,18,3468
2026-09-09T00:09:45.722912+00:00,676,201183,32x,300ms,1,980,3669,412,131,980,3669,412,131,18,3471
2026-09-09T00:09:46.395623+00:00,677,201848,32x,300ms,1,982,3677,413,131,983,3677,413,131,18,3479
2026-09-09T00:09:47.058255+00:00,678,202514,32x,300ms,1,981,3672,412,130,991,3702,416,132,18,3505
2026-09-09T00:09:47.723232+00:00,679,203181,32x,300ms,0,985,3686,414,131,983,3678,413,131,18,3479
2026-09-09T00:09:48.386896+00:00,680,203846,32x,300ms,0,981,3675,413,131,981,3675,413,131,18,3476
2026-09-09T00:09:49.058858+00:00,681,204512,32x,300ms,0,982,3679,414,131,985,3685,414,131,18,3486
2026-09-09T00:09:49.723140+00:00,682,205177,32x,300ms,0,984,3682,414,131,985,3686,415,132,18,3488
2026-09-09T00:09:50.386822+00:00,683,205843,32x,300ms,0,982,3677,413,131,985,3684,414,132,18,3485
2026-09-09T00:09:51.051599+00:00,684,206509,32x,300ms,1,988,3693,415,132,988,3693,415,132,18,3495
2026-09-09T00:09:51.723984+00:00,685,207175,32x,300ms,1,988,3696,416,132,986,3688,414,132,18,3489
2026-09-09T00:09:52.379074+00:00,686,207841,32x,300ms,1,987,3690,415,132,986,3687,415,131,18,3491
2026-09-09T00:09:53.051733+00:00,687,208506,32x,300ms,1,987,3690,415,132,986,3688,415,131,18,3492
2026-09-09T00:09:53.714629+00:00,688,209173,32x,300ms,0,983,3679,414,131,984,3680,414,131,18,3484
2026-09-09T00:09:54.379197+00:00,689,209839,32x,300ms,0,985,3684,415,131,986,3686,415,131,18,3490
2026-09-09T00:09:55.043789+00:00,690,210504,32x,300ms,0,988,3691,416,132,986,3685,415,131,18,3490
2026-09-09T00:09:55.715774+00:00,691,211170,32x,300ms,0,986,3683,414,131,986,3684,415,131,18,3490
2026-09-09T00:09:56.378166+00:00,692,211835,32x,300ms,0,987,3688,415,131,986,3685,415,131,18,3491
2026-09-09T00:09:57.042917+00:00,693,212501,32x,300ms,1,982,3672,413,131,982,3669,413,131,18,3480
2026-09-09T00:09:57.707089+00:00,694,213168,32x,300ms,1,985,3678,414,131,983,3669,413,131,18,3483
2026-09-09T00:09:58.379222+00:00,695,213833,32x,300ms,1,984,3672,413,131,982,3665,413,131,18,3481
2026-09-09T00:09:59.043385+00:00,696,214500,32x,300ms,1,982,3664,412,131,981,3659,412,130,18,3477
2026-09-09T00:09:59.706762+00:00,697,215165,32x,300ms,0,982,3660,412,130,981,3658,412,130,18,3477
2026-09-09T00:10:00.370833+00:00,698,215831,32x,300ms,0,978,3651,410,130,980,3654,411,130,18,3473
2026-09-09T00:10:01.035017+00:00,699,216497,32x,300ms,0,980,3654,411,130,980,3654,411,130,18,3474
2026-09-09T00:10:01.699057+00:00,700,217163,32x,300ms,0,977,3645,410,130,976,3643,409,130,18,3464
2026-09-09T00:10:02.371840+00:00,701,217829,32x,300ms,0,979,3651,411,130,980,3653,411,130,18,3476
2026-09-09T00:10:03.034935+00:00,702,218494,32x,300ms,1,979,3650,411,130,979,3649,411,130,18,3472
2026-09-09T00:10:03.699009+00:00,703,219161,32x,300ms,1,983,3658,412,130,980,3653,411,130,18,3477
2026-09-09T00:10:04.363605+00:00,704,219827,32x,300ms,1,979,3648,411,130,993,3687,415,132,18,3513
2026-09-09T00:10:05.035011+00:00,705,220493,32x,300ms,1,995,3693,416,132,995,3694,416,132,18,3521
2026-09-09T00:10:05.700019+00:00,706,221160,32x,300ms,0,994,3691,416,132,992,3687,415,132,18,3512
2026-09-09T00:10:06.363373+00:00,707,221826,32x,300ms,0,994,3692,416,132,991,3683,415,131,18,3508
2026-09-09T00:10:07.027030+00:00,708,222491,32x,300ms,0,991,3682,415,131,991,3683,415,131,18,3508
2026-09-09T00:10:07.690984+00:00,709,223157,32x,300ms,0,989,3678,414,130,988,3676,414,131,18,3502
2026-09-09T00:10:08.355271+00:00,710,223822,32x,300ms,0,991,3677,414,131,991,3681,415,131,18,3509
2026-09-09T00:10:09.027026+00:00,711,224487,32x,300ms,1,992,3684,415,131,991,3683,415,131,18,3511
2026-09-09T00:10:09.690996+00:00,712,225154,32x,300ms,1,992,3685,415,131,991,3683,415,131,18,3511
2026-09-09T00:10:10.355809+00:00,713,225818,32x,300ms,1,993,3687,415,132,993,3685,415,131,18,3513
2026-09-09T00:10:11.018915+00:00,714,226485,32x,300ms,1,990,3679,415,131,992,3686,416,131,18,3514
2026-09-09T00:10:11.683002+00:00,715,227150,32x,300ms,0,993,3686,415,132,992,3685,416,131,18,3513
2026-09-09T00:10:12.355771+00:00,716,227816,32x,300ms,0,989,3678,414,131,991,3680,415,131,18,3508
2026-09-09T00:10:13.019414+00:00,717,228481,32x,300ms,0,993,3688,415,132,991,3682,415,132,18,3511
2026-09-09T00:10:13.682962+00:00,718,229147,32x,300ms,0,997,3698,417,132,996,3697,417,132,18,3525
2026-09-09T00:10:14.346403+00:00,719,229813,32x,300ms,0,997,3699,417,132,995,3695,417,132,18,3522
2026-09-09T00:10:15.019532+00:00,720,230478,32x,300ms,1,994,3693,417,132,992,3687,416,131,18,3515
2026-09-09T00:10:15.674964+00:00,721,231144,32x,300ms,1,995,3696,417,132,994,3692,417,132,18,3519
2026-09-09T00:10:16.347359+00:00,722,231810,32x,300ms,1,994,3692,417,132,993,3688,416,131,18,3515
2026-09-09T00:10:17.011099+00:00,723,232475,32x,300ms,1,992,3685,416,131,995,3694,417,132,18,3522
2026-09-09T00:10:17.675013+00:00,724,233142,32x,300ms,0,993,3691,417,131,995,3695,417,132,18,3523
2026-09-09T00:10:18.339650+00:00,725,233807,32x,300ms,0,995,3695,417,132,994,3693,417,132,18,3521
2026-09-09T00:10:19.003690+00:00,726,234473,32x,300ms,0,995,3694,417,132,996,3698,418,132,18,3526
2026-09-09T00:10:19.674963+00:00,727,235139,32x,300ms,0,998,3703,418,132,998,3705,419,132,18,3533
2026-09-09T00:10:20.332054+00:00,728,235804,32x,300ms,0,998,3702,418,132,995,3697,417,132,18,3525
2026-09-09T00:10:21.003640+00:00,729,236471,32x,300ms,1,998,3705,419,132,999,3707,419,132,18,3534
2026-09-09T00:10:21.667378+00:00,730,237136,32x,300ms,1,998,3706,419,132,1000,3710,420,132,18,3538
2026-09-09T00:10:22.331769+00:00,731,237802,32x,300ms,1,1000,3711,419,132,1000,3713,420,132,18,3540
2026-09-09T00:10:23.002998+00:00,732,238469,32x,300ms,1,1000,3710,419,132,998,3706,419,132,18,3534
2026-09-09T00:10:23.667050+00:00,733,239134,32x,300ms,0,1001,3716,420,132,1000,3712,420,132,18,3540
2026-09-09T00:10:24.331655+00:00,734,239801,32x,300ms,0,996,3702,418,132,997,3703,419,132,18,3529
2026-09-09T00:10:24.994315+00:00,735,240467,32x,300ms,0,999,3708,420,132,1000,3712,420,132,18,3539
2026-09-09T00:10:25.667027+00:00,736,241133,32x,300ms,0,998,3708,419,132,999,3712,420,132,18,3538
2026-09-09T00:10:26.331144+00:00,737,241800,32x,300ms,0,999,3711,420,132,998,3707,420,132,18,3534
2026-09-09T00:10:26.995231+00:00,738,242465,32x,300ms,1,995,3700,418,131,997,3704,419,132,18,3531
2026-09-09T00:10:27.658724+00:00,739,243131,32x,300ms,1,999,3711,420,132,1000,3714,420,132,18,3541
2026-09-09T00:10:28.331776+00:00,740,243796,32x,300ms,1,999,3710,420,132,998,3710,420,132,18,3536
2026-09-09T00:10:28.995449+00:00,741,244463,32x,300ms,1,997,3707,420,132,997,3707,420,132,18,3533
2026-09-09T00:10:29.659202+00:00,742,245130,32x,300ms,0,995,3702,418,132,993,3695,418,132,18,3522
2026-09-09T00:10:30.323899+00:00,743,245795,32x,300ms,0,997,3706,420,132,996,3704,420,132,18,3531
2026-09-09T00:10:30.986199+00:00,744,246461,32x,300ms,0,995,3703,419,132,995,3703,419,132,18,3529
2026-09-09T00:10:31.650826+00:00,745,247127,32x,300ms,0,993,3695,418,132,996,3702,419,132,18,3529
2026-09-09T00:10:32.322813+00:00,746,247792,32x,300ms,0,998,3709,420,132,996,3704,420,132,18,3531
2026-09-09T00:10:32.986989+00:00,747,248459,32x,300ms,1,996,3706,420,132,997,3708,420,132,18,3533
2026-09-09T00:10:33.651880+00:00,748,249124,32x,300ms,1,996,3706,420,132,995,3702,420,132,18,3528
2026-09-09T00:10:34.323991+00:00,749,249791,32x,300ms,1,992,3693,418,131,992,3696,418,132,18,3521
2026-09-09T00:10:34.986185+00:00,750,250458,32x,300ms,1,994,3700,420,132,996,3706,420,132,18,3532
2026-09-09T00:10:35.651960+00:00,751,251124,32x,300ms,0,997,3708,421,132,997,3708,421,132,18,3533
2026-09-09T00:10:36.315383+00:00,752,251790,32x,300ms,0,996,3706,420,132,998,3711,421,132,18,3536
2026-09-09T00:10:36.979036+00:00,753,252455,32x,300ms,0,998,3713,421,132,993,3700,420,131,18,3524
2026-09-09T00:10:37.651568+00:00,754,253121,32x,300ms,0,992,3698,419,131,993,3698,419,131,18,3522
2026-09-09T00:10:38.315051+00:00,755,253787,32x,300ms,0,993,3700,420,131,997,3710,421,132,18,3535
2026-09-09T00:10:38.979050+00:00,756,254452,32x,300ms,1,992,3696,419,131,989,3685,418,131,18,3509
2026-09-09T00:10:39.643547+00:00,757,255119,32x,300ms,1,990,3690,419,131,989,3688,419,131,18,3512
2026-09-09T00:10:40.307236+00:00,758,255784,32x,300ms,1,987,3685,418,131,989,3689,419,131,18,3513
2026-09-09T00:10:40.979042+00:00,759,256451,32x,300ms,1,990,3692,419,131,992,3699,420,131,18,3523
2026-09-09T00:10:41.643068+00:00,760,257117,32x,300ms,0,990,3693,419,131,991,3692,419,131,18,3517
2026-09-09T00:10:42.307787+00:00,761,257782,32x,300ms,0,991,3696,420,131,993,3699,420,131,18,3524
2026-09-09T00:10:42.970759+00:00,762,258448,32x,300ms,0,990,3693,420,131,990,3691,419,130,18,3516
2026-09-09T00:10:43.643137+00:00,763,259115,32x,300ms,0,991,3693,420,131,990,3691,419,131,18,3515
2026-09-09T00:10:44.299782+00:00,764,259780,32x,300ms,0,992,3698,420,131,993,3702,421,131,18,3526
2026-09-09T00:10:44.971841+00:00,765,260447,32x,300ms,1,991,3694,420,131,990,3694,420,131,18,3518
2026-09-09T00:10:45.635203+00:00,766,261113,32x,300ms,1,985,3673,417,131,985,3673,417,131,18,3503
2026-09-09T00:10:46.299481+00:00,767,261779,32x,300ms,1,987,3676,417,131,987,3674,417,130,18,3506
2026-09-09T00:10:46.970784+00:00,768,262445,32x,300ms,1,984,3667,416,129,983,3666,416,130,18,3497
2026-09-09T00:10:47.634625+00:00,769,263111,32x,300ms,0,986,3672,417,130,986,3674,417,130,18,3506
2026-09-09T00:10:48.299696+00:00,770,263777,32x,300ms,0,987,3677,418,131,985,3668,416,130,18,3500
2026-09-09T00:10:48.962703+00:00,771,264442,32x,300ms,0,983,3664,416,130,984,3668,417,130,18,3499
2026-09-09T00:10:49.635843+00:00,772,265108,32x,300ms,0,987,3677,418,130,988,3680,418,131,18,3510
2026-09-09T00:10:50.299561+00:00,773,265774,32x,300ms,0,987,3676,418,130,986,3675,418,130,18,3506
2026-09-09T00:10:50.962864+00:00,774,266439,32x,300ms,1,982,3664,416,130,982,3663,416,130,18,3495
2026-09-09T00:10:51.626761+00:00,775,267105,32x,300ms,1,987,3677,418,130,996,3701,421,131,18,3533
2026-09-09T00:10:52.291819+00:00,776,267771,32x,300ms,1,996,3704,421,132,994,3700,420,132,18,3532
2026-09-09T00:10:52.955373+00:00,777,268437,32x,300ms,1,998,3709,422,132,995,3700,421,131,18,3531
2026-09-09T00:10:53.627436+00:00,778,269104,32x,300ms,0,990,3686,419,131,989,3684,419,131,18,3514
2026-09-09T00:10:54.291124+00:00,779,269769,32x,300ms,0,990,3687,420,131,991,3691,420,131,18,3522
2026-09-09T00:10:54.954344+00:00,780,270435,32x,300ms,0,989,3684,419,131,991,3689,420,131,18,3520
2026-09-09T00:10:55.619035+00:00,781,271100,32x,300ms,0,991,3688,420,131,986,3676,418,130,18,3507
2026-09-09T00:10:56.291754+00:00,782,271767,32x,300ms,0,991,3690,420,131,990,3688,420,131,18,3518
2026-09-09T00:10:56.954418+00:00,783,272433,32x,300ms,1,987,3679,418,131,987,3682,419,131,18,3512
2026-09-09T00:10:57.619617+00:00,784,273098,32x,300ms,1,991,3692,420,131,1050,3945,450,139,19,3710
2026-09-09T00:10:58.283755+00:00,785,273765,32x,300ms,1,1151,4369,507,153,401,1472,167,47,7,1505
2026-09-09T00:10:58.947680+00:00,786,274429,32x,300ms,1,62,260,31,5,62,260,31,5,0,158
2026-09-09T00:10:59.611085+00:00,787,275093,32x,300ms,0,62,260,31,5,62,261,31,5,0,158
2026-09-09T00:11:00.267847+00:00,788,275757,32x,300ms,0,63,260,31,5,62,260,30,5,0,158
2026-09-09T00:11:00.931265+00:00,789,276420,32x,300ms,0,62,259,30,5,61,256,30,5,0,155
2026-09-09T00:11:01.594475+00:00,790,277084,32x,300ms,0,64,265,31,5,65,267,31,5,0,162
2026-09-09T00:11:02.258579+00:00,791,277747,32x,300ms,0,65,267,31,5,65,268,32,5,0,162
2026-09-09T00:11:02.923085+00:00,792,278411,32x,300ms,1,65,266,31,5,64,265,31,5,0,161
2026-09-09T00:11:03.587261+00:00,793,279073,32x,300ms,1,63,261,31,5,34,146,17,3,0,88
2026-09-09T00:11:04.243547+00:00,794,279737,32x,300ms,1,1,9,1,0,0,4,0,0,0,2
2026-09-09T00:11:04.916037+00:00,795,280398,32x,300ms,1,0,1,0,0,13,54,6,1,0,38
2026-09-09T00:11:05.570641+00:00,796,281060,32x,300ms,0,0,0,0,0,0,0,0,0,0,0
2026-09-09T00:11:06.227633+00:00,797,281721,32x,300ms,0,0,0,0,0,0,1,0,0,0,1
2026-09-09T00:11:06.891458+00:00,798,282383,32x,300ms,0,0,1,0,0,0,0,0,0,0,0
2026-09-09T00:11:07.555654+00:00,799,283044,32x,300ms,0,0,0,0,0,0,0,0,0,0,0
2026-09-09T00:11:08.211189+00:00,800,283705,32x,300ms,0,0,0,0,0,0,0,0,0,0,0
2026-09-09T00:11:08.875002+00:00,801,284366,32x,300ms,1,0,0,0,0,0,0,0,0,0,0
2026-09-09T00:11:09.532146+00:00,802,285028,32x,300ms,1,0,0,0,0,0,0,0,0,0,0
2026-09-09T00:11:10.203208+00:00,803,285689,32x,300ms,1,0,0,0,0,0,0,0,0,0,0
2026-09-09T00:11:10.859684+00:00,804,286351,32x,300ms,1,0,0,0,0,0,0,0,0,0,0
2026-09-09T00:11:11.523288+00:00,805,287013,32x,300ms,0,0,0,0,0,0,0,0,0,0,0
2026-09-09T00:11:12.179218+00:00,806,287674,32x,300ms,0,0,0,0,0,0,0,0,0,0,0
2026-09-09T00:11:12.843447+00:00,807,288335,32x,300ms,0,0,0,0,0,0,0,0,0,0,0
2026-09-09T00:11:13.507117+00:00,808,288996,32x,300ms,0,0,0,0,0,0,0,0,0,0,0
2026-09-09T00:11:14.162666+00:00,809,289657,32x,300ms,0,0,0,0,0,0,0,0,0,0,0
2026-09-09T00:11:14.827166+00:00,810,290319,32x,300ms,1,0,0,0,0,0,0,0,0,0,0
2026-09-09T00:11:15.483690+00:00,811,290980,32x,300ms,1,0,0,0,0,0,0,0,0,0,0
2026-09-09T00:11:16.147323+00:00,812,291642,32x,300ms,1,0,0,0,0,0,0,0,0,0,0
2026-09-09T00:11:16.812094+00:00,813,292303,32x,300ms,1,0,0,0,0,0,0,0,0,0,0
2026-09-09T00:11:17.467997+00:00,814,292965,32x,300ms,0,0,0,0,0,0,0,0,0,0,0
2026-09-09T00:11:18.132099+00:00,815,293626,32x,300ms,0,0,0,0,0,0,0,0,0,0,0
2026-09-09T00:11:18.795188+00:00,816,294288,32x,300ms,0,0,0,0,0,0,0,0,0,0,0
2026-09-09T00:11:19.451509+00:00,817,294949,32x,300ms,0,0,0,0,0,0,0,0,0,0,0
2026-09-09T00:11:20.114997+00:00,818,295610,32x,300ms,0,0,0,0,0,0,0,0,0,0,0
2026-09-09T00:11:20.778914+00:00,819,296272,32x,300ms,1,0,0,0,0,0,0,0,0,0,0
2026-09-09T00:11:21.444182+00:00,820,296934,32x,300ms,1,0,0,0,0,0,0,0,0,0,0
2026-09-09T00:11:22.098191+00:00,821,297595,32x,300ms,1,0,0,0,0,0,0,0,0,0,0
2026-09-09T00:11:22.762623+00:00,822,298257,32x,300ms,1,0,0,0,0,0,0,0,0,0,0
2026-09-09T00:11:23.419826+00:00,823,298919,32x,300ms,1,0,0,0,0,0,0,0,0,0,0
2026-09-09T00:11:24.082972+00:00,824,299581,32x,300ms,0,0,0,0,0,0,0,0,0,0,0
2026-09-09T00:11:24.747030+00:00,825,300242,32x,300ms,0,0,0,0,0,0,0,0,0,0,0
2026-09-09T00:11:25.403083+00:00,826,300903,32x,300ms,0,0,0,0,0,0,0,0,0,0,0
2026-09-09T00:11:26.066732+00:00,827,301564,32x,300ms,0,0,0,0,0,0,0,0,0,0,0
2026-09-09T00:11:26.731436+00:00,828,302226,32x,300ms,1,0,0,0,0,0,0,0,0,0,0
2026-09-09T00:11:27.387261+00:00,829,302887,32x,300ms,1,0,0,0,0,0,0,0,0,0,0
2026-09-09T00:11:28.051591+00:00,830,303549,32x,300ms,1,0,0,0,0,0,0,0,0,0,0
2026-09-09T00:11:28.715062+00:00,831,304211,32x,300ms,1,0,0,0,0,0,0,0,0,0,0
2026-09-09T00:11:29.370547+00:00,832,304873,32x,300ms,1,0,0,0,0,0,0,0,0,0,0
2026-09-09T00:11:30.034886+00:00,833,305534,32x,300ms,0,0,0,0,0,0,0,0,0,0,0
2026-09-09T00:11:30.699254+00:00,834,306196,32x,300ms,0,0,0,0,0,0,0,0,0,0,0
2026-09-09T00:11:31.356109+00:00,835,306857,32x,300ms,0,0,0,0,0,0,0,0,0,0,0
2026-09-09T00:11:32.019315+00:00,836,307518,32x,300ms,0,0,0,0,0,0,0,0,0,0,0
2026-09-09T00:11:32.682983+00:00,837,308179,32x,300ms,1,0,0,0,0,0,0,0,0,0,0
2026-09-09T00:11:33.339343+00:00,838,308841,32x,300ms,1,0,0,0,0,0,0,0,0,0,0
2026-09-09T00:11:34.003149+00:00,839,309504,32x,300ms,1,0,0,0,0,0,0,0,0,0,0
2026-09-09T00:11:34.666788+00:00,840,310165,32x,300ms,1,0,0,0,0,0,0,0,0,0,0
2026-09-09T00:11:35.323345+00:00,841,310827,32x,300ms,1,0,0,0,0,0,0,0,0,0,0
2026-09-09T00:11:35.987214+00:00,842,311488,32x,300ms,0,0,0,0,0,0,0,0,0,0,0
2026-09-09T00:11:36.651695+00:00,843,312150,32x,300ms,0,0,0,0,0,0,0,0,0,0,0
2026-09-09T00:11:37.307998+00:00,844,312810,32x,300ms,0,0,0,0,0,0,0,0,0,0,0
2026-09-09T00:11:37.971803+00:00,845,313472,32x,300ms,0,0,0,0,0,0,0,0,0,0,0
2026-09-09T00:11:38.627698+00:00,846,314133,32x,300ms,1,0,0,0,0,0,0,0,0,0,0
2026-09-09T00:11:39.291283+00:00,847,314795,32x,300ms,1,0,0,0,0,0,0,0,0,0,0
2026-09-09T00:11:39.954083+00:00,848,315456,32x,300ms,1,0,0,0,0,0,0,0,0,0,0
2026-09-09T00:11:40.611504+00:00,849,316118,32x,300ms,1,0,0,0,0,0,0,0,0,0,0
2026-09-09T00:11:41.274605+00:00,850,316779,32x,300ms,1,0,0,0,0,0,0,0,0,0,0
2026-09-09T00:11:41.939813+00:00,851,317442,32x,300ms,0,0,0,0,0,0,0,0,0,0,0
2026-09-09T00:11:42.603777+00:00,852,318102,32x,300ms,0,0,0,0,0,0,0,0,0,0,0
2026-09-09T00:11:43.259107+00:00,853,318764,32x,300ms,0,0,0,0,0,0,0,0,0,0,0
2026-09-09T00:11:43.923005+00:00,854,319425,32x,300ms,0,0,0,0,0,0,0,0,0,0,0
2026-09-09T00:11:44.579174+00:00,855,320087,32x,300ms,1,0,0,0,0,0,0,0,0,0,0
2026-09-09T00:11:45.243313+00:00,856,320748,32x,300ms,1,0,0,0,0,0,0,0,0,0,0
2026-09-09T00:11:45.907481+00:00,857,321411,32x,300ms,1,0,0,0,0,0,0,0,0,0,0
2026-09-09T00:11:46.563975+00:00,858,322071,32x,300ms,1,0,0,0,0,0,0,0,0,0,0
2026-09-09T00:11:47.228054+00:00,859,322734,32x,300ms,1,0,0,0,0,0,0,0,0,0,0
2026-09-09T00:11:47.891330+00:00,860,323395,32x,300ms,0,0,0,0,0,0,0,0,0,0,0
2026-09-09T00:11:48.555817+00:00,861,324057,32x,300ms,0,0,0,0,0,0,0,0,0,0,0
2026-09-09T00:11:49.211713+00:00,862,324717,32x,300ms,0,0,0,0,0,0,0,0,0,0,0
2026-09-09T00:11:49.875676+00:00,863,325379,32x,300ms,0,0,0,0,0,0,0,0,0,0,0
2026-09-09T00:11:50.531354+00:00,864,326040,32x,300ms,1,0,0,0,0,0,0,0,0,0,0
2026-09-09T00:11:51.195930+00:00,865,326702,32x,300ms,1,0,0,0,0,0,0,0,0,0,0
2026-09-09T00:11:51.858324+00:00,866,327363,32x,300ms,1,0,0,0,0,0,0,0,0,0,0
2026-09-09T00:11:52.516041+00:00,867,328026,32x,300ms,1,0,0,0,0,0,0,0,0,0,0
2026-09-09T00:11:53.179740+00:00,868,328686,32x,300ms,1,0,0,0,0,0,0,0,0,0,0
2026-09-09T00:11:53.843102+00:00,869,329349,32x,300ms,0,0,0,0,0,0,0,0,0,0,0
2026-09-09T00:11:54.499221+00:00,870,330009,32x,300ms,0,0,0,0,0,0,0,0,0,0,0
2026-09-09T00:11:55.163356+00:00,871,330671,32x,300ms,0,0,0,0,0,0,0,0,0,0,0
2026-09-09T00:11:55.828115+00:00,872,331332,32x,300ms,0,0,0,0,0,0,0,0,0,0,0
2026-09-09T00:11:56.483762+00:00,873,331994,32x,300ms,1,0,0,0,0,0,0,0,0,0,0
2026-09-09T00:11:57.147080+00:00,874,332655,32x,300ms,1,0,0,0,0,0,0,0,0,0,0
2026-09-09T00:11:57.803355+00:00,875,333317,32x,300ms,1,0,0,0,0,0,0,0,0,0,0
2026-09-09T00:11:58.467951+00:00,876,333978,32x,300ms,1,0,0,0,0,0,0,0,0,0,0
2026-09-09T00:11:59.131393+00:00,877,334640,32x,300ms,1,0,0,0,0,0,0,0,0,0,0
2026-09-09T00:11:59.795525+00:00,878,335301,32x,300ms,0,0,0,0,0,0,0,0,0,0,0
2026-09-09T00:12:00.451148+00:00,879,335963,32x,300ms,0,0,0,0,0,0,0,0,0,0,0
2026-09-09T00:12:01.115895+00:00,880,336624,32x,300ms,0,0,0,0,0,0,0,0,0,0,0
2026-09-09T00:12:01.779117+00:00,881,337286,32x,300ms,0,0,0,0,0,0,0,0,0,0,0
2026-09-09T00:12:02.435716+00:00,882,337946,32x,300ms,0,0,0,0,0,0,0,0,0,0,0
2026-09-09T00:12:03.099543+00:00,883,338608,32x,300ms,1,0,0,0,0,0,0,0,0,0,0
2026-09-09T00:12:03.755118+00:00,884,339269,32x,300ms,1,0,0,0,0,0,0,0,0,0,0
2026-09-09T00:12:04.419551+00:00,885,339932,32x,300ms,1,0,0,0,0,0,0,0,0,0,0
2026-09-09T00:12:05.083276+00:00,886,340593,32x,300ms,1,0,0,0,0,0,0,0,0,0,0
2026-09-09T00:12:05.746990+00:00,887,341255,32x,300ms,0,0,0,0,0,0,0,0,0,0,0
2026-09-09T00:12:06.403701+00:00,888,341916,32x,300ms,0,0,0,0,0,0,0,0,0,0,0
2026-09-09T00:12:07.059855+00:00,889,342578,32x,300ms,0,0,0,0,0,0,0,0,0,0,0
2026-09-09T00:12:07.723135+00:00,890,343238,32x,300ms,0,0,0,0,0,0,0,0,0,0,0
2026-09-09T00:12:08.389074+00:00,891,343900,32x,300ms,0,0,0,0,0,0,0,0,0,0,0
2026-09-09T00:12:09.045780+00:00,892,344561,32x,300ms,1,0,0,0,0,0,0,0,0,0,0
2026-09-09T00:12:09.707670+00:00,893,345223,32x,300ms,1,0,0,0,0,0,0,0,0,0,0
2026-09-09T00:12:10.489295+00:00,894,346007,32x,200ms,1,0,0,0,0,0,0,0,0,0,0
2026-09-09T00:12:10.953608+00:00,895,346468,32x,200ms,1,0,0,0,0,0,0,0,0,0,0
2026-09-09T00:12:11.424921+00:00,896,346929,32x,200ms,1,0,0,0,0,0,0,0,0,0,0
2026-09-09T00:12:11.906755+00:00,897,347422,256x,200ms,0,0,0,0,0,0,0,0,0,0,0
2026-09-09T00:12:12.368343+00:00,898,347884,256x,200ms,0,0,0,0,0,0,0,0,0,0,0
2026-09-09T00:12:12.832839+00:00,899,348345,256x,200ms,0,0,0,0,0,0,0,0,0,0,0
2026-09-09T00:12:13.296896+00:00,900,348806,256x,200ms,0,0,0,0,0,0,0,0,0,0,0
2026-09-09T00:12:13.753492+00:00,901,349267,256x,200ms,0,0,0,0,0,0,0,0,0,0,0
2026-09-09T00:12:14.215887+00:00,902,349728,256x,200ms,0,0,0,0,0,0,0,0,0,0,0
2026-09-09T00:12:14.673340+00:00,903,350189,256x,200ms,1,0,0,0,0,0,0,0,0,0,0
2026-09-09T00:12:15.136608+00:00,904,350651,256x,200ms,1,0,0,0,0,0,0,0,0,0,0
2026-09-09T00:12:15.601028+00:00,905,351113,256x,200ms,1,0,0,0,0,0,0,0,0,0,0
2026-09-09T00:12:16.057109+00:00,906,351575,256x,200ms,1,0,0,0,0,0,0,0,0,0,0
2026-09-09T00:12:16.520692+00:00,907,352035,256x,200ms,1,0,0,0,0,0,0,0,0,0,0
2026-09-09T00:12:16.984980+00:00,908,352497,256x,200ms,1,0,0,0,0,0,0,0,0,0,0
2026-09-09T00:12:17.440762+00:00,909,352958,256x,200ms,1,0,0,0,0,0,0,0,0,0,0
2026-09-09T00:12:17.905221+00:00,910,353420,256x,200ms,0,0,0,0,0,0,0,0,0,0,0
2026-09-09T00:12:18.364411+00:00,911,353881,256x,200ms,0,0,0,0,0,0,0,0,0,0,0
2026-09-09T00:12:18.828118+00:00,912,354341,256x,200ms,0,0,0,0,0,0,0,0,0,0,0
2026-09-09T00:12:19.283434+00:00,913,354802,256x,200ms,0,0,0,0,0,0,0,0,0,0,0
2026-09-09T00:12:19.747261+00:00,914,355263,256x,200ms,0,0,0,0,0,0,0,0,0,0,0
2026-09-09T00:12:20.211955+00:00,915,355725,256x,200ms,0,0,0,0,0,0,0,0,0,0,0
2026-09-09T00:12:20.668006+00:00,916,356186,256x,200ms,1,0,0,0,0,0,0,0,0,0,0
2026-09-09T00:12:21.131610+00:00,917,356647,256x,200ms,1,0,0,0,0,0,0,0,0,0,0
2026-09-09T00:12:21.595747+00:00,918,357108,256x,200ms,1,0,0,0,0,0,0,0,0,0,0
2026-09-09T00:12:22.052357+00:00,919,357569,256x,200ms,1,0,0,0,0,0,0,0,0,0,0
2026-09-09T00:12:22.516484+00:00,920,358031,256x,200ms,1,0,0,0,0,0,0,0,0,0,0
2026-09-09T00:12:22.979033+00:00,921,358493,256x,200ms,1,0,0,0,0,0,0,0,0,0,0
2026-09-09T00:12:23.436817+00:00,922,358955,256x,200ms,1,0,0,0,0,0,0,0,0,0,0
2026-09-09T00:12:23.900555+00:00,923,359415,256x,200ms,0,0,0,0,0,0,0,0,0,0,0
2026-09-09T00:12:24.356286+00:00,924,359876,256x,200ms,0,0,0,0,0,0,0,0,0,0,0
2026-09-09T00:12:24.819934+00:00,925,360337,256x,200ms,0,0,0,0,0,0,0,0,0,0,0
2026-09-09T00:12:25.276288+00:00,926,360799,256x,200ms,0,0,0,0,0,0,0,0,0,0,0
2026-09-09T00:12:25.739530+00:00,927,361260,256x,200ms,0,0,0,0,0,0,0,0,0,0,0
2026-09-09T00:12:26.204065+00:00,928,361719,256x,200ms,0,0,0,0,0,0,0,0,0,0,0
2026-09-09T00:12:26.659769+00:00,929,362181,256x,200ms,1,0,0,0,0,0,0,0,0,0,0
2026-09-09T00:12:27.124142+00:00,930,362642,256x,200ms,1,0,0,0,0,0,0,0,0,0,0
2026-09-09T00:12:27.588457+00:00,931,363104,256x,200ms,1,0,0,0,0,0,0,0,0,0,0
2026-09-09T00:12:28.051859+00:00,932,363566,256x,200ms,1,0,0,0,0,0,0,0,0,0,0
2026-09-09T00:12:28.507203+00:00,933,364026,256x,200ms,1,0,0,0,0,0,0,0,0,0,0
2026-09-09T00:12:28.972187+00:00,934,364488,256x,200ms,1,0,0,0,0,0,0,0,0,0,0
2026-09-09T00:12:29.428314+00:00,935,364949,256x,200ms,1,0,0,0,0,0,0,0,0,0,0
2026-09-09T00:12:29.891755+00:00,936,365411,256x,200ms,0,0,0,0,0,0,0,0,0,0,0
2026-09-09T00:12:30.347845+00:00,937,365872,256x,200ms,0,0,0,0,0,0,0,0,0,0,0
2026-09-09T00:12:30.811909+00:00,938,366332,256x,200ms,0,0,0,0,0,0,0,0,0,0,0
2026-09-09T00:12:31.275259+00:00,939,366793,256x,200ms,0,0,0,0,0,0,0,0,0,0,0
2026-09-09T00:12:31.732082+00:00,940,367254,256x,200ms,0,0,0,0,0,0,0,0,0,0,0
2026-09-09T00:12:32.195662+00:00,941,367715,256x,200ms,0,0,0,0,0,0,0,0,0,0,0
2026-09-09T00:12:32.652817+00:00,942,368177,256x,200ms,1,0,0,0,0,0,0,0,0,0,0
2026-09-09T00:12:33.115673+00:00,943,368637,256x,200ms,1,0,0,0,0,0,0,0,0,0,0
2026-09-09T00:12:33.579748+00:00,944,369099,256x,200ms,1,0,0,0,0,0,0,0,0,0,0
2026-09-09T00:12:34.044152+00:00,945,369560,256x,200ms,1,0,0,0,0,0,0,0,0,0,0
2026-09-09T00:12:34.499835+00:00,946,370022,256x,200ms,1,0,0,0,0,0,0,0,0,0,0
2026-09-09T00:12:34.963904+00:00,947,370483,256x,200ms,1,0,0,0,0,0,0,0,0,0,0
2026-09-09T00:12:35.420317+00:00,948,370944,256x,200ms,1,0,0,0,0,0,11,0,0,0,6
2026-09-09T00:12:35.884646+00:00,949,371405,256x,200ms,0,5,31,2,0,20,94,9,0,0,48
2026-09-09T00:12:36.348282+00:00,950,371867,256x,200ms,0,13,67,6,0,5,36,3,0,0,14
2026-09-09T00:12:36.803586+00:00,951,372329,256x,200ms,0,1,20,2,0,0,0,0,0,0,0
2026-09-09T00:12:37.268669+00:00,952,372790,256x,200ms,0,0,0,0,0,0,0,0,0,0,0
2026-09-09T00:12:37.732751+00:00,953,373251,256x,200ms,0,0,7,0,0,2,25,3,0,0,14
2026-09-09T00:12:38.187327+00:00,954,373712,256x,200ms,0,0,15,0,0,0,12,0,0,0,5
2026-09-09T00:12:38.652675+00:00,955,374173,256x,200ms,1,1,15,0,0,1,15,0,0,0,6
2026-09-09T00:12:39.116062+00:00,956,374634,256x,200ms,1,1,11,0,0,2,17,0,0,0,13
2026-09-09T00:12:39.571842+00:00,957,375097,256x,200ms,1,3,21,1,0,0,12,0,0,0,6
2026-09-09T00:12:40.036352+00:00,958,375558,256x,200ms,1,11,52,4,0,33,137,13,0,0,102
2026-09-09T00:12:40.499808+00:00,959,376020,256x,200ms,1,96,389,41,6,70,293,31,4,0,158
2026-09-09T00:12:40.964470+00:00,960,376483,256x,200ms,1,1463,5467,609,181,2763,10110,1131,361,44,9847
2026-09-09T00:12:41.435877+00:00,961,376950,256x,200ms,1,3647,13345,1504,495,3495,12803,1452,478,60,12657
2026-09-09T00:12:41.899795+00:00,962,377418,256x,200ms,0,3280,11981,1360,454,4248,15679,1788,582,74,15612
2026-09-09T00:12:42.371863+00:00,963,377885,256x,200ms,0,2077,7666,865,282,1048,3857,435,142,14,3570
2026-09-09T00:12:42.827835+00:00,964,378352,256x,200ms,0,20,110,14,0,37,187,24,3,0,139
2026-09-09T00:12:43.292676+00:00,965,378814,256x,200ms,0,10,60,6,0,11,67,7,0,0,51
2026-09-09T00:12:43.756355+00:00,966,379277,256x,200ms,0,11,66,7,0,5,36,3,0,0,30
2026-09-09T00:12:44.219847+00:00,967,379738,256x,200ms,0,31,164,21,2,34,177,22,2,0,125
2026-09-09T00:12:44.676655+00:00,968,380200,256x,200ms,1,28,145,18,1,65,305,38,7,0,231
2026-09-09T00:12:45.140107+00:00,969,380664,256x,200ms,1,191,803,98,25,325,1281,152,43,0,1106
2026-09-09T00:12:45.611840+00:00,970,381128,256x,200ms,1,1880,6852,773,259,4051,14861,1677,547,68,14613
2026-09-09T00:12:46.084615+00:00,971,381595,256x,200ms,1,5745,18874,2295,721,12708,25363,5289,1607,234,24244
2026-09-09T00:12:46.547825+00:00,972,382063,256x,200ms,1,17525,27346,8271,2377,17745,27504,8362,2405,354,25426
2026-09-09T00:12:47.020536+00:00,973,382532,256x,200ms,1,12928,26480,6309,1781,13176,26672,6505,1817,264,24834
2026-09-09T00:12:47.484006+00:00,974,383001,256x,200ms,1,12810,26547,6316,1790,14282,26780,6898,1988,290,24918
2026-09-09T00:12:47.948324+00:00,975,383470,256x,200ms,0,13103,26533,6464,1829,12858,26326,6336,1794,260,24526
2026-09-09T00:12:48.420200+00:00,976,383938,256x,200ms,0,13410,26465,6524,1865,12460,26049,5896,1723,244,24332
2026-09-09T00:12:48.891856+00:00,977,384407,256x,200ms,0,3411,13260,1546,472,7815,23985,3608,1068,144,22756
2026-09-09T00:12:49.355674+00:00,978,384874,256x,200ms,0,9354,24815,4277,1275,9356,24862,4281,1274,174,23475
2026-09-09T00:12:49.827753+00:00,979,385342,256x,200ms,0,8863,24473,4056,1211,6284,21326,2881,864,116,20074
2026-09-09T00:12:50.283440+00:00,980,385810,256x,200ms,0,94,411,50,12,203,874,106,29,0,679
2026-09-09T00:12:50.755756+00:00,981,386273,256x,200ms,1,647,2635,313,92,767,3169,378,111,10,2593
2026-09-09T00:12:51.219794+00:00,982,386739,256x,200ms,1,795,3366,405,117,840,3532,426,123,12,3014
2026-09-09T00:12:51.684287+00:00,983,387205,256x,200ms,1,839,3546,427,123,749,3180,383,110,10,2693
2026-09-09T00:12:52.147848+00:00,984,387672,256x,200ms,1,792,3353,403,116,854,3563,427,124,12,2949
2026-09-09T00:12:52.619796+00:00,985,388137,256x,200ms,1,844,3562,433,124,852,3610,443,127,12,3058
2026-09-09T00:12:53.076675+00:00,986,388603,256x,200ms,1,1023,4126,498,147,1117,4384,524,158,14,3439
2026-09-09T00:12:53.547827+00:00,987,389068,256x,200ms,0,1466,5676,674,204,822,3189,380,115,10,2472
2026-09-09T00:12:54.012619+00:00,988,389534,256x,200ms,0,183,752,91,25,55,238,28,6,0,198
2026-09-09T00:12:54.475935+00:00,989,389998,256x,200ms,0,368,1472,177,52,577,2280,272,81,6,1763
2026-09-09T00:12:54.940357+00:00,990,390463,256x,200ms,0,1036,4138,498,147,887,3683,448,130,14,3121
2026-09-09T00:12:55.403988+00:00,991,390928,256x,200ms,0,888,3723,455,131,350,1482,182,52,2,1242
2026-09-09T00:12:55.868632+00:00,992,391394,256x,200ms,0,6,34,3,0,162,688,83,22,0,570
2026-09-09T00:12:56.332480+00:00,993,391856,256x,200ms,0,1003,4208,513,147,1090,4552,554,160,16,3748
2026-09-09T00:12:56.803924+00:00,994,392323,256x,200ms,1,1650,6858,831,237,2150,8912,1073,305,36,7561
2026-09-09T00:12:57.268637+00:00,995,392788,256x,200ms,1,2619,10708,1284,366,2668,10906,1309,373,48,9379
2026-09-09T00:12:57.732838+00:00,996,393255,256x,200ms,1,2716,11114,1333,380,2583,10600,1273,362,46,9127
2026-09-09T00:12:58.204161+00:00,997,393722,256x,200ms,1,2477,10135,1208,346,2329,9478,1121,325,40,8354
2026-09-09T00:12:58.668006+00:00,998,394189,256x,200ms,1,2296,9442,1116,320,2880,11864,1397,396,50,10396
2026-09-09T00:12:59.132478+00:00,999,394656,256x,200ms,1,3060,12547,1476,421,3081,12679,1492,423,54,11106
2026-09-09T00:12:59.603917+00:00,1000,395123,256x,200ms,0,3104,12743,1500,427,3098,12720,1495,425,52,11153
2026-09-09T00:13:00.067909+00:00,1001,395590,256x,200ms,0,3704,14597,1716,499,3800,14903,1755,511,64,13188
2026-09-09T00:13:00.532007+00:00,1002,396057,256x,200ms,0,4001,15656,1842,536,4603,18067,2129,613,78,15930
2026-09-09T00:13:01.004054+00:00,1003,396525,256x,200ms,0,4698,18366,2163,623,4676,18354,2162,621,80,16151
2026-09-09T00:13:01.468707+00:00,1004,396992,256x,200ms,0,4673,18312,2156,622,4738,18555,2184,630,80,16338
2026-09-09T00:13:01.939866+00:00,1005,397459,256x,200ms,0,4703,18405,2167,624,4646,18256,2151,619,80,16061
2026-09-09T00:13:02.403896+00:00,1006,397927,256x,200ms,0,4545,17946,2114,606,4614,18178,2140,615,78,15973
2026-09-09T00:13:02.868440+00:00,1007,398394,256x,200ms,1,4592,18085,2131,612,4611,18171,2142,616,78,15979
2026-09-09T00:13:03.340666+00:00,1008,398861,256x,200ms,1,4653,18303,2156,620,4680,18405,2167,623,80,16191
2026-09-09T00:13:03.803901+00:00,1009,399328,256x,200ms,1,4651,18311,2155,620,4662,18344,2160,620,78,16118
2026-09-09T00:13:04.267884+00:00,1010,399795,256x,200ms,1,4781,18770,2211,636,4927,19261,2265,653,82,16918
2026-09-09T00:13:04.740616+00:00,1011,400262,256x,200ms,1,4980,19390,2275,659,4706,18368,2160,623,80,16174
2026-09-09T00:13:05.203888+00:00,1012,400730,256x,200ms,1,4999,19386,2274,661,5077,19696,2310,670,84,17282
2026-09-09T00:13:05.666971+00:00,1013,401197,256x,200ms,0,4230,16143,1885,556,6,31,3,0,0,35
2026-09-09T00:13:06.139263+00:00,1014,401662,256x,200ms,0,1084,3952,441,142,472,1735,176,49,4,1903
2026-09-09T00:13:06.596549+00:00,1015,402128,256x,200ms,0,227,878,97,27,213,824,91,26,0,829
2026-09-09T00:13:07.067944+00:00,1016,402592,256x,200ms,0,208,812,89,26,205,804,88,25,0,811
2026-09-09T00:13:07.523897+00:00,1017,403057,256x,200ms,0,208,813,89,26,210,817,89,26,0,825
2026-09-09T00:13:07.987755+00:00,1018,403521,256x,200ms,0,171,705,82,23,169,698,80,22,0,730
2026-09-09T00:13:08.452054+00:00,1019,403985,256x,200ms,0,167,679,80,23,139,580,67,19,0,631
2026-09-09T00:13:08.923921+00:00,1020,404450,256x,200ms,1,139,534,58,15,146,556,60,15,0,669
2026-09-09T00:13:09.380020+00:00,1021,404914,256x,200ms,1,150,563,61,16,137,528,57,14,0,641
2026-09-09T00:13:09.843493+00:00,1022,405378,256x,200ms,1,124,494,52,12,136,512,55,15,0,539
2026-09-09T00:13:10.307984+00:00,1023,405841,256x,200ms,1,115,440,47,13,139,530,57,16,0,540
2026-09-09T00:13:10.780825+00:00,1024,406305,256x,200ms,1,157,595,64,18,186,707,76,22,0,751
2026-09-09T00:13:11.235816+00:00,1025,406769,256x,200ms,1,176,672,73,20,64,254,29,8,0,279
2026-09-09T00:13:11.708056+00:00,1026,407233,256x,200ms,0,1415,5243,582,181,3704,13528,1524,501,60,13151
2026-09-09T00:13:12.172174+00:00,1027,407699,256x,200ms,0,10027,24795,4119,1330,9560,24636,4017,1263,176,23839
2026-09-09T00:13:12.636632+00:00,1028,408168,256x,200ms,0,10737,24920,4449,1416,9324,24262,3801,1238,162,23319
2026-09-09T00:13:13.108002+00:00,1029,408636,256x,200ms,0,13103,26086,5389,1731,13472,26123,5588,1784,242,24645
2026-09-09T00:13:13.579870+00:00,1030,409104,256x,200ms,0,13445,26076,5590,1781,13371,25995,5557,1771,244,24497
2026-09-09T00:13:14.044153+00:00,1031,409572,256x,200ms,0,14011,26328,5783,1849,14520,26560,5965,1911,260,24952
2026-09-09T00:13:14.515903+00:00,1032,410041,256x,200ms,0,14723,26448,6052,1936,14525,26348,5996,1913,262,24728
2026-09-09T00:13:14.979818+00:00,1033,410509,256x,200ms,1,14526,26391,6007,1914,13961,26342,5829,1847,252,24762
2026-09-09T00:13:15.452642+00:00,1034,410978,256x,200ms,1,13750,26272,5811,1832,6053,16307,2685,838,114,15937
2026-09-09T00:13:15.909110+00:00,1035,411446,256x,200ms,1,0,0,0,0,0,0,0,0,0,2
2026-09-09T00:13:16.371658+00:00,1036,411908,256x,200ms,1,0,0,0,0,0,0,0,0,0,2
2026-09-09T00:13:16.828019+00:00,1037,412368,256x,200ms,1,0,2,0,0,0,4,0,0,0,9
2026-09-09T00:13:17.299642+00:00,1038,412830,256x,200ms,1,0,5,0,0,775,3041,350,101,10,2888
2026-09-09T00:13:17.763816+00:00,1039,413296,256x,200ms,0,2486,9641,1099,301,1348,5245,601,163,18,4397
2026-09-09T00:13:18.228010+00:00,1040,413762,256x,200ms,0,940,3687,421,112,1525,5779,663,187,18,4858
2026-09-09T00:13:18.699657+00:00,1041,414228,256x,200ms,0,1600,6052,694,198,1667,6208,713,205,22,5284
2026-09-09T00:13:19.163589+00:00,1042,414695,256x,200ms,0,1608,5979,688,195,1576,5940,682,194,22,5020
2026-09-09T00:13:19.628557+00:00,1043,415162,256x,200ms,0,1440,5495,631,180,1495,5703,652,185,20,4814
2026-09-09T00:13:20.100402+00:00,1044,415628,256x,200ms,0,2335,8906,1018,301,2122,8165,935,275,32,7116
2026-09-09T00:13:20.563723+00:00,1045,416095,256x,200ms,1,2161,8250,947,279,2186,8428,964,285,34,7394
2026-09-09T00:13:21.028045+00:00,1046,416561,256x,200ms,1,4776,17739,2020,641,4368,15143,1808,582,74,14289
2026-09-09T00:13:21.500675+00:00,1047,417029,256x,200ms,1,7057,23107,2959,943,7118,22989,2975,950,124,22422
2026-09-09T00:13:21.964525+00:00,1048,417497,256x,200ms,1,7170,22995,2979,953,6894,22949,2874,919,118,22438
2026-09-09T00:13:22.435961+00:00,1049,417964,256x,200ms,1,7248,23165,3012,965,7502,23216,3095,995,130,22579
2026-09-09T00:13:22.900024+00:00,1050,418432,256x,200ms,1,6891,22989,2883,923,6373,22033,2603,841,108,21256
2026-09-09T00:13:23.370974+00:00,1051,418900,256x,200ms,1,5670,20381,2281,739,8719,23885,3675,1160,154,22859
2026-09-09T00:13:23.835954+00:00,1052,419368,256x,200ms,0,9685,24665,4384,1341,8310,22614,3615,1134,152,21416
2026-09-09T00:13:24.307953+00:00,1053,419836,256x,200ms,0,5045,18717,2176,692,8313,23925,3649,1136,152,22973
2026-09-09T00:13:24.771174+00:00,1054,420303,256x,200ms,0,6535,22701,2904,906,3764,14319,1683,516,66,13370
2026-09-09T00:13:25.235946+00:00,1055,420771,256x,200ms,0,668,2578,306,82,437,1767,277,60,8,1642
2026-09-09T00:13:25.707925+00:00,1056,421236,256x,200ms,0,4233,15973,1826,579,3438,12900,1447,464,56,11999
2026-09-09T00:13:26.172447+00:00,1057,421704,256x,200ms,0,7664,22742,3242,1007,11838,25652,5002,1549,208,24216
2026-09-09T00:13:26.643880+00:00,1058,422172,256x,200ms,1,8941,24062,3760,1170,9318,24521,3931,1217,160,23403
2026-09-09T00:13:27.107946+00:00,1059,422640,256x,200ms,1,9871,24845,4180,1290,10823,25181,4624,1432,192,23836
2026-09-09T00:13:27.580137+00:00,1060,423108,256x,200ms,1,10582,25139,4564,1408,10128,24993,4401,1350,180,23715
2026-09-09T00:13:28.044069+00:00,1061,423576,256x,200ms,1,11141,25429,4816,1487,13846,26296,6055,1858,254,24611
2026-09-09T00:13:28.515848+00:00,1062,424045,256x,200ms,1,15236,26720,6701,2051,15441,26700,6765,2074,288,24906
2026-09-09T00:13:28.987806+00:00,1063,424514,256x,200ms,1,15170,26631,6673,2034,15432,26857,6759,2064,286,25047
2026-09-09T00:13:29.451773+00:00,1064,424983,256x,200ms,1,15460,26812,6765,2067,15830,27021,6899,2111,296,25199
2026-09-09T00:13:29.923839+00:00,1065,425451,256x,200ms,0,15698,26961,6860,2096,15351,26697,6731,2051,286,24904
2026-09-09T00:13:30.387084+00:00,1066,425920,256x,200ms,0,15419,26776,6767,2061,15245,26598,6693,2035,284,24813
2026-09-09T00:13:30.859823+00:00,1067,426389,256x,200ms,0,15102,26538,6635,2014,15231,26755,6686,2031,280,24959
2026-09-09T00:13:31.323829+00:00,1068,426857,256x,200ms,0,15148,26787,6668,2021,15083,26717,6646,2014,280,24948
2026-09-09T00:13:31.796149+00:00,1069,427326,256x,200ms,0,14866,26708,6569,1985,15571,26831,6806,2073,286,25044
2026-09-09T00:13:32.260027+00:00,1070,427795,256x,200ms,0,15547,26846,6804,2077,15244,26613,6675,2032,284,24832
2026-09-09T00:13:32.732796+00:00,1071,428264,256x,200ms,1,15201,26636,6633,2020,15138,26702,6557,1995,276,24914
2026-09-09T00:13:33.203317+00:00,1072,428732,256x,200ms,1,15065,26770,6509,1993,14717,26708,6354,1953,270,24968
2026-09-09T00:13:33.667677+00:00,1073,429201,256x,200ms,1,15629,26935,6769,2072,15497,26778,6744,2055,284,24983
2026-09-09T00:13:34.140827+00:00,1074,429670,256x,200ms,1,13436,26177,6008,1809,6953,22910,2971,923,124,22467
2026-09-09T00:13:34.603776+00:00,1075,430137,256x,200ms,1,11527,25686,5098,1563,13914,26379,6072,1895,260,24724
2026-09-09T00:13:35.068033+00:00,1076,430606,256x,200ms,1,15413,26792,6723,2084,14849,26566,6523,2018,286,24932
2026-09-09T00:13:35.540034+00:00,1077,431074,256x,200ms,1,10709,23202,4756,1459,7655,21907,3363,1037,142,21582
2026-09-09T00:13:36.011716+00:00,1078,431543,256x,200ms,0,6849,23078,2977,937,5353,20345,2331,736,94,19412
2026-09-09T00:13:36.475677+00:00,1079,432011,256x,200ms,0,4783,18105,2066,656,4576,17513,2001,623,80,16298
2026-09-09T00:13:36.940444+00:00,1080,432478,256x,200ms,0,3750,14505,1670,524,3552,13747,1586,497,64,12842
2026-09-09T00:13:37.403726+00:00,1081,432946,256x,200ms,0,149,582,68,16,1,22,5,0,0,29
2026-09-09T00:13:37.867829+00:00,1082,433409,256x,200ms,0,0,16,4,0,1,34,12,0,0,50
2026-09-09T00:13:38.324576+00:00,1083,433870,256x,200ms,0,4,61,24,2,6,76,29,2,0,106
2026-09-09T00:13:38.788168+00:00,1084,434331,256x,200ms,1,7,83,32,2,21,173,68,7,0,209
2026-09-09T00:13:39.260747+00:00,1085,434794,256x,200ms,1,341,2002,639,87,345,2285,829,110,70,2841
2026-09-09T00:13:39.724182+00:00,1086,435261,256x,200ms,1,191,1902,961,120,194,1889,951,118,82,2841
2026-09-09T00:13:40.187921+00:00,1087,435727,256x,200ms,1,196,1892,941,117,202,1939,959,118,86,2903
2026-09-09T00:13:40.652472+00:00,1088,436193,256x,200ms,1,205,1957,964,119,218,1935,934,116,84,2843
2026-09-09T00:13:41.115795+00:00,1089,436659,256x,200ms,1,220,1925,925,115,220,1923,923,114,82,2812
2026-09-09T00:13:41.580675+00:00,1090,437124,256x,200ms,0,223,1949,935,116,281,2215,955,121,82,3039
2026-09-09T00:13:42.051797+00:00,1091,437590,256x,200ms,0,3134,11182,1267,423,8140,23634,3435,1093,144,22937
2026-09-09T00:13:42.515669+00:00,1092,438056,256x,200ms,0,8790,21491,3793,1147,6876,22414,2853,891,114,21401
2026-09-09T00:13:42.987052+00:00,1093,438523,256x,200ms,0,10314,24966,4368,1339,11022,25162,4673,1436,190,23802
2026-09-09T00:13:43.452126+00:00,1094,438992,256x,200ms,0,11271,25303,4707,1463,12174,25581,5111,1591,210,24096
2026-09-09T00:13:43.923812+00:00,1095,439460,256x,200ms,0,12094,25779,5138,1611,11696,25549,4969,1544,204,24129
2026-09-09T00:13:44.388800+00:00,1096,439928,256x,200ms,0,11227,25235,4749,1479,11541,25513,4819,1521,198,24115
2026-09-09T00:13:44.860296+00:00,1097,440396,256x,200ms,1,12158,25674,5112,1609,11734,25426,5002,1562,206,23980
2026-09-09T00:13:45.324075+00:00,1098,440865,256x,200ms,1,11851,25669,5125,1595,11943,25565,5159,1605,214,24102
2026-09-09T00:13:45.795370+00:00,1099,441333,256x,200ms,1,11532,25409,5033,1561,11568,25625,5047,1566,208,24188
2026-09-09T00:13:46.267769+00:00,1100,441802,256x,200ms,1,11690,25681,5091,1581,11526,25640,5037,1560,208,24203
2026-09-09T00:13:46.732049+00:00,1101,442271,256x,200ms,1,9376,21264,4092,1271,11659,25684,5076,1577,210,24258
2026-09-09T00:13:47.204405+00:00,1102,442740,256x,200ms,1,12164,25840,5246,1638,12201,25700,5252,1641,218,24224
2026-09-09T00:13:47.667751+00:00,1103,443208,256x,200ms,0,12099,25624,5219,1630,12184,25857,5258,1639,216,24372
2026-09-09T00:13:48.140027+00:00,1104,443677,256x,200ms,0,12140,25830,5243,1635,12138,25861,5246,1634,218,24367
2026-09-09T00:13:48.612023+00:00,1105,444146,256x,200ms,0,12238,25897,5278,1646,12189,25791,5262,1640,218,24320
2026-09-09T00:13:49.076395+00:00,1106,444614,256x,200ms,0,12132,25791,5244,1634,12202,25686,5256,1641,218,24211
2026-09-09T00:13:49.540005+00:00,1107,445083,256x,200ms,0,12270,25757,5280,1650,12408,25977,5341,1666,222,24452
2026-09-09T00:13:50.013109+00:00,1108,445552,256x,200ms,0,12263,25839,5284,1650,12198,25904,5267,1641,218,24406
2026-09-09T00:13:50.479070+00:00,1109,446021,256x,200ms,0,11975,25766,5193,1614,11945,25791,5188,1609,216,24318
2026-09-09T00:13:50.949403+00:00,1110,446489,256x,200ms,1,11798,25538,5124,1591,11757,25597,5113,1587,212,24142
2026-09-09T00:13:51.414523+00:00,1111,446957,256x,200ms,1,11860,25744,5155,1601,11879,25595,5153,1601,212,24141
2026-09-09T00:13:51.886538+00:00,1112,447424,256x,200ms,1,11777,25676,5119,1589,11928,25783,5174,1607,214,24321
2026-09-09T00:13:52.350432+00:00,1113,447892,256x,200ms,1,11753,25506,5105,1586,12023,25772,5200,1619,216,24294
2026-09-09T00:13:52.822317+00:00,1114,448361,256x,200ms,1,11953,25785,5185,1612,11886,25720,5165,1603,214,24276
2026-09-09T00:13:53.288688+00:00,1115,448829,256x,200ms,1,11853,25625,5149,1599,11892,25544,5153,1603,214,24084
2026-09-09T00:13:53.761246+00:00,1116,449298,256x,200ms,0,12081,25695,5224,1625,11864,25523,5145,1600,214,24070
2026-09-09T00:13:54.224083+00:00,1117,449767,256x,200ms,0,11936,25557,5171,1608,12031,25746,5209,1620,216,24269
2026-09-09T00:13:54.697149+00:00,1118,450236,256x,200ms,0,12277,25914,5298,1649,12119,25749,5243,1629,216,24280
2026-09-09T00:13:55.160677+00:00,1119,450704,256x,200ms,0,11966,25583,5182,1611,12129,25729,5238,1631,216,24249
2026-09-09T00:13:55.632397+00:00,1120,451172,256x,200ms,0,12196,25880,5269,1640,12099,25813,5236,1628,216,24346
2026-09-09T00:13:56.103774+00:00,1121,451641,256x,200ms,0,12297,25924,5304,1651,12044,25683,5217,1620,216,24215
2026-09-09T00:13:56.568942+00:00,1122,452110,256x,200ms,0,11992,25652,5198,1614,11927,25554,5171,1606,214,24096
2026-09-09T00:13:57.032919+00:00,1123,452578,256x,200ms,1,11954,25710,5184,1610,12082,25831,5232,1626,216,24347
2026-09-09T00:13:57.504657+00:00,1124,453046,256x,200ms,1,12179,25781,5264,1638,11952,25570,5180,1608,214,24103
2026-09-09T00:13:57.976928+00:00,1125,453514,256x,200ms,1,12217,25890,5278,1643,12100,25853,5241,1629,216,24360
2026-09-09T00:13:58.440769+00:00,1126,453983,256x,200ms,1,12043,25819,5218,1621,12172,25740,5257,1636,216,24266
2026-09-09T00:13:58.912527+00:00,1127,454452,256x,200ms,1,12076,25679,5224,1622,12183,25703,5256,1636,218,24215
2026-09-09T00:13:59.376584+00:00,1128,454920,256x,200ms,1,12146,25752,5251,1634,12205,25895,5278,1641,218,24395
2026-09-09T00:13:59.848422+00:00,1129,455389,256x,200ms,0,11987,25807,5202,1613,11833,25597,5144,1593,212,24156
2026-09-09T00:14:00.320314+00:00,1130,455857,256x,200ms,0,11805,25558,5134,1589,12019,25691,5203,1617,216,24214
2026-09-09T00:14:00.784804+00:00,1131,456326,256x,200ms,0,11932,25576,5177,1606,11939,25754,5188,1609,214,24281
2026-09-09T00:14:01.248692+00:00,1132,456794,256x,200ms,0,11847,25748,5158,1596,11904,25744,5174,1602,214,24288
2026-09-09T00:14:01.719872+00:00,1133,457263,256x,200ms,0,11790,25547,5125,1588,11800,25602,5128,1590,212,24151
2026-09-09T00:14:02.184961+00:00,1134,457731,256x,200ms,0,11728,25527,5106,1581,11884,25765,5166,1602,212,24298
2026-09-09T00:14:02.656755+00:00,1135,458200,256x,200ms,1,11989,25757,5207,1613,11729,25510,5109,1580,210,24067
2026-09-09T00:14:03.119842+00:00,1136,458668,256x,200ms,1,11863,25577,5151,1597,11999,25720,5197,1613,216,24242
2026-09-09T00:14:03.592373+00:00,1137,459136,256x,200ms,1,12154,25878,5261,1634,12105,25701,5239,1626,216,24230
2026-09-09T00:14:04.056488+00:00,1138,459604,256x,200ms,1,12099,25645,5227,1624,12171,25806,5257,1635,218,24315
2026-09-09T00:14:04.528203+00:00,1139,460072,256x,200ms,1,12109,25757,5240,1628,12176,25900,5270,1636,218,24408
2026-09-09T00:14:05.000579+00:00,1140,460541,256x,200ms,1,12166,25897,5266,1635,12202,25858,5278,1640,216,24386
2026-09-09T00:14:05.464695+00:00,1141,461010,256x,200ms,1,12240,25818,5292,1644,11988,25602,5197,1612,214,24129
2026-09-09T00:14:05.928221+00:00,1142,461478,256x,200ms,0,12081,25814,5236,1625,12156,25889,5265,1634,218,24398
2026-09-09T00:14:06.400583+00:00,1143,461946,256x,200ms,0,11889,25741,5176,1601,11794,25554,5134,1588,212,24106
2026-09-09T00:14:06.872188+00:00,1144,462414,256x,200ms,0,11877,25695,5165,1600,11830,25749,5156,1594,212,24283
2026-09-09T00:14:07.336004+00:00,1145,462883,256x,200ms,0,11764,25725,5136,1587,11746,25615,5124,1583,212,24172
2026-09-09T00:14:07.807798+00:00,1146,463351,256x,200ms,0,11664,25490,5085,1572,11739,25703,5121,1584,212,24254
2026-09-09T00:14:08.272175+00:00,1147,463820,256x,200ms,0,11743,25718,5123,1583,11804,25716,5144,1591,212,24269
2026-09-09T00:14:08.744556+00:00,1148,464288,256x,200ms,1,11796,25552,5131,1587,11765,25596,5125,1585,212,24144
2026-09-09T00:14:09.208527+00:00,1149,464756,256x,200ms,1,11760,25633,5123,1584,11924,25788,5188,1604,214,24319
2026-09-09T00:14:09.680742+00:00,1150,465225,256x,200ms,1,11945,25788,5193,1606,11683,25542,5100,1575,210,24106
2026-09-09T00:14:10.144485+00:00,1151,465693,256x,200ms,1,11630,25507,5081,1569,11632,25540,5079,1570,210,24096
2026-09-09T00:14:10.616992+00:00,1152,466162,256x,200ms,1,11688,25487,5091,1574,11960,25791,5193,1609,214,24326
2026-09-09T00:14:11.081137+00:00,1153,466631,256x,200ms,1,11946,25802,5193,1606,11767,25606,5130,1585,212,24167
2026-09-09T00:14:11.553164+00:00,1154,467099,256x,200ms,1,11737,25506,5111,1580,11868,25680,5162,1598,214,24216
2026-09-09T00:14:12.016312+00:00,1155,467568,256x,200ms,0,11895,25739,5174,1600,11923,25789,5184,1603,214,24317
2026-09-09T00:14:12.488739+00:00,1156,468035,256x,200ms,0,12067,25740,5231,1621,11928,25585,5179,1604,214,24114
2026-09-09T00:14:12.960836+00:00,1157,468504,256x,200ms,0,12010,25770,5212,1615,12102,25873,5249,1625,218,24372
2026-09-09T00:14:13.424049+00:00,1158,468972,256x,200ms,0,11995,25739,5214,1613,11773,25517,5127,1584,212,24068
2026-09-09T00:14:13.889104+00:00,1159,469440,256x,200ms,0,11999,25830,5211,1613,12089,25789,5240,1624,216,24297
2026-09-09T00:14:14.360775+00:00,1160,469909,256x,200ms,0,12121,25867,5256,1629,11996,25661,5203,1612,216,24187
2026-09-09T00:14:14.833088+00:00,1161,470378,256x,200ms,1,11828,25606,5149,1591,11783,25518,5128,1585,212,24067
2026-09-09T00:14:15.296429+00:00,1162,470846,256x,200ms,1,11849,25667,5156,1594,11925,25791,5189,1603,214,24322
2026-09-09T00:14:15.768437+00:00,1163,471314,256x,200ms,1,11819,25689,5153,1591,11975,25622,5195,1608,216,24139
2026-09-09T00:14:16.232334+00:00,1164,471783,256x,200ms,1,11859,25549,5155,1595,11789,25660,5138,1589,212,24195
2026-09-09T00:14:16.704644+00:00,1165,472252,256x,200ms,1,11820,25695,5150,1590,12093,25854,5249,1624,216,24364
2026-09-09T00:14:17.168520+00:00,1166,472720,256x,200ms,1,12002,25697,5211,1613,11925,25568,5177,1602,212,24105
2026-09-09T00:14:17.640249+00:00,1167,473188,256x,200ms,0,11908,25627,5175,1602,12101,25866,5250,1625,216,24379
2026-09-09T00:14:18.104842+00:00,1168,473657,256x,200ms,0,11999,25820,5215,1612,11964,25732,5204,1609,214,24263
2026-09-09T00:14:18.576524+00:00,1169,474126,256x,200ms,0,11994,25684,5210,1610,11877,25551,5166,1595,214,24096
2026-09-09T00:14:19.040353+00:00,1170,474594,256x,200ms,0,11781,25605,5132,1586,11969,25804,5204,1610,214,24329
2026-09-09T00:14:19.512711+00:00,1171,475062,256x,200ms,0,11980,25811,5212,1609,11904,25706,5187,1600,214,24252
2026-09-09T00:14:19.984246+00:00,1172,475531,256x,200ms,0,11763,25539,5132,1584,11809,25616,5148,1590,212,24154
2026-09-09T00:14:20.448181+00:00,1173,475999,256x,200ms,0,11833,25685,5153,1593,11788,25732,5144,1587,212,24273
2026-09-09T00:14:20.912246+00:00,1174,476468,256x,200ms,1,11826,25745,5158,1591,11897,25627,5175,1598,214,24157
2026-09-09T00:14:21.384543+00:00,1175,476936,256x,200ms,1,11780,25605,5133,1585,12028,25837,5229,1617,216,24353
2026-09-09T00:14:21.856336+00:00,1176,477404,256x,200ms,1,11880,25753,5177,1596,11767,25558,5128,1581,212,24113
2026-09-09T00:14:22.321100+00:00,1177,477872,256x,200ms,1,11877,25604,5165,1597,11974,25806,5211,1610,216,24339
2026-09-09T00:14:22.784178+00:00,1178,478341,256x,200ms,1,12004,25819,5220,1613,11943,25641,5191,1604,214,24183
2026-09-09T00:14:23.257092+00:00,1179,478809,256x,200ms,1,11877,25618,5163,1596,11914,25783,5189,1601,214,24317
2026-09-09T00:14:23.728074+00:00,1180,479277,256x,200ms,0,12173,25787,5276,1632,12086,25646,5236,1621,216,24162
2026-09-09T00:14:24.191896+00:00,1181,479745,256x,200ms,0,12097,25653,5240,1622,12172,25861,5276,1634,218,24373
2026-09-09T00:14:24.664285+00:00,1182,480214,256x,200ms,0,12139,25825,5263,1630,12172,25886,5278,1633,218,24400
2026-09-09T00:14:25.128107+00:00,1183,480683,256x,200ms,0,12164,25892,5275,1632,12120,25767,5256,1626,216,24289
2026-09-09T00:14:25.600300+00:00,1184,481150,256x,200ms,0,12048,25687,5231,1617,12006,25690,5215,1612,214,24202
2026-09-09T00:14:26.065229+00:00,1185,481619,256x,200ms,0,11924,25582,5182,1600,11967,25777,5208,1608,214,24306
2026-09-09T00:14:26.536385+00:00,1186,482088,256x,200ms,0,12087,25872,5250,1624,12157,25796,5274,1631,218,24323
2026-09-09T00:14:27.000176+00:00,1187,482557,256x,200ms,1,12215,25915,5297,1636,12178,25763,5280,1632,218,24270
2026-09-09T00:14:27.473058+00:00,1188,483025,256x,200ms,1,12189,25755,5281,1634,12070,25635,5234,1618,216,24147
2026-09-09T00:14:27.944415+00:00,1189,483493,256x,200ms,1,12127,25851,5265,1627,12165,25887,5278,1632,218,24394
2026-09-09T00:14:28.408393+00:00,1190,483962,256x,200ms,1,12194,25883,5288,1635,12159,25732,5268,1631,218,24238
2026-09-09T00:14:28.880002+00:00,1191,484430,256x,200ms,1,12173,25683,5273,1632,12257,25908,5312,1644,218,24408
2026-09-09T00:14:29.344568+00:00,1192,484899,256x,200ms,1,12237,25891,5302,1642,12284,25936,5321,1647,220,24443
2026-09-09T00:14:29.816070+00:00,1193,485368,256x,200ms,0,12270,25919,5316,1644,12229,25745,5296,1638,218,24262
2026-09-09T00:14:30.289060+00:00,1194,485836,256x,200ms,0,12195,25741,5284,1633,12144,25730,5262,1628,218,24250
2026-09-09T00:14:30.752464+00:00,1195,486305,256x,200ms,0,12254,25925,5315,1643,12257,25934,5315,1643,218,24424
2026-09-09T00:14:31.224957+00:00,1196,486773,256x,200ms,0,12245,25888,5309,1640,12182,25718,5278,1630,218,24222
2026-09-09T00:14:31.688373+00:00,1197,487242,256x,200ms,0,12281,25903,5323,1645,12201,25726,5287,1634,218,24246
2026-09-09T00:14:32.152291+00:00,1198,487711,256x,200ms,0,12167,25702,5272,1629,12171,25786,5275,1631,216,24297
2026-09-09T00:14:32.624435+00:00,1199,488179,256x,200ms,1,12299,25940,5328,1647,12296,25830,5325,1647,218,24347
2026-09-09T00:14:33.096551+00:00,1200,488648,256x,200ms,1,12258,25780,5312,1642,12188,25685,5285,1633,218,24205
2026-09-09T00:14:33.560798+00:00,1201,489117,256x,200ms,1,12203,25698,5290,1636,12240,25834,5306,1641,220,24340
2026-09-09T00:14:34.032171+00:00,1202,489586,256x,200ms,1,12200,25748,5286,1634,12344,25965,5346,1652,222,24448
2026-09-09T00:14:34.497031+00:00,1203,490054,256x,200ms,1,12374,25979,5359,1655,12401,25945,5367,1659,220,24432
2026-09-09T00:14:34.968164+00:00,1204,490523,256x,200ms,1,12386,25980,5361,1658,12369,25858,5353,1655,222,24344
2026-09-09T00:14:35.440539+00:00,1205,490992,256x,200ms,1,12346,25809,5340,1652,12283,25739,5315,1644,218,24220
2026-09-09T00:14:35.905240+00:00,1206,491460,256x,200ms,0,12297,25726,5318,1644,12375,25920,5353,1655,222,24393
2026-09-09T00:14:36.376598+00:00,1207,491929,256x,200ms,0,12398,25985,5368,1657,12370,25867,5356,1654,220,24356
2026-09-09T00:14:36.840598+00:00,1208,492398,256x,200ms,0,12389,25966,5367,1659,12329,25796,5338,1650,218,24281
2026-09-09T00:14:37.311710+00:00,1209,492867,256x,200ms,0,12401,25916,5371,1660,12272,25732,5315,1642,218,24215
2026-09-09T00:14:37.777169+00:00,1210,493335,256x,200ms,0,12271,25876,5324,1644,12353,25976,5355,1652,220,24452
2026-09-09T00:14:38.248680+00:00,1211,493803,256x,200ms,0,12362,25976,5357,1655,12264,25780,5314,1643,220,24280
2026-09-09T00:14:38.712638+00:00,1212,494272,256x,200ms,1,12229,25714,5302,1637,12304,25878,5332,1648,220,24341
2026-09-09T00:14:39.184996+00:00,1213,494741,256x,200ms,1,12241,25723,5307,1639,12320,25927,5343,1650,220,24403
2026-09-09T00:14:39.656458+00:00,1214,495210,256x,200ms,1,12291,25869,5330,1646,12344,25974,5354,1652,220,24453
2026-09-09T00:14:40.120246+00:00,1215,495678,256x,200ms,1,12372,25988,5361,1655,12379,25930,5364,1656,220,24407
2026-09-09T00:14:40.592455+00:00,1216,496147,256x,200ms,1,12297,25830,5331,1644,12229,25717,5301,1636,218,24206
2026-09-09T00:14:41.054467+00:00,1217,496615,256x,200ms,1,12350,25935,5350,1651,12372,25988,5363,1654,220,24454
2026-09-09T00:14:41.526154+00:00,1218,497084,256x,200ms,1,12368,25983,5362,1654,12361,25883,5356,1652,222,24368
2026-09-09T00:14:41.997747+00:00,1219,497553,256x,200ms,0,12295,25828,5334,1645,12205,25712,5297,1634,218,24206
2026-09-09T00:14:42.462657+00:00,1220,498022,256x,200ms,0,12318,25936,5347,1649,12234,25745,5307,1637,218,24254
2026-09-09T00:14:42.934789+00:00,1221,498491,256x,200ms,0,12252,25821,5317,1641,12345,25976,5358,1653,220,24453
2026-09-09T00:14:43.399258+00:00,1222,498959,256x,200ms,0,12345,25988,5357,1653,12319,25862,5347,1649,220,24342
2026-09-09T00:14:43.871905+00:00,1223,499428,256x,200ms,0,12358,25939,5360,1653,12246,25748,5312,1638,218,24237
2026-09-09T00:14:44.336246+00:00,1224,499897,256x,200ms,0,12281,25839,5334,1645,12171,25688,5289,1630,218,24202
2026-09-09T00:14:44.807657+00:00,1225,500365,256x,200ms,1,12302,25903,5338,1648,12379,25986,5367,1655,222,24453
2026-09-09T00:14:45.272515+00:00,1226,500833,256x,200ms,1,12382,25990,5373,1656,12359,25842,5361,1653,220,24317
2026-09-09T00:14:45.743748+00:00,1227,501302,256x,200ms,1,12293,25730,5327,1643,12367,25877,5355,1654,222,24363
2026-09-09T00:14:46.208055+00:00,1228,501771,256x,200ms,1,12395,25943,5370,1657,12426,25992,5382,1662,222,24462
2026-09-09T00:14:46.679808+00:00,1229,502240,256x,200ms,1,12417,25998,5381,1660,12414,25927,5382,1660,220,24412
2026-09-09T00:14:47.151914+00:00,1230,502708,256x,200ms,1,12416,25966,5385,1659,12309,25781,5340,1645,220,24257
2026-09-09T00:14:47.615847+00:00,1231,503177,256x,200ms,0,12277,25737,5326,1641,12284,25862,5334,1644,220,24329
2026-09-09T00:14:48.087988+00:00,1232,503645,256x,200ms,0,12320,25968,5355,1649,12271,25891,5337,1643,220,24407
2026-09-09T00:14:48.551980+00:00,1233,504114,256x,200ms,0,12372,25926,5371,1653,12281,25751,5331,1640,220,24242
2026-09-09T00:14:49.023852+00:00,1234,504582,256x,200ms,0,12227,25743,5308,1635,12347,25961,5358,1652,220,24435
2026-09-09T00:14:49.496504+00:00,1235,505051,256x,200ms,0,12346,25977,5364,1650,12343,25967,5363,1649,220,24453
2026-09-09T00:14:49.959716+00:00,1236,505520,256x,200ms,0,12357,25936,5365,1652,12269,25757,5327,1641,220,24243
2026-09-09T00:14:50.423869+00:00,1237,505989,256x,200ms,0,12342,25877,5361,1650,12201,25711,5304,1632,218,24206
2026-09-09T00:14:50.895576+00:00,1238,506457,256x,200ms,1,12208,25713,5303,1632,12251,25848,5323,1639,218,24329
2026-09-09T00:14:51.359569+00:00,1239,506926,256x,200ms,1,12335,25976,5360,1651,12336,25982,5358,1650,218,24453
2026-09-09T00:14:51.831821+00:00,1240,507395,256x,200ms,1,12329,25979,5361,1649,12328,25862,5358,1648,220,24353
2026-09-09T00:14:52.304199+00:00,1241,507864,256x,200ms,1,12376,25942,5372,1653,12294,25767,5337,1642,220,24259
2026-09-09T00:14:52.768497+00:00,1242,508332,256x,200ms,1,12251,25716,5322,1637,12330,25926,5356,1649,220,24401
2026-09-09T00:14:53.240158+00:00,1243,508801,256x,200ms,1,12249,25855,5325,1639,12328,25973,5359,1649,220,24453
2026-09-09T00:14:53.703428+00:00,1244,509270,256x,200ms,0,12315,25973,5357,1647,12309,25915,5354,1647,220,24421
2026-09-09T00:14:54.175440+00:00,1245,509737,256x,200ms,0,12294,25859,5346,1643,12201,25715,5306,1632,218,24206
2026-09-09T00:14:54.640437+00:00,1246,510206,256x,200ms,0,12242,25788,5326,1639,12184,25756,5304,1632,218,24247
2026-09-09T00:14:55.111684+00:00,1247,510675,256x,200ms,0,12265,25907,5334,1639,12311,25967,5354,1645,220,24451
2026-09-09T00:14:55.583804+00:00,1248,511143,256x,200ms,0,12301,25962,5350,1645,12250,25795,5329,1638,220,24298
2026-09-09T00:14:56.047862+00:00,1249,511612,256x,200ms,0,12309,25930,5357,1647,12213,25743,5315,1634,218,24248
2026-09-09T00:14:56.519717+00:00,1250,512081,256x,200ms,0,12244,25779,5324,1636,12189,25763,5301,1630,218,24258
2026-09-09T00:14:56.984556+00:00,1251,512549,256x,200ms,1,12289,25949,5346,1643,12335,25980,5362,1648,220,24453
2026-09-09T00:14:57.455855+00:00,1252,513018,256x,200ms,1,12344,25982,5367,1649,12330,25917,5361,1647,220,24407
2026-09-09T00:14:57.919594+00:00,1253,513487,256x,200ms,1,12268,25775,5334,1639,12215,25776,5315,1633,218,24262
2026-09-09T00:14:58.390961+00:00,1254,513955,256x,200ms,1,12286,25911,5344,1643,12341,25977,5368,1649,220,24454
2026-09-09T00:14:58.855783+00:00,1255,514424,256x,200ms,1,12344,25983,5368,1650,12308,25852,5351,1645,220,24338
2026-09-09T00:14:59.328531+00:00,1256,514892,256x,200ms,1,12242,25779,5327,1636,12176,25736,5298,1629,218,24238
2026-09-09T00:14:59.800130+00:00,1257,515361,256x,200ms,0,12249,25823,5327,1638,12391,25979,5383,1655,220,24456
2026-09-09T00:15:00.263865+00:00,1258,515830,256x,200ms,0,12334,25965,5366,1649,12380,25953,5379,1654,222,24452
2026-09-09T00:15:00.736036+00:00,1259,516299,256x,200ms,0,12365,25970,5377,1652,12354,25930,5375,1652,220,24422
2026-09-09T00:15:01.200632+00:00,1260,516767,256x,200ms,0,12342,25911,5370,1649,12228,25732,5318,1633,218,24228
2026-09-09T00:15:01.671627+00:00,1261,517236,256x,200ms,0,12255,25717,5326,1637,12303,25853,5348,1645,220,24338
2026-09-09T00:15:02.144177+00:00,1262,517705,256x,200ms,0,12315,25913,5355,1646,12396,25981,5387,1656,222,24456
2026-09-09T00:15:02.607526+00:00,1263,518173,256x,200ms,1,12380,25969,5382,1653,12313,25792,5350,1643,220,24277
2026-09-09T00:15:03.071951+00:00,1264,518641,256x,200ms,1,12233,25716,5320,1635,12344,25944,5368,1650,222,24420
2026-09-09T00:15:03.543778+00:00,1265,519110,256x,200ms,1,12364,25910,5372,1651,12414,25979,5393,1656,222,24464
2026-09-09T00:15:04.015876+00:00,1266,519578,256x,200ms,1,12434,25949,5403,1660,12325,25769,5359,1646,220,24262
2026-09-09T00:15:04.480002+00:00,1267,520047,256x,200ms,1,12254,25720,5328,1637,12315,25911,5357,1646,220,24381
2026-09-09T00:15:04.952299+00:00,1268,520516,256x,200ms,1,12369,25975,5381,1653,12376,25979,5383,1653,220,24455
2026-09-09T00:15:05.415262+00:00,1269,520985,256x,200ms,1,12392,25984,5389,1655,12401,25949,5390,1656,222,24443
2026-09-09T00:15:05.887367+00:00,1270,521453,256x,200ms,0,12413,25896,5393,1657,12328,25733,5353,1646,220,24237
2026-09-09T00:15:06.360536+00:00,1271,521922,256x,200ms,0,12361,25774,5369,1648,12333,25815,5359,1646,220,24317
2026-09-09T00:15:06.823671+00:00,1272,522391,256x,200ms,0,12385,25915,5384,1653,12420,25982,5401,1657,222,24464
2026-09-09T00:15:07.296361+00:00,1273,522859,256x,200ms,0,12392,25980,5392,1655,12386,25980,5391,1654,220,24460
2026-09-09T00:15:07.760236+00:00,1274,523329,256x,200ms,0,12397,25994,5392,1655,12354,25858,5374,1650,220,24342
2026-09-09T00:15:08.231923+00:00,1275,523797,256x,200ms,0,12383,25953,5389,1653,12302,25774,5351,1641,218,24254
2026-09-09T00:15:08.696463+00:00,1276,524267,256x,200ms,1,12366,25870,5382,1651,12247,25725,5333,1636,220,24208
2026-09-09T00:15:09.168624+00:00,1277,524735,256x,200ms,1,12360,25876,5379,1650,12242,25727,5330,1635,218,24209
2026-09-09T00:15:09.640436+00:00,1278,525204,256x,200ms,1,12288,25852,5349,1640,12374,25981,5387,1651,220,24455
2026-09-09T00:15:10.104372+00:00,1279,525673,256x,200ms,1,12388,25988,5391,1653,12324,25842,5364,1645,220,24330
2026-09-09T00:15:10.576049+00:00,1280,526141,256x,200ms,1,12361,25929,5386,1649,12268,25757,5342,1637,218,24243
2026-09-09T00:15:11.040201+00:00,1281,526610,256x,200ms,1,12224,25722,5326,1633,12331,25950,5371,1648,220,24420
2026-09-09T00:15:11.512637+00:00,1282,527078,256x,200ms,1,12341,25967,5375,1649,12371,25978,5387,1652,220,24454
2026-09-09T00:15:11.976580+00:00,1283,527547,256x,200ms,0,12363,25936,5387,1651,12285,25762,5352,1640,220,24253
2026-09-09T00:15:12.447981+00:00,1284,528016,256x,200ms,0,12344,25869,5375,1648,12218,25714,5322,1631,218,24207
2026-09-09T00:15:12.912802+00:00,1285,528485,256x,200ms,0,12231,25768,5330,1634,12317,25966,5373,1646,220,24445
2026-09-09T00:15:13.383990+00:00,1286,528953,256x,200ms,0,12330,25982,5376,1646,12362,25920,5386,1648,220,24410
2026-09-09T00:15:13.849057+00:00,1287,529422,256x,200ms,0,12351,25961,5382,1648,12275,25778,5349,1637,220,24267
2026-09-09T00:15:14.319979+00:00,1288,529891,256x,200ms,0,12300,25775,5353,1639,12251,25781,5335,1634,220,24263
2026-09-09T00:15:14.792702+00:00,1289,530359,256x,200ms,1,12280,25838,5350,1640,12382,25984,5394,1653,220,24455
2026-09-09T00:15:15.256552+00:00,1290,530828,256x,200ms,1,12360,25960,5384,1651,12386,25986,5395,1652,220,24460
2026-09-09T00:15:15.728602+00:00,1291,531297,256x,200ms,1,12385,25992,5395,1651,12335,25821,5370,1644,220,24316
2026-09-09T00:15:16.191982+00:00,1292,531766,256x,200ms,1,12356,25833,5380,1649,12267,25721,5342,1636,220,24209
2026-09-09T00:15:16.664507+00:00,1293,532234,256x,200ms,1,12273,25839,5349,1639,12357,25984,5389,1649,220,24453
2026-09-09T00:15:17.136235+00:00,1294,532703,256x,200ms,1,12336,25971,5379,1647,12344,25984,5383,1649,220,24453
2026-09-09T00:15:17.600035+00:00,1295,533172,256x,200ms,0,12337,25985,5385,1648,12293,25836,5366,1642,220,24321
2026-09-09T00:15:18.072173+00:00,1296,533641,256x,200ms,0,12364,25981,5389,1650,12298,25823,5361,1642,220,24306
2026-09-09T00:15:18.536281+00:00,1297,534110,256x,200ms,0,12271,25800,5354,1639,12205,25743,5325,1629,218,24228
2026-09-09T00:15:19.007536+00:00,1298,534578,256x,200ms,0,12107,25694,5294,1618,11535,25657,5103,1551,206,24204
2026-09-09T00:15:19.472760+00:00,1299,535047,256x,200ms,0,11612,25735,5135,1559,11591,25578,5120,1557,210,24134
2026-09-09T00:15:19.944988+00:00,1300,535515,256x,200ms,0,11550,25506,5099,1550,11591,25693,5121,1558,210,24238
2026-09-09T00:15:20.409403+00:00,1301,535984,256x,200ms,0,11449,25466,5063,1539,11531,25698,5102,1550,208,24240
2026-09-09T00:15:20.881914+00:00,1302,536453,256x,200ms,1,11556,25723,5114,1552,11534,25634,5106,1550,208,24198
2026-09-09T00:15:21.345068+00:00,1303,536922,256x,200ms,1,11560,25725,5112,1553,11563,25656,5113,1553,208,24212
2026-09-09T00:15:21.817595+00:00,1304,537390,256x,200ms,1,11582,25669,5124,1554,11455,25478,5068,1538,206,24028
2026-09-09T00:15:22.281934+00:00,1305,537859,256x,200ms,1,11631,25671,5139,1561,11477,25480,5077,1540,206,24038
2026-09-09T00:15:22.753324+00:00,1306,538328,256x,200ms,1,11503,25517,5084,1545,11474,25571,5075,1543,208,24116
2026-09-09T00:15:23.226124+00:00,1307,538797,256x,200ms,1,11437,25691,5073,1538,11419,25608,5064,1536,204,24191
2026-09-09T00:15:23.689825+00:00,1308,539265,256x,200ms,0,11438,25659,5074,1538,11348,25476,5033,1526,204,24058
2026-09-09T00:15:24.161209+00:00,1309,539734,256x,200ms,0,11324,25433,5020,1522,11375,25579,5041,1529,206,24140
2026-09-09T00:15:24.624960+00:00,1310,540203,256x,200ms,0,11414,25610,5055,1534,11442,25694,5073,1538,206,24255
2026-09-09T00:15:25.097353+00:00,1311,540670,256x,200ms,0,11456,25649,5079,1540,11386,25461,5042,1529,204,24038
2026-09-09T00:15:25.561475+00:00,1312,541138,256x,200ms,0,11427,25594,5058,1536,11499,25700,5090,1544,208,24260
2026-09-09T00:15:26.032988+00:00,1313,541606,256x,200ms,0,11563,25700,5110,1552,11472,25513,5072,1541,208,24073
2026-09-09T00:15:26.497384+00:00,1314,542075,256x,200ms,0,11403,25444,5047,1531,11445,25604,5066,1538,206,24158
2026-09-09T00:15:26.969929+00:00,1315,542543,256x,200ms,1,11510,25698,5094,1546,11448,25530,5065,1538,206,24100
2026-09-09T00:15:27.440765+00:00,1316,543012,256x,200ms,1,11506,25696,5095,1545,11484,25604,5086,1542,208,24174
2026-09-09T00:15:27.910485+00:00,1317,543481,256x,200ms,1,11516,25646,5097,1547,11440,25472,5060,1536,206,24039
2026-09-09T00:15:28.377774+00:00,1318,543950,256x,200ms,1,11418,25456,5051,1532,11466,25580,5069,1540,206,24129
2026-09-09T00:15:28.840914+00:00,1319,544419,256x,200ms,1,11459,25511,5069,1539,11406,25519,5049,1532,206,24076
2026-09-09T00:15:29.314137+00:00,1320,544888,256x,200ms,1,11445,25462,5062,1537,11440,25575,5063,1537,208,24132
2026-09-09T00:15:29.778245+00:00,1321,545357,256x,200ms,0,11461,25621,5075,1540,11543,25715,5105,1550,208,24258
2026-09-09T00:15:30.249094+00:00,1322,545825,256x,200ms,0,11555,25714,5109,1549,11509,25578,5089,1543,208,24143
2026-09-09T00:15:30.722265+00:00,1323,546294,256x,200ms,0,11466,25500,5070,1538,11480,25557,5074,1540,208,24105
2026-09-09T00:15:31.185265+00:00,1324,546763,256x,200ms,0,11465,25476,5066,1540,11566,25707,5108,1554,210,24250
2026-09-09T00:15:31.657396+00:00,1325,547231,256x,200ms,0,11494,25653,5087,1544,11524,25705,5100,1547,206,24256
2026-09-09T00:15:32.121374+00:00,1326,547700,256x,200ms,0,11582,25723,5116,1553,11486,25530,5076,1541,206,24089
2026-09-09T00:15:32.593190+00:00,1327,548168,256x,200ms,1,11416,25451,5048,1531,11527,25686,5098,1547,208,24235
2026-09-09T00:15:33.065334+00:00,1328,548637,256x,200ms,1,11446,25624,5071,1540,11503,25696,5094,1546,208,24255
2026-09-09T00:15:33.529313+00:00,1329,549106,256x,200ms,1,11466,25654,5076,1539,11506,25693,5093,1544,208,24255
2026-09-09T00:15:33.993796+00:00,1330,549575,256x,200ms,1,11492,25689,5088,1544,11443,25682,5072,1538,206,24255
2026-09-09T00:15:34.465288+00:00,1331,550044,256x,200ms,1,11469,25691,5078,1540,11457,25634,5075,1539,206,24218
2026-09-09T00:15:34.938057+00:00,1332,550513,256x,200ms,1,11463,25602,5075,1538,11390,25429,5040,1528,206,24010
2026-09-09T00:15:35.402251+00:00,1333,550982,256x,200ms,1,11433,25516,5057,1534,11372,25445,5031,1526,204,24022
2026-09-09T00:15:35.874119+00:00,1334,551451,256x,200ms,0,11340,25427,5025,1522,11394,25599,5050,1531,206,24169
2026-09-09T00:15:36.337669+00:00,1335,551919,256x,200ms,0,11458,25691,5073,1540,11461,25654,5075,1540,206,24233
2026-09-09T00:15:36.810201+00:00,1336,552387,256x,200ms,0,11354,25429,5027,1525,11418,25630,5057,1535,204,24200
2026-09-09T00:15:37.281924+00:00,1337,552856,256x,200ms,0,11445,25679,5066,1538,11465,25691,5074,1541,206,24255
2026-09-09T00:15:37.744892+00:00,1338,553324,256x,200ms,0,11487,25695,5085,1542,11420,25517,5055,1532,206,24089
2026-09-09T00:15:38.217274+00:00,1339,553793,256x,200ms,0,11443,25508,5060,1537,11390,25490,5037,1530,204,24057
2026-09-09T00:15:38.681396+00:00,1340,554262,256x,200ms,1,11367,25452,5033,1528,11483,25681,5084,1542,206,24239
2026-09-09T00:15:39.153284+00:00,1341,554731,256x,200ms,1,11385,25535,5039,1529,11494,25690,5087,1543,206,24255
2026-09-09T00:15:39.617184+00:00,1342,555200,256x,200ms,1,11454,25696,5073,1538,11463,25648,5076,1540,208,24226
2026-09-09T00:15:40.089786+00:00,1343,555669,256x,200ms,1,11471,25697,5080,1539,11451,25591,5072,1536,208,24159
2026-09-09T00:15:40.561441+00:00,1344,556138,256x,200ms,1,11478,25662,5081,1541,11376,25476,5039,1527,204,24047
2026-09-09T00:15:41.025401+00:00,1345,556606,256x,200ms,1,11374,25437,5037,1527,11422,25614,5060,1534,206,24174
2026-09-09T00:15:41.497291+00:00,1346,557075,256x,200ms,1,11451,25681,5072,1537,11465,25692,5077,1537,208,24255
2026-09-09T00:15:41.960973+00:00,1347,557544,256x,200ms,0,11469,25692,5078,1540,11431,25581,5063,1535,206,24154
2026-09-09T00:15:42.433449+00:00,1348,558012,256x,200ms,0,11384,25462,5039,1526,11383,25554,5039,1528,204,24112
2026-09-09T00:15:42.897586+00:00,1349,558481,256x,200ms,0,11371,25433,5032,1524,11441,25666,5067,1536,206,24228
2026-09-09T00:15:43.369309+00:00,1350,558949,256x,200ms,0,11469,25691,5077,1539,11408,25511,5050,1531,204,24087
2026-09-09T00:15:43.833515+00:00,1351,559417,256x,200ms,0,11355,25436,5028,1524,11396,25602,5051,1531,206,24163
2026-09-09T00:15:44.305699+00:00,1352,559886,256x,200ms,0,11370,25540,5034,1527,11447,25700,5071,1537,206,24254
2026-09-09T00:15:44.777419+00:00,1353,560355,256x,200ms,1,11481,25692,5085,1540,11391,25501,5044,1528,206,24060
2026-09-09T00:15:45.240693+00:00,1354,560824,256x,200ms,1,11458,25617,5076,1537,11360,25449,5029,1524,204,24010
2026-09-09T00:15:45.713951+00:00,1355,561292,256x,200ms,1,11405,25503,5047,1530,11376,25536,5038,1528,206,24085
2026-09-09T00:15:46.177471+00:00,1356,561762,256x,200ms,1,11477,25634,5080,1539,11377,25449,5034,1525,204,24010
2026-09-09T00:15:46.650051+00:00,1357,562231,256x,200ms,1,11450,25543,5067,1536,11407,25444,5046,1530,204,24010
2026-09-09T00:15:47.113511+00:00,1358,562700,256x,200ms,1,11361,25442,5032,1525,11408,25590,5052,1532,206,24147
2026-09-09T00:15:47.585534+00:00,1359,563169,256x,200ms,0,11374,25445,5033,1527,11484,25677,5081,1541,208,24232
2026-09-09T00:15:48.056829+00:00,1360,563637,256x,200ms,0,11526,25667,5098,1546,11418,25477,5051,1532,204,24036
2026-09-09T00:15:48.521385+00:00,1361,564106,256x,200ms,0,11436,25491,5059,1532,11405,25542,5047,1529,206,24095
2026-09-09T00:15:48.986063+00:00,1362,564574,256x,200ms,0,11416,25573,5051,1532,11483,25703,5082,1540,208,24255
2026-09-09T00:15:49.458136+00:00,1363,565043,256x,200ms,0,11489,25655,5085,1541,11392,25471,5044,1528,206,24049
2026-09-09T00:15:49.929176+00:00,1364,565511,256x,200ms,0,11395,25441,5040,1527,11463,25616,5069,1537,206,24174
2026-09-09T00:15:50.393652+00:00,1365,565980,256x,200ms,0,11518,25701,5093,1544,11551,25668,5106,1547,208,24230
2026-09-09T00:15:50.865133+00:00,1366,566448,256x,200ms,1,11552,25593,5103,1547,11466,25476,5068,1535,206,24032
2026-09-09T00:15:51.329318+00:00,1367,566917,256x,200ms,1,11442,25458,5057,1532,11474,25618,5075,1538,206,24171
2026-09-09T00:15:51.801891+00:00,1368,567385,256x,200ms,1,11535,25710,5101,1545,11523,25666,5097,1544,208,24229
2026-09-09T00:15:52.273475+00:00,1369,567854,256x,200ms,1,11533,25711,5103,1545,11512,25563,5089,1543,206,24118
2026-09-09T00:15:52.737451+00:00,1370,568323,256x,200ms,1,11536,25605,5098,1545,11432,25456,5053,1533,204,24010
2026-09-09T00:15:53.209739+00:00,1371,568792,256x,200ms,1,11453,25493,5062,1533,11440,25547,5058,1533,204,24104
2026-09-09T00:15:53.673466+00:00,1372,569261,256x,200ms,0,11423,25501,5049,1531,11537,25707,5100,1546,208,24254
2026-09-09T00:15:54.144848+00:00,1373,569729,256x,200ms,0,11534,25707,5099,1546,11523,25613,5093,1544,208,24180
2026-09-09T00:15:54.609744+00:00,1374,570198,256x,200ms,0,11554,25709,5109,1549,11454,25511,5069,1535,206,24083
2026-09-09T00:15:55.081415+00:00,1375,570665,256x,200ms,0,11395,25481,5041,1528,11507,25693,5091,1543,206,24251
2026-09-09T00:15:55.553246+00:00,1376,571134,256x,200ms,0,11530,25705,5100,1545,11518,25608,5093,1543,208,24174
2026-09-09T00:15:56.018166+00:00,1377,571602,256x,200ms,0,11479,25547,5074,1536,11404,25441,5043,1527,206,24011
2026-09-09T00:15:56.481784+00:00,1378,572070,256x,200ms,0,11526,25701,5098,1545,11520,25663,5095,1545,208,24236
2026-09-09T00:15:56.953064+00:00,1379,572539,256x,200ms,1,11513,25700,5093,1543,11468,25529,5071,1537,206,24094
2026-09-09T00:15:57.425337+00:00,1380,573008,256x,200ms,1,11439,25503,5063,1532,11399,25486,5045,1528,206,24058
2026-09-09T00:15:57.889485+00:00,1381,573477,256x,200ms,1,11478,25564,5079,1538,11412,25454,5048,1529,204,24011
2026-09-09T00:15:58.361977+00:00,1382,573945,256x,200ms,1,11446,25542,5058,1533,11536,25706,5099,1545,208,24258
2026-09-09T00:15:58.825975+00:00,1383,574415,256x,200ms,1,11428,25502,5052,1531,11549,25718,5106,1546,208,24257
2026-09-09T00:15:59.297893+00:00,1384,574883,256x,200ms,1,11543,25713,5107,1546,11543,25640,5105,1546,208,24202
2026-09-09T00:15:59.769223+00:00,1385,575352,256x,200ms,0,11548,25709,5104,1545,11547,25611,5099,1544,206,24160
2026-09-09T00:16:00.233075+00:00,1386,575821,256x,200ms,0,11443,25467,5057,1532,11515,25618,5085,1542,206,24167
2026-09-09T00:16:00.697528+00:00,1387,576289,256x,200ms,0,11556,25722,5107,1547,11554,25677,5107,1547,208,24233
2026-09-09T00:16:01.169404+00:00,1388,576757,256x,200ms,0,11443,25466,5057,1531,11463,25586,5068,1536,206,24132
2026-09-09T00:16:01.641535+00:00,1389,577226,256x,200ms,0,11541,25711,5105,1545,11553,25703,5110,1546,206,24254
2026-09-09T00:16:02.105280+00:00,1390,577694,256x,200ms,0,11479,25523,5077,1538,11439,25509,5060,1534,206,24062
2026-09-09T00:16:02.578036+00:00,1391,578162,256x,200ms,1,11490,25617,5078,1538,11558,25718,5109,1546,208,24256
2026-09-09T00:16:03.041729+00:00,1392,578631,256x,200ms,1,11543,25714,5103,1545,11571,25635,5111,1547,208,24185
2026-09-09T00:16:03.513663+00:00,1393,579099,256x,200ms,1,11506,25497,5083,1541,11520,25603,5089,1543,206,24157
2026-09-09T00:16:03.977688+00:00,1394,579568,256x,200ms,1,11458,25491,5061,1534,11562,25719,5109,1549,208,24257
2026-09-09T00:16:04.450317+00:00,1395,580036,256x,200ms,1,11561,25729,5112,1546,11533,25599,5099,1543,208,24148
2026-09-09T00:16:04.922226+00:00,1396,580505,256x,200ms,1,11569,25735,5113,1547,11530,25569,5093,1542,208,24125
2026-09-09T00:16:05.385341+00:00,1397,580974,256x,200ms,1,11575,25623,5112,1547,11461,25475,5065,1533,206,24021
2026-09-09T00:16:05.850315+00:00,1398,581443,256x,200ms,0,11484,25498,5075,1537,11499,25601,5083,1539,208,24139
2026-09-09T00:16:06.322059+00:00,1399,581912,256x,200ms,0,11507,25619,5086,1540,11572,25735,5115,1548,208,24273
2026-09-09T00:16:06.793947+00:00,1400,582380,256x,200ms,0,11585,25712,5121,1550,11508,25534,5086,1539,206,24081
2026-09-09T00:16:07.256823+00:00,1401,582849,256x,200ms,0,11471,25478,5068,1536,11558,25700,5108,1548,208,24235
2026-09-09T00:16:07.729469+00:00,1402,583317,256x,200ms,0,11583,25741,5120,1549,11567,25732,5113,1547,208,24260
2026-09-09T00:16:08.193956+00:00,1403,583785,256x,200ms,0,11436,25459,5056,1531,11501,25635,5085,1540,206,24182
2026-09-09T00:16:08.665444+00:00,1404,584253,256x,200ms,1,11571,25732,5117,1547,11563,25645,5113,1546,208,24204
2026-09-09T00:16:09.137776+00:00,1405,584722,256x,200ms,1,11542,25626,5104,1544,11444,25465,5058,1530,206,24018
2026-09-09T00:16:09.601792+00:00,1406,585191,256x,200ms,1,11514,25620,5096,1541,11401,25441,5046,1526,206,24015
2026-09-09T00:16:10.066131+00:00,1407,585660,256x,200ms,1,11403,25499,5050,1528,11522,25699,5101,1543,206,24256
2026-09-09T00:16:10.536502+00:00,1408,586128,256x,200ms,1,11551,25722,5109,1546,11557,25708,5112,1547,208,24263
2026-09-09T00:16:11.009736+00:00,1409,586597,256x,200ms,1,11553,25657,5110,1546,11423,25462,5055,1529,204,24029
2026-09-09T00:16:11.473866+00:00,1410,587066,256x,200ms,1,11500,25580,5087,1538,11419,25450,5052,1527,206,24011
2026-09-09T00:16:11.946220+00:00,1411,587535,256x,200ms,0,11427,25455,5055,1530,11461,25593,5072,1536,206,24148
2026-09-09T00:16:12.409958+00:00,1412,588003,256x,200ms,0,11511,25689,5097,1542,11542,25714,5108,1545,208,24256
2026-09-09T00:16:12.882210+00:00,1413,588471,256x,200ms,0,11459,25514,5071,1534,11415,25500,5051,1529,206,24061
2026-09-09T00:16:13.346203+00:00,1414,588940,256x,200ms,0,11521,25689,5099,1542,11531,25701,5101,1543,208,24255
2026-09-09T00:16:13.817896+00:00,1415,589408,256x,200ms,0,11514,25608,5101,1542,11417,25454,5057,1529,204,24012
2026-09-09T00:16:14.281728+00:00,1416,589876,256x,200ms,0,11455,25592,5070,1534,11536,25708,5105,1544,208,24255
2026-09-09T00:16:14.752563+00:00,1417,590345,256x,200ms,1,11548,25719,5110,1546,11520,25586,5097,1541,208,24140
2026-09-09T00:16:15.217843+00:00,1418,590814,256x,200ms,1,11534,25675,5104,1543,11448,25490,5064,1531,204,24051
2026-09-09T00:16:15.690024+00:00,1419,591283,256x,200ms,1,11452,25484,5066,1533,11450,25572,5070,1534,206,24117
2026-09-09T00:16:16.162253+00:00,1420,591751,256x,200ms,1,11541,25717,5109,1545,11575,25739,5120,1548,208,24270
2026-09-09T00:16:16.626232+00:00,1421,592220,256x,200ms,1,11568,25730,5115,1545,11560,25669,5113,1545,208,24222
2026-09-09T00:16:17.098133+00:00,1422,592688,256x,200ms,1,11485,25548,5087,1537,11408,25444,5052,1528,204,24010
2026-09-09T00:16:17.560988+00:00,1423,593157,256x,200ms,0,11410,25440,5049,1526,11500,25666,5091,1539,206,24210
2026-09-09T00:16:18.033282+00:00,1424,593626,256x,200ms,0,11476,25532,5073,1535,11592,25736,5124,1550,208,24277
2026-09-09T00:16:18.506316+00:00,1425,594095,256x,200ms,0,11573,25716,5117,1549,11585,25744,5124,1550,208,24285
2026-09-09T00:16:18.969298+00:00,1426,594563,256x,200ms,0,10693,25227,4806,1441,10453,25199,4673,1410,190,23862
2026-09-09T00:16:19.434118+00:00,1427,595032,256x,200ms,0,10609,25143,4706,1419,10892,25378,4805,1455,196,24003
2026-09-09T00:16:19.904792+00:00,1428,595501,256x,200ms,0,10781,25353,4767,1442,10780,25394,4768,1442,192,24041
2026-09-09T00:16:20.377947+00:00,1429,595969,256x,200ms,0,10319,25099,4607,1384,10256,24962,4576,1376,182,23667
2026-09-09T00:16:20.841518+00:00,1430,596438,256x,200ms,1,10191,24960,4557,1370,10771,25372,4763,1441,192,24026
2026-09-09T00:16:21.313697+00:00,1431,596905,256x,200ms,1,10779,25390,4764,1440,10651,25193,4718,1424,190,23856
2026-09-09T00:16:21.778031+00:00,1432,597373,256x,200ms,1,10757,25167,4748,1436,10887,25385,4801,1454,194,24008
2026-09-09T00:16:22.249357+00:00,1433,597842,256x,200ms,1,10684,25277,4729,1430,10582,25312,4701,1418,190,23974
2026-09-09T00:16:22.713113+00:00,1434,598310,256x,200ms,1,10494,25151,4665,1405,10383,25014,4621,1392,184,23698
2026-09-09T00:16:23.185945+00:00,1435,598778,256x,200ms,1,10483,25214,4660,1405,10524,25284,4679,1411,188,23949
2026-09-09T00:16:23.649449+00:00,1436,599246,256x,200ms,0,10397,25235,4637,1395,10457,25118,4652,1402,188,23800
2026-09-09T00:16:24.122105+00:00,1437,599715,256x,200ms,0,10500,25057,4659,1406,10613,25289,4706,1422,190,23946
2026-09-09T00:16:24.585423+00:00,1438,600184,256x,200ms,0,10520,25196,4671,1409,10512,25279,4676,1408,190,23955
2026-09-09T00:16:25.058229+00:00,1439,600652,256x,200ms,0,10532,25287,4683,1410,10422,25202,4646,1398,188,23901
2026-09-09T00:16:25.529857+00:00,1440,601122,256x,200ms,0,10512,25278,4672,1409,10569,25206,4690,1415,190,23883
2026-09-09T00:16:25.993486+00:00,1441,601591,256x,200ms,0,10571,25295,4695,1415,10618,25212,4708,1420,190,23877
2026-09-09T00:16:26.466020+00:00,1442,602059,256x,200ms,0,10521,25124,4671,1409,10344,25013,4607,1388,186,23703
2026-09-09T00:16:26.929785+00:00,1443,602528,256x,200ms,1,10375,25185,4623,1392,10462,25252,4653,1401,188,23923
2026-09-09T00:16:27.401628+00:00,1444,602996,256x,200ms,1,10147,25084,4547,1365,9099,23813,4148,1232,166,22657
2026-09-09T00:16:27.865915+00:00,1445,603465,256x,200ms,1,9973,24683,4438,1337,10177,25020,4526,1363,182,23747
2026-09-09T00:16:28.337843+00:00,1446,603933,256x,200ms,1,10066,24960,4489,1350,9826,24829,4402,1321,176,23617
2026-09-09T00:16:28.802237+00:00,1447,604401,256x,200ms,1,9596,24540,4310,1290,9651,24698,4332,1298,174,23481
2026-09-09T00:16:29.273777+00:00,1448,604869,256x,200ms,1,9693,24794,4351,1304,9576,24633,4310,1289,174,23447
2026-09-09T00:16:29.738365+00:00,1449,605337,256x,200ms,0,9536,24511,4286,1283,9351,24586,4231,1263,170,23430
2026-09-09T00:16:30.201932+00:00,1450,605805,256x,200ms,0,9141,24379,4152,1235,9030,24236,4108,1222,162,23121
2026-09-09T00:16:30.673219+00:00,1451,606273,256x,200ms,0,8993,24399,4103,1218,8885,24248,4061,1205,162,23168
2026-09-09T00:16:31.145705+00:00,1452,606741,256x,200ms,0,9625,23528,4235,1285,10099,25083,4483,1351,182,23805
2026-09-09T00:16:31.610005+00:00,1453,607210,256x,200ms,0,10138,24989,4489,1354,10200,25116,4518,1362,182,23836
2026-09-09T00:16:32.081319+00:00,1454,607679,256x,200ms,0,10202,25100,4517,1364,10225,25128,4527,1367,182,23848
2026-09-09T00:16:32.545248+00:00,1455,608148,256x,200ms,0,10192,25111,4517,1361,10155,24983,4500,1357,182,23709
2026-09-09T00:16:33.018252+00:00,1456,608616,256x,200ms,1,10108,24871,4473,1350,10156,25033,4496,1357,182,23747
2026-09-09T00:16:33.490038+00:00,1457,609084,256x,200ms,1,10195,25113,4514,1362,10204,25115,4517,1363,182,23832
2026-09-09T00:16:33.952884+00:00,1458,609552,256x,200ms,1,10097,24858,4471,1349,10166,25020,4499,1358,182,23742
2026-09-09T00:16:34.417022+00:00,1459,610021,256x,200ms,1,10196,25039,4510,1361,10218,25126,4523,1365,184,23845
2026-09-09T00:16:34.889453+00:00,1460,610490,256x,200ms,1,10213,25121,4520,1364,10013,24911,4445,1339,180,23645
2026-09-09T00:16:35.361272+00:00,1461,610958,256x,200ms,1,10011,24883,4441,1338,10128,25093,4491,1353,180,23805
2026-09-09T00:16:35.825406+00:00,1462,611427,256x,200ms,0,10088,25027,4475,1350,10118,25090,4490,1353,180,23811
2026-09-09T00:16:36.297686+00:00,1463,611895,256x,200ms,0,10136,25092,4495,1355,10054,24922,4462,1346,178,23656
2026-09-09T00:16:36.761250+00:00,1464,612364,256x,200ms,0,10037,24887,4451,1340,10010,24877,4442,1338,178,23609
2026-09-09T00:16:37.234355+00:00,1465,612833,256x,200ms,0,9936,24786,4412,1329,9986,24961,4435,1337,180,23692
2026-09-09T00:16:37.697658+00:00,1466,613301,256x,200ms,0,10058,25046,4464,1345,9985,24867,4433,1335,178,23597
2026-09-09T00:16:38.169485+00:00,1467,613770,256x,200ms,0,10092,24928,4472,1348,9957,24801,4418,1332,180,23534
2026-09-09T00:16:38.634360+00:00,1468,614238,256x,200ms,1,10057,24971,4457,1344,10087,25063,4474,1347,180,23783
2026-09-09T00:16:39.105189+00:00,1469,614707,256x,200ms,1,10041,25045,4456,1342,10004,24933,4443,1339,178,23676
2026-09-09T00:16:39.577875+00:00,1470,615175,256x,200ms,1,9889,24763,4395,1323,9907,24886,4406,1326,176,23639
2026-09-09T00:16:40.041746+00:00,1471,615644,256x,200ms,1,9958,25003,4428,1333,9976,25014,4435,1336,180,23756
2026-09-09T00:16:40.505227+00:00,1472,616112,256x,200ms,1,9940,24942,4421,1331,9869,24767,4386,1320,176,23536
2026-09-09T00:16:40.977323+00:00,1473,616580,256x,200ms,1,9960,24998,4427,1333,9964,25001,4429,1332,178,23760
2026-09-09T00:16:41.449210+00:00,1474,617048,256x,200ms,1,9870,24751,4386,1321,9917,24904,4405,1327,178,23657
2026-09-09T00:16:41.914165+00:00,1475,617516,256x,200ms,0,9963,25013,4427,1333,9932,24911,4416,1329,178,23678
2026-09-09T00:16:42.377452+00:00,1476,617984,256x,200ms,0,9878,24758,4388,1322,9939,24970,4419,1332,178,23731
2026-09-09T00:16:42.849906+00:00,1477,618451,256x,200ms,0,9999,25021,4438,1337,9985,24883,4428,1335,178,23629
2026-09-09T00:16:43.313756+00:00,1478,618919,256x,200ms,0,10084,24979,4464,1348,10109,25072,4477,1351,180,23803
2026-09-09T00:16:43.785538+00:00,1479,619387,256x,200ms,0,10077,25059,4466,1346,10051,24963,4456,1342,178,23702
2026-09-09T00:16:44.249918+00:00,1480,619856,256x,200ms,0,9975,24882,4425,1333,9882,24758,4387,1322,176,23520
2026-09-09T00:16:44.721874+00:00,1481,620324,256x,200ms,1,9972,24992,4428,1335,9990,25010,4434,1336,180,23760
2026-09-09T00:16:45.193697+00:00,1482,620793,256x,200ms,1,10093,24925,4463,1348,10050,24854,4444,1342,178,23574
2026-09-09T00:16:45.657021+00:00,1483,621261,256x,200ms,1,9948,24968,4419,1331,9943,24996,4417,1329,178,23757
2026-09-09T00:16:46.121393+00:00,1484,621729,256x,200ms,1,9856,24762,4377,1317,9822,24833,4367,1315,176,23595
2026-09-09T00:16:46.593423+00:00,1485,622197,256x,200ms,1,9910,24988,4408,1326,9921,24991,4410,1327,178,23747
2026-09-09T00:16:47.065411+00:00,1486,622665,256x,200ms,1,9735,24696,4335,1304,9811,24909,4370,1315,174,23672
2026-09-09T00:16:47.529383+00:00,1487,623133,256x,200ms,1,9861,24873,4387,1320,9747,24697,4339,1305,176,23472
2026-09-09T00:16:47.993471+00:00,1488,623601,256x,200ms,0,9786,24859,4354,1311,9885,24968,4393,1323,176,23725
2026-09-09T00:16:48.464964+00:00,1489,624069,256x,200ms,0,9789,24792,4357,1311,9745,24698,4337,1305,176,23473
2026-09-09T00:16:48.930032+00:00,1490,624537,256x,200ms,0,9772,24900,4355,1310,9722,24735,4331,1302,172,23525
2026-09-09T00:16:49.401453+00:00,1491,625005,256x,200ms,0,9732,24805,4337,1304,9771,24923,4356,1308,176,23698
2026-09-09T00:16:49.865387+00:00,1492,625473,256x,200ms,0,9585,24669,4284,1284,9594,24703,4284,1286,174,23495
2026-09-09T00:16:50.336617+00:00,1493,625941,256x,200ms,0,9690,24890,4327,1299,9715,24826,4334,1302,174,23612
2026-09-09T00:16:50.801973+00:00,1494,626409,256x,200ms,1,9663,24672,4308,1294,9787,24849,4354,1310,176,23618
2026-09-09T00:16:51.273693+00:00,1495,626876,256x,200ms,1,9867,24943,4387,1320,9095,23868,4076,1222,164,22723
2026-09-09T00:16:51.738067+00:00,1496,627345,256x,200ms,1,9300,24515,4169,1249,9349,24669,4194,1256,168,23510
2026-09-09T00:16:52.208989+00:00,1497,627813,256x,200ms,1,9068,24519,4095,1222,8797,24226,3994,1187,160,23157
2026-09-09T00:16:52.673215+00:00,1498,628281,256x,200ms,1,8817,24175,3994,1190,8869,24382,4020,1198,160,23304
2026-09-09T00:16:53.145966+00:00,1499,628750,256x,200ms,1,8901,24406,4032,1201,8968,24396,4054,1209,162,23315
2026-09-09T00:16:53.609602+00:00,1500,629219,256x,200ms,0,9406,24643,4204,1262,9574,24613,4257,1281,170,23432
2026-09-09T00:16:54.081612+00:00,1501,629687,256x,200ms,0,9569,24597,4253,1281,9650,24827,4290,1292,172,23634
2026-09-09T00:16:54.552884+00:00,1502,630156,256x,200ms,0,9665,24847,4300,1294,9652,24726,4290,1291,174,23541
2026-09-09T00:16:55.017957+00:00,1503,630624,256x,200ms,0,9622,24635,4272,1287,9629,24691,4277,1289,174,23501
2026-09-09T00:16:55.481582+00:00,1504,631092,256x,200ms,0,9729,24847,4319,1301,9682,24684,4295,1295,172,23467
2026-09-09T00:16:55.952834+00:00,1505,631559,256x,200ms,0,9781,24904,4339,1307,9793,24880,4341,1308,174,23660
2026-09-09T00:16:56.417917+00:00,1506,632027,256x,200ms,0,9723,24790,4311,1300,9782,24902,4336,1307,174,23661
2026-09-09T00:16:56.889265+00:00,1507,632495,256x,200ms,1,9695,24650,4299,1296,9752,24806,4323,1304,174,23570
2026-09-09T00:16:57.354052+00:00,1508,632963,256x,200ms,1,9817,24894,4348,1310,9823,24848,4349,1310,174,23623
2026-09-09T00:16:57.826476+00:00,1509,633431,256x,200ms,1,9710,24655,4301,1297,9728,24787,4312,1301,174,23555
2026-09-09T00:16:58.289572+00:00,1510,633899,256x,200ms,1,9761,24813,4329,1304,9640,24613,4278,1288,172,23422
2026-09-09T00:16:58.754134+00:00,1511,634366,256x,200ms,1,9658,24627,4285,1289,9740,24839,4316,1301,172,23605
2026-09-09T00:16:59.225577+00:00,1512,634834,256x,200ms,1,9794,24884,4341,1309,9736,24703,4311,1300,174,23474
2026-09-09T00:16:59.697486+00:00,1513,635302,256x,200ms,0,9812,24890,4342,1310,9816,24907,4344,1309,174,23661
2026-09-09T00:17:00.161149+00:00,1514,635770,256x,200ms,0,9751,24705,4313,1301,9722,24698,4302,1298,174,23473
2026-09-09T00:17:00.625925+00:00,1515,636238,256x,200ms,0,9818,24872,4346,1311,9753,24691,4316,1302,174,23473
2026-09-09T00:17:01.097506+00:00,1516,636705,256x,200ms,0,9823,24898,4344,1310,9779,24765,4324,1304,172,23535
2026-09-09T00:17:01.561415+00:00,1517,637173,256x,200ms,0,9746,24784,4314,1302,9811,24897,4341,1311,176,23661
2026-09-09T00:17:02.025554+00:00,1518,637641,256x,200ms,0,9720,24644,4298,1295,9796,24865,4331,1307,176,23621
2026-09-09T00:17:02.497334+00:00,1519,638109,256x,200ms,0,9814,24897,4344,1311,9790,24780,4329,1307,174,23554
2026-09-09T00:17:02.970082+00:00,1520,638576,256x,200ms,1,9823,24901,4341,1310,9832,24869,4343,1311,176,23651
2026-09-09T00:17:03.433433+00:00,1521,639044,256x,200ms,1,9758,24740,4309,1300,9835,24899,4345,1312,176,23663
2026-09-09T00:17:03.897455+00:00,1522,639512,256x,200ms,1,9829,24905,4342,1312,9787,24743,4323,1306,174,23531
2026-09-09T00:17:04.369222+00:00,1523,639981,256x,200ms,1,9738,24636,4300,1299,9824,24864,4337,1311,176,23638
2026-09-09T00:17:04.842170+00:00,1524,640448,256x,200ms,1,9819,24772,4337,1310,9750,24643,4307,1301,174,23435
2026-09-09T00:17:05.305420+00:00,1525,640917,256x,200ms,1,9842,24894,4349,1314,9847,24899,4350,1314,176,23670
2026-09-09T00:17:05.777404+00:00,1526,641385,256x,200ms,0,9799,24734,4325,1307,9745,24655,4301,1299,174,23430
2026-09-09T00:17:06.241025+00:00,1527,641853,256x,200ms,0,9838,24899,4349,1313,9819,24786,4338,1309,176,23559
2026-09-09T00:17:06.705610+00:00,1528,642320,256x,200ms,0,9769,24780,4317,1305,9828,24899,4341,1312,176,23664
2026-09-09T00:17:07.177403+00:00,1529,642788,256x,200ms,0,9805,24777,4330,1309,9741,24652,4300,1299,172,23430
2026-09-09T00:17:07.641925+00:00,1530,643256,256x,200ms,0,9842,24911,4345,1313,9792,24738,4322,1305,174,23506
2026-09-09T00:17:08.112852+00:00,1531,643724,256x,200ms,0,9806,24847,4331,1309,9851,24903,4348,1314,174,23669
2026-09-09T00:17:08.577352+00:00,1532,644192,256x,200ms,1,9764,24657,4308,1302,9783,24780,4319,1305,174,23541
2026-09-09T00:17:09.042133+00:00,1533,644660,256x,200ms,1,9823,24901,4340,1311,9653,24675,4277,1291,172,23489
2026-09-09T00:17:09.513419+00:00,1534,645128,256x,200ms,1,9103,24427,4089,1224,9552,24719,4241,1278,172,23545
2026-09-09T00:17:09.985339+00:00,1535,645595,256x,200ms,1,9059,24247,4064,1218,9188,24499,4116,1234,166,23373
2026-09-09T00:17:10.449455+00:00,1536,646063,256x,200ms,1,9171,24512,4111,1231,9095,24314,4078,1221,164,23219
2026-09-09T00:17:10.914006+00:00,1537,646531,256x,200ms,1,9734,24837,4304,1300,9320,24597,4163,1251,168,23455
2026-09-09T00:17:11.386189+00:00,1538,646999,256x,200ms,1,9066,24314,4072,1219,9119,24275,4083,1224,164,23159
2026-09-09T00:17:11.850148+00:00,1539,647468,256x,200ms,0,9236,24526,4130,1241,9165,24482,4107,1232,162,23368
2026-09-09T00:17:12.322053+00:00,1540,647934,256x,200ms,0,8939,24126,4014,1203,8788,24202,3971,1186,160,23143
2026-09-09T00:17:12.786013+00:00,1541,648402,256x,200ms,0,9172,24369,4102,1230,9104,24257,4075,1221,162,23144
2026-09-09T00:17:13.258163+00:00,1542,648870,256x,200ms,0,10152,25096,4442,1349,10129,24979,4435,1346,180,23712
2026-09-09T00:17:13.721961+00:00,1543,649339,256x,200ms,0,10162,25029,4452,1349,10066,24848,4411,1338,180,23578
2026-09-09T00:17:14.193367+00:00,1544,649808,256x,200ms,0,10163,25007,4448,1351,10079,24849,4412,1340,180,23580
2026-09-09T00:17:14.664827+00:00,1545,650276,256x,200ms,1,10082,24851,4414,1340,10160,25046,4445,1351,180,23764
2026-09-09T00:17:15.129157+00:00,1546,650745,256x,200ms,1,10195,25101,4461,1354,10196,25035,4463,1354,182,23770
2026-09-09T00:17:15.600686+00:00,1547,651213,256x,200ms,1,10133,24914,4435,1345,10102,24911,4420,1342,180,23637
2026-09-09T00:17:16.066139+00:00,1548,651681,256x,200ms,1,10202,25109,4464,1355,10204,25091,4465,1356,180,23821
2026-09-09T00:17:16.537512+00:00,1549,652150,256x,200ms,1,10195,25028,4466,1355,10100,24854,4425,1343,180,23603
2026-09-09T00:17:17.001584+00:00,1550,652619,256x,200ms,1,10148,24913,4437,1348,10110,24886,4422,1344,178,23631
2026-09-09T00:17:17.473662+00:00,1551,653087,256x,200ms,1,10212,25101,4466,1357,10221,25110,4471,1357,180,23837
2026-09-09T00:17:17.937711+00:00,1552,653555,256x,200ms,0,10127,24861,4427,1344,10205,25068,4461,1356,180,23808
2026-09-09T00:17:18.409410+00:00,1553,654023,256x,200ms,0,10235,25111,4474,1359,10242,25112,4478,1359,182,23851
2026-09-09T00:17:18.873448+00:00,1554,654492,256x,200ms,0,10220,24989,4468,1356,10147,24867,4436,1347,180,23614
2026-09-09T00:17:19.345264+00:00,1555,654961,256x,200ms,0,10151,24867,4438,1347,10189,24998,4456,1353,182,23738
2026-09-09T00:17:19.818155+00:00,1556,655429,256x,200ms,0,10261,25122,4482,1362,10266,25095,4484,1362,182,23842
2026-09-09T00:17:20.281464+00:00,1557,655898,256x,200ms,0,10261,25044,4484,1361,10167,24870,4444,1349,180,23618
2026-09-09T00:17:20.745087+00:00,1558,656366,256x,200ms,1,10170,24887,4441,1350,10248,25106,4476,1361,180,23823
2026-09-09T00:17:21.217437+00:00,1559,656834,256x,200ms,1,10270,25134,4489,1363,10265,25047,4484,1361,180,23787
2026-09-09T00:17:21.689464+00:00,1560,657302,256x,200ms,1,10172,24878,4444,1349,10260,25108,4483,1362,182,23841
2026-09-09T00:17:22.153867+00:00,1561,657770,256x,200ms,1,10268,25051,4486,1363,10174,24886,4446,1350,178,23618
2026-09-09T00:17:22.625976+00:00,1562,658238,256x,200ms,1,10247,25085,4477,1360,10282,25137,4491,1364,182,23859
2026-09-09T00:17:23.089638+00:00,1563,658707,256x,200ms,1,10262,25035,4484,1361,10181,24884,4449,1350,180,23618
2026-09-09T00:17:23.561114+00:00,1564,659175,256x,200ms,1,10185,24885,4447,1351,10243,25054,4471,1359,182,23776
2026-09-09T00:17:24.025503+00:00,1565,659643,256x,200ms,0,10295,25143,4492,1366,10275,25031,4483,1363,180,23763
2026-09-09T00:17:24.489388+00:00,1566,660112,256x,200ms,0,10294,25069,4493,1365,10194,24887,4448,1351,180,23618
2026-09-09T00:17:24.961739+00:00,1567,660581,256x,200ms,0,10192,24889,4448,1351,10237,25043,4469,1358,180,23760
2026-09-09T00:17:25.434139+00:00,1568,661049,256x,200ms,0,10300,25144,4496,1365,10302,25095,4497,1365,182,23824
2026-09-09T00:17:25.897405+00:00,1569,661518,256x,200ms,0,10278,25017,4484,1363,10205,24893,4452,1353,180,23618
2026-09-09T00:17:26.370012+00:00,1570,661986,256x,200ms,0,10212,24948,4455,1353,10312,25152,4499,1367,182,23859
2026-09-09T00:17:26.833944+00:00,1571,662455,256x,200ms,1,10306,25146,4498,1368,10288,25056,4492,1365,182,23782
2026-09-09T00:17:27.305424+00:00,1572,662924,256x,200ms,1,10479,25153,4553,1386,10355,24965,4503,1370,182,23688
2026-09-09T00:17:27.770087+00:00,1573,663392,256x,200ms,1,10329,24951,4496,1369,10409,25182,4535,1380,182,23888
2026-09-09T00:17:28.242069+00:00,1574,663860,256x,200ms,1,10421,25201,4538,1381,10390,25064,4522,1376,184,23785
2026-09-09T00:17:28.705367+00:00,1575,664328,256x,200ms,1,10343,25036,4501,1370,10438,25213,4541,1381,184,23909
2026-09-09T00:17:29.177298+00:00,1576,664796,256x,200ms,1,10430,25127,4540,1381,10332,24951,4497,1368,182,23671
2026-09-09T00:17:29.641734+00:00,1577,665264,256x,200ms,0,10426,25177,4537,1381,10450,25207,4547,1383,184,23917
2026-09-09T00:17:30.113688+00:00,1578,665733,256x,200ms,0,10437,25117,4541,1382,10342,24953,4502,1369,182,23666
2026-09-09T00:17:30.577362+00:00,1579,666201,256x,200ms,0,10425,25161,4535,1380,10459,25212,4548,1384,184,23921
2026-09-09T00:17:31.049229+00:00,1580,666669,256x,200ms,0,10456,25147,4547,1382,10352,24964,4503,1369,184,23675
2026-09-09T00:17:31.514195+00:00,1581,667138,256x,200ms,0,10365,24969,4510,1373,10461,25199,4552,1385,186,23911
2026-09-09T00:17:31.985676+00:00,1582,667606,256x,200ms,0,10483,25215,4557,1387,10481,25134,4556,1387,184,23854
2026-09-09T00:17:32.458211+00:00,1583,668075,256x,200ms,0,10463,25098,4549,1385,10387,24965,4516,1374,184,23683
2026-09-09T00:17:32.921674+00:00,1584,668544,256x,200ms,1,10419,25010,4529,1377,10405,25041,4523,1377,184,23747
2026-09-09T00:17:33.393521+00:00,1585,669011,256x,200ms,1,10502,25232,4568,1390,10475,25109,4556,1386,184,23806
2026-09-09T00:17:33.857718+00:00,1586,669480,256x,200ms,1,10503,25193,4568,1390,10423,25010,4532,1379,182,23712
2026-09-09T00:17:34.330282+00:00,1587,669948,256x,200ms,1,10413,25057,4528,1379,10505,25231,4568,1390,184,23920
2026-09-09T00:17:34.793461+00:00,1588,670416,256x,200ms,1,10511,25236,4567,1391,10505,25145,4565,1389,186,23850
2026-09-09T00:17:35.265547+00:00,1589,670885,256x,200ms,1,10464,25079,4550,1384,10406,24976,4524,1377,182,23679
2026-09-09T00:17:35.729673+00:00,1590,671352,256x,200ms,0,10510,25232,4572,1392,10504,25151,4570,1390,186,23858
2026-09-09T00:17:36.202231+00:00,1591,671821,256x,200ms,0,10263,25009,4485,1361,8655,24084,3916,1167,156,23006
2026-09-09T00:17:36.665378+00:00,1592,672290,256x,200ms,0,10325,24955,4511,1366,10406,25051,4439,1364,180,23721
2026-09-09T00:17:37.137589+00:00,1593,672759,256x,200ms,0,10235,24951,4380,1344,10345,25090,4416,1357,178,23775
2026-09-09T00:17:37.609907+00:00,1594,673228,256x,200ms,0,9784,24750,4225,1290,9788,24829,4230,1291,170,23594
2026-09-09T00:17:38.073138+00:00,1595,673696,256x,200ms,0,9824,24665,4230,1293,10288,24879,4378,1347,178,23574
2026-09-09T00:17:38.546167+00:00,1596,674165,256x,200ms,0,10030,24751,4298,1318,9889,24849,4260,1303,170,23606
2026-09-09T00:17:39.009505+00:00,1597,674633,256x,200ms,1,10137,24969,4341,1331,9975,24774,4284,1311,172,23532
2026-09-09T00:17:39.473500+00:00,1598,675101,256x,200ms,1,9587,24654,4151,1266,9286,24592,4055,1229,160,23428
2026-09-09T00:17:39.945941+00:00,1599,675570,256x,200ms,1,9436,24657,4105,1248,9476,24661,4119,1252,162,23484
2026-09-09T00:17:40.418110+00:00,1600,676038,256x,200ms,1,9387,24471,4078,1240,9338,24468,4060,1234,160,23288
2026-09-09T00:17:40.881283+00:00,1601,676507,256x,200ms,1,9365,24561,4074,1239,9488,24669,4119,1253,164,23475
2026-09-09T00:17:41.345503+00:00,1602,676975,256x,200ms,1,9430,24460,4092,1245,9398,24496,4081,1242,164,23313
2026-09-09T00:17:41.817972+00:00,1603,677443,256x,200ms,0,9666,24757,4179,1274,9643,24747,4171,1272,168,23551
2026-09-09T00:17:42.289431+00:00,1604,677910,256x,200ms,0,9590,24724,4152,1266,9574,24709,4147,1263,166,23516
2026-09-09T00:17:42.753389+00:00,1605,678378,256x,200ms,0,9480,24543,4114,1251,9403,24437,4083,1241,162,23259
2026-09-09T00:17:43.217581+00:00,1606,678846,256x,200ms,0,9359,24615,4076,1238,9304,24433,4050,1230,162,23278
2026-09-09T00:17:43.689340+00:00,1607,679314,256x,200ms,0,9283,24359,4037,1228,9309,24518,4051,1232,162,23348
2026-09-09T00:17:44.152589+00:00,1608,679782,256x,200ms,0,9442,24652,4099,1248,9376,24492,4071,1239,162,23330
2026-09-09T00:17:44.626410+00:00,1609,680250,256x,200ms,1,9362,24565,4072,1238,9481,24671,4113,1252,164,23482
2026-09-09T00:17:45.089713+00:00,1610,680718,256x,200ms,1,9349,24396,4060,1235,9385,24588,4078,1241,164,23421
2026-09-09T00:17:45.561709+00:00,1611,681186,256x,200ms,1,9465,24630,4106,1251,9529,24532,4120,1257,166,23325
2026-09-09T00:17:46.026022+00:00,1612,681654,256x,200ms,1,9490,24463,4105,1251,9520,24649,4124,1256,164,23460
2026-09-09T00:17:46.497458+00:00,1613,682122,256x,200ms,1,9550,24636,4135,1260,9443,24452,4089,1247,162,23269
2026-09-09T00:17:46.961558+00:00,1614,682590,256x,200ms,1,9444,24574,4092,1246,9483,24673,4112,1252,164,23472
2026-09-09T00:17:47.433543+00:00,1615,683058,256x,200ms,1,9339,24394,4055,1234,9353,24512,4062,1236,164,23348
2026-09-09T00:17:47.897898+00:00,1616,683526,256x,200ms,0,9355,24604,4068,1236,9360,24571,4069,1238,164,23408
2026-09-09T00:17:48.368862+00:00,1617,683995,256x,200ms,0,9260,24452,4032,1226,9153,24309,3989,1212,160,23168
2026-09-09T00:17:48.834061+00:00,1618,684463,256x,200ms,0,9421,24591,4085,1244,9339,24604,4063,1235,162,23438
2026-09-09T00:17:49.305974+00:00,1619,684931,256x,200ms,0,9147,24305,3988,1210,9282,24501,4037,1227,162,23338
2026-09-09T00:17:49.769354+00:00,1620,685399,256x,200ms,0,8932,24275,3922,1187,8911,24145,3905,1183,154,23038
2026-09-09T00:17:50.242267+00:00,1621,685865,256x,200ms,0,8935,24348,3922,1187,9216,24457,4016,1220,160,23321
2026-09-09T00:17:50.705401+00:00,1622,686333,256x,200ms,1,9523,24655,4116,1256,9880,24856,4238,1298,170,23615
2026-09-09T00:17:51.177232+00:00,1623,686801,256x,200ms,1,9587,24620,4142,1265,9439,24460,4087,1245,164,23272
2026-09-09T00:17:51.641457+00:00,1624,687269,256x,200ms,1,9421,24589,4078,1243,9437,24664,4090,1246,164,23464
2026-09-09T00:17:52.106020+00:00,1625,687738,256x,200ms,1,9345,24611,4063,1236,9281,24448,4037,1227,160,23302
2026-09-09T00:17:52.577816+00:00,1626,688206,256x,200ms,1,9049,24250,3952,1199,9052,24392,3957,1201,158,23258
2026-09-09T00:17:53.048940+00:00,1627,688675,256x,200ms,1,9119,24485,3981,1208,9130,24442,3982,1209,158,23308
2026-09-09T00:17:53.513438+00:00,1628,689143,256x,200ms,1,9157,24465,3993,1213,9108,24285,3967,1205,158,23149
2026-09-09T00:17:53.978323+00:00,1629,689612,256x,200ms,0,9116,24280,3970,1206,9181,24471,4000,1215,160,23317
2026-09-09T00:17:54.449378+00:00,1630,690079,256x,200ms,0,9218,24529,4012,1219,9100,24308,3966,1204,158,23176
2026-09-09T00:17:54.921526+00:00,1631,690547,256x,200ms,0,9123,24473,3979,1208,9141,24497,3987,1210,160,23363
2026-09-09T00:17:55.385540+00:00,1632,691015,256x,200ms,0,9100,24422,3970,1207,9124,24492,3981,1210,158,23360
2026-09-09T00:17:55.849676+00:00,1633,691483,256x,200ms,0,9103,24380,3971,1206,9039,24247,3943,1198,158,23128
2026-09-09T00:17:56.321973+00:00,1634,691951,256x,200ms,0,9130,24499,3981,1209,9112,24431,3973,1207,158,23301
2026-09-09T00:17:56.786257+00:00,1635,692419,256x,200ms,1,9045,24380,3950,1199,9064,24453,3960,1202,156,23328
2026-09-09T00:17:57.258068+00:00,1636,692887,256x,200ms,1,9019,24416,3943,1196,8977,24257,3923,1190,156,23166
2026-09-09T00:17:57.729453+00:00,1637,693355,256x,200ms,1,8963,24244,3914,1189,9087,24457,3964,1204,158,23329
2026-09-09T00:17:58.193018+00:00,1638,693824,256x,200ms,1,9129,24495,3980,1209,9101,24379,3968,1205,158,23266
2026-09-09T00:17:58.665062+00:00,1639,694292,256x,200ms,1,9094,24377,3966,1204,9016,24226,3933,1194,156,23107
2026-09-09T00:17:59.129406+00:00,1640,694761,256x,200ms,1,9064,24398,3955,1201,9091,24460,3967,1205,158,23332
2026-09-09T00:17:59.601470+00:00,1641,695229,256x,200ms,0,9097,24460,3968,1205,9045,24305,3944,1198,156,23187
2026-09-09T00:18:00.065560+00:00,1642,695697,256x,200ms,0,8914,24177,3897,1181,8892,24327,3895,1179,156,23204
2026-09-09T00:18:00.529733+00:00,1643,696165,256x,200ms,0,8796,24206,3857,1168,8915,24177,3894,1181,154,23067
2026-09-09T00:18:01.001889+00:00,1644,696633,256x,200ms,0,8912,24391,3899,1180,8934,24319,3904,1183,156,23202
2026-09-09T00:18:01.466071+00:00,1645,697101,256x,200ms,0,8879,24165,3880,1177,8927,24306,3900,1184,156,23198
2026-09-09T00:18:01.937228+00:00,1646,697569,256x,200ms,0,8972,24344,3920,1189,8601,23975,3785,1143,150,22917
2026-09-09T00:18:02.401419+00:00,1647,698037,256x,200ms,0,8544,24124,3770,1137,8474,24033,3743,1129,148,23016
2026-09-09T00:18:02.873949+00:00,1648,698504,256x,200ms,1,8461,24046,3741,1127,8871,24328,3880,1176,152,23229
2026-09-09T00:18:03.337906+00:00,1649,698972,256x,200ms,1,8905,24200,3886,1179,8787,24144,3848,1167,154,23053
2026-09-09T00:18:03.806151+00:00,1650,699440,256x,200ms,1,8679,24204,3816,1154,8543,23986,3762,1136,150,22955
2026-09-09T00:18:04.277114+00:00,1651,699908,256x,200ms,1,8492,23889,3740,1129,8472,23996,3737,1129,148,22959
2026-09-09T00:18:04.741931+00:00,1652,700376,256x,200ms,1,8809,24276,3857,1170,8659,24026,3801,1151,152,22970
2026-09-09T00:18:05.212751+00:00,1653,700845,256x,200ms,1,8675,24007,3805,1151,8686,24166,3816,1154,152,23116
2026-09-09T00:18:05.677503+00:00,1654,701312,256x,200ms,0,8704,24187,3821,1156,8639,24000,3792,1147,152,22964
2026-09-09T00:18:06.148880+00:00,1655,701779,256x,200ms,0,8699,24212,3821,1156,8720,24144,3825,1158,152,23082
2026-09-09T00:18:06.612943+00:00,1656,702247,256x,200ms,0,8687,24112,3808,1155,8824,24285,3861,1172,154,23200
2026-09-09T00:18:07.077573+00:00,1657,702715,256x,200ms,0,9171,24295,3991,1216,7936,22384,3411,1054,136,21174
2026-09-09T00:18:07.549569+00:00,1658,703182,256x,200ms,0,4563,17307,1961,600,987,3654,411,131,12,3189
2026-09-09T00:18:08.013536+00:00,1659,703649,256x,200ms,0,2546,9443,1064,336,1819,6854,772,231,28,7124
2026-09-09T00:18:08.477080+00:00,1660,704116,256x,200ms,0,68,292,36,10,47,205,25,7,0,214
2026-09-09T00:18:08.934089+00:00,1661,704579,256x,200ms,1,22,103,13,3,6,36,5,1,0,45
2026-09-09T00:18:09.397534+00:00,1662,705042,256x,200ms,1,7,41,5,0,5,36,5,0,0,45
2026-09-09T00:18:09.861290+00:00,1663,705504,256x,200ms,1,6,39,5,1,6,36,5,0,0,46
2026-09-09T00:18:10.325688+00:00,1664,705966,256x,200ms,1,6,38,4,0,7,41,5,0,0,51
2026-09-09T00:18:10.781485+00:00,1665,706427,256x,200ms,1,10,53,7,1,12,62,8,1,0,73
2026-09-09T00:18:11.246115+00:00,1666,706889,256x,200ms,1,14,70,9,2,15,72,9,1,0,83
2026-09-09T00:18:11.709682+00:00,1667,707352,256x,200ms,0,16,77,9,2,20,94,11,2,0,104
2026-09-09T00:18:12.173651+00:00,1668,707813,256x,200ms,0,16,78,10,2,12,60,8,1,0,70
2026-09-09T00:18:12.629153+00:00,1669,708276,256x,200ms,0,4,30,4,0,0,4,0,0,0,13
2026-09-09T00:18:13.094163+00:00,1670,708737,256x,200ms,0,0,3,1,0,0,3,1,0,0,11
2026-09-09T00:18:13.550198+00:00,1671,709197,256x,200ms,0,0,2,0,0,0,3,0,0,0,12
2026-09-09T00:18:14.014778+00:00,1672,709658,256x,200ms,0,0,3,0,0,0,3,1,0,0,12
2026-09-09T00:18:14.471026+00:00,1673,710119,256x,200ms,0,0,3,1,0,0,3,1,0,0,11
2026-09-09T00:18:14.935753+00:00,1674,710581,256x,200ms,1,0,3,1,0,0,3,0,0,0,11
2026-09-09T00:18:15.400096+00:00,1675,711042,256x,200ms,1,0,3,1,0,0,3,0,0,0,11
2026-09-09T00:18:15.858378+00:00,1676,711503,256x,200ms,1,0,3,0,0,0,3,0,0,0,11
2026-09-09T00:18:16.314815+00:00,1677,711964,256x,200ms,1,0,3,1,0,0,3,0,0,0,10
2026-09-09T00:18:16.777774+00:00,1678,712426,256x,200ms,1,0,2,0,0,0,2,0,0,0,10
2026-09-09T00:18:17.242400+00:00,1679,712888,256x,200ms,1,0,3,0,0,0,3,1,0,0,11
2026-09-09T00:18:17.705926+00:00,1680,713350,256x,200ms,0,0,3,0,0,0,4,1,0,0,12
2026-09-09T00:18:18.162503+00:00,1681,713809,256x,200ms,0,0,3,0,0,0,3,0,0,0,12
2026-09-09T00:18:18.626288+00:00,1682,714271,256x,200ms,0,0,3,0,0,0,2,0,0,0,11
2026-09-09T00:18:19.082741+00:00,1683,714732,256x,200ms,0,0,3,1,0,0,2,1,0,0,13
2026-09-09T00:18:19.546432+00:00,1684,715193,256x,200ms,0,0,3,1,0,0,3,0,0,0,13
2026-09-09T00:18:20.010355+00:00,1685,715654,256x,200ms,0,1,15,2,0,361,1401,153,41,2,1410
2026-09-09T00:18:20.474941+00:00,1686,716115,256x,200ms,0,2253,8559,913,263,2072,7839,836,243,32,8063
2026-09-09T00:18:20.939325+00:00,1687,716582,256x,200ms,1,2266,8539,908,263,3697,13736,1436,421,60,14092
2026-09-09T00:18:21.410534+00:00,1688,717049,256x,200ms,1,3519,13170,1381,402,3410,12378,1313,379,52,12855
2026-09-09T00:18:21.874844+00:00,1689,717516,256x,200ms,1,1787,6824,755,220,1340,5317,586,168,18,5394
2026-09-09T00:18:22.338448+00:00,1690,717982,256x,200ms,1,1412,5564,604,172,331,1326,147,42,4,1331
2026-09-09T00:18:22.802906+00:00,1691,718447,256x,200ms,1,29,124,15,3,27,116,14,3,0,126
2026-09-09T00:18:23.267128+00:00,1692,718910,256x,200ms,1,328,1294,144,40,866,3377,373,106,10,3349
2026-09-09T00:18:23.730038+00:00,1693,719376,256x,200ms,0,442,1745,195,55,257,1018,115,32,0,1039
2026-09-09T00:18:24.194221+00:00,1694,719841,256x,200ms,0,121,494,55,15,127,515,58,16,0,524
2026-09-09T00:18:24.650718+00:00,1695,720305,256x,200ms,0,32,135,15,4,17,74,8,1,0,83
2026-09-09T00:18:24.970921+00:00,1696,720621,256x,50ms,0,3,17,2,0,3,15,1,0,0,17
2026-09-09T00:18:25.130391+00:00,1697,720780,256x,50ms,0,3,15,2,0,3,15,2,0,0,17
2026-09-09T00:18:25.290919+00:00,1698,720939,256x,50ms,0,3,16,2,0,3,16,2,0,0,17
2026-09-09T00:18:25.442707+00:00,1699,721097,256x,50ms,0,4,18,2,0,4,19,2,0,0,20
2026-09-09T00:18:25.610321+00:00,1700,721255,256x,50ms,0,21,87,10,2,80,316,36,10,0,317
2026-09-09T00:18:25.770754+00:00,1701,721416,256x,50ms,0,288,1120,125,36,368,1433,160,46,6,1420
2026-09-09T00:18:25.930231+00:00,1702,721579,256x,50ms,0,562,2147,241,70,582,2230,250,72,10,2325
2026-09-09T00:18:26.098260+00:00,1703,721741,256x,50ms,0,609,2328,260,75,582,2238,252,72,10,2327
2026-09-09T00:18:26.258264+00:00,1704,721904,256x,50ms,0,591,2272,254,73,519,2018,228,65,10,2093
2026-09-09T00:18:26.418790+00:00,1705,722067,256x,50ms,0,487,1891,212,61,499,1933,216,62,10,1998
2026-09-09T00:18:26.587240+00:00,1706,722229,256x,50ms,1,448,1747,195,55,438,1709,191,54,8,1715
2026-09-09T00:18:26.746550+00:00,1707,722392,256x,50ms,1,374,1457,161,46,365,1417,157,45,6,1390
2026-09-09T00:18:26.907610+00:00,1708,722553,256x,50ms,1,340,1320,146,42,310,1206,134,38,6,1180
2026-09-09T00:18:27.074730+00:00,1709,722716,256x,50ms,1,291,1133,126,35,277,1077,120,33,4,1051
2026-09-09T00:18:27.235403+00:00,1710,722879,256x,50ms,1,183,713,80,22,161,631,70,20,2,622
2026-09-09T00:18:27.387220+00:00,1711,723041,256x,50ms,1,121,473,54,15,89,353,40,11,0,353
2026-09-09T00:18:27.554410+00:00,1712,723202,256x,50ms,1,56,224,25,7,34,136,16,4,0,139
2026-09-09T00:18:27.706594+00:00,1713,723362,256x,50ms,1,11,48,5,1,5,23,3,0,0,26
2026-09-09T00:18:27.866917+00:00,1714,723522,256x,50ms,1,4,18,2,0,2,11,1,0,0,13
2026-09-09T00:18:28.026619+00:00,1715,723681,256x,50ms,1,1,8,1,0,1,7,1,0,0,8
2026-09-09T00:18:28.186846+00:00,1716,723840,256x,50ms,1,0,4,0,0,0,4,0,0,0,6
2026-09-09T00:18:28.346435+00:00,1717,723998,256x,50ms,1,0,4,0,0,1,7,1,0,0,9
2026-09-09T00:18:28.506696+00:00,1718,724157,256x,50ms,1,2,10,1,0,2,11,1,0,0,13
2026-09-09T00:18:28.666467+00:00,1719,724317,256x,50ms,1,2,11,1,0,2,14,1,0,0,16
2026-09-09T00:18:28.826630+00:00,1720,724475,256x,50ms,1,2,12,1,0,2,11,1,0,0,14
2026-09-09T00:18:28.987059+00:00,1721,724634,256x,50ms,1,3,15,2,0,4,19,2,0,0,21
2026-09-09T00:18:29.146387+00:00,1722,724794,256x,50ms,1,6,26,3,0,8,34,4,0,0,36
2026-09-09T00:18:29.306563+00:00,1723,724954,256x,50ms,1,130,512,58,16,301,1172,131,37,4,1144
2026-09-09T00:18:29.466865+00:00,1724,725115,256x,50ms,1,397,1537,171,49,390,1510,168,48,6,1483
2026-09-09T00:18:29.634625+00:00,1725,725278,256x,50ms,0,384,1486,166,47,376,1456,162,47,4,1429
2026-09-09T00:18:29.787253+00:00,1726,725440,256x,50ms,0,380,1472,164,47,381,1476,165,47,6,1444
2026-09-09T00:18:29.953774+00:00,1727,725602,256x,50ms,0,349,1355,151,43,291,1126,126,36,4,1101
2026-09-09T00:18:30.115225+00:00,1728,725765,256x,50ms,0,160,626,70,20,118,462,52,15,2,455
2026-09-09T00:18:30.275108+00:00,1729,725926,256x,50ms,0,22,89,10,2,19,81,9,2,0,81
2026-09-09T00:18:30.434733+00:00,1730,726087,256x,50ms,0,2,13,1,0,3,14,1,0,0,16
2026-09-09T00:18:30.594653+00:00,1731,726245,256x,50ms,0,16,68,8,2,17,70,8,2,0,71
2026-09-09T00:18:30.754875+00:00,1732,726405,256x,50ms,0,18,76,9,2,32,131,15,4,0,132
2026-09-09T00:18:30.914974+00:00,1733,726564,256x,50ms,0,47,187,21,6,51,203,24,6,0,204
2026-09-09T00:18:31.075331+00:00,1734,726724,256x,50ms,0,50,200,23,6,49,195,22,6,0,194
2026-09-09T00:18:31.234620+00:00,1735,726886,256x,50ms,0,50,198,23,6,48,193,22,6,0,192
2026-09-09T00:18:31.394072+00:00,1736,727046,256x,50ms,0,49,194,22,6,44,175,20,5,0,175
2026-09-09T00:18:31.554647+00:00,1737,727206,256x,50ms,0,31,126,14,3,31,127,15,3,0,128
2026-09-09T00:18:31.714680+00:00,1738,727367,256x,50ms,0,31,124,14,3,31,125,14,3,0,126
2026-09-09T00:18:31.875126+00:00,1739,727527,256x,50ms,0,30,122,14,3,31,125,14,3,0,127
2026-09-09T00:18:32.034590+00:00,1740,727688,256x,50ms,0,31,127,14,4,32,127,14,4,0,128
2026-09-09T00:18:32.194069+00:00,1741,727847,256x,50ms,0,34,135,15,4,34,136,15,4,0,137
2026-09-09T00:18:32.354408+00:00,1742,728007,256x,50ms,0,32,131,15,4,31,127,14,3,0,128
2026-09-09T00:18:32.514426+00:00,1743,728168,256x,50ms,0,33,132,15,4,32,131,15,4,0,132
2026-09-09T00:18:32.682370+00:00,1744,728328,256x,50ms,1,32,130,15,4,32,129,15,4,0,130
2026-09-09T00:18:32.834557+00:00,1745,728489,256x,50ms,1,32,132,15,4,32,129,15,4,0,130
2026-09-09T00:18:32.995265+00:00,1746,728650,256x,50ms,1,33,135,15,4,32,131,15,4,0,132
2026-09-09T00:18:33.154891+00:00,1747,728811,256x,50ms,1,32,130,15,4,33,133,15,4,0,134
2026-09-09T00:18:33.322312+00:00,1748,728971,256x,50ms,1,33,133,15,4,33,133,15,4,0,134
2026-09-09T00:18:33.483454+00:00,1749,729132,256x,50ms,1,33,131,15,4,32,128,15,3,0,129
2026-09-09T00:18:33.642977+00:00,1750,729292,256x,50ms,1,30,120,14,3,28,113,13,3,0,114
2026-09-09T00:18:33.802367+00:00,1751,729453,256x,50ms,1,29,118,14,3,30,122,14,3,0,122
2026-09-09T00:18:33.962793+00:00,1752,729614,256x,50ms,1,29,118,13,3,22,92,10,2,0,93
2026-09-09T00:18:34.122471+00:00,1753,729775,256x,50ms,1,21,86,10,2,20,84,9,2,0,85
2026-09-09T00:18:34.281996+00:00,1754,729934,256x,50ms,1,21,87,10,2,21,88,10,2,0,88
2026-09-09T00:18:34.442599+00:00,1755,730094,256x,50ms,1,27,110,12,3,24,99,11,2,0,100
2026-09-09T00:18:34.602966+00:00,1756,730255,256x,50ms,1,3,14,2,0,3,13,1,0,0,15
2026-09-09T00:18:34.762374+00:00,1757,730415,256x,50ms,1,3,15,1,0,3,15,2,0,0,16
2026-09-09T00:18:34.922369+00:00,1758,730574,256x,50ms,1,3,16,2,0,4,19,2,0,0,20
2026-09-09T00:18:35.083128+00:00,1759,730734,256x,50ms,1,4,21,2,0,4,20,2,0,0,22
2026-09-09T00:18:35.243173+00:00,1760,730894,256x,50ms,1,6,26,3,0,52,207,24,6,0,206
2026-09-09T00:18:35.402321+00:00,1761,731055,256x,50ms,1,171,665,75,21,159,624,71,20,2,608
2026-09-09T00:18:35.570479+00:00,1762,731216,256x,50ms,1,164,641,73,21,159,621,70,20,2,605
2026-09-09T00:18:35.723030+00:00,1763,731378,256x,50ms,0,165,645,73,21,165,643,73,21,2,627
2026-09-09T00:18:35.890575+00:00,1764,731540,256x,50ms,0,170,661,75,21,176,687,78,22,2,669
2026-09-09T00:18:36.051087+00:00,1765,731701,256x,50ms,0,155,606,68,20,130,510,58,16,2,500
2026-09-09T00:18:36.210296+00:00,1766,731864,256x,50ms,0,81,318,36,10,62,245,28,8,0,245
2026-09-09T00:18:36.370647+00:00,1767,732024,256x,50ms,0,17,69,8,2,16,68,8,2,0,70
2026-09-09T00:18:36.530395+00:00,1768,732184,256x,50ms,0,17,70,8,2,17,71,8,2,0,73
2026-09-09T00:18:36.690811+00:00,1769,732343,256x,50ms,0,17,70,8,2,17,72,8,2,0,74
2026-09-09T00:18:36.850496+00:00,1770,732502,256x,50ms,0,17,72,8,2,17,71,8,2,0,73
2026-09-09T00:18:37.010371+00:00,1771,732661,256x,50ms,0,16,70,8,2,16,69,8,2,0,71
2026-09-09T00:18:37.163007+00:00,1772,732820,256x,50ms,0,17,71,8,2,17,70,8,2,0,72
2026-09-09T00:18:37.322450+00:00,1773,732979,256x,50ms,0,17,70,8,2,9,39,4,1,0,41
2026-09-09T00:18:37.482699+00:00,1774,733137,256x,50ms,0,2,12,1,0,2,12,1,0,0,13
2026-09-09T00:18:37.643274+00:00,1775,733296,256x,50ms,0,2,12,1,0,2,12,1,0,0,14
2026-09-09T00:18:37.802599+00:00,1776,733455,256x,50ms,0,2,11,1,0,3,16,2,0,0,17
2026-09-09T00:18:37.962653+00:00,1777,733614,256x,50ms,0,11,47,5,1,43,175,20,5,0,175
2026-09-09T00:18:38.121803+00:00,1778,733772,256x,50ms,0,89,359,41,11,103,408,47,13,2,399
2026-09-09T00:18:38.282790+00:00,1779,733933,256x,50ms,0,162,645,72,21,162,647,73,20,2,629
2026-09-09T00:18:38.442501+00:00,1780,734095,256x,50ms,0,149,596,67,19,130,522,59,16,2,507
2026-09-09T00:18:38.602396+00:00,1781,734257,256x,50ms,1,107,432,49,14,103,413,47,13,2,402
2026-09-09T00:18:38.762307+00:00,1782,734417,256x,50ms,1,50,204,23,6,46,189,21,6,0,188
2026-09-09T00:18:38.922486+00:00,1783,734578,256x,50ms,1,45,183,21,5,43,176,20,5,0,176
2026-09-09T00:18:39.082719+00:00,1784,734739,256x,50ms,1,28,118,13,3,29,118,14,3,0,119
2026-09-09T00:18:39.243290+00:00,1785,734899,256x,50ms,1,29,120,14,3,28,117,13,3,0,117
2026-09-09T00:18:39.402378+00:00,1786,735058,256x,50ms,1,26,108,12,3,14,58,7,1,0,61
2026-09-09T00:18:39.562845+00:00,1787,735218,256x,50ms,1,0,1,0,0,0,0,0,0,0,2
2026-09-09T00:18:39.722774+00:00,1788,735377,256x,50ms,1,0,0,0,0,0,0,0,0,0,1
2026-09-09T00:18:39.882243+00:00,1789,735537,256x,50ms,1,0,0,0,0,0,0,0,0,0,1
2026-09-09T00:18:40.042582+00:00,1790,735695,256x,50ms,1,0,0,0,0,0,0,0,0,0,1
2026-09-09T00:18:40.202243+00:00,1791,735854,256x,50ms,1,0,0,0,0,0,0,0,0,0,1
2026-09-09T00:18:40.355154+00:00,1792,736013,256x,50ms,1,0,0,0,0,0,0,0,0,0,1
2026-09-09T00:18:40.514431+00:00,1793,736172,256x,50ms,1,0,0,0,0,0,0,0,0,0,1
2026-09-09T00:18:40.674808+00:00,1794,736330,256x,50ms,1,0,0,0,0,0,0,0,0,0,1
2026-09-09T00:18:40.835275+00:00,1795,736489,256x,50ms,1,0,0,0,0,0,0,0,0,0,0
2026-09-09T00:18:40.986556+00:00,1796,736648,256x,50ms,1,0,0,0,0,0,0,0,0,0,0
2026-09-09T00:18:41.146267+00:00,1797,736806,256x,50ms,1,0,0,0,0,0,0,0,0,0,0
2026-09-09T00:18:41.306389+00:00,1798,736966,256x,50ms,1,0,0,0,0,0,0,0,0,0,0
2026-09-09T00:18:41.466698+00:00,1799,737125,256x,50ms,1,0,0,0,0,0,0,0,0,0,0
2026-09-09T00:18:41.626562+00:00,1800,737285,256x,50ms,0,0,0,0,0,0,0,0,0,0,0
2026-09-09T00:18:41.781596+00:00,1801,737442,256x,50ms,0,0,0,0,0,0,0,0,0,0,0
2026-09-09T00:18:41.941770+00:00,1802,737601,256x,50ms,0,0,0,0,0,0,0,0,0,0,1
2026-09-09T00:18:42.101169+00:00,1803,737760,256x,50ms,0,0,0,0,0,0,0,0,0,0,1
2026-09-09T00:18:42.260188+00:00,1804,737918,256x,50ms,0,0,0,0,0,0,0,0,0,0,0
2026-09-09T00:18:42.421406+00:00,1805,738077,256x,50ms,0,0,0,0,0,0,0,0,0,0,0
2026-09-09T00:18:42.581492+00:00,1806,738236,256x,50ms,0,0,0,0,0,0,0,0,0,0,1
2026-09-09T00:18:42.733490+00:00,1807,738395,256x,50ms,0,0,0,0,0,0,0,0,0,0,0
2026-09-09T00:18:42.892819+00:00,1808,738552,256x,50ms,0,0,0,0,0,0,0,0,0,0,1
2026-09-09T00:18:43.053232+00:00,1809,738712,256x,50ms,0,0,0,0,0,0,0,0,0,0,1
2026-09-09T00:18:43.213375+00:00,1810,738871,256x,50ms,0,0,0,0,0,0,0,0,0,0,1
2026-09-09T00:18:43.373171+00:00,1811,739028,256x,50ms,0,0,0,0,0,0,0,0,0,0,0
2026-09-09T00:18:43.525873+00:00,1812,739187,256x,50ms,0,0,0,0,0,0,0,0,0,0,1
2026-09-09T00:18:43.692750+00:00,1813,739346,256x,50ms,0,0,0,0,0,0,0,0,0,0,1
2026-09-09T00:18:43.845178+00:00,1814,739505,256x,50ms,0,0,0,0,0,0,0,0,0,0,1
2026-09-09T00:18:44.005305+00:00,1815,739663,256x,50ms,0,0,0,0,0,0,0,0,0,0,1
2026-09-09T00:18:44.164856+00:00,1816,739822,256x,50ms,0,0,0,0,0,0,0,0,0,0,1
2026-09-09T00:18:44.325950+00:00,1817,739981,256x,50ms,0,0,0,0,0,0,0,0,0,0,0
2026-09-09T00:18:44.477573+00:00,1818,740139,256x,50ms,0,0,0,0,0,0,0,0,0,0,1
2026-09-09T00:18:44.636883+00:00,1819,740297,256x,50ms,1,0,0,0,0,0,0,0,0,0,0
2026-09-09T00:18:44.797419+00:00,1820,740457,256x,50ms,1,0,0,0,0,0,0,0,0,0,1
2026-09-09T00:18:44.956502+00:00,1821,740616,256x,50ms,1,0,0,0,0,0,0,0,0,0,1
2026-09-09T00:18:45.117238+00:00,1822,740774,256x,50ms,1,0,0,0,0,0,0,0,0,0,1
2026-09-09T00:18:45.276939+00:00,1823,740933,256x,50ms,1,0,0,0,0,0,0,0,0,0,1
2026-09-09T00:18:45.437377+00:00,1824,741092,256x,50ms,1,0,0,0,0,0,0,0,0,0,1
2026-09-09T00:18:45.597410+00:00,1825,741251,256x,50ms,1,0,0,0,0,0,0,0,0,0,1
2026-09-09T00:18:45.748204+00:00,1826,741409,256x,50ms,1,0,0,0,0,0,0,0,0,0,1
2026-09-09T00:18:45.908497+00:00,1827,741568,256x,50ms,1,0,0,0,0,0,0,0,0,0,1
2026-09-09T00:18:46.068691+00:00,1828,741727,256x,50ms,1,0,0,0,0,0,0,0,0,0,1
2026-09-09T00:18:46.229662+00:00,1829,741885,256x,50ms,1,0,0,0,0,0,0,0,0,0,1
2026-09-09T00:18:46.381624+00:00,1830,742044,256x,50ms,1,0,0,0,0,0,0,0,0,0,0
2026-09-09T00:18:46.541343+00:00,1831,742203,256x,50ms,1,0,0,0,0,0,0,0,0,0,1
2026-09-09T00:18:46.700852+00:00,1832,742362,256x,50ms,1,0,0,0,0,0,0,0,0,0,0
2026-09-09T00:18:46.861159+00:00,1833,742521,256x,50ms,1,0,0,0,0,0,0,0,0,0,1
2026-09-09T00:18:47.020229+00:00,1834,742680,256x,50ms,1,0,0,0,0,0,0,0,0,0,1
2026-09-09T00:18:47.181001+00:00,1835,742839,256x,50ms,1,0,0,0,0,0,0,0,0,0,1
2026-09-09T00:18:47.341171+00:00,1836,742998,256x,50ms,1,0,0,0,0,0,0,0,0,0,0
2026-09-09T00:18:47.500904+00:00,1837,743156,256x,50ms,1,0,0,0,0,0,0,0,0,0,1
2026-09-09T00:18:47.653807+00:00,1838,743315,256x,50ms,0,0,0,0,0,0,0,0,0,0,1
2026-09-09T00:18:47.812424+00:00,1839,743474,256x,50ms,0,0,0,0,0,0,0,0,0,0,0
2026-09-09T00:18:47.973525+00:00,1840,743633,256x,50ms,0,0,0,0,0,0,0,0,0,0,0
2026-09-09T00:18:48.133448+00:00,1841,743791,256x,50ms,0,0,0,0,0,0,0,0,0,0,0
2026-09-09T00:18:48.293506+00:00,1842,743950,256x,50ms,0,0,0,0,0,0,0,0,0,0,0
2026-09-09T00:18:48.445697+00:00,1843,744109,256x,50ms,0,0,0,0,0,0,0,0,0,0,1
2026-09-09T00:18:48.613966+00:00,1844,744267,256x,50ms,0,0,0,0,0,0,0,0,0,0,0
2026-09-09T00:18:48.765574+00:00,1845,744426,256x,50ms,0,0,0,0,0,0,0,0,0,0,0
2026-09-09T00:18:48.925884+00:00,1846,744585,256x,50ms,0,0,0,0,0,0,0,0,0,0,1
2026-09-09T00:18:49.085313+00:00,1847,744743,256x,50ms,0,0,0,0,0,0,0,0,0,0,0
2026-09-09T00:18:49.244444+00:00,1848,744901,256x,50ms,0,0,0,0,0,0,0,0,0,0,0
2026-09-09T00:18:49.396957+00:00,1849,745060,256x,50ms,0,0,0,0,0,0,0,0,0,0,1
2026-09-09T00:18:49.556500+00:00,1850,745219,256x,50ms,0,0,0,0,0,0,0,0,0,0,0
2026-09-09T00:18:49.717416+00:00,1851,745377,256x,50ms,0,0,0,0,0,0,0,0,0,0,0
2026-09-09T00:18:49.876956+00:00,1852,745536,256x,50ms,0,0,0,0,0,0,0,0,0,0,0
2026-09-09T00:18:50.037660+00:00,1853,745695,256x,50ms,0,0,0,0,0,0,0,0,0,0,0
2026-09-09T00:18:50.197287+00:00,1854,745853,256x,50ms,0,0,0,0,0,0,0,0,0,0,1
2026-09-09T00:18:50.349018+00:00,1855,746012,256x,50ms,0,0,0,0,0,0,0,0,0,0,1
2026-09-09T00:18:50.508778+00:00,1856,746171,256x,50ms,0,0,0,0,0,0,0,0,0,0,0
2026-09-09T00:18:50.668518+00:00,1857,746330,256x,50ms,1,0,0,0,0,0,0,0,0,0,0
2026-09-09T00:18:50.828826+00:00,1858,746488,256x,50ms,1,0,0,0,0,0,0,0,0,0,1
2026-09-09T00:18:50.989213+00:00,1859,746647,256x,50ms,1,0,0,0,0,0,0,0,0,0,0
2026-09-09T00:18:51.140924+00:00,1860,746806,256x,50ms,1,0,0,0,0,0,0,0,0,0,0
2026-09-09T00:18:51.301168+00:00,1861,746964,256x,50ms,1,0,0,0,0,0,0,0,0,0,0
2026-09-09T00:18:51.460089+00:00,1862,747124,256x,50ms,1,0,0,0,0,0,0,0,0,0,0
2026-09-09T00:18:51.621763+00:00,1863,747283,256x,50ms,1,0,0,0,0,0,0,0,0,0,1
2026-09-09T00:18:51.781525+00:00,1864,747442,256x,50ms,1,0,0,0,0,0,0,0,0,0,1
2026-09-09T00:18:51.941592+00:00,1865,747600,256x,50ms,1,0,0,0,0,0,0,0,0,0,1
2026-09-09T00:18:52.101192+00:00,1866,747759,256x,50ms,1,0,0,0,0,0,0,0,0,0,1
2026-09-09T00:18:52.260128+00:00,1867,747918,256x,50ms,1,0,0,0,0,0,0,0,0,0,1
2026-09-09T00:18:52.412557+00:00,1868,748077,256x,50ms,1,0,0,0,0,0,0,0,0,0,1
2026-09-09T00:18:52.572690+00:00,1869,748235,256x,50ms,1,0,0,0,0,0,0,0,0,0,1
2026-09-09T00:18:52.733864+00:00,1870,748394,256x,50ms,1,0,0,0,0,0,0,0,0,0,0
2026-09-09T00:18:52.893517+00:00,1871,748553,256x,50ms,1,0,0,0,0,0,0,0,0,0,1
2026-09-09T00:18:53.053437+00:00,1872,748712,256x,50ms,1,0,0,0,0,0,0,0,0,0,1
2026-09-09T00:18:53.205487+00:00,1873,748871,256x,50ms,1,0,0,0,0,0,0,0,0,0,1
2026-09-09T00:18:53.373107+00:00,1874,749030,256x,50ms,1,0,0,0,0,0,0,0,0,0,0
2026-09-09T00:18:53.525058+00:00,1875,749189,256x,50ms,1,0,0,0,0,0,0,0,0,0,1
2026-09-09T00:18:53.684842+00:00,1876,749347,256x,50ms,0,0,0,0,0,0,0,0,0,0,0
2026-09-09T00:18:53.844695+00:00,1877,749506,256x,50ms,0,0,0,0,0,0,0,0,0,0,0
2026-09-09T00:18:54.005287+00:00,1878,749665,256x,50ms,0,0,0,0,0,0,0,0,0,0,1
2026-09-09T00:18:54.157209+00:00,1879,749822,256x,50ms,0,0,0,0,0,0,0,0,0,0,1
2026-09-09T00:18:54.317394+00:00,1880,749981,256x,50ms,0,0,0,0,0,0,0,0,0,0,1
2026-09-09T00:18:54.476756+00:00,1881,750140,256x,50ms,0,0,0,0,0,0,0,0,0,0,1
2026-09-09T00:18:54.637483+00:00,1882,750299,256x,50ms,0,0,0,0,0,0,0,0,0,0,1
2026-09-09T00:18:54.797340+00:00,1883,750457,256x,50ms,0,0,0,0,0,0,0,0,0,0,0
2026-09-09T00:18:54.956472+00:00,1884,750616,256x,50ms,0,0,0,0,0,0,0,0,0,0,0
2026-09-09T00:18:55.109857+00:00,1885,750775,256x,50ms,0,0,0,0,0,0,0,0,0,0,1
2026-09-09T00:18:55.268621+00:00,1886,750934,256x,50ms,0,0,0,0,0,0,0,0,0,0,1
2026-09-09T00:18:55.429383+00:00,1887,751092,256x,50ms,0,0,0,0,0,0,0,0,0,0,1
2026-09-09T00:18:55.589281+00:00,1888,751250,256x,50ms,0,0,0,0,0,0,0,0,0,0,1
2026-09-09T00:18:55.748201+00:00,1889,751409,256x,50ms,0,0,0,0,0,0,0,0,0,0,0
2026-09-09T00:18:55.901206+00:00,1890,751567,256x,50ms,0,0,0,0,0,0,0,0,0,0,1
2026-09-09T00:18:56.060231+00:00,1891,751726,256x,50ms,0,0,0,0,0,0,0,0,0,0,1
2026-09-09T00:18:56.220365+00:00,1892,751885,256x,50ms,0,0,0,0,0,0,0,0,0,0,1
2026-09-09T00:18:56.381007+00:00,1893,752044,256x,50ms,0,0,0,0,0,0,0,0,0,0,0
2026-09-09T00:18:56.540957+00:00,1894,752202,256x,50ms,0,0,0,0,0,0,0,0,0,0,0
2026-09-09T00:18:56.701354+00:00,1895,752361,256x,50ms,1,0,0,0,0,0,0,0,0,0,0
2026-09-09T00:18:56.860708+00:00,1896,752520,256x,50ms,1,0,0,0,0,0,0,0,0,0,0
2026-09-09T00:18:57.020997+00:00,1897,752679,256x,50ms,1,0,0,0,0,0,0,0,0,0,0
2026-09-09T00:18:57.172750+00:00,1898,752838,256x,50ms,1,0,0,0,0,0,0,0,0,0,0
2026-09-09T00:18:57.333435+00:00,1899,752997,256x,50ms,1,0,0,0,0,0,0,0,0,0,0
2026-09-09T00:18:57.493477+00:00,1900,753157,256x,50ms,1,0,0,0,0,0,0,0,0,0,0
2026-09-09T00:18:57.652415+00:00,1901,753315,256x,50ms,1,0,0,0,0,0,0,0,0,0,1
2026-09-09T00:18:57.812292+00:00,1902,753474,256x,50ms,1,0,0,0,0,0,0,0,0,0,1
2026-09-09T00:18:57.973015+00:00,1903,753633,256x,50ms,1,0,0,0,0,0,0,0,0,0,0
2026-09-09T00:18:58.125533+00:00,1904,753792,256x,50ms,1,0,0,0,0,0,0,0,0,0,0
2026-09-09T00:18:58.284560+00:00,1905,753951,256x,50ms,1,0,0,0,0,0,0,0,0,0,1
2026-09-09T00:18:58.444760+00:00,1906,754110,256x,50ms,1,0,0,0,0,0,0,0,0,0,1
2026-09-09T00:18:58.604583+00:00,1907,754269,256x,50ms,1,0,0,0,0,0,0,0,0,0,0
2026-09-09T00:18:58.764772+00:00,1908,754427,256x,50ms,1,0,0,0,0,0,0,0,0,0,1
2026-09-09T00:18:58.925154+00:00,1909,754586,256x,50ms,1,0,0,0,0,0,0,0,0,0,1
2026-09-09T00:18:59.085087+00:00,1910,754745,256x,50ms,1,0,0,0,0,0,0,0,0,0,1
2026-09-09T00:18:59.244386+00:00,1911,754905,256x,50ms,1,0,0,0,0,0,0,0,0,0,1
2026-09-09T00:18:59.396897+00:00,1912,755063,256x,50ms,1,0,0,0,0,0,0,0,0,0,1
2026-09-09T00:18:59.556345+00:00,1913,755222,256x,50ms,1,0,0,0,0,0,0,0,0,0,0
2026-09-09T00:18:59.717453+00:00,1914,755381,256x,50ms,0,0,0,0,0,0,0,0,0,0,0
2026-09-09T00:18:59.876794+00:00,1915,755539,256x,50ms,0,0,0,0,0,0,0,0,0,0,1
2026-09-09T00:19:00.029528+00:00,1916,755698,256x,50ms,0,0,0,0,0,0,0,0,0,0,1
2026-09-09T00:19:00.189243+00:00,1917,755857,256x,50ms,0,0,0,0,0,0,0,0,0,0,0
2026-09-09T00:19:00.349476+00:00,1918,756016,256x,50ms,0,0,0,0,0,0,0,0,0,0,1
2026-09-09T00:19:00.509173+00:00,1919,756174,256x,50ms,0,0,0,0,0,0,0,0,0,0,0
2026-09-09T00:19:00.668462+00:00,1920,756332,256x,50ms,0,0,0,0,0,0,0,0,0,0,0
2026-09-09T00:19:00.829606+00:00,1921,756491,256x,50ms,0,0,0,0,0,0,0,0,0,0,1
2026-09-09T00:19:00.981045+00:00,1922,756649,256x,50ms,0,0,0,0,0,0,0,0,0,0,0
2026-09-09T00:19:01.140862+00:00,1923,756808,256x,50ms,0,0,0,0,0,0,0,0,0,0,0
2026-09-09T00:19:01.300291+00:00,1924,756967,256x,50ms,0,0,0,0,0,0,0,0,0,0,0
2026-09-09T00:19:01.460074+00:00,1925,757126,256x,50ms,0,0,0,0,0,0,0,0,0,0,0
2026-09-09T00:19:01.620624+00:00,1926,757284,256x,50ms,0,0,0,0,0,0,0,0,0,0,0
2026-09-09T00:19:01.781070+00:00,1927,757443,256x,50ms,0,0,0,0,0,0,0,0,0,0,0
2026-09-09T00:19:01.940850+00:00,1928,757602,256x,50ms,0,0,0,0,0,0,0,0,0,0,0
2026-09-09T00:19:02.093427+00:00,1929,757761,256x,50ms,0,0,0,0,0,0,0,0,0,0,0
2026-09-09T00:19:02.253827+00:00,1930,757919,256x,50ms,0,0,0,0,0,0,0,0,0,0,1
2026-09-09T00:19:02.413346+00:00,1931,758077,256x,50ms,0,0,0,0,0,0,0,0,0,0,1
2026-09-09T00:19:02.573063+00:00,1932,758237,256x,50ms,0,0,0,0,0,0,0,0,0,0,1
2026-09-09T00:19:02.725064+00:00,1933,758395,256x,50ms,1,0,0,0,0,0,0,0,0,0,0
2026-09-09T00:19:02.885690+00:00,1934,758554,256x,50ms,1,0,0,0,0,0,0,0,0,0,1
2026-09-09T00:19:03.044609+00:00,1935,758713,256x,50ms,1,0,0,0,0,0,0,0,0,0,0
2026-09-09T00:19:03.204529+00:00,1936,758873,256x,50ms,1,0,0,0,0,0,0,0,0,0,0
2026-09-09T00:19:03.364903+00:00,1937,759031,256x,50ms,1,0,0,0,0,0,0,0,0,0,0
2026-09-09T00:19:03.525803+00:00,1938,759191,256x,50ms,1,0,0,0,0,0,0,0,0,0,0
2026-09-09T00:19:03.685745+00:00,1939,759350,256x,50ms,1,0,0,0,0,0,0,0,0,0,1
2026-09-09T00:19:03.844552+00:00,1940,759508,256x,50ms,1,0,0,0,0,0,0,0,0,0,1
2026-09-09T00:19:04.005635+00:00,1941,759667,256x,50ms,1,0,0,0,0,0,0,0,0,0,0
2026-09-09T00:19:04.164805+00:00,1942,759827,256x,50ms,1,0,0,0,0,0,0,0,0,0,1
2026-09-09T00:19:04.325223+00:00,1943,759986,256x,50ms,1,0,0,0,0,0,0,0,0,0,0
2026-09-09T00:19:04.476838+00:00,1944,760144,256x,50ms,1,0,0,0,0,0,0,0,0,0,1
2026-09-09T00:19:04.637497+00:00,1945,760303,256x,50ms,1,0,0,0,0,0,0,0,0,0,1
2026-09-09T00:19:04.797482+00:00,1946,760462,256x,50ms,1,0,0,0,0,0,0,0,0,0,0
2026-09-09T00:19:04.956438+00:00,1947,760622,256x,50ms,1,0,0,0,0,0,0,0,0,0,1
2026-09-09T00:19:05.117423+00:00,1948,760780,256x,50ms,1,0,0,0,0,0,0,0,0,0,0
2026-09-09T00:19:05.276857+00:00,1949,760939,256x,50ms,1,0,0,0,0,0,0,0,0,0,0
2026-09-09T00:19:05.428899+00:00,1950,761099,256x,50ms,1,0,0,0,0,0,0,0,0,0,0
2026-09-09T00:19:05.588573+00:00,1951,761257,256x,50ms,1,0,0,0,0,0,0,0,0,0,0
2026-09-09T00:19:05.748515+00:00,1952,761416,256x,50ms,0,0,0,0,0,0,0,0,0,0,1
2026-09-09T00:19:05.909102+00:00,1953,761575,256x,50ms,0,0,0,0,0,0,0,0,0,0,1
2026-09-09T00:19:06.069237+00:00,1954,761734,256x,50ms,0,0,0,0,0,0,0,0,0,0,1
2026-09-09T00:19:06.229170+00:00,1955,761892,256x,50ms,0,0,0,0,0,0,0,0,0,0,1
2026-09-09T00:19:06.388600+00:00,1956,762051,256x,50ms,0,0,0,0,0,0,0,0,0,0,1
2026-09-09T00:19:06.540786+00:00,1957,762209,256x,50ms,0,0,0,0,0,0,0,0,0,0,1
2026-09-09T00:19:06.701342+00:00,1958,762368,256x,50ms,0,0,0,0,0,0,0,0,0,0,0
2026-09-09T00:19:06.860677+00:00,1959,762526,256x,50ms,0,0,0,0,0,0,0,0,0,0,1
2026-09-09T00:19:07.021341+00:00,1960,762685,256x,50ms,0,0,0,0,0,0,0,0,0,0,1
2026-09-09T00:19:07.181171+00:00,1961,762844,256x,50ms,0,0,0,0,0,0,0,0,0,0,1
2026-09-09T00:19:07.333203+00:00,1962,763002,256x,50ms,0,0,0,0,0,0,0,0,0,0,1
2026-09-09T00:19:07.492722+00:00,1963,763161,256x,50ms,0,0,0,0,0,0,0,0,0,0,1
2026-09-09T00:19:07.653266+00:00,1964,763320,256x,50ms,0,0,0,0,0,0,0,0,0,0,1
2026-09-09T00:19:07.812973+00:00,1965,763479,256x,50ms,0,0,0,0,0,0,0,0,0,0,1
2026-09-09T00:19:07.972706+00:00,1966,763637,256x,50ms,0,0,0,0,0,0,0,0,0,0,0
2026-09-09T00:19:08.125844+00:00,1967,763796,256x,50ms,0,0,0,0,0,0,0,0,0,0,1
2026-09-09T00:19:08.285106+00:00,1968,763955,256x,50ms,0,0,0,0,0,0,0,0,0,0,1
2026-09-09T00:19:08.444953+00:00,1969,764113,256x,50ms,0,0,0,0,0,0,0,0,0,0,0
2026-09-09T00:19:08.604852+00:00,1970,764271,256x,50ms,0,0,0,0,0,0,0,0,0,0,0
2026-09-09T00:19:08.765452+00:00,1971,764430,256x,50ms,1,0,0,0,0,0,0,0,0,0,1
2026-09-09T00:19:08.924437+00:00,1972,764589,256x,50ms,1,0,0,0,0,0,0,0,0,0,1
2026-09-09T00:19:09.085651+00:00,1973,764747,256x,50ms,1,0,0,0,0,0,0,0,0,0,1
2026-09-09T00:19:09.244486+00:00,1974,764906,256x,50ms,1,0,0,0,0,0,0,0,0,0,0
2026-09-09T00:19:09.397640+00:00,1975,765066,256x,50ms,1,0,0,0,0,0,0,0,0,0,1
2026-09-09T00:19:09.556389+00:00,1976,765224,256x,50ms,1,0,0,0,0,0,0,0,0,0,1
2026-09-09T00:19:09.717429+00:00,1977,765383,256x,50ms,1,0,0,0,0,0,0,0,0,0,1
2026-09-09T00:19:09.868901+00:00,1978,765542,256x,50ms,1,0,0,0,0,0,0,0,0,0,1
2026-09-09T00:19:10.029645+00:00,1979,765701,256x,50ms,1,0,0,0,0,0,0,0,0,0,1
2026-09-09T00:19:10.189405+00:00,1980,765859,256x,50ms,1,0,0,0,0,0,0,0,0,0,0
2026-09-09T00:19:10.349383+00:00,1981,766018,256x,50ms,1,0,0,0,0,0,0,0,0,0,0
2026-09-09T00:19:10.508884+00:00,1982,766178,256x,50ms,1,0,0,0,0,0,0,0,0,0,0
2026-09-09T00:19:10.668560+00:00,1983,766338,256x,50ms,1,0,0,0,0,0,0,0,0,0,0
2026-09-09T00:19:10.828659+00:00,1984,766496,256x,50ms,1,0,0,0,0,0,0,0,0,0,1
2026-09-09T00:19:10.988490+00:00,1985,766655,256x,50ms,1,0,0,0,0,0,0,0,0,0,0
2026-09-09T00:19:11.149226+00:00,1986,766814,256x,50ms,1,0,0,0,0,0,0,0,0,0,1
2026-09-09T00:19:11.309170+00:00,1987,766972,256x,50ms,1,0,0,0,0,0,0,0,0,0,0
2026-09-09T00:19:11.468940+00:00,1988,767131,256x,50ms,1,0,0,0,0,0,0,0,0,0,0
2026-09-09T00:19:11.620979+00:00,1989,767291,256x,50ms,1,0,0,0,0,0,0,0,0,0,0
2026-09-09T00:19:11.780970+00:00,1990,767450,256x,50ms,0,0,0,0,0,0,0,0,0,0,0
2026-09-09T00:19:11.941337+00:00,1991,767608,256x,50ms,0,0,0,0,0,0,0,0,0,0,1
2026-09-09T00:19:12.101122+00:00,1992,767767,256x,50ms,0,0,0,0,0,0,0,0,0,0,0
2026-09-09T00:19:12.252689+00:00,1993,767926,256x,50ms,0,0,0,0,0,0,0,0,0,0,1
2026-09-09T00:19:12.413353+00:00,1994,768084,256x,50ms,0,0,0,0,0,0,0,0,0,0,0
2026-09-09T00:19:12.573162+00:00,1995,768243,256x,50ms,0,0,0,0,0,0,0,0,0,0,0
2026-09-09T00:19:12.733866+00:00,1996,768402,256x,50ms,0,0,0,0,0,0,0,0,0,0,0
2026-09-09T00:19:12.893407+00:00,1997,768561,256x,50ms,0,0,0,0,0,0,0,0,0,0,1
2026-09-09T00:19:13.052643+00:00,1998,768719,256x,50ms,0,0,0,0,0,0,0,0,0,0,0
2026-09-09T00:19:13.213696+00:00,1999,768878,256x,50ms,0,0,0,0,0,0,0,0,0,0,0
2026-09-09T00:19:13.364885+00:00,2000,769037,256x,50ms,0,0,0,0,0,0,0,0,0,0,0
2026-09-09T00:19:13.525917+00:00,2001,769196,256x,50ms,0,0,0,0,0,0,0,0,0,0,0
2026-09-09T00:19:13.685145+00:00,2002,769354,256x,50ms,0,0,0,0,0,0,0,0,0,0,0
2026-09-09T00:19:13.845498+00:00,2003,769513,256x,50ms,0,0,0,0,0,0,0,0,0,0,0
2026-09-09T00:19:14.005118+00:00,2004,769671,256x,50ms,0,0,0,0,0,0,0,0,0,0,0
2026-09-09T00:19:14.157917+00:00,2005,769829,256x,50ms,0,0,0,0,0,0,0,0,0,0,0
2026-09-09T00:19:14.317369+00:00,2006,769989,256x,50ms,0,0,0,0,0,0,0,0,0,0,1
2026-09-09T00:19:14.476946+00:00,2007,770147,256x,50ms,0,0,0,0,0,0,0,0,0,0,0
2026-09-09T00:19:14.637829+00:00,2008,770306,256x,50ms,0,0,0,0,0,0,0,0,0,0,1
2026-09-09T00:19:14.797107+00:00,2009,770464,256x,50ms,1,0,0,0,0,0,0,0,0,0,0
2026-09-09T00:19:14.957573+00:00,2010,770624,256x,50ms,1,0,0,0,0,0,0,0,0,0,1
2026-09-09T00:19:15.109449+00:00,2011,770783,256x,50ms,1,0,0,0,0,0,0,0,0,0,1
2026-09-09T00:19:15.269592+00:00,2012,770941,256x,50ms,1,0,0,0,0,0,0,0,0,0,0
2026-09-09T00:19:15.429851+00:00,2013,771100,256x,50ms,1,0,0,0,0,0,0,0,0,0,1
2026-09-09T00:19:15.589527+00:00,2014,771259,256x,50ms,1,0,0,0,0,0,0,0,0,0,0
2026-09-09T00:19:15.749731+00:00,2015,771419,256x,50ms,1,0,0,0,0,0,0,0,0,0,0
2026-09-09T00:19:15.909254+00:00,2016,771577,256x,50ms,1,0,0,0,0,0,0,0,0,0,1
2026-09-09T00:19:16.068435+00:00,2017,771736,256x,50ms,1,0,0,0,0,0,0,0,0,0,0
2026-09-09T00:19:16.229047+00:00,2018,771895,256x,50ms,1,0,0,0,0,0,0,0,0,0,0
2026-09-09T00:19:16.389150+00:00,2019,772054,256x,50ms,1,0,0,0,0,0,0,0,0,0,0
2026-09-09T00:19:16.540889+00:00,2020,772213,256x,50ms,1,0,0,0,0,0,0,0,0,0,1
2026-09-09T00:19:16.701748+00:00,2021,772372,256x,50ms,1,0,0,0,0,0,0,0,0,0,0
2026-09-09T00:19:16.860316+00:00,2022,772531,256x,50ms,1,0,0,0,0,0,0,0,0,0,0
2026-09-09T00:19:17.020850+00:00,2023,772690,256x,50ms,1,0,0,0,0,0,0,0,0,0,0
2026-09-09T00:19:17.180898+00:00,2024,772849,256x,50ms,1,0,0,0,0,0,0,0,0,0,0
2026-09-09T00:19:17.341100+00:00,2025,773009,256x,50ms,1,0,0,0,0,0,0,0,0,0,0
2026-09-09T00:19:17.501214+00:00,2026,773168,256x,50ms,1,0,0,0,0,0,0,0,0,0,0
2026-09-09T00:19:17.653790+00:00,2027,773327,256x,50ms,1,0,0,0,0,0,0,0,0,0,0
2026-09-09T00:19:17.813092+00:00,2028,773486,256x,50ms,0,0,0,0,0,0,0,0,0,0,1
2026-09-09T00:19:17.973171+00:00,2029,773645,256x,50ms,0,0,0,0,0,0,0,0,0,0,1
2026-09-09T00:19:18.133143+00:00,2030,773804,256x,50ms,0,0,0,0,0,0,0,0,0,0,1
2026-09-09T00:19:18.293181+00:00,2031,773961,256x,50ms,0,0,0,0,0,0,0,0,0,0,1
2026-09-09T00:19:18.453521+00:00,2032,774121,256x,50ms,0,0,0,0,0,0,0,0,0,0,1
2026-09-09T00:19:18.612359+00:00,2033,774280,256x,50ms,0,0,0,0,0,0,0,0,0,0,0
2026-09-09T00:19:18.764391+00:00,2034,774438,256x,50ms,0,0,0,0,0,0,0,0,0,0,1
2026-09-09T00:19:18.925900+00:00,2035,774596,256x,50ms,0,0,0,0,0,0,0,0,0,0,1
2026-09-09T00:19:19.084963+00:00,2036,774755,256x,50ms,0,0,0,0,0,0,0,0,0,0,1
2026-09-09T00:19:19.244594+00:00,2037,774914,256x,50ms,0,0,0,0,0,0,0,0,0,0,0
2026-09-09T00:19:19.397040+00:00,2038,775072,256x,50ms,0,0,0,0,0,0,0,0,0,0,1
2026-09-09T00:19:19.556319+00:00,2039,775231,256x,50ms,0,0,0,0,0,0,0,0,0,0,1
2026-09-09T00:19:19.717387+00:00,2040,775390,256x,50ms,0,0,0,0,0,0,0,0,0,0,1
2026-09-09T00:19:19.876954+00:00,2041,775548,256x,50ms,0,0,0,0,0,0,0,0,0,0,1
2026-09-09T00:19:20.037191+00:00,2042,775707,256x,50ms,0,0,0,0,0,0,0,0,0,0,1
2026-09-09T00:19:20.197161+00:00,2043,775866,256x,50ms,0,0,0,0,0,0,0,0,0,0,1
2026-09-09T00:19:20.356307+00:00,2044,776025,256x,50ms,0,0,0,0,0,0,0,0,0,0,1
2026-09-09T00:19:20.508969+00:00,2045,776183,256x,50ms,0,0,0,0,0,0,0,0,0,0,1
2026-09-09T00:19:20.668445+00:00,2046,776342,256x,50ms,0,0,0,0,0,0,0,0,0,0,1
2026-09-09T00:19:20.828643+00:00,2047,776501,256x,50ms,1,0,0,0,0,0,0,0,0,0,0
2026-09-09T00:19:20.988945+00:00,2048,776659,256x,50ms,1,0,0,0,0,0,0,0,0,0,0
2026-09-09T00:19:21.149703+00:00,2049,776819,256x,50ms,1,0,0,0,0,0,0,0,0,0,1
2026-09-09T00:19:21.301538+00:00,2050,776978,256x,50ms,1,0,0,0,0,0,0,0,0,0,1
2026-09-09T00:19:21.461580+00:00,2051,777137,256x,50ms,1,0,0,0,0,0,0,0,0,0,1
2026-09-09T00:19:21.621161+00:00,2052,777295,256x,50ms,1,0,0,0,0,0,0,0,0,0,1
2026-09-09T00:19:21.780980+00:00,2053,777454,256x,50ms,1,0,0,0,0,0,0,0,0,0,1
2026-09-09T00:19:21.941004+00:00,2054,777613,256x,50ms,1,0,0,0,0,0,0,0,0,0,1
2026-09-09T00:19:22.101149+00:00,2055,777773,256x,50ms,1,0,0,0,0,0,0,0,0,0,1
2026-09-09T00:19:22.261893+00:00,2056,777931,256x,50ms,1,0,0,0,0,0,0,0,0,0,1
2026-09-09T00:19:22.420801+00:00,2057,778090,256x,50ms,1,0,0,0,0,0,0,0,0,0,0
2026-09-09T00:19:22.581130+00:00,2058,778249,256x,50ms,1,0,0,0,0,0,0,0,0,0,1
2026-09-09T00:19:22.733734+00:00,2059,778408,256x,50ms,1,0,0,0,0,0,0,0,0,0,1
2026-09-09T00:19:22.893461+00:00,2060,778567,256x,50ms,1,0,0,0,0,0,0,0,0,0,1
2026-09-09T00:19:23.053242+00:00,2061,778726,256x,50ms,1,0,0,0,0,0,0,0,0,0,1
2026-09-09T00:19:23.212952+00:00,2062,778886,256x,50ms,1,0,0,0,0,0,0,0,0,0,1
2026-09-09T00:19:23.372886+00:00,2063,779044,256x,50ms,1,0,0,0,0,0,0,0,0,0,1
2026-09-09T00:19:23.525737+00:00,2064,779203,256x,50ms,1,0,0,0,0,0,0,0,0,0,1
2026-09-09T00:19:23.693083+00:00,2065,779362,256x,50ms,1,0,0,0,0,0,0,0,0,0,0
2026-09-09T00:19:23.845178+00:00,2066,779521,256x,50ms,0,0,0,0,0,0,0,0,0,0,1
2026-09-09T00:19:24.005142+00:00,2067,779679,256x,50ms,0,0,0,0,0,0,0,0,0,0,0
2026-09-09T00:19:24.164700+00:00,2068,779838,256x,50ms,0,0,0,0,0,0,0,0,0,0,0
2026-09-09T00:19:24.324567+00:00,2069,779996,256x,50ms,0,0,0,0,0,0,0,0,0,0,1
2026-09-09T00:19:24.485161+00:00,2070,780154,256x,50ms,0,0,0,0,0,0,0,0,0,0,1
2026-09-09T00:19:24.637024+00:00,2071,780313,256x,50ms,0,0,0,0,0,0,0,0,0,0,1
2026-09-09T00:19:24.797310+00:00,2072,780472,256x,50ms,0,0,0,0,0,0,0,0,0,0,0
2026-09-09T00:19:24.957206+00:00,2073,780631,256x,50ms,0,0,0,0,0,0,0,0,0,0,1
2026-09-09T00:19:25.117154+00:00,2074,780789,256x,50ms,0,0,0,0,0,0,0,0,0,0,1
2026-09-09T00:19:25.277280+00:00,2075,780948,256x,50ms,0,0,0,0,0,0,0,0,0,0,1
2026-09-09T00:19:25.437377+00:00,2076,781107,256x,50ms,0,0,0,0,0,0,0,0,0,0,1
2026-09-09T00:19:25.597102+00:00,2077,781265,256x,50ms,0,0,0,0,0,0,0,0,0,0,1
2026-09-09T00:19:25.748710+00:00,2078,781424,256x,50ms,0,0,0,0,0,0,0,0,0,0,1
2026-09-09T00:19:25.908870+00:00,2079,781583,256x,50ms,0,0,0,0,0,0,0,0,0,0,1
2026-09-09T00:19:26.068880+00:00,2080,781742,256x,50ms,0,0,0,0,0,0,0,0,0,0,1
2026-09-09T00:19:26.221149+00:00,2081,781900,256x,50ms,0,0,0,0,0,0,0,0,0,0,1
2026-09-09T00:19:26.381974+00:00,2082,782058,256x,50ms,0,0,0,0,0,0,0,0,0,0,0
2026-09-09T00:19:26.541110+00:00,2083,782218,256x,50ms,0,0,0,0,0,0,0,0,0,0,1
2026-09-09T00:19:26.701380+00:00,2084,782376,256x,50ms,0,0,0,0,0,0,0,0,0,0,1
2026-09-09T00:19:26.861505+00:00,2085,782534,256x,50ms,1,0,0,0,0,0,0,0,0,0,1
2026-09-09T00:19:27.021444+00:00,2086,782694,256x,50ms,1,0,0,0,0,0,0,0,0,0,1
2026-09-09T00:19:27.181128+00:00,2087,782853,256x,50ms,1,0,0,0,0,0,0,0,0,0,1
2026-09-09T00:19:27.341131+00:00,2088,783011,256x,50ms,1,0,0,0,0,0,0,0,0,0,1
2026-09-09T00:19:27.493277+00:00,2089,783170,256x,50ms,1,0,0,0,0,0,0,0,0,0,1
2026-09-09T00:19:27.653111+00:00,2090,783329,256x,50ms,1,0,0,0,0,0,0,0,0,0,0
2026-09-09T00:19:27.812766+00:00,2091,783488,256x,50ms,1,0,0,0,0,0,0,0,0,0,1
2026-09-09T00:19:27.973058+00:00,2092,783646,256x,50ms,1,0,0,0,0,0,0,0,0,0,1
2026-09-09T00:19:28.133255+00:00,2093,783805,256x,50ms,1,0,0,0,0,0,0,0,0,0,1
2026-09-09T00:19:28.293138+00:00,2094,783964,256x,50ms,1,0,0,0,0,0,0,0,0,0,1
2026-09-09T00:19:28.444997+00:00,2095,784122,256x,50ms,1,0,0,0,0,0,0,0,0,0,1
2026-09-09T00:19:28.605681+00:00,2096,784281,256x,50ms,1,0,0,0,0,0,0,0,0,0,1
2026-09-09T00:19:28.764691+00:00,2097,784440,256x,50ms,1,0,0,0,0,0,0,0,0,0,1
2026-09-09T00:19:28.925084+00:00,2098,784599,256x,50ms,1,0,0,0,0,0,0,0,0,0,1
2026-09-09T00:19:29.085166+00:00,2099,784757,256x,50ms,1,0,0,0,0,0,0,0,0,0,1
2026-09-09T00:19:29.245104+00:00,2100,784916,256x,50ms,1,0,0,0,0,0,0,0,0,0,1
2026-09-09T00:19:29.396878+00:00,2101,785075,256x,50ms,1,0,0,0,0,0,0,0,0,0,1
2026-09-09T00:19:29.557814+00:00,2102,785233,256x,50ms,1,0,0,0,0,0,0,0,0,0,1
2026-09-09T00:19:29.717050+00:00,2103,785392,256x,50ms,1,0,0,0,0,0,0,0,0,0,1
2026-09-09T00:19:29.876757+00:00,2104,785551,256x,50ms,0,0,0,0,0,0,0,0,0,0,1
2026-09-09T00:19:30.036916+00:00,2105,785710,256x,50ms,0,0,0,0,0,0,0,0,0,0,1
2026-09-09T00:19:30.197494+00:00,2106,785868,256x,50ms,0,0,0,0,0,0,0,0,0,0,0
2026-09-09T00:19:30.357152+00:00,2107,786027,256x,50ms,0,0,0,0,0,0,0,0,0,0,1
2026-09-09T00:19:30.508756+00:00,2108,786186,256x,50ms,0,0,0,0,0,0,0,0,0,0,1
2026-09-09T00:19:30.668976+00:00,2109,786343,256x,50ms,0,0,0,0,0,0,0,0,0,0,1
2026-09-09T00:19:30.829126+00:00,2110,786502,256x,50ms,0,0,0,0,0,0,0,0,0,0,1
2026-09-09T00:19:30.980910+00:00,2111,786661,256x,50ms,0,0,0,0,0,0,0,0,0,0,0
2026-09-09T00:19:31.141919+00:00,2112,786820,256x,50ms,0,0,0,0,0,0,0,0,0,0,0
2026-09-09T00:19:31.301511+00:00,2113,786977,256x,50ms,0,0,0,0,0,0,0,0,0,0,0
2026-09-09T00:19:31.460662+00:00,2114,787136,256x,50ms,0,0,0,0,0,0,0,0,0,0,1
2026-09-09T00:19:31.621517+00:00,2115,787295,256x,50ms,0,0,0,0,0,0,0,0,0,0,0
2026-09-09T00:19:31.781236+00:00,2116,787453,256x,50ms,0,0,0,0,0,0,0,0,0,0,1
2026-09-09T00:19:31.933315+00:00,2117,787612,256x,50ms,0,0,0,0,0,0,0,0,0,0,0
2026-09-09T00:19:32.092642+00:00,2118,787771,256x,50ms,0,0,0,0,0,0,0,0,0,0,0
2026-09-09T00:19:32.253425+00:00,2119,787930,256x,50ms,0,0,0,0,0,0,0,0,0,0,0
2026-09-09T00:19:32.412566+00:00,2120,788087,256x,50ms,0,0,0,0,0,0,0,0,0,0,0
2026-09-09T00:19:32.573005+00:00,2121,788246,256x,50ms,0,0,0,0,0,0,0,0,0,0,1
2026-09-09T00:19:32.733946+00:00,2122,788405,256x,50ms,0,0,0,0,0,0,0,0,0,0,0
2026-09-09T00:19:32.893148+00:00,2123,788564,256x,50ms,1,0,0,0,0,0,0,0,0,0,0
2026-09-09T00:19:33.052391+00:00,2124,788723,256x,50ms,1,0,0,0,0,0,0,0,0,0,0
2026-09-09T00:19:33.204932+00:00,2125,788882,256x,50ms,1,0,0,0,0,0,0,0,0,0,0
2026-09-09T00:19:33.364434+00:00,2126,789042,256x,50ms,1,0,0,0,0,0,0,0,0,0,0
2026-09-09T00:19:33.525361+00:00,2127,789200,256x,50ms,1,0,0,0,0,0,0,0,0,0,0
2026-09-09T00:19:33.685615+00:00,2128,789359,256x,50ms,1,0,0,0,0,0,0,0,0,0,0
2026-09-09T00:19:33.845959+00:00,2129,789518,256x,50ms,1,0,0,0,0,0,0,0,0,0,0
2026-09-09T00:19:33.996916+00:00,2130,789678,256x,50ms,1,0,0,0,0,0,0,0,0,0,0
2026-09-09T00:19:34.157696+00:00,2131,789836,256x,50ms,1,0,0,0,0,0,0,0,0,0,0
2026-09-09T00:19:34.317661+00:00,2132,789996,256x,50ms,1,0,0,0,0,0,0,0,0,0,0
2026-09-09T00:19:34.477091+00:00,2133,790155,256x,50ms,1,0,0,0,0,0,0,0,0,0,0
2026-09-09T00:19:34.637394+00:00,2134,790315,256x,50ms,1,0,0,0,0,0,0,0,0,0,1
2026-09-09T00:19:34.797478+00:00,2135,790473,256x,50ms,1,0,0,0,0,0,0,0,0,0,1
2026-09-09T00:19:34.956860+00:00,2136,790632,256x,50ms,1,0,0,0,0,0,0,0,0,0,1
2026-09-09T00:19:35.117226+00:00,2137,790791,256x,50ms,1,0,0,0,0,0,0,0,0,0,0
2026-09-09T00:19:35.277161+00:00,2138,790949,256x,50ms,1,0,0,0,0,0,0,0,0,0,0
2026-09-09T00:19:35.429403+00:00,2139,791108,256x,50ms,1,0,0,0,0,0,0,0,0,0,0
2026-09-09T00:19:35.597424+00:00,2140,791267,256x,50ms,1,0,0,0,0,0,0,0,0,0,0
2026-09-09T00:19:35.749080+00:00,2141,791427,256x,50ms,1,0,0,0,0,0,0,0,0,0,0
2026-09-09T00:19:35.908491+00:00,2142,791585,256x,50ms,0,0,0,0,0,0,0,0,0,0,1
2026-09-09T00:19:36.068839+00:00,2143,791744,256x,50ms,0,0,0,0,0,0,0,0,0,0,0
2026-09-09T00:19:36.221053+00:00,2144,791903,256x,50ms,0,0,0,0,0,0,0,0,0,0,1
2026-09-09T00:19:36.380888+00:00,2145,792060,256x,50ms,0,0,0,0,0,0,0,0,0,0,1
2026-09-09T00:19:36.540974+00:00,2146,792219,256x,50ms,0,0,0,0,0,0,0,0,0,0,1
2026-09-09T00:19:36.701573+00:00,2147,792378,256x,50ms,0,0,0,0,0,0,0,0,0,0,0
2026-09-09T00:19:36.860932+00:00,2148,792537,256x,50ms,0,0,0,0,0,0,0,0,0,0,0
2026-09-09T00:19:37.021391+00:00,2149,792695,256x,50ms,0,0,0,0,0,0,0,0,0,0,0
2026-09-09T00:19:37.180941+00:00,2150,792854,256x,50ms,0,0,0,0,0,0,0,0,0,0,0
2026-09-09T00:19:37.333862+00:00,2151,793013,256x,50ms,0,0,0,0,0,0,0,0,0,0,0
2026-09-09T00:19:37.493407+00:00,2152,793171,256x,50ms,0,0,0,0,0,0,0,0,0,0,1
2026-09-09T00:19:37.653587+00:00,2153,793330,256x,50ms,0,0,0,0,0,0,0,0,0,0,1
2026-09-09T00:19:37.805351+00:00,2154,793489,256x,50ms,0,0,0,0,0,0,0,0,0,0,1
2026-09-09T00:19:37.972515+00:00,2155,793647,256x,50ms,0,0,0,0,0,0,0,0,0,0,1
2026-09-09T00:19:38.125087+00:00,2156,793805,256x,50ms,0,0,0,0,0,0,0,0,0,0,1
2026-09-09T00:19:38.285575+00:00,2157,793964,256x,50ms,0,0,0,0,0,0,0,0,0,0,1
2026-09-09T00:19:38.445332+00:00,2158,794123,256x,50ms,0,0,0,0,0,0,0,0,0,0,1
2026-09-09T00:19:38.605339+00:00,2159,794281,256x,50ms,0,0,0,0,0,0,0,0,0,0,1
2026-09-09T00:19:38.765110+00:00,2160,794440,256x,50ms,0,0,0,0,0,0,0,0,0,0,1
2026-09-09T00:19:38.925848+00:00,2161,794599,256x,50ms,1,0,0,0,0,0,0,0,0,0,1
2026-09-09T00:19:39.077097+00:00,2162,794758,256x,50ms,1,0,0,0,0,0,0,0,0,0,1
2026-09-09T00:19:39.237091+00:00,2163,794916,256x,50ms,1,0,0,0,0,0,0,0,0,0,1
2026-09-09T00:19:39.397235+00:00,2164,795075,256x,50ms,1,0,0,0,0,0,0,0,0,0,1
2026-09-09T00:19:39.557930+00:00,2165,795234,256x,50ms,1,0,0,0,0,0,0,0,0,0,1
2026-09-09T00:19:39.717569+00:00,2166,795393,256x,50ms,1,0,0,0,0,0,0,0,0,0,1
2026-09-09T00:19:39.869669+00:00,2167,795551,256x,50ms,1,0,0,0,0,0,0,0,0,0,1
2026-09-09T00:19:40.029183+00:00,2168,795710,256x,50ms,1,0,0,0,0,0,0,0,0,0,1
2026-09-09T00:19:40.189167+00:00,2169,795869,256x,50ms,1,0,0,0,0,0,0,0,0,0,1
2026-09-09T00:19:40.349075+00:00,2170,796027,256x,50ms,1,0,0,0,0,0,0,0,0,0,1
2026-09-09T00:19:40.509333+00:00,2171,796186,256x,50ms,1,0,0,0,0,0,0,0,0,0,0
2026-09-09T00:19:40.668861+00:00,2172,796346,256x,50ms,1,0,0,0,0,0,0,0,0,0,1
2026-09-09T00:19:40.829841+00:00,2173,796505,256x,50ms,1,0,0,0,0,0,0,0,0,0,1
2026-09-09T00:19:40.980752+00:00,2174,796663,256x,50ms,1,0,0,0,0,0,0,0,0,0,1
2026-09-09T00:19:41.141915+00:00,2175,796822,256x,50ms,1,0,0,0,0,0,0,0,0,0,0
2026-09-09T00:19:41.301030+00:00,2176,796982,256x,50ms,1,0,0,0,0,0,0,0,0,0,1
2026-09-09T00:19:41.460399+00:00,2177,797140,256x,50ms,1,0,0,0,0,0,0,0,0,0,1
2026-09-09T00:19:41.621042+00:00,2178,797299,256x,50ms,1,0,0,0,0,0,0,0,0,0,0
2026-09-09T00:19:41.781129+00:00,2179,797459,256x,50ms,1,0,0,0,0,0,0,0,0,0,0
2026-09-09T00:19:41.941093+00:00,2180,797618,256x,50ms,0,0,0,0,0,0,0,0,0,0,1
2026-09-09T00:19:42.101369+00:00,2181,797776,256x,50ms,0,0,0,0,0,0,0,0,0,0,1
2026-09-09T00:19:42.253386+00:00,2182,797935,256x,50ms,0,0,0,0,0,0,0,0,0,0,1
2026-09-09T00:19:42.413528+00:00,2183,798093,256x,50ms,0,0,0,0,0,0,0,0,0,0,0
2026-09-09T00:19:42.572491+00:00,2184,798253,256x,50ms,0,0,0,0,0,0,0,0,0,0,1
2026-09-09T00:19:42.733599+00:00,2185,798411,256x,50ms,0,0,0,0,0,0,0,0,0,0,1
2026-09-09T00:19:42.885551+00:00,2186,798570,256x,50ms,0,0,0,0,0,0,0,0,0,0,1
2026-09-09T00:19:43.045369+00:00,2187,798729,256x,50ms,0,0,0,0,0,0,0,0,0,0,1
2026-09-09T00:19:43.205169+00:00,2188,798887,256x,50ms,0,0,0,0,0,0,0,0,0,0,1
2026-09-09T00:19:43.365101+00:00,2189,799046,256x,50ms,0,0,0,0,0,0,0,0,0,0,1
2026-09-09T00:19:43.525418+00:00,2190,799204,256x,50ms,0,0,0,0,0,0,0,0,0,0,1
2026-09-09T00:19:43.685505+00:00,2191,799363,256x,50ms,0,0,0,0,0,0,0,0,0,0,1
2026-09-09T00:19:43.845845+00:00,2192,799521,256x,50ms,0,0,0,0,0,0,0,0,0,0,0
2026-09-09T00:19:43.997219+00:00,2193,799680,256x,50ms,0,0,0,0,0,0,0,0,0,0,1
2026-09-09T00:19:44.157563+00:00,2194,799839,256x,50ms,0,0,0,0,0,0,0,0,0,0,1
2026-09-09T00:19:44.317334+00:00,2195,799997,256x,50ms,0,0,0,0,0,0,0,0,0,0,1
2026-09-09T00:19:44.476651+00:00,2196,800157,256x,50ms,0,0,0,0,0,0,0,0,0,0,1
2026-09-09T00:19:44.637434+00:00,2197,800316,256x,50ms,0,0,0,0,0,0,0,0,0,0,1
2026-09-09T00:19:44.789267+00:00,2198,800475,256x,50ms,0,0,0,0,0,0,0,0,0,0,0
2026-09-09T00:19:44.956813+00:00,2199,800633,256x,50ms,1,0,0,0,0,0,0,0,0,0,1
2026-09-09T00:19:45.108925+00:00,2200,800792,256x,50ms,1,0,0,0,0,0,0,0,0,0,1
2026-09-09T00:19:45.269119+00:00,2201,800951,256x,50ms,1,0,0,0,0,0,0,0,0,0,1
2026-09-09T00:19:45.428765+00:00,2202,801110,256x,50ms,1,0,0,0,0,0,0,0,0,0,1
2026-09-09T00:19:45.588432+00:00,2203,801268,256x,50ms,1,0,0,0,0,0,0,0,0,0,0
2026-09-09T00:19:45.748421+00:00,2204,801428,256x,50ms,1,0,0,0,0,0,0,0,0,0,0
2026-09-09T00:19:45.908512+00:00,2205,801587,256x,50ms,1,0,0,0,0,0,0,0,0,0,0
2026-09-09T00:19:46.069181+00:00,2206,801745,256x,50ms,1,0,0,0,0,0,0,0,0,0,0
2026-09-09T00:19:46.229728+00:00,2207,801905,256x,50ms,1,0,0,0,0,0,0,0,0,0,0
2026-09-09T00:19:46.380761+00:00,2208,802064,256x,50ms,1,0,0,0,0,0,0,0,0,0,0
2026-09-09T00:19:46.541442+00:00,2209,802223,256x,50ms,1,0,0,0,0,0,0,0,0,0,0
2026-09-09T00:19:46.701255+00:00,2210,802381,256x,50ms,1,0,0,0,0,0,0,0,0,0,0
2026-09-09T00:19:46.861644+00:00,2211,802541,256x,50ms,1,0,0,0,0,0,0,0,0,0,0
2026-09-09T00:19:47.020900+00:00,2212,802700,256x,50ms,1,0,0,0,0,0,0,0,0,0,0
2026-09-09T00:19:47.173645+00:00,2213,802859,256x,50ms,1,0,0,0,0,0,0,0,0,0,0
2026-09-09T00:19:47.332870+00:00,2214,803018,256x,50ms,1,0,0,0,0,0,0,0,0,0,1
2026-09-09T00:19:47.492938+00:00,2215,803177,256x,50ms,1,0,0,0,0,0,0,0,0,0,0
2026-09-09T00:19:47.653423+00:00,2216,803336,256x,50ms,1,0,0,0,0,0,0,0,0,0,0
2026-09-09T00:19:47.813464+00:00,2217,803494,256x,50ms,1,0,0,0,0,0,0,0,0,0,0
2026-09-09T00:19:47.972417+00:00,2218,803653,256x,50ms,0,0,0,0,0,0,0,0,0,0,0
2026-09-09T00:19:48.133038+00:00,2219,803812,256x,50ms,0,0,0,0,0,0,0,0,0,0,0
2026-09-09T00:19:48.292187+00:00,2220,803971,256x,50ms,0,0,0,0,0,0,0,0,0,0,0
2026-09-09T00:19:48.445271+00:00,2221,804129,256x,50ms,0,0,0,0,0,0,0,0,0,0,0
2026-09-09T00:19:48.605049+00:00,2222,804288,256x,50ms,0,0,0,0,0,0,0,0,0,0,0
2026-09-09T00:19:48.764956+00:00,2223,804447,256x,50ms,0,0,0,0,0,0,0,0,0,0,0
2026-09-09T00:19:48.925092+00:00,2224,804605,256x,50ms,0,0,0,0,0,0,0,0,0,0,0
2026-09-09T00:19:49.084980+00:00,2225,804764,256x,50ms,0,0,0,0,0,0,0,0,0,0,1
2026-09-09T00:19:49.245902+00:00,2226,804923,256x,50ms,0,0,0,0,0,0,0,0,0,0,1
2026-09-09T00:19:49.404916+00:00,2227,805082,256x,50ms,0,0,0,0,0,0,0,0,0,0,1
2026-09-09T00:19:49.557039+00:00,2228,805240,256x,50ms,0,0,0,0,0,0,0,0,0,0,1
2026-09-09T00:19:49.717717+00:00,2229,805399,256x,50ms,0,0,0,0,0,0,0,0,0,0,1
2026-09-09T00:19:49.877817+00:00,2230,805558,256x,50ms,0,0,0,0,0,0,0,0,0,0,1
2026-09-09T00:19:50.036779+00:00,2231,805716,256x,50ms,0,0,0,0,0,0,0,0,0,0,1
2026-09-09T00:19:50.189120+00:00,2232,805875,256x,50ms,0,0,0,0,0,0,0,0,0,0,1
2026-09-09T00:19:50.349164+00:00,2233,806034,256x,50ms,0,0,0,0,0,0,0,0,0,0,1
2026-09-09T00:19:50.509369+00:00,2234,806192,256x,50ms,0,0,0,0,0,0,0,0,0,0,1
2026-09-09T00:19:50.668845+00:00,2235,806350,256x,50ms,0,0,0,0,0,0,0,0,0,0,1
2026-09-09T00:19:50.829570+00:00,2236,806509,256x,50ms,0,0,0,0,0,0,0,0,0,0,1
2026-09-09T00:19:50.989143+00:00,2237,806668,256x,50ms,1,0,0,0,0,0,0,0,0,0,1
2026-09-09T00:19:51.148773+00:00,2238,806827,256x,50ms,1,0,0,0,0,0,0,0,0,0,1
2026-09-09T00:19:51.301243+00:00,2239,806985,256x,50ms,1,0,0,0,0,0,0,0,0,0,1
2026-09-09T00:19:51.460572+00:00,2240,807144,256x,50ms,1,0,0,0,0,0,0,0,0,0,1
2026-09-09T00:19:51.621313+00:00,2241,807303,256x,50ms,1,0,0,0,0,0,0,0,0,0,1
2026-09-09T00:19:51.773516+00:00,2242,807461,256x,50ms,1,0,0,0,0,0,0,0,0,0,1
2026-09-09T00:19:51.933653+00:00,2243,807620,256x,50ms,1,0,0,0,0,0,0,0,0,0,1
2026-09-09T00:19:52.092995+00:00,2244,807779,256x,50ms,1,0,0,0,0,0,0,0,0,0,1
2026-09-09T00:19:52.253455+00:00,2245,807938,256x,50ms,1,0,0,0,0,0,0,0,0,0,1
2026-09-09T00:19:52.413200+00:00,2246,808096,256x,50ms,1,0,0,0,0,0,0,0,0,0,1
2026-09-09T00:19:52.572986+00:00,2247,808255,256x,50ms,1,0,0,0,0,0,0,0,0,0,1
2026-09-09T00:19:52.730747+00:00,2248,808414,256x,50ms,1,0,0,0,0,0,0,0,0,0,1
2026-09-09T00:19:52.890451+00:00,2249,808572,256x,50ms,1,0,0,0,0,0,0,0,0,0,1
2026-09-09T00:19:53.043571+00:00,2250,808731,256x,50ms,1,0,0,0,0,0,0,0,0,0,1
2026-09-09T00:19:53.203113+00:00,2251,808890,256x,50ms,1,0,0,0,0,0,0,0,0,0,1
2026-09-09T00:19:53.363035+00:00,2252,809049,256x,50ms,1,0,0,0,0,0,0,0,0,0,1
2026-09-09T00:19:53.522856+00:00,2253,809207,256x,50ms,1,0,0,0,0,0,0,0,0,0,1
2026-09-09T00:19:53.683731+00:00,2254,809367,256x,50ms,1,0,0,0,0,0,0,0,0,0,1
2026-09-09T00:19:53.843272+00:00,2255,809526,256x,50ms,1,0,0,0,0,0,0,0,0,0,1
2026-09-09T00:19:54.003374+00:00,2256,809684,256x,50ms,0,0,0,0,0,0,0,0,0,0,1
2026-09-09T00:19:54.162894+00:00,2257,809842,256x,50ms,0,0,0,0,0,0,0,0,0,0,1
2026-09-09T00:19:54.314492+00:00,2258,810001,256x,50ms,0,0,0,0,0,0,0,0,0,0,1
2026-09-09T00:19:54.475642+00:00,2259,810160,256x,50ms,0,0,0,0,0,0,0,0,0,0,1
2026-09-09T00:19:54.634933+00:00,2260,810318,256x,50ms,0,0,0,0,0,0,0,0,0,0,1
2026-09-09T00:19:54.795371+00:00,2261,810477,256x,50ms,0,0,0,0,0,0,0,0,0,0,1
2026-09-09T00:19:54.954967+00:00,2262,810636,256x,50ms,0,0,0,0,0,0,0,0,0,0,1
2026-09-09T00:19:55.114588+00:00,2263,810795,256x,50ms,0,0,0,0,0,0,0,0,0,0,1
2026-09-09T00:19:55.267538+00:00,2264,810952,256x,50ms,0,0,0,0,0,0,0,0,0,0,1
2026-09-09T00:19:55.426609+00:00,2265,811112,256x,50ms,0,0,0,0,0,0,0,0,0,0,1
2026-09-09T00:19:55.587526+00:00,2266,811271,256x,50ms,0,0,0,0,0,0,0,0,0,0,1
2026-09-09T00:19:55.746963+00:00,2267,811429,256x,50ms,0,0,0,0,0,0,0,0,0,0,1
2026-09-09T00:19:55.909122+00:00,2268,811588,256x,50ms,0,0,0,0,0,0,0,0,0,0,1
2026-09-09T00:19:56.059038+00:00,2269,811747,256x,50ms,0,0,0,0,0,0,0,0,0,0,1
2026-09-09T00:19:56.218321+00:00,2270,811906,256x,50ms,0,0,0,0,0,0,0,0,0,0,1
2026-09-09T00:19:56.379656+00:00,2271,812063,256x,50ms,0,0,0,0,0,0,0,0,0,0,1
2026-09-09T00:19:56.538798+00:00,2272,812223,256x,50ms,0,0,0,0,0,0,0,0,0,0,1
2026-09-09T00:19:56.698950+00:00,2273,812382,256x,50ms,0,0,0,0,0,0,0,0,0,0,1
2026-09-09T00:19:56.859579+00:00,2274,812539,256x,50ms,0,0,0,0,0,0,0,0,0,0,1
2026-09-09T00:19:57.010721+00:00,2275,812698,256x,50ms,1,0,0,0,0,0,0,0,0,0,1
2026-09-09T00:19:57.170329+00:00,2276,812857,256x,50ms,1,0,0,0,0,0,0,0,0,0,1
2026-09-09T00:19:57.330692+00:00,2277,813017,256x,50ms,1,0,0,0,0,0,0,0,0,0,1
2026-09-09T00:19:57.490808+00:00,2278,813175,256x,50ms,1,0,0,0,0,0,0,0,0,0,2
2026-09-09T00:19:57.651415+00:00,2279,813334,256x,50ms,1,0,0,0,0,0,0,0,0,0,1
2026-09-09T00:19:57.803337+00:00,2280,813493,256x,50ms,1,0,0,0,0,0,0,0,0,0,1
2026-09-09T00:19:57.962696+00:00,2281,813651,256x,50ms,1,0,0,0,0,0,0,0,0,0,2
2026-09-09T00:19:58.123716+00:00,2282,813810,256x,50ms,1,0,0,0,0,0,0,0,0,0,2
2026-09-09T00:19:58.282750+00:00,2283,813969,256x,50ms,1,0,0,0,0,0,0,0,0,0,2
2026-09-09T00:19:58.442417+00:00,2284,814129,256x,50ms,1,0,0,0,0,0,0,0,0,0,2
2026-09-09T00:19:58.602637+00:00,2285,814287,256x,50ms,1,0,0,0,0,0,0,0,0,0,2
2026-09-09T00:19:58.762501+00:00,2286,814446,256x,50ms,1,0,0,0,0,0,0,0,0,0,2
2026-09-09T00:19:58.922934+00:00,2287,814606,256x,50ms,1,0,0,0,0,0,0,0,0,0,2
2026-09-09T00:19:59.083746+00:00,2288,814765,256x,50ms,1,0,0,0,0,0,0,0,0,0,1
2026-09-09T00:19:59.234894+00:00,2289,814923,256x,50ms,1,0,0,0,0,0,0,0,0,0,1
2026-09-09T00:19:59.395636+00:00,2290,815082,256x,50ms,1,0,0,0,0,0,0,0,0,0,1
2026-09-09T00:19:59.555604+00:00,2291,815241,256x,50ms,1,0,0,0,0,0,0,0,0,0,1
2026-09-09T00:19:59.714550+00:00,2292,815399,256x,50ms,1,0,0,0,0,0,0,0,0,0,1
2026-09-09T00:19:59.875161+00:00,2293,815558,256x,50ms,1,0,0,0,0,0,0,0,0,0,1
2026-09-09T00:20:00.027550+00:00,2294,815717,256x,50ms,0,0,0,0,0,0,0,0,0,0,1
2026-09-09T00:20:00.187385+00:00,2295,815876,256x,50ms,0,0,0,0,0,0,0,0,0,0,1
2026-09-09T00:20:00.346761+00:00,2296,816034,256x,50ms,0,0,0,0,0,0,0,0,0,0,1
2026-09-09T00:20:00.507752+00:00,2297,816193,256x,50ms,0,0,0,0,0,0,0,0,0,0,1
2026-09-09T00:20:00.667371+00:00,2298,816351,256x,50ms,0,0,0,0,0,0,0,0,0,0,1
2026-09-09T00:20:00.826899+00:00,2299,816509,256x,50ms,0,0,0,0,0,0,0,0,0,0,1
2026-09-09T00:20:00.978797+00:00,2300,816668,256x,50ms,0,0,0,0,0,0,0,0,0,0,1
2026-09-09T00:20:01.138617+00:00,2301,816827,256x,50ms,0,0,0,0,0,0,0,0,0,0,1
2026-09-09T00:20:01.298971+00:00,2302,816986,256x,50ms,0,0,0,0,0,0,0,0,0,0,1
2026-09-09T00:20:01.458963+00:00,2303,817144,256x,50ms,0,0,0,0,0,0,0,0,0,0,1
2026-09-09T00:20:01.619553+00:00,2304,817304,256x,50ms,0,0,0,0,0,0,0,0,0,0,1
2026-09-09T00:20:01.779636+00:00,2305,817462,256x,50ms,0,0,0,0,0,0,0,0,0,0,0
2026-09-09T00:20:01.938355+00:00,2306,817622,256x,50ms,0,0,0,0,0,0,0,0,0,0,0
2026-09-09T00:20:02.091230+00:00,2307,817780,256x,50ms,0,0,0,0,0,0,0,0,0,0,0
2026-09-09T00:20:02.250965+00:00,2308,817938,256x,50ms,0,0,0,0,0,0,0,0,0,0,1
2026-09-09T00:20:02.410295+00:00,2309,818097,256x,50ms,0,0,0,0,0,0,0,0,0,0,1
2026-09-09T00:20:02.571293+00:00,2310,818255,256x,50ms,0,0,0,0,0,0,0,0,0,0,1
2026-09-09T00:20:02.722772+00:00,2311,818414,256x,50ms,0,0,0,0,0,0,0,0,0,0,0
2026-09-09T00:20:02.883193+00:00,2312,818573,256x,50ms,0,0,0,0,0,0,0,0,0,0,1
2026-09-09T00:20:03.042456+00:00,2313,818732,256x,50ms,1,0,0,0,0,0,0,0,0,0,0
2026-09-09T00:20:03.203241+00:00,2314,818890,256x,50ms,1,0,0,0,0,0,0,0,0,0,0
2026-09-09T00:20:03.363392+00:00,2315,819050,256x,50ms,1,0,0,0,0,0,0,0,0,0,1
2026-09-09T00:20:03.522874+00:00,2316,819209,256x,50ms,1,0,0,0,0,0,0,0,0,0,1
2026-09-09T00:20:03.682809+00:00,2317,819367,256x,50ms,1,0,0,0,0,0,0,0,0,0,0
2026-09-09T00:20:03.842465+00:00,2318,819526,256x,50ms,1,0,0,0,0,0,0,0,0,0,1
2026-09-09T00:20:04.002422+00:00,2319,819685,256x,50ms,1,0,0,0,0,0,0,0,0,0,1
2026-09-09T00:20:04.154928+00:00,2320,819844,256x,50ms,1,0,0,0,0,0,0,0,0,0,1
2026-09-09T00:20:04.314986+00:00,2321,820003,256x,50ms,1,0,0,0,0,0,0,0,0,0,1
2026-09-09T00:20:04.475450+00:00,2322,820162,256x,50ms,1,0,0,0,0,0,0,0,0,0,1
2026-09-09T00:20:04.634826+00:00,2323,820321,256x,50ms,1,0,0,0,0,0,0,0,0,0,1
2026-09-09T00:20:04.795756+00:00,2324,820480,256x,50ms,1,0,0,0,0,0,0,0,0,0,0
2026-09-09T00:20:04.946752+00:00,2325,820638,256x,50ms,1,0,0,0,0,0,0,0,0,0,0
2026-09-09T00:20:05.107570+00:00,2326,820798,256x,50ms,1,0,0,0,0,0,0,0,0,0,0
2026-09-09T00:20:05.267527+00:00,2327,820957,256x,50ms,1,0,0,0,0,0,0,0,0,0,0
2026-09-09T00:20:05.426893+00:00,2328,821115,256x,50ms,1,0,0,0,0,0,0,0,0,0,0
2026-09-09T00:20:05.586771+00:00,2329,821274,256x,50ms,1,0,0,0,0,0,0,0,0,0,0
2026-09-09T00:20:05.747330+00:00,2330,821434,256x,50ms,1,0,0,0,0,0,0,0,0,0,1
2026-09-09T00:20:05.909554+00:00,2331,821593,256x,50ms,1,0,0,0,0,0,0,0,0,0,1
2026-09-09T00:20:06.067154+00:00,2332,821751,256x,50ms,0,0,0,0,0,0,0,0,0,0,1
2026-09-09T00:20:06.218662+00:00,2333,821910,256x,50ms,0,0,0,0,0,0,0,0,0,0,1
2026-09-09T00:20:06.379210+00:00,2334,822069,256x,50ms,0,0,0,0,0,0,0,0,0,0,1
2026-09-09T00:20:06.539409+00:00,2335,822227,256x,50ms,0,0,0,0,0,0,0,0,0,0,1
2026-09-09T00:20:06.698334+00:00,2336,822386,256x,50ms,0,0,0,0,0,0,0,0,0,0,1
2026-09-09T00:20:06.859196+00:00,2337,822545,256x,50ms,0,0,0,0,0,0,0,0,0,0,0
2026-09-09T00:20:07.018664+00:00,2338,822704,256x,50ms,0,0,0,0,0,0,0,0,0,0,1
2026-09-09T00:20:07.171566+00:00,2339,822862,256x,50ms,0,0,0,0,0,0,0,0,0,0,1
2026-09-09T00:20:07.330733+00:00,2340,823021,256x,50ms,0,0,0,0,0,0,0,0,0,0,1
2026-09-09T00:20:07.491121+00:00,2341,823179,256x,50ms,0,0,0,0,0,0,0,0,0,0,1
2026-09-09T00:20:07.651014+00:00,2342,823337,256x,50ms,0,0,0,0,0,0,0,0,0,0,1
2026-09-09T00:20:07.811518+00:00,2343,823496,256x,50ms,0,0,0,0,0,0,0,0,0,0,1
2026-09-09T00:20:07.963295+00:00,2344,823655,256x,50ms,0,0,0,0,0,0,0,0,0,0,1
2026-09-09T00:20:08.122279+00:00,2345,823814,256x,50ms,0,0,0,0,0,0,0,0,0,0,1
2026-09-09T00:20:08.282048+00:00,2346,823972,256x,50ms,0,0,0,0,0,0,0,0,0,0,1
2026-09-09T00:20:08.442583+00:00,2347,824131,256x,50ms,0,0,0,0,0,0,0,0,0,0,1
2026-09-09T00:20:08.602822+00:00,2348,824290,256x,50ms,0,0,0,0,0,0,0,0,0,0,0
2026-09-09T00:20:08.762887+00:00,2349,824449,256x,50ms,0,0,0,0,0,0,0,0,0,0,0
2026-09-09T00:20:08.922945+00:00,2350,824607,256x,50ms,0,0,0,0,0,0,0,0,0,0,0
2026-09-09T00:20:09.075260+00:00,2351,824766,256x,50ms,1,0,0,0,0,0,0,0,0,0,0
2026-09-09T00:20:09.234868+00:00,2352,824925,256x,50ms,1,0,0,0,0,0,0,0,0,0,1
2026-09-09T00:20:09.395404+00:00,2353,825083,256x,50ms,1,0,0,0,0,0,0,0,0,0,1
2026-09-09T00:20:09.554322+00:00,2354,825242,256x,50ms,1,0,0,0,0,0,0,0,0,0,1
2026-09-09T00:20:09.706623+00:00,2355,825402,256x,50ms,1,0,0,0,0,0,0,0,0,0,1
2026-09-09T00:20:09.866807+00:00,2356,825561,256x,50ms,1,0,0,0,0,0,0,0,0,0,0
2026-09-09T00:20:10.027233+00:00,2357,825719,256x,50ms,1,0,0,0,0,0,0,0,0,0,0
2026-09-09T00:20:10.187273+00:00,2358,825878,256x,50ms,1,0,0,0,0,0,0,0,0,0,0
2026-09-09T00:20:10.347414+00:00,2359,826037,256x,50ms,1,0,0,0,0,0,0,0,0,0,1
2026-09-09T00:20:10.506197+00:00,2360,826195,256x,50ms,1,0,0,0,0,0,0,0,0,0,1
2026-09-09T00:20:10.667210+00:00,2361,826354,256x,50ms,1,0,0,0,0,0,0,0,0,0,1
2026-09-09T00:20:10.827357+00:00,2362,826513,256x,50ms,1,0,0,0,0,0,0,0,0,0,0
2026-09-09T00:20:10.986651+00:00,2363,826673,256x,50ms,1,0,0,0,0,0,0,0,0,0,0
2026-09-09T00:20:11.138761+00:00,2364,826831,256x,50ms,1,0,0,0,0,0,0,0,0,0,0
2026-09-09T00:20:11.299187+00:00,2365,826990,256x,50ms,1,0,0,0,0,0,0,0,0,0,0
2026-09-09T00:20:11.458806+00:00,2366,827149,256x,50ms,1,0,0,0,0,0,0,0,0,0,0
2026-09-09T00:20:11.618216+00:00,2367,827309,256x,50ms,1,0,0,0,0,0,0,0,0,0,1
2026-09-09T00:20:11.779528+00:00,2368,827467,256x,50ms,1,0,0,0,0,0,0,0,0,0,0
2026-09-09T00:20:11.939063+00:00,2369,827627,256x,50ms,1,0,0,0,0,0,0,0,0,0,0
2026-09-09T00:20:12.091357+00:00,2370,827786,256x,50ms,0,0,0,0,0,0,0,0,0,0,0
2026-09-09T00:20:12.251517+00:00,2371,827944,256x,50ms,0,0,0,0,0,0,0,0,0,0,0
2026-09-09T00:20:12.411106+00:00,2372,828103,256x,50ms,0,0,0,0,0,0,0,0,0,0,1
2026-09-09T00:20:12.571315+00:00,2373,828261,256x,50ms,0,0,0,0,0,0,0,0,0,0,1
2026-09-09T00:20:12.730842+00:00,2374,828420,256x,50ms,0,0,0,0,0,0,0,0,0,0,0
2026-09-09T00:20:12.891358+00:00,2375,828578,256x,50ms,0,0,0,0,0,0,0,0,0,0,1
2026-09-09T00:20:13.042594+00:00,2376,828737,256x,50ms,0,0,0,0,0,0,0,0,0,0,0
2026-09-09T00:20:13.203175+00:00,2377,828896,256x,50ms,0,0,0,0,0,0,0,0,0,0,0
2026-09-09T00:20:13.362530+00:00,2378,829054,256x,50ms,0,0,0,0,0,0,0,0,0,0,0
2026-09-09T00:20:13.522914+00:00,2379,829213,256x,50ms,0,0,0,0,0,0,0,0,0,0,0
2026-09-09T00:20:13.683095+00:00,2380,829372,256x,50ms,0,0,0,0,0,0,0,0,0,0,0
2026-09-09T00:20:13.842838+00:00,2381,829531,256x,50ms,0,0,0,0,0,0,0,0,0,0,0
2026-09-09T00:20:13.995592+00:00,2382,829689,256x,50ms,0,0,0,0,0,0,0,0,0,0,0
2026-09-09T00:20:14.154400+00:00,2383,829848,256x,50ms,0,0,0,0,0,0,0,0,0,0,0
2026-09-09T00:20:14.314483+00:00,2384,830007,256x,50ms,0,0,0,0,0,0,0,0,0,0,0
2026-09-09T00:20:14.474892+00:00,2385,830166,256x,50ms,0,0,0,0,0,0,0,0,0,0,0
2026-09-09T00:20:14.634919+00:00,2386,830324,256x,50ms,0,0,0,0,0,0,0,0,0,0,0
2026-09-09T00:20:14.787620+00:00,2387,830483,256x,50ms,0,0,0,0,0,0,0,0,0,0,0
2026-09-09T00:20:14.946184+00:00,2388,830641,256x,50ms,0,0,0,0,0,0,0,0,0,0,0
2026-09-09T00:20:15.106898+00:00,2389,830799,256x,50ms,1,0,0,0,0,0,0,0,0,0,0
2026-09-09T00:20:15.266681+00:00,2390,830959,256x,50ms,1,0,0,0,0,0,0,0,0,0,1
2026-09-09T00:20:15.426993+00:00,2391,831118,256x,50ms,1,0,0,0,0,0,0,0,0,0,0
2026-09-09T00:20:15.586807+00:00,2392,831277,256x,50ms,1,0,0,0,0,0,0,0,0,0,0
2026-09-09T00:20:15.746735+00:00,2393,831435,256x,50ms,1,0,0,0,0,0,0,0,0,0,0
2026-09-09T00:20:15.909141+00:00,2394,831594,256x,50ms,1,0,0,0,0,0,0,0,0,0,1
2026-09-09T00:20:16.067285+00:00,2395,831753,256x,50ms,1,0,0,0,0,0,0,0,0,0,0
2026-09-09T00:20:16.218622+00:00,2396,831912,256x,50ms,1,0,0,0,0,0,0,0,0,0,1
2026-09-09T00:20:16.378795+00:00,2397,832071,256x,50ms,1,0,0,0,0,0,0,0,0,0,1
2026-09-09T00:20:16.538194+00:00,2398,832230,256x,50ms,1,0,0,0,0,0,0,0,0,0,1
2026-09-09T00:20:16.699465+00:00,2399,832389,256x,50ms,1,0,0,0,0,0,0,0,0,0,1
2026-09-09T00:20:16.850896+00:00,2400,832547,256x,50ms,1,0,0,0,0,0,0,0,0,0,1
2026-09-09T00:20:17.011797+00:00,2401,832706,256x,50ms,1,0,0,0,0,0,0,0,0,0,0
2026-09-09T00:20:17.171244+00:00,2402,832865,256x,50ms,1,0,0,0,0,0,0,0,0,0,0
2026-09-09T00:20:17.331496+00:00,2403,833024,256x,50ms,1,0,0,0,0,0,0,0,0,0,0
2026-09-09T00:20:17.491227+00:00,2404,833183,256x,50ms,1,0,0,0,0,0,0,0,0,0,1
2026-09-09T00:20:17.651434+00:00,2405,833342,256x,50ms,1,0,0,0,0,0,0,0,0,0,0
2026-09-09T00:20:17.810296+00:00,2406,833501,256x,50ms,1,0,0,0,0,0,0,0,0,0,0
2026-09-09T00:20:17.971487+00:00,2407,833660,256x,50ms,1,0,0,0,0,0,0,0,0,0,0
2026-09-09T00:20:18.131201+00:00,2408,833819,256x,50ms,0,0,0,0,0,0,0,0,0,0,0
2026-09-09T00:20:18.282138+00:00,2409,833978,256x,50ms,0,0,0,0,0,0,0,0,0,0,1
2026-09-09T00:20:18.442757+00:00,2410,834137,256x,50ms,0,0,0,0,0,0,0,0,0,0,0
2026-09-09T00:20:18.602905+00:00,2411,834294,256x,50ms,0,0,0,0,0,0,0,0,0,0,1
2026-09-09T00:20:18.755346+00:00,2412,834453,256x,50ms,0,0,0,0,0,0,0,0,0,0,1
2026-09-09T00:20:18.915226+00:00,2413,834612,256x,50ms,0,0,0,0,0,0,0,0,0,0,0
2026-09-09T00:20:19.083208+00:00,2414,834770,256x,50ms,0,0,0,0,0,0,0,0,0,0,1
2026-09-09T00:20:19.234842+00:00,2415,834929,256x,50ms,0,0,0,0,0,0,0,0,0,0,1
2026-09-09T00:20:19.394982+00:00,2416,835089,256x,50ms,0,0,0,0,0,0,0,0,0,0,0
2026-09-09T00:20:19.554974+00:00,2417,835248,256x,50ms,0,0,0,0,0,0,0,0,0,0,1
2026-09-09T00:20:19.715412+00:00,2418,835405,256x,50ms,0,0,0,0,0,0,0,0,0,0,1
2026-09-09T00:20:19.875655+00:00,2419,835564,256x,50ms,0,0,0,0,0,0,0,0,0,0,1
2026-09-09T00:20:20.026958+00:00,2420,835723,256x,50ms,0,0,0,0,0,0,0,0,0,0,0
2026-09-09T00:20:20.187601+00:00,2421,835881,256x,50ms,0,0,0,0,0,0,0,0,0,0,1
2026-09-09T00:20:20.347320+00:00,2422,836040,256x,50ms,0,0,0,0,0,0,0,0,0,0,0
2026-09-09T00:20:20.507800+00:00,2423,836199,256x,50ms,0,0,0,0,0,0,0,0,0,0,1
2026-09-09T00:20:20.666494+00:00,2424,836358,256x,50ms,0,0,0,0,0,0,0,0,0,0,0
2026-09-09T00:20:20.826582+00:00,2425,836516,256x,50ms,0,0,0,0,0,0,0,0,0,0,0
2026-09-09T00:20:20.979582+00:00,2426,836675,256x,50ms,0,0,0,0,0,0,0,0,0,0,1
2026-09-09T00:20:21.138183+00:00,2427,836834,256x,50ms,1,0,0,0,0,0,0,0,0,0,0
2026-09-09T00:20:21.298899+00:00,2428,836993,256x,50ms,1,0,0,0,0,0,0,0,0,0,0
2026-09-09T00:20:21.458843+00:00,2429,837152,256x,50ms,1,0,0,0,0,0,0,0,0,0,0
2026-09-09T00:20:21.618204+00:00,2430,837311,256x,50ms,1,0,0,0,0,0,0,0,0,0,1
2026-09-09T00:20:21.779267+00:00,2431,837470,256x,50ms,1,0,0,0,0,0,0,0,0,0,1
2026-09-09T00:20:21.930694+00:00,2432,837628,256x,50ms,1,0,0,0,0,0,0,0,0,0,0
2026-09-09T00:20:22.090889+00:00,2433,837787,256x,50ms,1,0,0,0,0,0,0,0,0,0,1
2026-09-09T00:20:22.251065+00:00,2434,837946,256x,50ms,1,0,0,0,0,0,0,0,0,0,0
2026-09-09T00:20:22.411532+00:00,2435,838105,256x,50ms,1,0,0,0,0,0,0,0,0,0,0
2026-09-09T00:20:22.571381+00:00,2436,838264,256x,50ms,1,0,0,0,0,0,0,0,0,0,0
2026-09-09T00:20:22.730677+00:00,2437,838423,256x,50ms,1,0,0,0,0,0,0,0,0,0,0
2026-09-09T00:20:22.891214+00:00,2438,838583,256x,50ms,1,0,0,0,0,0,0,0,0,0,0
2026-09-09T00:20:23.051562+00:00,2439,838742,256x,50ms,1,0,0,0,0,0,0,0,0,0,1
2026-09-09T00:20:23.210884+00:00,2440,838900,256x,50ms,1,0,0,0,0,0,0,0,0,0,0
2026-09-09T00:20:23.363432+00:00,2441,839060,256x,50ms,1,0,0,0,0,0,0,0,0,0,0
2026-09-09T00:20:23.530715+00:00,2442,839219,256x,50ms,1,0,0,0,0,0,0,0,0,0,0
2026-09-09T00:20:23.682977+00:00,2443,839378,256x,50ms,1,0,0,0,0,0,0,0,0,0,0
2026-09-09T00:20:23.842846+00:00,2444,839537,256x,50ms,1,0,0,0,0,0,0,0,0,0,0
2026-09-09T00:20:24.003558+00:00,2445,839696,256x,50ms,1,0,0,0,0,0,0,0,0,0,1
2026-09-09T00:20:24.162978+00:00,2446,839855,256x,50ms,0,0,0,0,0,0,0,0,0,0,0
2026-09-09T00:20:24.314046+00:00,2447,840013,256x,50ms,0,0,0,0,0,0,0,0,0,0,1
2026-09-09T00:20:24.474762+00:00,2448,840172,256x,50ms,0,0,0,0,0,0,0,0,0,0,1
2026-09-09T00:20:24.635621+00:00,2449,840331,256x,50ms,0,0,0,0,0,0,0,0,0,0,0
2026-09-09T00:20:24.794999+00:00,2450,840489,256x,50ms,0,0,0,0,0,0,0,0,0,0,1
2026-09-09T00:20:24.954951+00:00,2451,840648,256x,50ms,0,0,0,0,0,0,0,0,0,0,0
2026-09-09T00:20:25.114415+00:00,2452,840807,256x,50ms,0,0,0,0,0,0,0,0,0,0,0
2026-09-09T00:20:25.274923+00:00,2453,840966,256x,50ms,0,0,0,0,0,0,0,0,0,0,0
2026-09-09T00:20:25.427614+00:00,2454,841124,256x,50ms,0,0,0,0,0,0,0,0,0,0,0
2026-09-09T00:20:25.586785+00:00,2455,841283,256x,50ms,0,0,0,0,0,0,0,0,0,0,0
2026-09-09T00:20:25.746851+00:00,2456,841442,256x,50ms,0,0,0,0,0,0,0,0,0,0,0
2026-09-09T00:20:25.909475+00:00,2457,841600,256x,50ms,0,0,0,0,0,0,0,0,0,0,0
2026-09-09T00:20:26.058771+00:00,2458,841758,256x,50ms,0,0,0,0,0,0,0,0,0,0,0
2026-09-09T00:20:26.218449+00:00,2459,841918,256x,50ms,0,0,0,0,0,0,0,0,0,0,0
2026-09-09T00:20:26.378792+00:00,2460,842076,256x,50ms,0,0,0,0,0,0,0,0,0,0,0
2026-09-09T00:20:26.539913+00:00,2461,842234,256x,50ms,0,0,0,0,0,0,0,0,0,0,0
2026-09-09T00:20:26.699656+00:00,2462,842393,256x,50ms,0,0,0,0,0,0,0,0,0,0,0
2026-09-09T00:20:26.858898+00:00,2463,842552,256x,50ms,0,0,0,0,0,0,0,0,0,0,0
2026-09-09T00:20:27.018713+00:00,2464,842711,256x,50ms,0,0,0,0,0,0,0,0,0,0,0
2026-09-09T00:20:27.170871+00:00,2465,842870,256x,50ms,1,0,0,0,0,0,0,0,0,0,1
2026-09-09T00:20:27.330575+00:00,2466,843029,256x,50ms,1,0,0,0,0,0,0,0,0,0,0
2026-09-09T00:20:27.491134+00:00,2467,843188,256x,50ms,1,0,0,0,0,0,0,0,0,0,0
2026-09-09T00:20:27.651013+00:00,2468,843346,256x,50ms,1,0,0,0,0,0,0,0,0,0,0
2026-09-09T00:20:27.810239+00:00,2469,843505,256x,50ms,1,0,0,0,0,0,0,0,0,0,0
2026-09-09T00:20:27.971009+00:00,2470,843665,256x,50ms,1,0,0,0,0,0,0,0,0,0,0
2026-09-09T00:20:28.130655+00:00,2471,843825,256x,50ms,1,0,0,0,0,0,0,0,0,0,0
2026-09-09T00:20:28.283615+00:00,2472,843983,256x,50ms,1,0,0,0,0,0,0,0,0,0,0
2026-09-09T00:20:28.442647+00:00,2473,844143,256x,50ms,1,0,0,0,0,0,0,0,0,0,0
2026-09-09T00:20:28.603482+00:00,2474,844302,256x,50ms,1,0,0,0,0,0,0,0,0,0,1
2026-09-09T00:20:28.762913+00:00,2475,844461,256x,50ms,1,0,0,0,0,0,0,0,0,0,0
2026-09-09T00:20:28.923813+00:00,2476,844619,256x,50ms,1,0,0,0,0,0,0,0,0,0,0
2026-09-09T00:20:29.083461+00:00,2477,844778,256x,50ms,1,0,0,0,0,0,0,0,0,0,1
2026-09-09T00:20:29.242865+00:00,2478,844937,256x,50ms,1,0,0,0,0,0,0,0,0,0,0
2026-09-09T00:20:29.403729+00:00,2479,845096,256x,50ms,1,0,0,0,0,0,0,0,0,0,1
2026-09-09T00:20:29.563294+00:00,2480,845255,256x,50ms,1,0,0,0,0,0,0,0,0,0,0
2026-09-09T00:20:29.715453+00:00,2481,845414,256x,50ms,1,0,0,0,0,0,0,0,0,0,1
2026-09-09T00:20:29.875315+00:00,2482,845573,256x,50ms,1,0,0,0,0,0,0,0,0,0,0
2026-09-09T00:20:30.034833+00:00,2483,845731,256x,50ms,1,0,0,0,0,0,0,0,0,0,1
2026-09-09T00:20:30.195448+00:00,2484,845890,256x,50ms,0,0,0,0,0,0,0,0,0,0,0
2026-09-09T00:20:30.354954+00:00,2485,846049,256x,50ms,0,0,0,0,0,0,0,0,0,0,0
2026-09-09T00:20:30.507327+00:00,2486,846208,256x,50ms,0,0,0,0,0,0,0,0,0,0,0
2026-09-09T00:20:30.667134+00:00,2487,846366,256x,50ms,0,0,0,0,0,0,0,0,0,0,0
2026-09-09T00:20:30.827655+00:00,2488,846525,256x,50ms,0,0,0,0,0,0,0,0,0,0,1
2026-09-09T00:20:30.986766+00:00,2489,846684,256x,50ms,0,0,0,0,0,0,0,0,0,0,0
2026-09-09T00:20:31.146275+00:00,2490,846842,256x,50ms,0,0,0,0,0,0,0,0,0,0,1
2026-09-09T00:20:31.307064+00:00,2491,847001,256x,50ms,0,0,0,0,0,0,0,0,0,0,0
2026-09-09T00:20:31.458926+00:00,2492,847160,256x,50ms,0,0,0,0,0,0,0,0,0,0,1
2026-09-09T00:20:31.618609+00:00,2493,847319,256x,50ms,0,0,0,0,0,0,0,0,0,0,0
2026-09-09T00:20:31.779672+00:00,2494,847477,256x,50ms,0,0,0,0,0,0,0,0,0,0,1
2026-09-09T00:20:31.938981+00:00,2495,847636,256x,50ms,0,0,0,0,0,0,0,0,0,0,1
2026-09-09T00:20:32.098738+00:00,2496,847794,256x,50ms,0,0,0,0,0,0,0,0,0,0,0
2026-09-09T00:20:32.258960+00:00,2497,847952,256x,50ms,0,0,0,0,0,0,0,0,0,0,0
2026-09-09T00:20:32.410837+00:00,2498,848111,256x,50ms,0,0,0,0,0,0,0,0,0,0,0
2026-09-09T00:20:32.570271+00:00,2499,848270,256x,50ms,0,0,0,0,0,0,0,0,0,0,1
2026-09-09T00:20:32.730639+00:00,2500,848429,256x,50ms,0,0,0,0,0,0,0,0,0,0,0
2026-09-09T00:20:32.890906+00:00,2501,848587,256x,50ms,0,0,0,0,0,0,0,0,0,0,0
2026-09-09T00:20:33.043223+00:00,2502,848746,256x,50ms,0,0,0,0,0,0,0,0,0,0,0
2026-09-09T00:20:33.203853+00:00,2503,848905,256x,50ms,1,0,0,0,0,0,0,0,0,0,1
2026-09-09T00:20:33.362872+00:00,2504,849063,256x,50ms,1,0,0,0,0,0,0,0,0,0,0
2026-09-09T00:20:33.522758+00:00,2505,849222,256x,50ms,1,0,0,0,0,0,0,0,0,0,0
2026-09-09T00:20:33.682792+00:00,2506,849381,256x,50ms,1,0,0,0,0,0,0,0,0,0,0
2026-09-09T00:20:33.842833+00:00,2507,849541,256x,50ms,1,0,0,0,0,0,0,0,0,0,0
2026-09-09T00:20:34.002689+00:00,2508,849699,256x,50ms,1,0,0,0,0,0,0,0,0,0,0
2026-09-09T00:20:34.162954+00:00,2509,849858,256x,50ms,1,0,0,0,0,0,0,0,0,0,0
2026-09-09T00:20:34.322725+00:00,2510,850017,256x,50ms,1,0,0,0,0,0,0,0,0,0,0
2026-09-09T00:20:34.475204+00:00,2511,850177,256x,50ms,1,0,0,0,0,0,0,0,0,0,0
2026-09-09T00:20:34.634877+00:00,2512,850335,256x,50ms,1,0,0,0,0,0,0,0,0,0,0
2026-09-09T00:20:34.795816+00:00,2513,850495,256x,50ms,1,0,0,0,0,0,0,0,0,0,0
2026-09-09T00:20:34.955344+00:00,2514,850654,256x,50ms,1,0,0,0,0,0,0,0,0,0,0
2026-09-09T00:20:35.114428+00:00,2515,850812,256x,50ms,1,0,0,0,0,0,0,0,0,0,0
2026-09-09T00:20:35.275332+00:00,2516,850971,256x,50ms,1,0,0,0,0,0,0,0,0,0,0
2026-09-09T00:20:35.434794+00:00,2517,851131,256x,50ms,1,0,0,0,0,0,0,0,0,0,1
2026-09-09T00:20:35.586822+00:00,2518,851290,256x,50ms,1,0,0,0,0,0,0,0,0,0,0
2026-09-09T00:20:35.747321+00:00,2519,851448,256x,50ms,1,0,0,0,0,0,0,0,0,0,0
2026-09-09T00:20:35.909416+00:00,2520,851607,256x,50ms,1,0,0,0,0,0,0,0,0,0,0
2026-09-09T00:20:36.066975+00:00,2521,851767,256x,50ms,1,0,0,0,0,0,0,0,0,0,1
2026-09-09T00:20:36.226896+00:00,2522,851926,256x,50ms,0,0,0,0,0,0,0,0,0,0,1
2026-09-09T00:20:36.386886+00:00,2523,852084,256x,50ms,0,0,0,0,0,0,0,0,0,0,1
2026-09-09T00:20:36.547008+00:00,2524,852243,256x,50ms,0,0,0,0,0,0,0,0,0,0,0
2026-09-09T00:20:36.707563+00:00,2525,852402,256x,50ms,0,0,0,0,0,0,0,0,0,0,0
2026-09-09T00:20:36.857853+00:00,2526,852560,256x,50ms,0,0,0,0,0,0,0,0,0,0,0
2026-09-09T00:20:37.018117+00:00,2527,852719,256x,50ms,0,0,0,0,0,0,0,0,0,0,0
2026-09-09T00:20:37.178512+00:00,2528,852878,256x,50ms,0,0,0,0,0,0,0,0,0,0,0
2026-09-09T00:20:37.331545+00:00,2529,853036,256x,50ms,0,0,0,0,0,0,0,0,0,0,0
2026-09-09T00:20:37.491357+00:00,2530,853194,256x,50ms,0,0,0,0,0,0,0,0,0,0,0
2026-09-09T00:20:37.657993+00:00,2531,853353,256x,50ms,0,0,0,0,0,0,0,0,0,0,0
2026-09-09T00:20:37.810183+00:00,2532,853512,256x,50ms,0,0,0,0,0,0,0,0,0,0,0
2026-09-09T00:20:37.971108+00:00,2533,853670,256x,50ms,0,0,0,0,0,0,0,0,0,0,1
2026-09-09T00:20:38.131078+00:00,2534,853829,256x,50ms,0,0,0,0,0,0,0,0,0,0,0
2026-09-09T00:20:38.282942+00:00,2535,853988,256x,50ms,0,0,0,0,0,0,0,0,0,0,0
2026-09-09T00:20:38.443109+00:00,2536,854147,256x,50ms,0,0,0,0,0,0,0,0,0,0,1
2026-09-09T00:20:38.602774+00:00,2537,854305,256x,50ms,0,0,0,0,0,0,0,0,0,0,1
2026-09-09T00:20:38.762675+00:00,2538,854464,256x,50ms,0,0,0,0,0,0,0,0,0,0,0
2026-09-09T00:20:38.922760+00:00,2539,854622,256x,50ms,0,0,0,0,0,0,0,0,0,0,0
2026-09-09T00:20:39.083076+00:00,2540,854780,256x,50ms,0,0,0,0,0,0,0,0,0,0,0
2026-09-09T00:20:39.242755+00:00,2541,854940,256x,50ms,1,0,0,0,0,0,0,0,0,0,0
2026-09-09T00:20:39.402282+00:00,2542,855099,256x,50ms,1,0,0,0,0,0,0,0,0,0,0
2026-09-09T00:20:39.563215+00:00,2543,855258,256x,50ms,1,0,0,0,0,0,0,0,0,0,0
2026-09-09T00:20:39.715251+00:00,2544,855417,256x,50ms,1,0,0,0,0,0,0,0,0,0,0
2026-09-09T00:20:39.875171+00:00,2545,855577,256x,50ms,1,0,0,0,0,0,0,0,0,0,0
2026-09-09T00:20:40.035002+00:00,2546,855736,256x,50ms,1,0,0,0,0,0,0,0,0,0,0
2026-09-09T00:20:40.195671+00:00,2547,855895,256x,50ms,1,0,0,0,0,0,0,0,0,0,0
2026-09-09T00:20:40.354842+00:00,2548,856053,256x,50ms,1,0,0,0,0,0,0,0,0,0,1
2026-09-09T00:20:40.514355+00:00,2549,856213,256x,50ms,1,0,0,0,0,0,0,0,0,0,1
2026-09-09T00:20:40.674774+00:00,2550,856372,256x,50ms,1,0,0,0,0,0,0,0,0,0,0
2026-09-09T00:20:40.826805+00:00,2551,856531,256x,50ms,1,0,0,0,0,0,0,0,0,0,1
2026-09-09T00:20:40.986864+00:00,2552,856690,256x,50ms,1,0,0,0,0,0,0,0,0,0,0
2026-09-09T00:20:41.146669+00:00,2553,856849,256x,50ms,1,0,0,0,0,0,0,0,0,0,0
2026-09-09T00:20:41.307210+00:00,2554,857009,256x,50ms,1,0,0,0,0,0,0,0,0,0,0
2026-09-09T00:20:41.467075+00:00,2555,857167,256x,50ms,1,0,0,0,0,0,0,0,0,0,0
2026-09-09T00:20:41.626509+00:00,2556,857326,256x,50ms,1,0,0,0,0,0,0,0,0,0,1
2026-09-09T00:20:41.787825+00:00,2557,857485,256x,50ms,1,0,0,0,0,0,0,0,0,0,0
2026-09-09T00:20:41.946923+00:00,2558,857644,256x,50ms,1,0,0,0,0,0,0,0,0,0,0
2026-09-09T00:20:42.107057+00:00,2559,857803,256x,50ms,1,0,0,0,0,0,0,0,0,0,0
2026-09-09T00:20:42.267817+00:00,2560,857962,256x,50ms,0,0,0,0,0,0,0,0,0,0,1
2026-09-09T00:20:42.418740+00:00,2561,858122,256x,50ms,0,0,0,0,0,0,0,0,0,0,0
2026-09-09T00:20:42.578898+00:00,2562,858279,256x,50ms,0,0,0,0,0,0,0,0,0,0,0
2026-09-09T00:20:42.738867+00:00,2563,858439,256x,50ms,0,0,0,0,0,0,0,0,0,0,1
2026-09-09T00:20:42.899350+00:00,2564,858598,256x,50ms,0,0,0,0,0,0,0,0,0,0,0
2026-09-09T00:20:43.050923+00:00,2565,858757,256x,50ms,0,0,0,0,0,0,0,0,0,0,0
2026-09-09T00:20:43.211665+00:00,2566,858916,256x,50ms,0,0,0,0,0,0,0,0,0,0,1
2026-09-09T00:20:43.371729+00:00,2567,859075,256x,50ms,0,0,0,0,0,0,0,0,0,0,0
2026-09-09T00:20:43.531577+00:00,2568,859234,256x,50ms,0,0,0,0,0,0,0,0,0,0,1
2026-09-09T00:20:43.691098+00:00,2569,859392,256x,50ms,0,0,0,0,0,0,0,0,0,0,1
2026-09-09T00:20:43.850941+00:00,2570,859550,256x,50ms,0,0,0,0,0,0,0,0,0,0,1
2026-09-09T00:20:44.010987+00:00,2571,859709,256x,50ms,0,0,0,0,0,0,0,0,0,0,0
2026-09-09T00:20:44.171116+00:00,2572,859868,256x,50ms,0,0,0,0,0,0,0,0,0,0,1
2026-09-09T00:20:44.323203+00:00,2573,860026,256x,50ms,0,0,0,0,0,0,0,0,0,0,1
2026-09-09T00:20:44.483097+00:00,2574,860185,256x,50ms,0,0,0,0,0,0,0,0,0,0,0
2026-09-09T00:20:44.643082+00:00,2575,860344,256x,50ms,0,0,0,0,0,0,0,0,0,0,1
2026-09-09T00:20:44.795175+00:00,2576,860503,256x,50ms,0,0,0,0,0,0,0,0,0,0,0
2026-09-09T00:20:44.954967+00:00,2577,860660,256x,50ms,0,0,0,0,0,0,0,0,0,0,1
2026-09-09T00:20:45.115513+00:00,2578,860819,256x,50ms,0,0,0,0,0,0,0,0,0,0,0
2026-09-09T00:20:45.275428+00:00,2579,860978,256x,50ms,1,0,0,0,0,0,0,0,0,0,0
2026-09-09T00:20:45.434783+00:00,2580,861136,256x,50ms,1,0,0,0,0,0,0,0,0,0,0
2026-09-09T00:20:45.595410+00:00,2581,861296,256x,50ms,1,0,0,0,0,0,0,0,0,0,0
2026-09-09T00:20:45.755412+00:00,2582,861455,256x,50ms,1,0,0,0,0,0,0,0,0,0,0
2026-09-09T00:20:45.914362+00:00,2583,861615,256x,50ms,1,0,0,0,0,0,0,0,0,0,0
2026-09-09T00:20:46.074997+00:00,2584,861773,256x,50ms,1,0,0,0,0,0,0,0,0,0,0
2026-09-09T00:20:46.226382+00:00,2585,861932,256x,50ms,1,0,0,0,0,0,0,0,0,0,0
2026-09-09T00:20:46.386891+00:00,2586,862091,256x,50ms,1,0,0,0,0,0,0,0,0,0,0
2026-09-09T00:20:46.546637+00:00,2587,862251,256x,50ms,1,0,0,0,0,0,0,0,0,0,0
2026-09-09T00:20:46.707853+00:00,2588,862409,256x,50ms,1,0,0,0,0,0,0,0,0,0,0
2026-09-09T00:20:46.867349+00:00,2589,862569,256x,50ms,1,0,0,0,0,0,0,0,0,0,1
2026-09-09T00:20:47.026349+00:00,2590,862728,256x,50ms,1,0,0,0,0,0,0,0,0,0,1
2026-09-09T00:20:47.179137+00:00,2591,862886,256x,50ms,1,0,0,0,0,0,0,0,0,0,0
2026-09-09T00:20:47.338888+00:00,2592,863045,256x,50ms,1,0,0,0,0,0,0,0,0,0,1
2026-09-09T00:20:47.499635+00:00,2593,863204,256x,50ms,1,0,0,0,0,0,0,0,0,0,1
2026-09-09T00:20:47.659084+00:00,2594,863363,256x,50ms,1,0,0,0,0,0,0,0,0,0,0
2026-09-09T00:20:47.817946+00:00,2595,863521,256x,50ms,1,0,0,0,0,0,0,0,0,0,0
2026-09-09T00:20:47.978879+00:00,2596,863680,256x,50ms,1,0,0,0,0,0,0,0,0,0,0
2026-09-09T00:20:48.138878+00:00,2597,863840,256x,50ms,1,0,0,0,0,0,0,0,0,0,0
2026-09-09T00:20:48.299486+00:00,2598,863998,256x,50ms,0,0,0,0,0,0,0,0,0,0,0
2026-09-09T00:20:48.450627+00:00,2599,864157,256x,50ms,0,0,0,0,0,0,0,0,0,0,0
2026-09-09T00:20:48.610301+00:00,2600,864316,256x,50ms,0,0,0,0,0,0,0,0,0,0,1
2026-09-09T00:20:48.770465+00:00,2601,864475,256x,50ms,0,0,0,0,0,0,0,0,0,0,1
2026-09-09T00:20:48.930987+00:00,2602,864632,256x,50ms,0,0,0,0,0,0,0,0,0,0,0
2026-09-09T00:20:49.083544+00:00,2603,864791,256x,50ms,0,0,0,0,0,0,0,0,0,0,1
2026-09-09T00:20:49.250698+00:00,2604,864950,256x,50ms,0,0,0,0,0,0,0,0,0,0,0
2026-09-09T00:20:49.403125+00:00,2605,865108,256x,50ms,0,0,0,0,0,0,0,0,0,0,0
2026-09-09T00:20:49.563172+00:00,2606,865267,256x,50ms,0,0,0,0,0,0,0,0,0,0,0
2026-09-09T00:20:49.723147+00:00,2607,865426,256x,50ms,0,0,0,0,0,0,0,0,0,0,0
2026-09-09T00:20:49.883149+00:00,2608,865584,256x,50ms,0,0,0,0,0,0,0,0,0,0,1
2026-09-09T00:20:50.034588+00:00,2609,865742,256x,50ms,0,0,0,0,0,0,0,0,0,0,0
2026-09-09T00:20:50.195229+00:00,2610,865901,256x,50ms,0,0,0,0,0,0,0,0,0,0,0
2026-09-09T00:20:50.355653+00:00,2611,866060,256x,50ms,0,0,0,0,0,0,0,0,0,0,1
2026-09-09T00:20:50.515674+00:00,2612,866219,256x,50ms,0,0,0,0,0,0,0,0,0,0,0
2026-09-09T00:20:50.675705+00:00,2613,866377,256x,50ms,0,0,0,0,0,0,0,0,0,0,1
2026-09-09T00:20:50.834738+00:00,2614,866536,256x,50ms,0,0,0,0,0,0,0,0,0,0,0
2026-09-09T00:20:50.987318+00:00,2615,866694,256x,50ms,0,0,0,0,0,0,0,0,0,0,0
2026-09-09T00:20:51.146532+00:00,2616,866852,256x,50ms,0,0,0,0,0,0,0,0,0,0,0
2026-09-09T00:20:51.307060+00:00,2617,867011,256x,50ms,1,0,0,0,0,0,0,0,0,0,1
2026-09-09T00:20:51.466644+00:00,2618,867170,256x,50ms,1,0,0,0,0,0,0,0,0,0,0
2026-09-09T00:20:51.619588+00:00,2619,867329,256x,50ms,1,0,0,0,0,0,0,0,0,0,0
2026-09-09T00:20:51.787305+00:00,2620,867488,256x,50ms,1,0,0,0,0,0,0,0,0,0,0
2026-09-09T00:20:51.938731+00:00,2621,867647,256x,50ms,1,0,0,0,0,0,0,0,0,0,0
2026-09-09T00:20:52.098200+00:00,2622,867807,256x,50ms,1,0,0,0,0,0,0,0,0,0,0
2026-09-09T00:20:52.258910+00:00,2623,867965,256x,50ms,1,0,0,0,0,0,0,0,0,0,0
2026-09-09T00:20:52.419514+00:00,2624,868124,256x,50ms,1,0,0,0,0,0,0,0,0,0,0
2026-09-09T00:20:52.579468+00:00,2625,868283,256x,50ms,1,0,0,0,0,0,0,0,0,0,0
2026-09-09T00:20:52.738737+00:00,2626,868443,256x,50ms,1,0,0,0,0,0,0,0,0,0,1
2026-09-09T00:20:52.898175+00:00,2627,868601,256x,50ms,1,0,0,0,0,0,0,0,0,0,0
2026-09-09T00:20:53.059569+00:00,2628,868760,256x,50ms,1,0,0,0,0,0,0,0,0,0,0
2026-09-09T00:20:53.218462+00:00,2629,868920,256x,50ms,1,0,0,0,0,0,0,0,0,0,0
2026-09-09T00:20:53.371202+00:00,2630,869079,256x,50ms,1,0,0,0,0,0,0,0,0,0,1
2026-09-09T00:20:53.530504+00:00,2631,869237,256x,50ms,1,0,0,0,0,0,0,0,0,0,0
2026-09-09T00:20:53.690633+00:00,2632,869397,256x,50ms,1,0,0,0,0,0,0,0,0,0,0
2026-09-09T00:20:53.851294+00:00,2633,869556,256x,50ms,1,0,0,0,0,0,0,0,0,0,0
2026-09-09T00:20:54.010899+00:00,2634,869714,256x,50ms,1,0,0,0,0,0,0,0,0,0,1
2026-09-09T00:20:54.163284+00:00,2635,869873,256x,50ms,1,0,0,0,0,0,0,0,0,0,0
2026-09-09T00:20:54.330474+00:00,2636,870033,256x,50ms,0,0,0,0,0,0,0,0,0,0,0
2026-09-09T00:20:54.483633+00:00,2637,870192,256x,50ms,0,0,0,0,0,0,0,0,0,0,0
2026-09-09T00:20:54.643003+00:00,2638,870350,256x,50ms,0,0,0,0,0,0,0,0,0,0,0
2026-09-09T00:20:54.803598+00:00,2639,870509,256x,50ms,0,0,0,0,0,0,0,0,0,0,0
2026-09-09T00:20:54.963314+00:00,2640,870668,256x,50ms,0,0,0,0,0,0,0,0,0,0,0
2026-09-09T00:20:55.123534+00:00,2641,870827,256x,50ms,0,0,0,0,0,0,0,0,0,0,1
2026-09-09T00:20:55.282790+00:00,2642,870985,256x,50ms,0,0,0,0,0,0,0,0,0,0,1
2026-09-09T00:20:55.434600+00:00,2643,871145,256x,50ms,0,0,0,0,0,0,0,0,0,0,0
2026-09-09T00:20:55.594831+00:00,2644,871303,256x,50ms,0,0,0,0,0,0,0,0,0,0,0
2026-09-09T00:20:55.754811+00:00,2645,871461,256x,50ms,0,0,0,0,0,0,0,0,0,0,1
2026-09-09T00:20:55.915339+00:00,2646,871620,256x,50ms,0,0,0,0,0,0,0,0,0,0,0
2026-09-09T00:20:56.075854+00:00,2647,871779,256x,50ms,0,0,0,0,0,0,0,0,0,0,0
2026-09-09T00:20:56.234773+00:00,2648,871938,256x,50ms,0,0,0,0,0,0,0,0,0,0,0
2026-09-09T00:20:56.395990+00:00,2649,872096,256x,50ms,0,0,0,0,0,0,0,0,0,0,0
2026-09-09T00:20:56.547092+00:00,2650,872255,256x,50ms,0,0,0,0,0,0,0,0,0,0,0
2026-09-09T00:20:56.707033+00:00,2651,872414,256x,50ms,0,0,0,0,0,0,0,0,0,0,0
2026-09-09T00:20:56.866920+00:00,2652,872572,256x,50ms,0,0,0,0,0,0,0,0,0,0,1
2026-09-09T00:20:57.026680+00:00,2653,872730,256x,50ms,0,0,0,0,0,0,0,0,0,0,0
2026-09-09T00:20:57.178891+00:00,2654,872889,256x,50ms,0,0,0,0,0,0,0,0,0,0,0
2026-09-09T00:20:57.338736+00:00,2655,873049,256x,50ms,1,0,0,0,0,0,0,0,0,0,0
2026-09-09T00:20:57.499586+00:00,2656,873207,256x,50ms,1,0,0,0,0,0,0,0,0,0,1
2026-09-09T00:20:57.659353+00:00,2657,873366,256x,50ms,1,0,0,0,0,0,0,0,0,0,0
2026-09-09T00:20:57.818411+00:00,2658,873525,256x,50ms,1,0,0,0,0,0,0,0,0,0,0
2026-09-09T00:20:57.979065+00:00,2659,873683,256x,50ms,1,0,0,0,0,0,0,0,0,0,0
2026-09-09T00:20:58.138770+00:00,2660,873843,256x,50ms,1,0,0,0,0,0,0,0,0,0,0
2026-09-09T00:20:58.298939+00:00,2661,874002,256x,50ms,1,0,0,0,0,0,0,0,0,0,0
2026-09-09T00:20:58.459686+00:00,2662,874161,256x,50ms,1,0,0,0,0,0,0,0,0,0,1
2026-09-09T00:20:58.610047+00:00,2663,874319,256x,50ms,1,0,0,0,0,0,0,0,0,0,0
2026-09-09T00:20:58.771212+00:00,2664,874479,256x,50ms,1,0,0,0,0,0,0,0,0,0,0
2026-09-09T00:20:58.931505+00:00,2665,874639,256x,50ms,1,0,0,0,0,0,0,0,0,0,0
2026-09-09T00:20:59.091100+00:00,2666,874798,256x,50ms,1,0,0,0,0,0,0,0,0,0,1
2026-09-09T00:20:59.251204+00:00,2667,874956,256x,50ms,1,0,0,0,0,0,0,0,0,0,0
2026-09-09T00:20:59.410015+00:00,2668,875115,256x,50ms,1,0,0,0,0,0,0,0,0,0,0
2026-09-09T00:20:59.562260+00:00,2669,875274,256x,50ms,1,0,0,0,0,0,0,0,0,0,0
2026-09-09T00:20:59.722120+00:00,2670,875433,256x,50ms,1,0,0,0,0,0,0,0,0,0,0
2026-09-09T00:20:59.882583+00:00,2671,875592,256x,50ms,1,0,0,0,0,0,0,0,0,0,0
2026-09-09T00:21:00.042978+00:00,2672,875751,256x,50ms,1,0,0,0,0,0,0,0,0,0,0
2026-09-09T00:21:00.202830+00:00,2673,875910,256x,50ms,1,0,0,0,0,0,0,0,0,0,0
2026-09-09T00:21:00.363728+00:00,2674,876069,256x,50ms,0,0,0,0,0,0,0,0,0,0,0
2026-09-09T00:21:00.522085+00:00,2675,876227,256x,50ms,0,0,0,0,0,0,0,0,0,0,0
2026-09-09T00:21:00.682402+00:00,2676,876386,256x,50ms,0,0,0,0,0,0,0,0,0,0,1
2026-09-09T00:21:00.835055+00:00,2677,876545,256x,50ms,0,0,0,0,0,0,0,0,0,0,0
2026-09-09T00:21:00.995151+00:00,2678,876703,256x,50ms,0,0,0,0,0,0,0,0,0,0,0
2026-09-09T00:21:01.155335+00:00,2679,876862,256x,50ms,0,0,0,0,0,0,0,0,0,0,0
2026-09-09T00:21:01.315635+00:00,2680,877021,256x,50ms,0,0,0,0,0,0,0,0,0,0,1
2026-09-09T00:21:01.467320+00:00,2681,877179,256x,50ms,0,0,0,0,0,0,0,0,0,0,1
2026-09-09T00:21:01.626694+00:00,2682,877338,256x,50ms,0,0,0,0,0,0,0,0,0,0,0
2026-09-09T00:21:01.787232+00:00,2683,877497,256x,50ms,0,0,0,0,0,0,0,0,0,0,1
2026-09-09T00:21:01.946467+00:00,2684,877656,256x,50ms,0,0,0,0,0,0,0,0,0,0,1
2026-09-09T00:21:02.107358+00:00,2685,877813,256x,50ms,0,0,0,0,0,0,0,0,0,0,1
2026-09-09T00:21:02.267717+00:00,2686,877972,256x,50ms,0,0,0,0,0,0,0,0,0,0,1
2026-09-09T00:21:02.419003+00:00,2687,878131,256x,50ms,0,0,0,0,0,0,0,0,0,0,1
2026-09-09T00:21:02.579885+00:00,2688,878289,256x,50ms,0,0,0,0,0,0,0,0,0,0,1
2026-09-09T00:21:02.738789+00:00,2689,878448,256x,50ms,0,0,0,0,0,0,0,0,0,0,1
2026-09-09T00:21:02.899056+00:00,2690,878607,256x,50ms,0,0,0,0,0,0,0,0,0,0,0
2026-09-09T00:21:03.058163+00:00,2691,878765,256x,50ms,0,0,0,0,0,0,0,0,0,0,0
2026-09-09T00:21:03.211372+00:00,2692,878923,256x,50ms,0,0,0,0,0,0,0,0,0,0,1
2026-09-09T00:21:03.378752+00:00,2693,879082,256x,50ms,1,0,0,0,0,0,0,0,0,0,1
2026-09-09T00:21:03.530439+00:00,2694,879241,256x,50ms,1,0,0,0,0,0,0,0,0,0,1
2026-09-09T00:21:03.691531+00:00,2695,879399,256x,50ms,1,0,0,0,0,0,0,0,0,0,1
2026-09-09T00:21:03.850932+00:00,2696,879558,256x,50ms,1,0,0,0,0,0,0,0,0,0,1
2026-09-09T00:21:04.011636+00:00,2697,879718,256x,50ms,1,0,0,0,0,0,0,0,0,0,1
2026-09-09T00:21:04.162615+00:00,2698,879877,256x,50ms,1,0,0,0,0,0,0,0,0,0,1
2026-09-09T00:21:04.323528+00:00,2699,880035,256x,50ms,1,0,0,0,0,0,0,0,0,0,1
2026-09-09T00:21:04.482310+00:00,2700,880194,256x,50ms,1,0,0,0,0,0,0,0,0,0,1
2026-09-09T00:21:04.643006+00:00,2701,880353,256x,50ms,1,0,0,0,0,0,0,0,0,0,1
2026-09-09T00:21:04.803562+00:00,2702,880512,256x,50ms,1,0,0,0,0,0,0,0,0,0,1
2026-09-09T00:21:04.962723+00:00,2703,880670,256x,50ms,1,0,0,0,0,0,0,0,0,0,1
2026-09-09T00:21:05.123664+00:00,2704,880829,256x,50ms,1,0,0,0,0,0,0,0,0,0,1
2026-09-09T00:21:05.282390+00:00,2705,880988,256x,50ms,1,0,0,0,0,0,0,0,0,0,1
2026-09-09T00:21:05.435045+00:00,2706,881146,256x,50ms,1,0,0,0,0,0,0,0,0,0,1
2026-09-09T00:21:05.594069+00:00,2707,881305,256x,50ms,1,0,0,0,0,0,0,0,0,0,1
2026-09-09T00:21:05.754957+00:00,2708,881464,256x,50ms,1,0,0,0,0,0,0,0,0,0,1
2026-09-09T00:21:05.914836+00:00,2709,881623,256x,50ms,1,0,0,0,0,0,0,0,0,0,1
2026-09-09T00:21:06.067278+00:00,2710,881781,256x,50ms,1,0,0,0,0,0,0,0,0,0,1
2026-09-09T00:21:06.226634+00:00,2711,881940,256x,50ms,1,0,0,0,0,0,0,0,0,0,1
2026-09-09T00:21:06.386968+00:00,2712,882099,256x,50ms,0,0,0,0,0,0,0,0,0,0,1
2026-09-09T00:21:06.545863+00:00,2713,882257,256x,50ms,0,0,0,0,0,0,0,0,0,0,1
2026-09-09T00:21:06.706376+00:00,2714,882416,256x,50ms,0,0,0,0,0,0,0,0,0,0,1
2026-09-09T00:21:06.867268+00:00,2715,882575,256x,50ms,0,0,0,0,0,0,0,0,0,0,1
2026-09-09T00:21:07.027848+00:00,2716,882734,256x,50ms,0,0,0,0,0,0,0,0,0,0,1
2026-09-09T00:21:07.178702+00:00,2717,882891,256x,50ms,0,0,0,0,0,0,0,0,0,0,1
2026-09-09T00:21:07.338810+00:00,2718,883050,256x,50ms,0,0,0,0,0,0,0,0,0,0,0
2026-09-09T00:21:07.499402+00:00,2719,883210,256x,50ms,0,0,0,0,0,0,0,0,0,0,1
2026-09-09T00:21:07.658967+00:00,2720,883367,256x,50ms,0,0,0,0,0,0,0,0,0,0,1
2026-09-09T00:21:07.811596+00:00,2721,883526,256x,50ms,0,0,0,0,0,0,0,0,0,0,0
2026-09-09T00:21:07.979480+00:00,2722,883686,256x,50ms,0,0,0,0,0,0,0,0,0,0,1
2026-09-09T00:21:08.138840+00:00,2723,883845,256x,50ms,0,0,0,0,0,0,0,0,0,0,1
2026-09-09T00:21:08.290932+00:00,2724,884002,256x,50ms,0,0,0,0,0,0,0,0,0,0,1
2026-09-09T00:21:08.451144+00:00,2725,884161,256x,50ms,0,0,0,0,0,0,0,0,0,0,1
2026-09-09T00:21:08.611541+00:00,2726,884320,256x,50ms,0,0,0,0,0,0,0,0,0,0,1
2026-09-09T00:21:08.762090+00:00,2727,884478,256x,50ms,0,0,0,0,0,0,0,0,0,0,1
2026-09-09T00:21:08.923080+00:00,2728,884637,256x,50ms,0,0,0,0,0,0,0,0,0,0,1
2026-09-09T00:21:09.083789+00:00,2729,884796,256x,50ms,0,0,0,0,0,0,0,0,0,0,1
2026-09-09T00:21:09.242982+00:00,2730,884955,256x,50ms,0,0,0,0,0,0,0,0,0,0,1
2026-09-09T00:21:09.403290+00:00,2731,885112,256x,50ms,1,0,0,0,0,0,0,0,0,0,1
2026-09-09T00:21:09.563786+00:00,2732,885271,256x,50ms,1,0,0,0,0,0,0,0,0,0,1
2026-09-09T00:21:09.722133+00:00,2733,885430,256x,50ms,1,0,0,0,0,0,0,0,0,0,0
2026-09-09T00:21:09.883485+00:00,2734,885590,256x,50ms,1,0,0,0,0,0,0,0,0,0,1
2026-09-09T00:21:10.035874+00:00,2735,885748,256x,50ms,1,0,0,0,0,0,0,0,0,0,0
2026-09-09T00:21:10.195355+00:00,2736,885908,256x,50ms,1,0,0,0,0,0,0,0,0,0,0
2026-09-09T00:21:10.354735+00:00,2737,886067,256x,50ms,1,0,0,0,0,0,0,0,0,0,1
2026-09-09T00:21:10.514836+00:00,2738,886225,256x,50ms,1,0,0,0,0,0,0,0,0,0,1
2026-09-09T00:21:10.675401+00:00,2739,886384,256x,50ms,1,0,0,0,0,0,0,0,0,0,0
2026-09-09T00:21:10.826698+00:00,2740,886543,256x,50ms,1,0,0,0,0,0,0,0,0,0,1
2026-09-09T00:21:10.987546+00:00,2741,886702,256x,50ms,1,0,0,0,0,0,0,0,0,0,1
2026-09-09T00:21:11.147125+00:00,2742,886860,256x,50ms,1,0,0,0,0,0,0,0,0,0,1
2026-09-09T00:21:11.306679+00:00,2743,887019,256x,50ms,1,0,0,0,0,0,0,0,0,0,1
2026-09-09T00:21:11.467752+00:00,2744,887179,256x,50ms,1,0,0,0,0,0,0,0,0,0,1
2026-09-09T00:21:11.626624+00:00,2745,887337,256x,50ms,1,0,0,0,0,0,0,0,0,0,0
2026-09-09T00:21:11.787105+00:00,2746,887496,256x,50ms,1,0,0,0,0,0,0,0,0,0,1
2026-09-09T00:21:11.947195+00:00,2747,887656,256x,50ms,1,0,0,0,0,0,0,0,0,0,0
2026-09-09T00:21:12.106272+00:00,2748,887815,256x,50ms,1,0,0,0,0,0,0,0,0,0,1
2026-09-09T00:21:12.259022+00:00,2749,887973,256x,50ms,1,0,0,0,0,0,0,0,0,0,1
2026-09-09T00:21:12.419313+00:00,2750,888132,256x,50ms,0,0,0,0,0,0,0,0,0,0,1
2026-09-09T00:21:12.578702+00:00,2751,888291,256x,50ms,0,0,0,0,0,0,0,0,0,0,0
2026-09-09T00:21:12.731717+00:00,2752,888450,256x,50ms,0,0,0,0,0,0,0,0,0,0,1
2026-09-09T00:21:12.899759+00:00,2753,888608,256x,50ms,0,0,0,0,0,0,0,0,0,0,1
2026-09-09T00:21:13.051326+00:00,2754,888766,256x,50ms,0,0,0,0,0,0,0,0,0,0,1
2026-09-09T00:21:13.211661+00:00,2755,888925,256x,50ms,0,0,0,0,0,0,0,0,0,0,1
2026-09-09T00:21:13.371201+00:00,2756,889083,256x,50ms,0,0,0,0,0,0,0,0,0,0,1
2026-09-09T00:21:13.530472+00:00,2757,889242,256x,50ms,0,0,0,0,0,0,0,0,0,0,1
2026-09-09T00:21:13.690736+00:00,2758,889401,256x,50ms,0,0,0,0,0,0,0,0,0,0,1
2026-09-09T00:21:13.842776+00:00,2759,889560,256x,50ms,0,0,0,0,0,0,0,0,0,0,0
2026-09-09T00:21:14.003013+00:00,2760,889718,256x,50ms,0,0,0,0,0,0,0,0,0,0,1
2026-09-09T00:21:14.162981+00:00,2761,889877,256x,50ms,0,0,0,0,0,0,0,0,0,0,1
2026-09-09T00:21:14.323199+00:00,2762,890036,256x,50ms,0,0,0,0,0,0,0,0,0,0,1
2026-09-09T00:21:14.483835+00:00,2763,890194,256x,50ms,0,0,0,0,0,0,0,0,0,0,1
2026-09-09T00:21:14.642950+00:00,2764,890353,256x,50ms,0,0,0,0,0,0,0,0,0,0,1
2026-09-09T00:21:14.795742+00:00,2765,890512,256x,50ms,0,0,0,0,0,0,0,0,0,0,1
2026-09-09T00:21:14.954590+00:00,2766,890671,256x,50ms,0,0,0,0,0,0,0,0,0,0,1
2026-09-09T00:21:15.115199+00:00,2767,890829,256x,50ms,0,0,0,0,0,0,0,0,0,0,0
2026-09-09T00:21:15.274763+00:00,2768,890987,256x,50ms,0,0,0,0,0,0,0,0,0,0,1
2026-09-09T00:21:15.435020+00:00,2769,891146,256x,50ms,1,0,0,0,0,0,0,0,0,0,1
2026-09-09T00:21:15.586767+00:00,2770,891304,256x,50ms,1,0,0,0,0,0,0,0,0,0,1
2026-09-09T00:21:15.746282+00:00,2771,891463,256x,50ms,1,0,0,0,0,0,0,0,0,0,1
2026-09-09T00:21:15.906742+00:00,2772,891622,256x,50ms,1,0,0,0,0,0,0,0,0,0,1
2026-09-09T00:21:16.067431+00:00,2773,891781,256x,50ms,1,0,0,0,0,0,0,0,0,0,1
2026-09-09T00:21:16.227825+00:00,2774,891940,256x,50ms,1,0,0,0,0,0,0,0,0,0,0
2026-09-09T00:21:16.386656+00:00,2775,892099,256x,50ms,1,0,0,0,0,0,0,0,0,0,0
2026-09-09T00:21:16.546829+00:00,2776,892258,256x,50ms,1,0,0,0,0,0,0,0,0,0,0
2026-09-09T00:21:16.707551+00:00,2777,892417,256x,50ms,1,0,0,0,0,0,0,0,0,0,0
2026-09-09T00:21:16.867063+00:00,2778,892576,256x,50ms,1,0,0,0,0,0,0,0,0,0,1
2026-09-09T00:21:17.019599+00:00,2779,892735,256x,50ms,1,0,0,0,0,0,0,0,0,0,1
2026-09-09T00:21:17.178769+00:00,2780,892894,256x,50ms,1,0,0,0,0,0,0,0,0,0,1
2026-09-09T00:21:17.338657+00:00,2781,893052,256x,50ms,1,0,0,0,0,0,0,0,0,0,1
2026-09-09T00:21:17.498889+00:00,2782,893211,256x,50ms,1,0,0,0,0,0,0,0,0,0,0
2026-09-09T00:21:17.659191+00:00,2783,893371,256x,50ms,1,0,0,0,0,0,0,0,0,0,0
2026-09-09T00:21:17.818296+00:00,2784,893530,256x,50ms,1,0,0,0,0,0,0,0,0,0,1
2026-09-09T00:21:17.970642+00:00,2785,893689,256x,50ms,1,0,0,0,0,0,0,0,0,0,1
2026-09-09T00:21:18.130900+00:00,2786,893848,256x,50ms,1,0,0,0,0,0,0,0,0,0,1
2026-09-09T00:21:18.291704+00:00,2787,894007,256x,50ms,1,0,0,0,0,0,0,0,0,0,0
2026-09-09T00:21:18.451301+00:00,2788,894166,256x,50ms,0,0,0,0,0,0,0,0,0,0,1
2026-09-09T00:21:18.610202+00:00,2789,894324,256x,50ms,0,0,0,0,0,0,0,0,0,0,1
2026-09-09T00:21:18.770739+00:00,2790,894483,256x,50ms,0,0,0,0,0,0,0,0,0,0,1
2026-09-09T00:21:18.931431+00:00,2791,894642,256x,50ms,0,0,0,0,0,0,0,0,0,0,1
2026-09-09T00:21:19.083596+00:00,2792,894800,256x,50ms,0,0,0,0,0,0,0,0,0,0,0
2026-09-09T00:21:19.243432+00:00,2793,894959,256x,50ms,0,0,0,0,0,0,0,0,0,0,0
2026-09-09T00:21:19.402879+00:00,2794,895118,256x,50ms,0,0,0,0,0,0,0,0,0,0,1
2026-09-09T00:21:19.563117+00:00,2795,895278,256x,50ms,0,0,0,0,0,0,0,0,0,0,1
2026-09-09T00:21:19.715627+00:00,2796,895435,256x,50ms,0,0,0,0,0,0,0,0,0,0,1
2026-09-09T00:21:19.882919+00:00,2797,895594,256x,50ms,0,0,0,0,0,0,0,0,0,0,0
2026-09-09T00:21:20.035963+00:00,2798,895753,256x,50ms,0,0,0,0,0,0,0,0,0,0,0
2026-09-09T00:21:20.194243+00:00,2799,895911,256x,50ms,0,0,0,0,0,0,0,0,0,0,1
2026-09-09T00:21:20.354572+00:00,2800,896070,256x,50ms,0,0,0,0,0,0,0,0,0,0,1
2026-09-09T00:21:20.515814+00:00,2801,896229,256x,50ms,0,0,0,0,0,0,0,0,0,0,1
2026-09-09T00:21:20.674976+00:00,2802,896388,256x,50ms,0,0,0,0,0,0,0,0,0,0,1
2026-09-09T00:21:20.827199+00:00,2803,896546,256x,50ms,0,0,0,0,0,0,0,0,0,0,1
2026-09-09T00:21:20.986429+00:00,2804,896705,256x,50ms,0,0,0,0,0,0,0,0,0,0,1
2026-09-09T00:21:21.147033+00:00,2805,896864,256x,50ms,0,0,0,0,0,0,0,0,0,0,1
2026-09-09T00:21:21.306784+00:00,2806,897022,256x,50ms,0,0,0,0,0,0,0,0,0,0,1
2026-09-09T00:21:21.467010+00:00,2807,897180,256x,50ms,1,0,0,0,0,0,0,0,0,0,0
2026-09-09T00:21:21.627683+00:00,2808,897340,256x,50ms,1,0,0,0,0,0,0,0,0,0,0
2026-09-09T00:21:21.787222+00:00,2809,897499,256x,50ms,1,0,0,0,0,0,0,0,0,0,0
2026-09-09T00:21:21.946613+00:00,2810,897657,256x,50ms,1,0,0,0,0,0,0,0,0,0,0
2026-09-09T00:21:22.098638+00:00,2811,897816,256x,50ms,1,0,0,0,0,0,0,0,0,0,1
2026-09-09T00:21:22.259617+00:00,2812,897975,256x,50ms,1,0,0,0,0,0,0,0,0,0,1
2026-09-09T00:21:22.418445+00:00,2813,898135,256x,50ms,1,0,0,0,0,0,0,0,0,0,0
2026-09-09T00:21:22.579619+00:00,2814,898294,256x,50ms,1,0,0,0,0,0,0,0,0,0,1
2026-09-09T00:21:22.739101+00:00,2815,898453,256x,50ms,1,0,0,0,0,0,0,0,0,0,1
2026-09-09T00:21:22.898986+00:00,2816,898612,256x,50ms,1,0,0,0,0,0,0,0,0,0,1
2026-09-09T00:21:23.050938+00:00,2817,898770,256x,50ms,1,0,0,0,0,0,0,0,0,0,0
2026-09-09T00:21:23.210754+00:00,2818,898929,256x,50ms,1,0,0,0,0,0,0,0,0,0,0
2026-09-09T00:21:23.370776+00:00,2819,899089,256x,50ms,1,0,0,0,0,0,0,0,0,0,0
2026-09-09T00:21:23.531306+00:00,2820,899248,256x,50ms,1,0,0,0,0,0,0,0,0,0,1
2026-09-09T00:21:23.691485+00:00,2821,899406,256x,50ms,1,0,0,0,0,0,0,0,0,0,1
2026-09-09T00:21:23.850999+00:00,2822,899565,256x,50ms,1,0,0,0,0,0,0,0,0,0,1
2026-09-09T00:21:24.011134+00:00,2823,899725,256x,50ms,1,0,0,0,0,0,0,0,0,0,1
2026-09-09T00:21:24.171080+00:00,2824,899884,256x,50ms,1,0,0,0,0,0,0,0,0,0,1
2026-09-09T00:21:24.330383+00:00,2825,900042,256x,50ms,1,0,0,0,0,0,0,0,0,0,1
2026-09-09T00:21:24.483443+00:00,2826,900201,256x,50ms,0,0,0,0,0,0,0,0,0,0,1
2026-09-09T00:21:24.642862+00:00,2827,900360,256x,50ms,0,0,0,0,0,0,0,0,0,0,1
2026-09-09T00:21:24.803628+00:00,2828,900517,256x,50ms,0,0,0,0,0,0,0,0,0,0,0
2026-09-09T00:21:24.955234+00:00,2829,900676,256x,50ms,0,0,0,0,0,0,0,0,0,0,1
2026-09-09T00:21:25.115671+00:00,2830,900835,256x,50ms,0,0,0,0,0,0,0,0,0,0,1
2026-09-09T00:21:25.274930+00:00,2831,900994,256x,50ms,0,0,0,0,0,0,0,0,0,0,0
2026-09-09T00:21:25.434510+00:00,2832,901152,256x,50ms,0,0,0,0,0,0,0,0,0,0,1
2026-09-09T00:21:25.595328+00:00,2833,901312,256x,50ms,0,0,0,0,0,0,0,0,0,0,0
2026-09-09T00:21:25.754939+00:00,2834,901470,256x,50ms,0,0,0,0,0,0,0,0,0,0,1
2026-09-09T00:21:25.914877+00:00,2835,901628,256x,50ms,0,0,0,0,0,0,0,0,0,0,1
2026-09-09T00:21:26.066172+00:00,2836,901787,256x,50ms,0,0,0,0,0,0,0,0,0,0,1
2026-09-09T00:21:26.226562+00:00,2837,901946,256x,50ms,0,0,0,0,0,0,0,0,0,0,1
2026-09-09T00:21:26.386661+00:00,2838,902105,256x,50ms,0,0,0,0,0,0,0,0,0,0,1
2026-09-09T00:21:26.547080+00:00,2839,902263,256x,50ms,0,0,0,0,0,0,0,0,0,0,1
2026-09-09T00:21:26.699561+00:00,2840,902421,256x,50ms,0,0,0,0,0,0,0,0,0,0,0
2026-09-09T00:21:26.867098+00:00,2841,902580,256x,50ms,0,0,0,0,0,0,0,0,0,0,1
2026-09-09T00:21:27.018926+00:00,2842,902738,256x,50ms,0,0,0,0,0,0,0,0,0,0,0
2026-09-09T00:21:27.179084+00:00,2843,902897,256x,50ms,0,0,0,0,0,0,0,0,0,0,0
2026-09-09T00:21:27.338696+00:00,2844,903056,256x,50ms,0,0,0,0,0,0,0,0,0,0,1
2026-09-09T00:21:27.499296+00:00,2845,903215,256x,50ms,1,0,0,0,0,0,0,0,0,0,1
2026-09-09T00:21:27.658722+00:00,2846,903373,256x,50ms,1,0,0,0,0,0,0,0,0,0,0
2026-09-09T00:21:27.811021+00:00,2847,903532,256x,50ms,1,0,0,0,0,0,0,0,0,0,1
2026-09-09T00:21:27.971772+00:00,2848,903691,256x,50ms,1,0,0,0,0,0,0,0,0,0,1
2026-09-09T00:21:28.130337+00:00,2849,903849,256x,50ms,1,0,0,0,0,0,0,0,0,0,1
2026-09-09T00:21:28.291353+00:00,2850,904008,256x,50ms,1,0,0,0,0,0,0,0,0,0,1
2026-09-09T00:21:28.450698+00:00,2851,904167,256x,50ms,1,0,0,0,0,0,0,0,0,0,1
2026-09-09T00:21:28.610774+00:00,2852,904326,256x,50ms,1,0,0,0,0,0,0,0,0,0,1
2026-09-09T00:21:28.771145+00:00,2853,904484,256x,50ms,1,0,0,0,0,0,0,0,0,0,1
2026-09-09T00:21:28.930329+00:00,2854,904643,256x,50ms,1,0,0,0,0,0,0,0,0,0,0
2026-09-09T00:21:29.082537+00:00,2855,904802,256x,50ms,1,0,0,0,0,0,0,0,0,0,0
2026-09-09T00:21:29.242705+00:00,2856,904962,256x,50ms,1,0,0,0,0,0,0,0,0,0,1
2026-09-09T00:21:29.403603+00:00,2857,905120,256x,50ms,1,0,0,0,0,0,0,0,0,0,0
2026-09-09T00:21:29.563045+00:00,2858,905279,256x,50ms,1,0,0,0,0,0,0,0,0,0,0
2026-09-09T00:21:29.714937+00:00,2859,905438,256x,50ms,1,0,0,0,0,0,0,0,0,0,1
2026-09-09T00:21:29.874910+00:00,2860,905596,256x,50ms,1,0,0,0,0,0,0,0,0,0,1
2026-09-09T00:21:30.034987+00:00,2861,905755,256x,50ms,1,0,0,0,0,0,0,0,0,0,0
2026-09-09T00:21:30.195657+00:00,2862,905915,256x,50ms,1,0,0,0,0,0,0,0,0,0,0
2026-09-09T00:21:30.354575+00:00,2863,906074,256x,50ms,1,0,0,0,0,0,0,0,0,0,0
2026-09-09T00:21:30.514921+00:00,2864,906233,256x,50ms,0,0,0,0,0,0,0,0,0,0,0
2026-09-09T00:21:30.675035+00:00,2865,906392,256x,50ms,0,0,0,0,0,0,0,0,0,0,0
2026-09-09T00:21:30.834475+00:00,2866,906551,256x,50ms,0,0,0,0,0,0,0,0,0,0,0
2026-09-09T00:21:30.988135+00:00,2867,906710,256x,50ms,0,0,0,0,0,0,0,0,0,0,0
2026-09-09T00:21:31.146729+00:00,2868,906868,256x,50ms,0,0,0,0,0,0,0,0,0,0,0
2026-09-09T00:21:31.306704+00:00,2869,907027,256x,50ms,0,0,0,0,0,0,0,0,0,0,1
2026-09-09T00:21:31.467515+00:00,2870,907186,256x,50ms,0,0,0,0,0,0,0,0,0,0,1
2026-09-09T00:21:31.626585+00:00,2871,907344,256x,50ms,0,0,0,0,0,0,0,0,0,0,1
2026-09-09T00:21:31.779431+00:00,2872,907503,256x,50ms,0,0,0,0,0,0,0,0,0,0,0
2026-09-09T00:21:31.938674+00:00,2873,907661,256x,50ms,0,0,0,0,0,0,0,0,0,0,0
2026-09-09T00:21:32.099705+00:00,2874,907820,256x,50ms,0,0,0,0,0,0,0,0,0,0,0
2026-09-09T00:21:32.259367+00:00,2875,907978,256x,50ms,0,0,0,0,0,0,0,0,0,0,0
2026-09-09T00:21:32.419444+00:00,2876,908137,256x,50ms,0,0,0,0,0,0,0,0,0,0,1
2026-09-09T00:21:32.579347+00:00,2877,908296,256x,50ms,0,0,0,0,0,0,0,0,0,0,1
2026-09-09T00:21:32.730672+00:00,2878,908454,256x,50ms,0,0,0,0,0,0,0,0,0,0,1
2026-09-09T00:21:32.890431+00:00,2879,908613,256x,50ms,0,0,0,0,0,0,0,0,0,0,0
2026-09-09T00:21:33.050908+00:00,2880,908771,256x,50ms,0,0,0,0,0,0,0,0,0,0,0
2026-09-09T00:21:33.210937+00:00,2881,908930,256x,50ms,0,0,0,0,0,0,0,0,0,0,0
2026-09-09T00:21:33.370784+00:00,2882,909088,256x,50ms,0,0,0,0,0,0,0,0,0,0,0
2026-09-09T00:21:33.530288+00:00,2883,909247,256x,50ms,1,0,0,0,0,0,0,0,0,0,0
2026-09-09T00:21:33.690936+00:00,2884,909406,256x,50ms,1,0,0,0,0,0,0,0,0,0,1
2026-09-09T00:21:33.843426+00:00,2885,909564,256x,50ms,1,0,0,0,0,0,0,0,0,0,0
2026-09-09T00:21:34.003905+00:00,2886,909724,256x,50ms,1,0,0,0,0,0,0,0,0,0,0
2026-09-09T00:21:34.163533+00:00,2887,909883,256x,50ms,1,0,0,0,0,0,0,0,0,0,0
2026-09-09T00:21:34.323025+00:00,2888,910042,256x,50ms,1,0,0,0,0,0,0,0,0,0,0
2026-09-09T00:21:34.482104+00:00,2889,910201,256x,50ms,1,0,0,0,0,0,0,0,0,0,0
2026-09-09T00:21:34.643546+00:00,2890,910360,256x,50ms,1,0,0,0,0,0,0,0,0,0,0
2026-09-09T00:21:34.794919+00:00,2891,910519,256x,50ms,1,0,0,0,0,0,0,0,0,0,0
2026-09-09T00:21:34.954963+00:00,2892,910679,256x,50ms,1,0,0,0,0,0,0,0,0,0,0
2026-09-09T00:21:35.114779+00:00,2893,910837,256x,50ms,1,0,0,0,0,0,0,0,0,0,0
2026-09-09T00:21:35.274044+00:00,2894,910997,256x,50ms,1,0,0,0,0,0,0,0,0,0,0
2026-09-09T00:21:35.434518+00:00,2895,911156,256x,50ms,1,0,0,0,0,0,0,0,0,0,0
2026-09-09T00:21:35.595907+00:00,2896,911314,256x,50ms,1,0,0,0,0,0,0,0,0,0,0
2026-09-09T00:21:35.755317+00:00,2897,911473,256x,50ms,1,0,0,0,0,0,0,0,0,0,0
2026-09-09T00:21:35.915627+00:00,2898,911633,256x,50ms,1,0,0,0,0,0,0,0,0,0,0
2026-09-09T00:21:36.075227+00:00,2899,911792,256x,50ms,1,0,0,0,0,0,0,0,0,0,0
2026-09-09T00:21:36.235091+00:00,2900,911951,256x,50ms,1,0,0,0,0,0,0,0,0,0,0
2026-09-09T00:21:36.386977+00:00,2901,912111,256x,50ms,1,0,0,0,0,0,0,0,0,0,1
2026-09-09T00:21:36.546914+00:00,2902,912270,256x,50ms,0,0,0,0,0,0,0,0,0,0,1
2026-09-09T00:21:36.706262+00:00,2903,912429,256x,50ms,0,0,0,0,0,0,0,0,0,0,1
2026-09-09T00:21:36.867269+00:00,2904,912587,256x,50ms,0,0,0,0,0,0,0,0,0,0,1
2026-09-09T00:21:37.026790+00:00,2905,912746,256x,50ms,0,0,0,0,0,0,0,0,0,0,1
2026-09-09T00:21:37.178638+00:00,2906,912905,256x,50ms,0,0,0,0,0,0,0,0,0,0,1
2026-09-09T00:21:37.338728+00:00,2907,913063,256x,50ms,0,0,0,0,0,0,0,0,0,0,1
2026-09-09T00:21:37.498952+00:00,2908,913221,256x,50ms,0,0,0,0,0,0,0,0,0,0,0
2026-09-09T00:21:37.659196+00:00,2909,913380,256x,50ms,0,0,0,0,0,0,0,0,0,0,0
2026-09-09T00:21:37.819489+00:00,2910,913539,256x,50ms,0,0,0,0,0,0,0,0,0,0,0
2026-09-09T00:21:37.978979+00:00,2911,913697,256x,50ms,0,0,0,0,0,0,0,0,0,0,0
2026-09-09T00:21:38.138591+00:00,2912,913856,256x,50ms,0,0,0,0,0,0,0,0,0,0,1
2026-09-09T00:21:38.290574+00:00,2913,914015,256x,50ms,0,0,0,0,0,0,0,0,0,0,0
2026-09-09T00:21:38.450734+00:00,2914,914173,256x,50ms,0,0,0,0,0,0,0,0,0,0,0
2026-09-09T00:21:38.610793+00:00,2915,914331,256x,50ms,0,0,0,0,0,0,0,0,0,0,0
2026-09-09T00:21:38.762983+00:00,2916,914490,256x,50ms,0,0,0,0,0,0,0,0,0,0,0
2026-09-09T00:21:38.923008+00:00,2917,914649,256x,50ms,0,0,0,0,0,0,0,0,0,0,0
2026-09-09T00:21:39.082664+00:00,2918,914807,256x,50ms,0,0,0,0,0,0,0,0,0,0,1
2026-09-09T00:21:39.243301+00:00,2919,914966,256x,50ms,0,0,0,0,0,0,0,0,0,0,0
2026-09-09T00:21:39.403545+00:00,2920,915125,256x,50ms,0,0,0,0,0,0,0,0,0,0,0
2026-09-09T00:21:39.563059+00:00,2921,915283,256x,50ms,1,0,0,0,0,0,0,0,0,0,0
2026-09-09T00:21:39.721981+00:00,2922,915442,256x,50ms,1,0,0,0,0,0,0,0,0,0,0
2026-09-09T00:21:39.882301+00:00,2923,915602,256x,50ms,1,0,0,0,0,0,0,0,0,0,1
2026-09-09T00:21:40.042752+00:00,2924,915761,256x,50ms,1,0,0,0,0,0,0,0,0,0,1
2026-09-09T00:21:40.195372+00:00,2925,915919,256x,50ms,1,0,0,0,0,0,0,0,0,0,0
2026-09-09T00:21:40.354394+00:00,2926,916078,256x,50ms,1,0,0,0,0,0,0,0,0,0,0
2026-09-09T00:21:40.515426+00:00,2927,916238,256x,50ms,1,0,0,0,0,0,0,0,0,0,0
2026-09-09T00:21:40.675282+00:00,2928,916397,256x,50ms,1,0,0,0,0,0,0,0,0,0,1
2026-09-09T00:21:40.834973+00:00,2929,916555,256x,50ms,1,0,0,0,0,0,0,0,0,0,1
2026-09-09T00:21:40.987158+00:00,2930,916714,256x,50ms,1,0,0,0,0,0,0,0,0,0,0
2026-09-09T00:21:41.146928+00:00,2931,916874,256x,50ms,1,0,0,0,0,0,0,0,0,0,1
2026-09-09T00:21:41.307827+00:00,2932,917032,256x,50ms,1,0,0,0,0,0,0,0,0,0,1
2026-09-09T00:21:41.467128+00:00,2933,917191,256x,50ms,1,0,0,0,0,0,0,0,0,0,1
2026-09-09T00:21:41.626638+00:00,2934,917350,256x,50ms,1,0,0,0,0,0,0,0,0,0,1
2026-09-09T00:21:41.787154+00:00,2935,917509,256x,50ms,1,0,0,0,0,0,0,0,0,0,1
2026-09-09T00:21:41.946859+00:00,2936,917667,256x,50ms,1,0,0,0,0,0,0,0,0,0,0
2026-09-09T00:21:42.106554+00:00,2937,917826,256x,50ms,1,0,0,0,0,0,0,0,0,0,1
2026-09-09T00:21:42.259252+00:00,2938,917985,256x,50ms,1,0,0,0,0,0,0,0,0,0,1
2026-09-09T00:21:42.418209+00:00,2939,918144,256x,50ms,1,0,0,0,0,0,0,0,0,0,1
2026-09-09T00:21:42.579224+00:00,2940,918303,256x,50ms,0,0,0,0,0,0,0,0,0,0,1
2026-09-09T00:21:42.738758+00:00,2941,918461,256x,50ms,0,0,0,0,0,0,0,0,0,0,0
2026-09-09T00:21:42.898879+00:00,2942,918620,256x,50ms,0,0,0,0,0,0,0,0,0,0,0
2026-09-09T00:21:43.059166+00:00,2943,918778,256x,50ms,0,0,0,0,0,0,0,0,0,0,1
2026-09-09T00:21:43.211098+00:00,2944,918937,256x,50ms,0,0,0,0,0,0,0,0,0,0,1
2026-09-09T00:21:43.370369+00:00,2945,919096,256x,50ms,0,0,0,0,0,0,0,0,0,0,0
2026-09-09T00:21:43.530324+00:00,2946,919255,256x,50ms,0,0,0,0,0,0,0,0,0,0,1
2026-09-09T00:21:43.691115+00:00,2947,919412,256x,50ms,0,0,0,0,0,0,0,0,0,0,0
2026-09-09T00:21:43.843008+00:00,2948,919571,256x,50ms,0,0,0,0,0,0,0,0,0,0,1
2026-09-09T00:21:44.002143+00:00,2949,919730,256x,50ms,0,0,0,0,0,0,0,0,0,0,1
2026-09-09T00:21:44.163022+00:00,2950,919888,256x,50ms,0,0,0,0,0,0,0,0,0,0,0
2026-09-09T00:21:44.322888+00:00,2951,920048,256x,50ms,0,0,0,0,0,0,0,0,0,0,1
2026-09-09T00:21:44.482817+00:00,2952,920207,256x,50ms,0,0,0,0,0,0,0,0,0,0,1
2026-09-09T00:21:44.642803+00:00,2953,920366,256x,50ms,0,0,0,0,0,0,0,0,0,0,1
2026-09-09T00:21:44.803016+00:00,2954,920523,256x,50ms,0,0,0,0,0,0,0,0,0,0,0
2026-09-09T00:21:44.963092+00:00,2955,920682,256x,50ms,0,0,0,0,0,0,0,0,0,0,0
2026-09-09T00:21:45.114802+00:00,2956,920842,256x,50ms,0,0,0,0,0,0,0,0,0,0,0
2026-09-09T00:21:45.275114+00:00,2957,920999,256x,50ms,0,0,0,0,0,0,0,0,0,0,0
2026-09-09T00:21:45.434890+00:00,2958,921159,256x,50ms,0,0,0,0,0,0,0,0,0,0,0
2026-09-09T00:21:45.594774+00:00,2959,921318,256x,50ms,1,0,0,0,0,0,0,0,0,0,0
2026-09-09T00:21:45.746992+00:00,2960,921477,256x,50ms,1,0,0,0,0,0,0,0,0,0,1
2026-09-09T00:21:45.915239+00:00,2961,921635,256x,50ms,1,0,0,0,0,0,0,0,0,0,0
2026-09-09T00:21:46.066389+00:00,2962,921794,256x,50ms,1,0,0,0,0,0,0,0,0,0,0
2026-09-09T00:21:46.226882+00:00,2963,921953,256x,50ms,1,0,0,0,0,0,0,0,0,0,0
2026-09-09T00:21:46.387686+00:00,2964,922113,256x,50ms,1,0,0,0,0,0,0,0,0,0,0
2026-09-09T00:21:46.546907+00:00,2965,922271,256x,50ms,1,0,0,0,0,0,0,0,0,0,0
2026-09-09T00:21:46.707149+00:00,2966,922430,256x,50ms,1,0,0,0,0,0,0,0,0,0,1
2026-09-09T00:21:46.866861+00:00,2967,922589,256x,50ms,1,0,0,0,0,0,0,0,0,0,1
2026-09-09T00:21:47.027412+00:00,2968,922747,256x,50ms,1,0,0,0,0,0,0,0,0,0,1
2026-09-09T00:21:47.178515+00:00,2969,922906,256x,50ms,1,0,0,0,0,0,0,0,0,0,1
2026-09-09T00:21:47.338619+00:00,2970,923065,256x,50ms,1,0,0,0,0,0,0,0,0,0,0
2026-09-09T00:21:47.499707+00:00,2971,923225,256x,50ms,1,0,0,0,0,0,0,0,0,0,0
2026-09-09T00:21:47.658833+00:00,2972,923383,256x,50ms,1,0,0,0,0,0,0,0,0,0,0
2026-09-09T00:21:47.818281+00:00,2973,923542,256x,50ms,1,0,0,0,0,0,0,0,0,0,1
2026-09-09T00:21:47.971043+00:00,2974,923701,256x,50ms,1,0,0,0,0,0,0,0,0,0,0
2026-09-09T00:21:48.138589+00:00,2975,923859,256x,50ms,1,0,0,0,0,0,0,0,0,0,1
2026-09-09T00:21:48.291435+00:00,2976,924019,256x,50ms,1,0,0,0,0,0,0,0,0,0,0
2026-09-09T00:21:48.451587+00:00,2977,924178,256x,50ms,1,0,0,0,0,0,0,0,0,0,0
2026-09-09T00:21:48.610550+00:00,2978,924337,256x,50ms,0,0,0,0,0,0,0,0,0,0,0
2026-09-09T00:21:48.771342+00:00,2979,924495,256x,50ms,0,0,0,0,0,0,0,0,0,0,0
2026-09-09T00:21:48.930245+00:00,2980,924654,256x,50ms,0,0,0,0,0,0,0,0,0,0,1
2026-09-09T00:21:49.091302+00:00,2981,924813,256x,50ms,0,0,0,0,0,0,0,0,0,0,0
2026-09-09T00:21:49.242742+00:00,2982,924972,256x,50ms,0,0,0,0,0,0,0,0,0,0,0
2026-09-09T00:21:49.402768+00:00,2983,925130,256x,50ms,0,0,0,0,0,0,0,0,0,0,0
2026-09-09T00:21:49.562891+00:00,2984,925288,256x,50ms,0,0,0,0,0,0,0,0,0,0,1
2026-09-09T00:21:49.723216+00:00,2985,925447,256x,50ms,0,0,0,0,0,0,0,0,0,0,0
2026-09-09T00:21:49.883146+00:00,2986,925605,256x,50ms,0,0,0,0,0,0,0,0,0,0,1
2026-09-09T00:21:50.035489+00:00,2987,925764,256x,50ms,0,0,0,0,0,0,0,0,0,0,1
2026-09-09T00:21:50.195153+00:00,2988,925923,256x,50ms,0,0,0,0,0,0,0,0,0,0,0
2026-09-09T00:21:50.354858+00:00,2989,926082,256x,50ms,0,0,0,0,0,0,0,0,0,0,1
2026-09-09T00:21:50.515175+00:00,2990,926240,256x,50ms,0,0,0,0,0,0,0,0,0,0,0
2026-09-09T00:21:50.675211+00:00,2991,926400,256x,50ms,0,0,0,0,0,0,0,0,0,0,1
2026-09-09T00:21:50.826549+00:00,2992,926559,256x,50ms,0,0,0,0,0,0,0,0,0,0,0
2026-09-09T00:21:50.987144+00:00,2993,926716,256x,50ms,0,0,0,0,0,0,0,0,0,0,0
2026-09-09T00:21:51.146855+00:00,2994,926875,256x,50ms,0,0,0,0,0,0,0,0,0,0,1
2026-09-09T00:21:51.307324+00:00,2995,927035,256x,50ms,0,0,0,0,0,0,0,0,0,0,1
2026-09-09T00:21:51.467475+00:00,2996,927194,256x,50ms,0,0,0,0,0,0,0,0,0,0,0
2026-09-09T00:21:51.626611+00:00,2997,927351,256x,50ms,1,0,0,0,0,0,0,0,0,0,0
2026-09-09T00:21:51.787124+00:00,2998,927511,256x,50ms,1,0,0,0,0,0,0,0,0,0,0
2026-09-09T00:21:51.946906+00:00,2999,927670,256x,50ms,1,0,0,0,0,0,0,0,0,0,0
2026-09-09T00:21:52.107373+00:00,3000,927828,256x,50ms,1,0,0,0,0,0,0,0,0,0,0
2026-09-09T00:21:52.266669+00:00,3001,927988,256x,50ms,1,0,0,0,0,0,0,0,0,0,0
2026-09-09T00:21:52.419163+00:00,3002,928147,256x,50ms,1,0,0,0,0,0,0,0,0,0,1
2026-09-09T00:21:52.578840+00:00,3003,928306,256x,50ms,1,0,0,0,0,0,0,0,0,0,1
2026-09-09T00:21:52.738545+00:00,3004,928464,256x,50ms,1,0,0,0,0,0,0,0,0,0,1
2026-09-09T00:21:52.891361+00:00,3005,928623,256x,50ms,1,0,0,0,0,0,0,0,0,0,1
2026-09-09T00:21:53.050950+00:00,3006,928782,256x,50ms,1,0,0,0,0,0,0,0,0,0,0
2026-09-09T00:21:53.210763+00:00,3007,928941,256x,50ms,1,0,0,0,0,0,0,0,0,0,1
2026-09-09T00:21:53.370991+00:00,3008,929099,256x,50ms,1,0,0,0,0,0,0,0,0,0,1
2026-09-09T00:21:53.531454+00:00,3009,929259,256x,50ms,1,0,0,0,0,0,0,0,0,0,0
2026-09-09T00:21:53.691227+00:00,3010,929419,256x,50ms,1,0,0,0,0,0,0,0,0,0,1
2026-09-09T00:21:53.851443+00:00,3011,929577,256x,50ms,1,0,0,0,0,0,0,0,0,0,1
2026-09-09T00:21:54.010740+00:00,3012,929736,256x,50ms,1,0,0,0,0,0,0,0,0,0,0
2026-09-09T00:21:54.170871+00:00,3013,929895,256x,50ms,1,0,0,0,0,0,0,0,0,0,0
2026-09-09T00:21:54.331822+00:00,3014,930054,256x,50ms,1,0,0,0,0,0,0,0,0,0,0
2026-09-09T00:21:54.483235+00:00,3015,930212,256x,50ms,1,0,0,0,0,0,0,0,0,0,0
2026-09-09T00:21:54.643217+00:00,3016,930372,256x,50ms,0,0,0,0,0,0,0,0,0,0,1
2026-09-09T00:21:54.802203+00:00,3017,930531,256x,50ms,0,0,0,0,0,0,0,0,0,0,1
2026-09-09T00:21:54.962811+00:00,3018,930690,256x,50ms,0,0,0,0,0,0,0,0,0,0,0
2026-09-09T00:21:55.115372+00:00,3019,930848,256x,50ms,0,0,0,0,0,0,0,0,0,0,0
2026-09-09T00:21:55.275391+00:00,3020,931007,256x,50ms,0,0,0,0,0,0,0,0,0,0,0
2026-09-09T00:21:55.438045+00:00,3021,931166,256x,50ms,0,0,0,0,0,0,0,0,0,0,0
2026-09-09T00:21:55.598073+00:00,3022,931324,256x,50ms,0,0,0,0,0,0,0,0,0,0,0
2026-09-09T00:21:55.750063+00:00,3023,931483,256x,50ms,0,0,0,0,0,0,0,0,0,0,1
2026-09-09T00:21:55.910502+00:00,3024,931642,256x,50ms,0,0,0,0,0,0,0,0,0,0,0
2026-09-09T00:21:56.070776+00:00,3025,931801,256x,50ms,0,0,0,0,0,0,0,0,0,0,0
2026-09-09T00:21:56.229965+00:00,3026,931959,256x,50ms,0,0,0,0,0,0,0,0,0,0,0
2026-09-09T00:21:56.390056+00:00,3027,932118,256x,50ms,0,0,0,0,0,0,0,0,0,0,0
2026-09-09T00:21:56.549933+00:00,3028,932277,256x,50ms,0,0,0,0,0,0,0,0,0,0,1
2026-09-09T00:21:56.709384+00:00,3029,932435,256x,50ms,0,0,0,0,0,0,0,0,0,0,0
2026-09-09T00:21:56.862375+00:00,3030,932594,256x,50ms,0,0,0,0,0,0,0,0,0,0,1
2026-09-09T00:21:57.021965+00:00,3031,932753,256x,50ms,0,0,0,0,0,0,0,0,0,0,1
2026-09-09T00:21:57.182058+00:00,3032,932912,256x,50ms,0,0,0,0,0,0,0,0,0,0,0
2026-09-09T00:21:57.341412+00:00,3033,933070,256x,50ms,0,0,0,0,0,0,0,0,0,0,0
2026-09-09T00:21:57.494967+00:00,3034,933229,256x,50ms,0,0,0,0,0,0,0,0,0,0,0
2026-09-09T00:21:57.662967+00:00,3035,933387,256x,50ms,1,0,0,0,0,0,0,0,0,0,0
2026-09-09T00:21:57.821923+00:00,3036,933547,256x,50ms,1,0,0,0,0,0,0,0,0,0,0
2026-09-09T00:21:57.974647+00:00,3037,933705,256x,50ms,1,0,0,0,0,0,0,0,0,0,0
2026-09-09T00:21:58.133864+00:00,3038,933864,256x,50ms,1,0,0,0,0,0,0,0,0,0,0
2026-09-09T00:21:58.294496+00:00,3039,934023,256x,50ms,1,0,0,0,0,0,0,0,0,0,0
2026-09-09T00:21:58.454992+00:00,3040,934182,256x,50ms,1,0,0,0,0,0,0,0,0,0,1
2026-09-09T00:21:58.614401+00:00,3041,934341,256x,50ms,1,0,0,0,0,0,0,0,0,0,1
2026-09-09T00:21:58.773790+00:00,3042,934500,256x,50ms,1,0,0,0,0,0,0,0,0,0,0
2026-09-09T00:21:58.926100+00:00,3043,934659,256x,50ms,1,0,0,0,0,0,0,0,0,0,0
2026-09-09T00:21:59.086080+00:00,3044,934818,256x,50ms,1,0,0,0,0,0,0,0,0,0,0
2026-09-09T00:21:59.246853+00:00,3045,934977,256x,50ms,1,0,0,0,0,0,0,0,0,0,1
2026-09-09T00:21:59.406119+00:00,3046,935136,256x,50ms,1,0,0,0,0,0,0,0,0,0,1
2026-09-09T00:21:59.565475+00:00,3047,935294,256x,50ms,1,0,0,0,0,0,0,0,0,0,0
2026-09-09T00:21:59.726029+00:00,3048,935454,256x,50ms,1,0,0,0,0,0,0,0,0,0,0
2026-09-09T00:21:59.886028+00:00,3049,935613,256x,50ms,1,0,0,0,0,0,0,0,0,0,0
2026-09-09T00:22:00.045916+00:00,3050,935773,256x,50ms,1,0,0,0,0,0,0,0,0,0,0
2026-09-09T00:22:00.198528+00:00,3051,935931,256x,50ms,1,0,0,0,0,0,0,0,0,0,0
2026-09-09T00:22:00.358686+00:00,3052,936090,256x,50ms,1,0,0,0,0,0,0,0,0,0,0
2026-09-09T00:22:00.518194+00:00,3053,936249,256x,50ms,1,0,0,0,0,0,0,0,0,0,0
2026-09-09T00:22:00.678251+00:00,3054,936409,256x,50ms,0,0,0,0,0,0,0,0,0,0,1
2026-09-09T00:22:00.838146+00:00,3055,936566,256x,50ms,0,0,0,0,0,0,0,0,0,0,0
2026-09-09T00:22:00.998015+00:00,3056,936725,256x,50ms,0,0,0,0,0,0,0,0,0,0,1
2026-09-09T00:22:01.150266+00:00,3057,936884,256x,50ms,0,0,0,0,0,0,0,0,0,0,0
2026-09-09T00:22:01.310528+00:00,3058,937042,256x,50ms,0,0,0,0,0,0,0,0,0,0,1
2026-09-09T00:22:01.470302+00:00,3059,937201,256x,50ms,0,0,0,0,0,0,0,0,0,0,0
2026-09-09T00:22:01.630184+00:00,3060,937360,256x,50ms,0,0,0,0,0,0,0,0,0,0,1
2026-09-09T00:22:01.790784+00:00,3061,937519,256x,50ms,0,0,0,0,0,0,0,0,0,0,0
2026-09-09T00:22:01.950004+00:00,3062,937676,256x,50ms,0,0,0,0,0,0,0,0,0,0,1
2026-09-09T00:22:02.109226+00:00,3063,937835,256x,50ms,0,0,0,0,0,0,0,0,0,0,0
2026-09-09T00:22:02.261759+00:00,3064,937994,256x,50ms,0,0,0,0,0,0,0,0,0,0,0
2026-09-09T00:22:02.421876+00:00,3065,938152,256x,50ms,0,0,0,0,0,0,0,0,0,0,0
2026-09-09T00:22:02.582083+00:00,3066,938311,256x,50ms,0,0,0,0,0,0,0,0,0,0,0
2026-09-09T00:22:02.734066+00:00,3067,938470,256x,50ms,0,0,0,0,0,0,0,0,0,0,0
2026-09-09T00:22:02.893696+00:00,3068,938629,256x,50ms,0,0,0,0,0,0,0,0,0,0,1
2026-09-09T00:22:03.054185+00:00,3069,938786,256x,50ms,0,0,0,0,0,0,0,0,0,0,0
2026-09-09T00:22:03.213414+00:00,3070,938945,256x,50ms,0,0,0,0,0,0,0,0,0,0,0
2026-09-09T00:22:03.374575+00:00,3071,939104,256x,50ms,0,0,0,0,0,0,0,0,0,0,0
2026-09-09T00:22:03.534282+00:00,3072,939262,256x,50ms,0,0,0,0,0,0,0,0,0,0,0
2026-09-09T00:22:03.693913+00:00,3073,939421,256x,50ms,1,0,0,0,0,0,0,0,0,0,0
2026-09-09T00:22:03.846141+00:00,3074,939580,256x,50ms,1,0,0,0,0,0,0,0,0,0,0
2026-09-09T00:22:04.005201+00:00,3075,939739,256x,50ms,1,0,0,0,0,0,0,0,0,0,1
2026-09-09T00:22:04.166720+00:00,3076,939898,256x,50ms,1,0,0,0,0,0,0,0,0,0,1
2026-09-09T00:22:04.325877+00:00,3077,940057,256x,50ms,1,0,0,0,0,0,0,0,0,0,1
2026-09-09T00:22:04.485984+00:00,3078,940216,256x,50ms,1,0,0,0,0,0,0,0,0,0,1
2026-09-09T00:22:04.645532+00:00,3079,940375,256x,50ms,1,0,0,0,0,0,0,0,0,0,1
2026-09-09T00:22:04.798800+00:00,3080,940533,256x,50ms,1,0,0,0,0,0,0,0,0,0,0
2026-09-09T00:22:04.958469+00:00,3081,940692,256x,50ms,1,0,0,0,0,0,0,0,0,0,1
2026-09-09T00:22:05.118089+00:00,3082,940851,256x,50ms,1,0,0,0,0,0,0,0,0,0,0
2026-09-09T00:22:05.277965+00:00,3083,941009,256x,50ms,1,0,0,0,0,0,0,0,0,0,1
2026-09-09T00:22:05.438158+00:00,3084,941168,256x,50ms,1,0,0,0,0,0,0,0,0,0,1
2026-09-09T00:22:05.598176+00:00,3085,941327,256x,50ms,1,0,0,0,0,0,0,0,0,0,1
2026-09-09T00:22:05.758155+00:00,3086,941487,256x,50ms,1,0,0,0,0,0,0,0,0,0,1
2026-09-09T00:22:05.910104+00:00,3087,941645,256x,50ms,1,0,0,0,0,0,0,0,0,0,1
2026-09-09T00:22:06.070422+00:00,3088,941804,256x,50ms,1,0,0,0,0,0,0,0,0,0,1
2026-09-09T00:22:06.230222+00:00,3089,941963,256x,50ms,1,0,0,0,0,0,0,0,0,0,1
2026-09-09T00:22:06.390725+00:00,3090,942121,256x,50ms,1,0,0,0,0,0,0,0,0,0,1
2026-09-09T00:22:06.550120+00:00,3091,942281,256x,50ms,1,0,0,0,0,0,0,0,0,0,1
2026-09-09T00:22:06.710849+00:00,3092,942440,256x,50ms,0,0,0,0,0,0,0,0,0,0,1
2026-09-09T00:22:06.870336+00:00,3093,942599,256x,50ms,0,0,0,0,0,0,0,0,0,0,1
2026-09-09T00:22:07.022827+00:00,3094,942756,256x,50ms,0,0,0,0,0,0,0,0,0,0,1
2026-09-09T00:22:07.182030+00:00,3095,942915,256x,50ms,0,0,0,0,0,0,0,0,0,0,1
2026-09-09T00:22:07.342101+00:00,3096,943074,256x,50ms,0,0,0,0,0,0,0,0,0,0,0
2026-09-09T00:22:07.502511+00:00,3097,943233,256x,50ms,0,0,0,0,0,0,0,0,0,0,1
2026-09-09T00:22:07.654239+00:00,3098,943391,256x,50ms,0,0,0,0,0,0,0,0,0,0,1
2026-09-09T00:22:07.814657+00:00,3099,943550,256x,50ms,0,0,0,0,0,0,0,0,0,0,0
2026-09-09T00:22:07.973847+00:00,3100,943708,256x,50ms,0,0,0,0,0,0,0,0,0,0,1
2026-09-09T00:22:08.133985+00:00,3101,943866,256x,50ms,0,0,0,0,0,0,0,0,0,0,1
2026-09-09T00:22:08.294223+00:00,3102,944025,256x,50ms,0,0,0,0,0,0,0,0,0,0,1
2026-09-09T00:22:08.453768+00:00,3103,944184,256x,50ms,0,0,0,0,0,0,0,0,0,0,1
2026-09-09T00:22:08.606277+00:00,3104,944343,256x,50ms,0,0,0,0,0,0,0,0,0,0,1
2026-09-09T00:22:08.766470+00:00,3105,944501,256x,50ms,0,0,0,0,0,0,0,0,0,0,1
2026-09-09T00:22:08.926287+00:00,3106,944660,256x,50ms,0,0,0,0,0,0,0,0,0,0,0
2026-09-09T00:22:09.085850+00:00,3107,944819,256x,50ms,0,0,0,0,0,0,0,0,0,0,0
2026-09-09T00:22:09.245853+00:00,3108,944977,256x,50ms,0,0,0,0,0,0,0,0,0,0,1
2026-09-09T00:22:09.398494+00:00,3109,945136,256x,50ms,0,0,0,0,0,0,0,0,0,0,1
2026-09-09T00:22:09.558721+00:00,3110,945295,256x,50ms,0,0,0,0,0,0,0,0,0,0,0
2026-09-09T00:22:09.726514+00:00,3111,945453,256x,50ms,1,0,0,0,0,0,0,0,0,0,1
2026-09-09T00:22:09.878444+00:00,3112,945611,256x,50ms,1,0,0,0,0,0,0,0,0,0,1
2026-09-09T00:22:10.037374+00:00,3113,945771,256x,50ms,1,0,0,0,0,0,0,0,0,0,1
2026-09-09T00:22:10.198852+00:00,3114,945930,256x,50ms,1,0,0,0,0,0,0,0,0,0,1
2026-09-09T00:22:10.358210+00:00,3115,946088,256x,50ms,1,0,0,0,0,0,0,0,0,0,1
2026-09-09T00:22:10.517620+00:00,3116,946248,256x,50ms,1,0,0,0,0,0,0,0,0,0,1
2026-09-09T00:22:10.670749+00:00,3117,946407,256x,50ms,1,0,0,0,0,0,0,0,0,0,1
2026-09-09T00:22:10.830213+00:00,3118,946566,256x,50ms,1,0,0,0,0,0,0,0,0,0,1
2026-09-09T00:22:10.990284+00:00,3119,946724,256x,50ms,1,0,0,0,0,0,0,0,0,0,1
2026-09-09T00:22:11.150249+00:00,3120,946883,256x,50ms,1,0,0,0,0,0,0,0,0,0,1
2026-09-09T00:22:11.310304+00:00,3121,947042,256x,50ms,1,0,0,0,0,0,0,0,0,0,1
2026-09-09T00:22:11.470670+00:00,3122,947201,256x,50ms,1,0,0,0,0,0,0,0,0,0,1
2026-09-09T00:22:11.630240+00:00,3123,947359,256x,50ms,1,0,0,0,0,0,0,0,0,0,1
2026-09-09T00:22:11.790829+00:00,3124,947518,256x,50ms,1,0,0,0,0,0,0,0,0,0,1
2026-09-09T00:22:11.941584+00:00,3125,947678,256x,50ms,1,0,0,0,0,0,0,0,0,0,0
2026-09-09T00:22:12.102272+00:00,3126,947836,256x,50ms,1,0,0,0,0,0,0,0,0,0,1
2026-09-09T00:22:12.262050+00:00,3127,947995,256x,50ms,1,0,0,0,0,0,0,0,0,0,0
2026-09-09T00:22:12.422725+00:00,3128,948155,256x,50ms,1,0,0,0,0,0,0,0,0,0,1
2026-09-09T00:22:12.582710+00:00,3129,948314,256x,50ms,1,0,0,0,0,0,0,0,0,0,1
2026-09-09T00:22:12.734352+00:00,3130,948472,256x,50ms,0,0,0,0,0,0,0,0,0,0,0
2026-09-09T00:22:12.894143+00:00,3131,948631,256x,50ms,0,0,0,0,0,0,0,0,0,0,1
2026-09-09T00:22:13.053922+00:00,3132,948790,256x,50ms,0,0,0,0,0,0,0,0,0,0,1
2026-09-09T00:22:13.213465+00:00,3133,948948,256x,50ms,0,0,0,0,0,0,0,0,0,0,1
2026-09-09T00:22:13.373710+00:00,3134,949107,256x,50ms,0,0,0,0,0,0,0,0,0,0,0
2026-09-09T00:22:13.534465+00:00,3135,949265,256x,50ms,0,0,0,0,0,0,0,0,0,0,0
2026-09-09T00:22:13.694250+00:00,3136,949425,256x,50ms,0,0,0,0,0,0,0,0,0,0,1
2026-09-09T00:22:13.845977+00:00,3137,949583,256x,50ms,0,0,0,0,0,0,0,0,0,0,1
2026-09-09T00:22:14.006766+00:00,3138,949742,256x,50ms,0,0,0,0,0,0,0,0,0,0,1
2026-09-09T00:22:14.166348+00:00,3139,949900,256x,50ms,0,0,0,0,0,0,0,0,0,0,1
2026-09-09T00:22:14.318803+00:00,3140,950059,256x,50ms,0,0,0,0,0,0,0,0,0,0,0
2026-09-09T00:22:14.478129+00:00,3141,950217,256x,50ms,0,0,0,0,0,0,0,0,0,0,1
2026-09-09T00:22:14.638276+00:00,3142,950376,256x,50ms,0,0,0,0,0,0,0,0,0,0,1
2026-09-09T00:22:14.798139+00:00,3143,950535,256x,50ms,0,0,0,0,0,0,0,0,0,0,1
2026-09-09T00:22:14.957995+00:00,3144,950693,256x,50ms,0,0,0,0,0,0,0,0,0,0,1
2026-09-09T00:22:15.118685+00:00,3145,950852,256x,50ms,0,0,0,0,0,0,0,0,0,0,0
2026-09-09T00:22:15.278011+00:00,3146,951011,256x,50ms,0,0,0,0,0,0,0,0,0,0,1
2026-09-09T00:22:15.438140+00:00,3147,951170,256x,50ms,0,0,0,0,0,0,0,0,0,0,1
2026-09-09T00:22:15.590860+00:00,3148,951329,256x,50ms,0,0,0,0,0,0,0,0,0,0,1
2026-09-09T00:22:15.750359+00:00,3149,951487,256x,50ms,1,0,0,0,0,0,0,0,0,0,1
2026-09-09T00:22:15.909809+00:00,3150,951647,256x,50ms,1,0,0,0,0,0,0,0,0,0,1
2026-09-09T00:22:16.070707+00:00,3151,951805,256x,50ms,1,0,0,0,0,0,0,0,0,0,0
2026-09-09T00:22:16.230172+00:00,3152,951964,256x,50ms,1,0,0,0,0,0,0,0,0,0,1
2026-09-09T00:22:16.382791+00:00,3153,952123,256x,50ms,1,0,0,0,0,0,0,0,0,0,1
2026-09-09T00:22:16.542279+00:00,3154,952282,256x,50ms,1,0,0,0,0,0,0,0,0,0,0
2026-09-09T00:22:16.710749+00:00,3155,952440,256x,50ms,1,0,0,0,0,0,0,0,0,0,1
2026-09-09T00:22:16.861857+00:00,3156,952599,256x,50ms,1,0,0,0,0,0,0,0,0,0,0
2026-09-09T00:22:17.021741+00:00,3157,952759,256x,50ms,1,0,0,0,0,0,0,0,0,0,1
2026-09-09T00:22:17.182376+00:00,3158,952918,256x,50ms,1,0,0,0,0,0,0,0,0,0,1
2026-09-09T00:22:17.342341+00:00,3159,953076,256x,50ms,1,0,0,0,0,0,0,0,0,0,0
2026-09-09T00:22:17.501354+00:00,3160,953235,256x,50ms,1,0,0,0,0,0,0,0,0,0,0
2026-09-09T00:22:17.662449+00:00,3161,953395,256x,50ms,1,0,0,0,0,0,0,0,0,0,0
2026-09-09T00:22:17.814612+00:00,3162,953553,256x,50ms,1,0,0,0,0,0,0,0,0,0,1
2026-09-09T00:22:17.974933+00:00,3163,953712,256x,50ms,1,0,0,0,0,0,0,0,0,0,0
2026-09-09T00:22:18.134274+00:00,3164,953871,256x,50ms,1,0,0,0,0,0,0,0,0,0,0
2026-09-09T00:22:18.294161+00:00,3165,954030,256x,50ms,1,0,0,0,0,0,0,0,0,0,1
2026-09-09T00:22:18.454736+00:00,3166,954189,256x,50ms,1,0,0,0,0,0,0,0,0,0,0
2026-09-09T00:22:18.613741+00:00,3167,954348,256x,50ms,1,0,0,0,0,0,0,0,0,0,0
2026-09-09T00:22:18.773726+00:00,3168,954507,256x,50ms,0,0,0,0,0,0,0,0,0,0,1
2026-09-09T00:22:18.926424+00:00,3169,954665,256x,50ms,0,0,0,0,0,0,0,0,0,0,0
2026-09-09T00:22:19.086639+00:00,3170,954824,256x,50ms,0,0,0,0,0,0,0,0,0,0,0
2026-09-09T00:22:19.246087+00:00,3171,954983,256x,50ms,0,0,0,0,0,0,0,0,0,0,1
2026-09-09T00:22:19.405633+00:00,3172,955142,256x,50ms,0,0,0,0,0,0,0,0,0,0,1
2026-09-09T00:22:19.566824+00:00,3173,955300,256x,50ms,0,0,0,0,0,0,0,0,0,0,0
2026-09-09T00:22:19.717560+00:00,3174,955459,256x,50ms,0,0,0,0,0,0,0,0,0,0,1
2026-09-09T00:22:19.878255+00:00,3175,955618,256x,50ms,0,0,0,0,0,0,0,0,0,0,1
2026-09-09T00:22:20.038134+00:00,3176,955777,256x,50ms,0,0,0,0,0,0,0,0,0,0,1
2026-09-09T00:22:20.198050+00:00,3177,955935,256x,50ms,0,0,0,0,0,0,0,0,0,0,1
2026-09-09T00:22:20.358074+00:00,3178,956094,256x,50ms,0,0,0,0,0,0,0,0,0,0,0
2026-09-09T00:22:20.518783+00:00,3179,956253,256x,50ms,0,0,0,0,0,0,0,0,0,0,1
2026-09-09T00:22:20.678828+00:00,3180,956410,256x,50ms,0,0,0,0,0,0,0,0,0,0,1
2026-09-09T00:22:20.830111+00:00,3181,956569,256x,50ms,0,0,0,0,0,0,0,0,0,0,1
2026-09-09T00:22:20.990265+00:00,3182,956728,256x,50ms,0,0,0,0,0,0,0,0,0,0,0
2026-09-09T00:22:21.149982+00:00,3183,956888,256x,50ms,0,0,0,0,0,0,0,0,0,0,0
2026-09-09T00:22:21.309770+00:00,3184,957045,256x,50ms,0,0,0,0,0,0,0,0,0,0,0
2026-09-09T00:22:21.462222+00:00,3185,957204,256x,50ms,0,0,0,0,0,0,0,0,0,0,1
2026-09-09T00:22:21.621788+00:00,3186,957363,256x,50ms,0,0,0,0,0,0,0,0,0,0,0
2026-09-09T00:22:21.781659+00:00,3187,957521,256x,50ms,1,0,0,0,0,0,0,0,0,0,1
2026-09-09T00:22:21.941447+00:00,3188,957680,256x,50ms,1,0,0,0,0,0,0,0,0,0,0
2026-09-09T00:22:22.101937+00:00,3189,957839,256x,50ms,1,0,0,0,0,0,0,0,0,0,0
2026-09-09T00:22:22.262494+00:00,3190,957999,256x,50ms,1,0,0,0,0,0,0,0,0,0,0
2026-09-09T00:22:22.421872+00:00,3191,958157,256x,50ms,1,0,0,0,0,0,0,0,0,0,0
2026-09-09T00:22:22.581950+00:00,3192,958316,256x,50ms,1,0,0,0,0,0,0,0,0,0,1
2026-09-09T00:22:22.734410+00:00,3193,958475,256x,50ms,1,0,0,0,0,0,0,0,0,0,0
2026-09-09T00:22:22.894159+00:00,3194,958633,256x,50ms,1,0,0,0,0,0,0,0,0,0,1
2026-09-09T00:22:23.053762+00:00,3195,958792,256x,50ms,1,0,0,0,0,0,0,0,0,0,1
2026-09-09T00:22:23.214708+00:00,3196,958951,256x,50ms,1,0,0,0,0,0,0,0,0,0,0
2026-09-09T00:22:23.373756+00:00,3197,959111,256x,50ms,1,0,0,0,0,0,0,0,0,0,1
2026-09-09T00:22:23.534298+00:00,3198,959269,256x,50ms,1,0,0,0,0,0,0,0,0,0,1
2026-09-09T00:22:23.686030+00:00,3199,959428,256x,50ms,1,0,0,0,0,0,0,0,0,0,0
2026-09-09T00:22:23.846144+00:00,3200,959587,256x,50ms,1,0,0,0,0,0,0,0,0,0,1
2026-09-09T00:22:24.006124+00:00,3201,959746,256x,50ms,1,0,0,0,0,0,0,0,0,0,1
2026-09-09T00:22:24.166345+00:00,3202,959904,256x,50ms,1,0,0,0,0,0,0,0,0,0,1
2026-09-09T00:22:24.326006+00:00,3203,960063,256x,50ms,1,0,0,0,0,0,0,0,0,0,0
2026-09-09T00:22:24.486000+00:00,3204,960223,256x,50ms,1,0,0,0,0,0,0,0,0,0,1
2026-09-09T00:22:24.646342+00:00,3205,960381,256x,50ms,1,0,0,0,0,0,0,0,0,0,1
2026-09-09T00:22:24.798561+00:00,3206,960540,256x,50ms,0,0,0,0,0,0,0,0,0,0,1
2026-09-09T00:22:24.958423+00:00,3207,960699,256x,50ms,0,0,0,0,0,0,0,0,0,0,0
2026-09-09T00:22:25.118086+00:00,3208,960858,256x,50ms,0,0,0,0,0,0,0,0,0,0,1
2026-09-09T00:22:25.277641+00:00,3209,961016,256x,50ms,0,0,0,0,0,0,0,0,0,0,1
2026-09-09T00:22:25.438069+00:00,3210,961175,256x,50ms,0,0,0,0,0,0,0,0,0,0,0
2026-09-09T00:22:25.598251+00:00,3211,961334,256x,50ms,0,0,0,0,0,0,0,0,0,0,1
2026-09-09T00:22:25.750408+00:00,3212,961492,256x,50ms,0,0,0,0,0,0,0,0,0,0,0
2026-09-09T00:22:25.909707+00:00,3213,961650,256x,50ms,0,0,0,0,0,0,0,0,0,0,1
2026-09-09T00:22:26.070431+00:00,3214,961809,256x,50ms,0,0,0,0,0,0,0,0,0,0,0
2026-09-09T00:22:26.230090+00:00,3215,961968,256x,50ms,0,0,0,0,0,0,0,0,0,0,1
2026-09-09T00:22:26.382738+00:00,3216,962126,256x,50ms,0,0,0,0,0,0,0,0,0,0,0
2026-09-09T00:22:26.542279+00:00,3217,962285,256x,50ms,0,0,0,0,0,0,0,0,0,0,1
2026-09-09T00:22:26.702964+00:00,3218,962444,256x,50ms,0,0,0,0,0,0,0,0,0,0,1
2026-09-09T00:22:26.862010+00:00,3219,962603,256x,50ms,0,0,0,0,0,0,0,0,0,0,0
2026-09-09T00:22:27.021700+00:00,3220,962760,256x,50ms,0,0,0,0,0,0,0,0,0,0,1
2026-09-09T00:22:27.182398+00:00,3221,962919,256x,50ms,0,0,0,0,0,0,0,0,0,0,1
2026-09-09T00:22:27.342293+00:00,3222,963078,256x,50ms,0,0,0,0,0,0,0,0,0,0,0
2026-09-09T00:22:27.494531+00:00,3223,963236,256x,50ms,0,0,0,0,0,0,0,0,0,0,1
2026-09-09T00:22:27.654316+00:00,3224,963395,256x,50ms,0,0,0,0,0,0,0,0,0,0,0
2026-09-09T00:22:27.814387+00:00,3225,963554,256x,50ms,1,0,0,0,0,0,0,0,0,0,0
2026-09-09T00:22:27.975046+00:00,3226,963713,256x,50ms,1,0,0,0,0,0,0,0,0,0,1
2026-09-09T00:22:28.133839+00:00,3227,963872,256x,50ms,1,0,0,0,0,0,0,0,0,0,1
2026-09-09T00:22:28.286363+00:00,3228,964031,256x,50ms,1,0,0,0,0,0,0,0,0,0,1
2026-09-09T00:22:28.446432+00:00,3229,964190,256x,50ms,1,0,0,0,0,0,0,0,0,0,0
2026-09-09T00:22:28.606032+00:00,3230,964348,256x,50ms,1,0,0,0,0,0,0,0,0,0,1
2026-09-09T00:22:28.766368+00:00,3231,964507,256x,50ms,1,0,0,0,0,0,0,0,0,0,1
2026-09-09T00:22:28.925890+00:00,3232,964666,256x,50ms,1,0,0,0,0,0,0,0,0,0,1
2026-09-09T00:22:29.086073+00:00,3233,964825,256x,50ms,1,0,0,0,0,0,0,0,0,0,1
2026-09-09T00:22:29.246107+00:00,3234,964983,256x,50ms,1,0,0,0,0,0,0,0,0,0,1
2026-09-09T00:22:29.405507+00:00,3235,965142,256x,50ms,1,0,0,0,0,0,0,0,0,0,0
2026-09-09T00:22:29.558566+00:00,3236,965302,256x,50ms,1,0,0,0,0,0,0,0,0,0,1
2026-09-09T00:22:29.717567+00:00,3237,965460,256x,50ms,1,0,0,0,0,0,0,0,0,0,1
2026-09-09T00:22:29.878798+00:00,3238,965619,256x,50ms,1,0,0,0,0,0,0,0,0,0,1
2026-09-09T00:22:30.038161+00:00,3239,965778,256x,50ms,1,0,0,0,0,0,0,0,0,0,1
2026-09-09T00:22:30.198424+00:00,3240,965937,256x,50ms,1,0,0,0,0,0,0,0,0,0,0
2026-09-09T00:22:30.358128+00:00,3241,966095,256x,50ms,1,0,0,0,0,0,0,0,0,0,0
2026-09-09T00:22:30.510771+00:00,3242,966254,256x,50ms,1,0,0,0,0,0,0,0,0,0,1
2026-09-09T00:22:30.678533+00:00,3243,966414,256x,50ms,1,0,0,0,0,0,0,0,0,0,1
2026-09-09T00:22:30.830134+00:00,3244,966573,256x,50ms,0,0,0,0,0,0,0,0,0,0,0
2026-09-09T00:22:30.990242+00:00,3245,966731,256x,50ms,0,0,0,0,0,0,0,0,0,0,0
2026-09-09T00:22:31.150251+00:00,3246,966890,256x,50ms,0,0,0,0,0,0,0,0,0,0,1
2026-09-09T00:22:31.310807+00:00,3247,967048,256x,50ms,0,0,0,0,0,0,0,0,0,0,1
2026-09-09T00:22:31.462157+00:00,3248,967207,256x,50ms,0,0,0,0,0,0,0,0,0,0,0
2026-09-09T00:22:31.621692+00:00,3249,967366,256x,50ms,0,0,0,0,0,0,0,0,0,0,1
2026-09-09T00:22:31.782676+00:00,3250,967525,256x,50ms,0,0,0,0,0,0,0,0,0,0,1
2026-09-09T00:22:31.942193+00:00,3251,967684,256x,50ms,0,0,0,0,0,0,0,0,0,0,1
2026-09-09T00:22:32.101841+00:00,3252,967841,256x,50ms,0,0,0,0,0,0,0,0,0,0,1
2026-09-09T00:22:32.262391+00:00,3253,968000,256x,50ms,0,0,0,0,0,0,0,0,0,0,0
2026-09-09T00:22:32.421691+00:00,3254,968159,256x,50ms,0,0,0,0,0,0,0,0,0,0,1
2026-09-09T00:22:32.573688+00:00,3255,968317,256x,50ms,0,0,0,0,0,0,0,0,0,0,1
2026-09-09T00:22:32.734085+00:00,3256,968476,256x,50ms,0,0,0,0,0,0,0,0,0,0,1
2026-09-09T00:22:32.894687+00:00,3257,968635,256x,50ms,0,0,0,0,0,0,0,0,0,0,1
2026-09-09T00:22:33.054358+00:00,3258,968793,256x,50ms,0,0,0,0,0,0,0,0,0,0,1
2026-09-09T00:22:33.207066+00:00,3259,968951,256x,50ms,0,0,0,0,0,0,0,0,0,0,1
2026-09-09T00:22:33.366931+00:00,3260,969110,256x,50ms,0,0,0,0,0,0,0,0,0,0,1
2026-09-09T00:22:33.525949+00:00,3261,969269,256x,50ms,0,0,0,0,0,0,0,0,0,0,1
2026-09-09T00:22:33.685907+00:00,3262,969427,256x,50ms,0,0,0,0,0,0,0,0,0,0,1
2026-09-09T00:22:33.846055+00:00,3263,969586,256x,50ms,1,0,0,0,0,0,0,0,0,0,1
2026-09-09T00:22:34.006768+00:00,3264,969745,256x,50ms,1,0,0,0,0,0,0,0,0,0,1
2026-09-09T00:22:34.166294+00:00,3265,969904,256x,50ms,1,0,0,0,0,0,0,0,0,0,0
2026-09-09T00:22:34.318101+00:00,3266,970062,256x,50ms,1,0,0,0,0,0,0,0,0,0,1
2026-09-09T00:22:34.492149+00:00,3267,970221,256x,50ms,1,0,0,0,0,0,0,0,0,0,0
2026-09-09T00:22:34.637153+00:00,3268,970381,256x,50ms,1,0,0,0,0,0,0,0,0,0,0
2026-09-09T00:22:34.796614+00:00,3269,970540,256x,50ms,1,0,0,0,0,0,0,0,0,0,1
2026-09-09T00:22:34.956914+00:00,3270,970698,256x,50ms,1,0,0,0,0,0,0,0,0,0,1
2026-09-09T00:22:35.117145+00:00,3271,970857,256x,50ms,1,0,0,0,0,0,0,0,0,0,1
2026-09-09T00:22:35.277476+00:00,3272,971016,256x,50ms,1,0,0,0,0,0,0,0,0,0,1
2026-09-09T00:22:35.437481+00:00,3273,971175,256x,50ms,1,0,0,0,0,0,0,0,0,0,1
2026-09-09T00:22:35.596726+00:00,3274,971334,256x,50ms,1,0,0,0,0,0,0,0,0,0,0
2026-09-09T00:22:35.749582+00:00,3275,971494,256x,50ms,1,0,0,0,0,0,0,0,0,0,1
2026-09-09T00:22:35.909169+00:00,3276,971653,256x,50ms,1,0,0,0,0,0,0,0,0,0,0
2026-09-09T00:22:36.068991+00:00,3277,971811,256x,50ms,1,0,0,0,0,0,0,0,0,0,1
2026-09-09T00:22:36.229545+00:00,3278,971970,256x,50ms,1,0,0,0,0,0,0,0,0,0,0
2026-09-09T00:22:36.388363+00:00,3279,972130,256x,50ms,1,0,0,0,0,0,0,0,0,0,1
2026-09-09T00:22:36.541471+00:00,3280,972289,256x,50ms,1,0,0,0,0,0,0,0,0,0,0
2026-09-09T00:22:36.700850+00:00,3281,972448,256x,50ms,1,0,0,0,0,0,0,0,0,0,0
2026-09-09T00:22:36.862034+00:00,3282,972607,256x,50ms,0,0,0,0,0,0,0,0,0,0,0
2026-09-09T00:22:37.021506+00:00,3283,972766,256x,50ms,0,0,0,0,0,0,0,0,0,0,0
2026-09-09T00:22:37.182063+00:00,3284,972924,256x,50ms,0,0,0,0,0,0,0,0,0,0,0
2026-09-09T00:22:37.341717+00:00,3285,973082,256x,50ms,0,0,0,0,0,0,0,0,0,0,0
2026-09-09T00:22:37.500854+00:00,3286,973241,256x,50ms,0,0,0,0,0,0,0,0,0,0,1
2026-09-09T00:22:37.661475+00:00,3287,973400,256x,50ms,0,0,0,0,0,0,0,0,0,0,0
2026-09-09T00:22:37.813334+00:00,3288,973558,256x,50ms,0,0,0,0,0,0,0,0,0,0,0
2026-09-09T00:22:37.972661+00:00,3289,973717,256x,50ms,0,0,0,0,0,0,0,0,0,0,0
2026-09-09T00:22:38.132781+00:00,3290,973876,256x,50ms,0,0,0,0,0,0,0,0,0,0,0
2026-09-09T00:22:38.292910+00:00,3291,974034,256x,50ms,0,0,0,0,0,0,0,0,0,0,1
2026-09-09T00:22:38.444969+00:00,3292,974193,256x,50ms,0,0,0,0,0,0,0,0,0,0,1
2026-09-09T00:22:38.605014+00:00,3293,974352,256x,50ms,0,0,0,0,0,0,0,0,0,0,1
2026-09-09T00:22:38.766248+00:00,3294,974511,256x,50ms,0,0,0,0,0,0,0,0,0,0,0
2026-09-09T00:22:38.924785+00:00,3295,974669,256x,50ms,0,0,0,0,0,0,0,0,0,0,1
2026-09-09T00:22:39.084642+00:00,3296,974828,256x,50ms,0,0,0,0,0,0,0,0,0,0,0
2026-09-09T00:22:39.245941+00:00,3297,974987,256x,50ms,0,0,0,0,0,0,0,0,0,0,1
2026-09-09T00:22:39.405453+00:00,3298,975145,256x,50ms,0,0,0,0,0,0,0,0,0,0,1
2026-09-09T00:22:39.557601+00:00,3299,975304,256x,50ms,0,0,0,0,0,0,0,0,0,0,0
2026-09-09T00:22:39.717311+00:00,3300,975463,256x,50ms,0,0,0,0,0,0,0,0,0,0,1
2026-09-09T00:22:39.877460+00:00,3301,975622,256x,50ms,1,0,0,0,0,0,0,0,0,0,1
2026-09-09T00:22:40.037082+00:00,3302,975780,256x,50ms,1,0,0,0,0,0,0,0,0,0,1
2026-09-09T00:22:40.190070+00:00,3303,975939,256x,50ms,1,0,0,0,0,0,0,0,0,0,0
2026-09-09T00:22:40.349512+00:00,3304,976098,256x,50ms,1,0,0,0,0,0,0,0,0,0,1
2026-09-09T00:22:40.517493+00:00,3305,976258,256x,50ms,1,0,0,0,0,0,0,0,0,0,1
2026-09-09T00:22:40.669650+00:00,3306,976416,256x,50ms,1,0,0,0,0,0,0,0,0,0,1
2026-09-09T00:22:40.829291+00:00,3307,976575,256x,50ms,1,0,0,0,0,0,0,0,0,0,1
2026-09-09T00:22:40.989375+00:00,3308,976734,256x,50ms,1,0,0,0,0,0,0,0,0,0,0
2026-09-09T00:22:41.149140+00:00,3309,976893,256x,50ms,1,0,0,0,0,0,0,0,0,0,0
2026-09-09T00:22:41.309130+00:00,3310,977052,256x,50ms,1,0,0,0,0,0,0,0,0,0,0
2026-09-09T00:22:41.469886+00:00,3311,977211,256x,50ms,1,0,0,0,0,0,0,0,0,0,0
2026-09-09T00:22:41.629406+00:00,3312,977371,256x,50ms,1,0,0,0,0,0,0,0,0,0,1
2026-09-09T00:22:41.781293+00:00,3313,977529,256x,50ms,1,0,0,0,0,0,0,0,0,0,1
2026-09-09T00:22:41.940914+00:00,3314,977688,256x,50ms,1,0,0,0,0,0,0,0,0,0,1
2026-09-09T00:22:42.102051+00:00,3315,977847,256x,50ms,1,0,0,0,0,0,0,0,0,0,1
2026-09-09T00:22:42.260621+00:00,3316,978006,256x,50ms,1,0,0,0,0,0,0,0,0,0,1
2026-09-09T00:22:42.421294+00:00,3317,978164,256x,50ms,1,0,0,0,0,0,0,0,0,0,0
2026-09-09T00:22:42.581139+00:00,3318,978323,256x,50ms,1,0,0,0,0,0,0,0,0,0,1
2026-09-09T00:22:42.733472+00:00,3319,978482,256x,50ms,1,0,0,0,0,0,0,0,0,0,0
2026-09-09T00:22:42.902084+00:00,3320,978641,256x,50ms,0,0,0,0,0,0,0,0,0,0,1
2026-09-09T00:22:43.053664+00:00,3321,978799,256x,50ms,0,0,0,0,0,0,0,0,0,0,1
2026-09-09T00:22:43.213384+00:00,3322,978958,256x,50ms,0,0,0,0,0,0,0,0,0,0,1
2026-09-09T00:22:43.373376+00:00,3323,979117,256x,50ms,0,0,0,0,0,0,0,0,0,0,1
2026-09-09T00:22:43.525625+00:00,3324,979275,256x,50ms,0,0,0,0,0,0,0,0,0,0,1
2026-09-09T00:22:43.685529+00:00,3325,979434,256x,50ms,0,0,0,0,0,0,0,0,0,0,1
2026-09-09T00:22:43.845318+00:00,3326,979593,256x,50ms,0,0,0,0,0,0,0,0,0,0,1
2026-09-09T00:22:44.005021+00:00,3327,979751,256x,50ms,0,0,0,0,0,0,0,0,0,0,0
2026-09-09T00:22:44.164761+00:00,3328,979910,256x,50ms,0,0,0,0,0,0,0,0,0,0,0
2026-09-09T00:22:44.324879+00:00,3329,980068,256x,50ms,0,0,0,0,0,0,0,0,0,0,1
2026-09-09T00:22:44.484739+00:00,3330,980227,256x,50ms,0,0,0,0,0,0,0,0,0,0,1
2026-09-09T00:22:44.636848+00:00,3331,980385,256x,50ms,0,0,0,0,0,0,0,0,0,0,0
2026-09-09T00:22:44.796643+00:00,3332,980544,256x,50ms,0,0,0,0,0,0,0,0,0,0,1
2026-09-09T00:22:44.957220+00:00,3333,980703,256x,50ms,0,0,0,0,0,0,0,0,0,0,1
2026-09-09T00:22:45.117457+00:00,3334,980861,256x,50ms,0,0,0,0,0,0,0,0,0,0,1
2026-09-09T00:22:45.269769+00:00,3335,981020,256x,50ms,0,0,0,0,0,0,0,0,0,0,0
2026-09-09T00:22:45.429695+00:00,3336,981179,256x,50ms,0,0,0,0,0,0,0,0,0,0,1
2026-09-09T00:22:45.589841+00:00,3337,981338,256x,50ms,0,0,0,0,0,0,0,0,0,0,1
2026-09-09T00:22:45.748876+00:00,3338,981496,256x,50ms,0,0,0,0,0,0,0,0,0,0,0
2026-09-09T00:22:45.908960+00:00,3339,981655,256x,50ms,1,0,0,0,0,0,0,0,0,0,0
2026-09-09T00:22:46.069362+00:00,3340,981815,256x,50ms,1,0,0,0,0,0,0,0,0,0,0
2026-09-09T00:22:46.229371+00:00,3341,981974,256x,50ms,1,0,0,0,0,0,0,0,0,0,0
2026-09-09T00:22:46.389682+00:00,3342,982132,256x,50ms,1,0,0,0,0,0,0,0,0,0,1
2026-09-09T00:22:46.540917+00:00,3343,982291,256x,50ms,1,0,0,0,0,0,0,0,0,0,1
2026-09-09T00:22:46.701489+00:00,3344,982450,256x,50ms,1,0,0,0,0,0,0,0,0,0,0
2026-09-09T00:22:46.861381+00:00,3345,982609,256x,50ms,1,0,0,0,0,0,0,0,0,0,1
2026-09-09T00:22:47.021302+00:00,3346,982768,256x,50ms,1,0,0,0,0,0,0,0,0,0,1
2026-09-09T00:22:47.181577+00:00,3347,982927,256x,50ms,1,0,0,0,0,0,0,0,0,0,1
2026-09-09T00:22:47.333888+00:00,3348,983086,256x,50ms,1,0,0,0,0,0,0,0,0,0,1
2026-09-09T00:22:47.493997+00:00,3349,983244,256x,50ms,1,0,0,0,0,0,0,0,0,0,1
2026-09-09T00:22:47.653921+00:00,3350,983404,256x,50ms,1,0,0,0,0,0,0,0,0,0,0
2026-09-09T00:22:47.813351+00:00,3351,983563,256x,50ms,1,0,0,0,0,0,0,0,0,0,1
2026-09-09T00:22:47.973251+00:00,3352,983721,256x,50ms,1,0,0,0,0,0,0,0,0,0,0
2026-09-09T00:22:48.134118+00:00,3353,983880,256x,50ms,1,0,0,0,0,0,0,0,0,0,1
2026-09-09T00:22:48.293867+00:00,3354,984039,256x,50ms,1,0,0,0,0,0,0,0,0,0,1
2026-09-09T00:22:48.453072+00:00,3355,984198,256x,50ms,1,0,0,0,0,0,0,0,0,0,1
2026-09-09T00:22:48.604942+00:00,3356,984356,256x,50ms,1,0,0,0,0,0,0,0,0,0,1
2026-09-09T00:22:48.765598+00:00,3357,984515,256x,50ms,1,0,0,0,0,0,0,0,0,0,1
2026-09-09T00:22:48.925462+00:00,3358,984674,256x,50ms,0,0,0,0,0,0,0,0,0,0,0
2026-09-09T00:22:49.085578+00:00,3359,984833,256x,50ms,0,0,0,0,0,0,0,0,0,0,0
2026-09-09T00:22:49.246178+00:00,3360,984991,256x,50ms,0,0,0,0,0,0,0,0,0,0,0
2026-09-09T00:22:49.405358+00:00,3361,985150,256x,50ms,0,0,0,0,0,0,0,0,0,0,0
2026-09-09T00:22:49.557799+00:00,3362,985309,256x,50ms,0,0,0,0,0,0,0,0,0,0,0
2026-09-09T00:22:49.717233+00:00,3363,985466,256x,50ms,0,0,0,0,0,0,0,0,0,0,0
2026-09-09T00:22:49.876232+00:00,3364,985625,256x,50ms,0,0,0,0,0,0,0,0,0,0,1
2026-09-09T00:22:50.037496+00:00,3365,985784,256x,50ms,0,0,0,0,0,0,0,0,0,0,0
2026-09-09T00:22:50.189597+00:00,3366,985943,256x,50ms,0,0,0,0,0,0,0,0,0,0,1
2026-09-09T00:22:50.349802+00:00,3367,986101,256x,50ms,0,0,0,0,0,0,0,0,0,0,1
2026-09-09T00:22:50.509118+00:00,3368,986260,256x,50ms,0,0,0,0,0,0,0,0,0,0,0
2026-09-09T00:22:50.669110+00:00,3369,986418,256x,50ms,0,0,0,0,0,0,0,0,0,0,1
2026-09-09T00:22:50.829663+00:00,3370,986576,256x,50ms,0,0,0,0,0,0,0,0,0,0,0
2026-09-09T00:22:50.989575+00:00,3371,986735,256x,50ms,0,0,0,0,0,0,0,0,0,0,1
2026-09-09T00:22:51.148958+00:00,3372,986894,256x,50ms,0,0,0,0,0,0,0,0,0,0,0
2026-09-09T00:22:51.301222+00:00,3373,987053,256x,50ms,0,0,0,0,0,0,0,0,0,0,1
2026-09-09T00:22:51.461754+00:00,3374,987211,256x,50ms,0,0,0,0,0,0,0,0,0,0,1
2026-09-09T00:22:51.621237+00:00,3375,987370,256x,50ms,0,0,0,0,0,0,0,0,0,0,1
2026-09-09T00:22:51.781349+00:00,3376,987529,256x,50ms,0,0,0,0,0,0,0,0,0,0,0
2026-09-09T00:22:51.933644+00:00,3377,987687,256x,50ms,1,0,0,0,0,0,0,0,0,0,0
2026-09-09T00:22:52.101265+00:00,3378,987847,256x,50ms,1,0,0,0,0,0,0,0,0,0,1
2026-09-09T00:22:52.253530+00:00,3379,988006,256x,50ms,1,0,0,0,0,0,0,0,0,0,1
2026-09-09T00:22:52.413344+00:00,3380,988165,256x,50ms,1,0,0,0,0,0,0,0,0,0,0
2026-09-09T00:22:52.574000+00:00,3381,988324,256x,50ms,1,0,0,0,0,0,0,0,0,0,1
2026-09-09T00:22:52.733582+00:00,3382,988483,256x,50ms,1,0,0,0,0,0,0,0,0,0,1
2026-09-09T00:22:52.892952+00:00,3383,988642,256x,50ms,1,0,0,0,0,0,0,0,0,0,0
2026-09-09T00:22:53.053337+00:00,3384,988801,256x,50ms,1,0,0,0,0,0,0,0,0,0,0
2026-09-09T00:22:53.213299+00:00,3385,988959,256x,50ms,1,0,0,0,0,0,0,0,0,0,0
2026-09-09T00:22:53.373038+00:00,3386,989119,256x,50ms,1,0,0,0,0,0,0,0,0,0,0
2026-09-09T00:22:53.532764+00:00,3387,989278,256x,50ms,1,0,0,0,0,0,0,0,0,0,0
2026-09-09T00:22:53.684479+00:00,3388,989437,256x,50ms,1,0,0,0,0,0,0,0,0,0,1
2026-09-09T00:22:53.845334+00:00,3389,989596,256x,50ms,1,0,0,0,0,0,0,0,0,0,0
2026-09-09T00:22:54.005002+00:00,3390,989755,256x,50ms,1,0,0,0,0,0,0,0,0,0,0
2026-09-09T00:22:54.165810+00:00,3391,989915,256x,50ms,1,0,0,0,0,0,0,0,0,0,0
2026-09-09T00:22:54.325367+00:00,3392,990073,256x,50ms,1,0,0,0,0,0,0,0,0,0,0
2026-09-09T00:22:54.484513+00:00,3393,990232,256x,50ms,1,0,0,0,0,0,0,0,0,0,0
2026-09-09T00:22:54.637229+00:00,3394,990392,256x,50ms,1,0,0,0,0,0,0,0,0,0,0
2026-09-09T00:22:54.797411+00:00,3395,990551,256x,50ms,1,0,0,0,0,0,0,0,0,0,0
2026-09-09T00:22:54.957100+00:00,3396,990709,256x,50ms,0,0,0,0,0,0,0,0,0,0,1
2026-09-09T00:22:55.117199+00:00,3397,990868,256x,50ms,0,0,0,0,0,0,0,0,0,0,0
2026-09-09T00:22:55.277203+00:00,3398,991027,256x,50ms,0,0,0,0,0,0,0,0,0,0,0
2026-09-09T00:22:55.437445+00:00,3399,991185,256x,50ms,0,0,0,0,0,0,0,0,0,0,0
2026-09-09T00:22:55.597628+00:00,3400,991344,256x,50ms,0,0,0,0,0,0,0,0,0,0,1
2026-09-09T00:22:55.749518+00:00,3401,991503,256x,50ms,0,0,0,0,0,0,0,0,0,0,0
2026-09-09T00:22:55.909125+00:00,3402,991662,256x,50ms,0,0,0,0,0,0,0,0,0,0,1
2026-09-09T00:22:56.069740+00:00,3403,991820,256x,50ms,0,0,0,0,0,0,0,0,0,0,0
2026-09-09T00:22:56.229038+00:00,3404,991979,256x,50ms,0,0,0,0,0,0,0,0,0,0,0
2026-09-09T00:22:56.389307+00:00,3405,992137,256x,50ms,0,0,0,0,0,0,0,0,0,0,0
2026-09-09T00:22:56.541830+00:00,3406,992295,256x,50ms,0,0,0,0,0,0,0,0,0,0,0
2026-09-09T00:22:56.709012+00:00,3407,992455,256x,50ms,0,0,0,0,0,0,0,0,0,0,1
2026-09-09T00:22:56.861459+00:00,3408,992613,256x,50ms,0,0,0,0,0,0,0,0,0,0,1
