ISO-10303-21;
HEADER;
FILE_DESCRIPTION(('KiCad electronic assembly'),'2;1');
FILE_NAME('Excite_V1.step','2026-04-24T11:29:22',('Pcbnew'),('Kicad'),
  'Open CASCADE STEP processor 7.8','KiCad to STEP converter','Unknown'
  );
FILE_SCHEMA(('AUTOMOTIVE_DESIGN { 1 0 10303 214 1 1 1 1 }'));
ENDSEC;
DATA;
#1 = APPLICATION_PROTOCOL_DEFINITION('international standard',
  'automotive_design',2000,#2);
#2 = APPLICATION_CONTEXT(
  'core data for automotive mechanical design processes');
#3 = SHAPE_DEFINITION_REPRESENTATION(#4,#10);
#4 = PRODUCT_DEFINITION_SHAPE('','',#5);
#5 = PRODUCT_DEFINITION('design','',#6,#9);
#6 = PRODUCT_DEFINITION_FORMATION('','',#7);
#7 = PRODUCT('Excite_V1 1','Excite_V1 1','',(#8));
#8 = PRODUCT_CONTEXT('',#2,'mechanical');
#9 = PRODUCT_DEFINITION_CONTEXT('part definition',#2,'design');
#10 = SHAPE_REPRESENTATION('',(#11,#15,#19,#23,#27,#31,#35,#39),#43);
#11 = AXIS2_PLACEMENT_3D('',#12,#13,#14);
#12 = CARTESIAN_POINT('',(0.,0.,0.));
#13 = DIRECTION('',(0.,0.,1.));
#14 = DIRECTION('',(1.,0.,-0.));
#15 = AXIS2_PLACEMENT_3D('',#16,#17,#18);
#16 = CARTESIAN_POINT('',(13.611,-33.12,1.595));
#17 = DIRECTION('',(-0.,0.,1.));
#18 = DIRECTION('',(1.110223024625E-16,-1.,0.));
#19 = AXIS2_PLACEMENT_3D('',#20,#21,#22);
#20 = CARTESIAN_POINT('',(6.611,-33.,1.595));
#21 = DIRECTION('',(-0.,0.,1.));
#22 = DIRECTION('',(1.110223024625E-16,-1.,0.));
#23 = AXIS2_PLACEMENT_3D('',#24,#25,#26);
#24 = CARTESIAN_POINT('',(16.5,-6.,1.595));
#25 = DIRECTION('',(0.,0.,1.));
#26 = DIRECTION('',(1.,0.,0.));
#27 = AXIS2_PLACEMENT_3D('',#28,#29,#30);
#28 = CARTESIAN_POINT('',(0.,0.,0.));
#29 = DIRECTION('',(0.,0.,1.));
#30 = DIRECTION('',(1.,0.,-0.));
#31 = AXIS2_PLACEMENT_3D('',#32,#33,#34);
#32 = CARTESIAN_POINT('',(0.,0.,0.));
#33 = DIRECTION('',(0.,0.,1.));
#34 = DIRECTION('',(1.,0.,-0.));
#35 = AXIS2_PLACEMENT_3D('',#36,#37,#38);
#36 = CARTESIAN_POINT('',(0.,0.,0.));
#37 = DIRECTION('',(0.,0.,1.));
#38 = DIRECTION('',(1.,0.,-0.));
#39 = AXIS2_PLACEMENT_3D('',#40,#41,#42);
#40 = CARTESIAN_POINT('',(0.,0.,0.));
#41 = DIRECTION('',(0.,0.,1.));
#42 = DIRECTION('',(1.,0.,-0.));
#43 = ( GEOMETRIC_REPRESENTATION_CONTEXT(3) 
GLOBAL_UNCERTAINTY_ASSIGNED_CONTEXT((#47)) GLOBAL_UNIT_ASSIGNED_CONTEXT(
(#44,#45,#46)) REPRESENTATION_CONTEXT('Context #1',
  '3D Context with UNIT and UNCERTAINTY') );
#44 = ( LENGTH_UNIT() NAMED_UNIT(*) SI_UNIT(.MILLI.,.METRE.) );
#45 = ( NAMED_UNIT(*) PLANE_ANGLE_UNIT() SI_UNIT($,.RADIAN.) );
#46 = ( NAMED_UNIT(*) SI_UNIT($,.STERADIAN.) SOLID_ANGLE_UNIT() );
#47 = UNCERTAINTY_MEASURE_WITH_UNIT(LENGTH_MEASURE(1.E-07),#44,
  'distance_accuracy_value','confusion accuracy');
#48 = PRODUCT_RELATED_PRODUCT_CATEGORY('part',$,(#7));
#49 = SHAPE_DEFINITION_REPRESENTATION(#50,#56);
#50 = PRODUCT_DEFINITION_SHAPE('','',#51);
#51 = PRODUCT_DEFINITION('design','',#52,#55);
#52 = PRODUCT_DEFINITION_FORMATION('','',#53);
#53 = PRODUCT('CP_EIA-7343-15_Kemet-W','CP_EIA-7343-15_Kemet-W','',(#54)
  );
#54 = PRODUCT_CONTEXT('',#2,'mechanical');
#55 = PRODUCT_DEFINITION_CONTEXT('part definition',#2,'design');
#56 = ADVANCED_BREP_SHAPE_REPRESENTATION('',(#11,#57),#1245);
#57 = MANIFOLD_SOLID_BREP('',#58);
#58 = CLOSED_SHELL('',(#59,#99,#182,#207,#282,#299,#316,#333,#350,#367,
    #383,#430,#531,#554,#583,#606,#649,#723,#747,#814,#843,#866,#889,
    #906,#929,#952,#1003,#1015,#1032,#1054,#1066,#1083,#1100,#1117,#1129
    ,#1141,#1170,#1193,#1216,#1233));
#59 = ADVANCED_FACE('',(#60),#94,.T.);
#60 = FACE_BOUND('',#61,.T.);
#61 = EDGE_LOOP('',(#62,#72,#80,#88));
#62 = ORIENTED_EDGE('',*,*,#63,.T.);
#63 = EDGE_CURVE('',#64,#66,#68,.T.);
#64 = VERTEX_POINT('',#65);
#65 = CARTESIAN_POINT('',(2.22,1.2,0.));
#66 = VERTEX_POINT('',#67);
#67 = CARTESIAN_POINT('',(3.563333333333,1.2,-1.387778780781E-17));
#68 = LINE('',#69,#70);
#69 = CARTESIAN_POINT('',(3.52,1.2,0.));
#70 = VECTOR('',#71,1.);
#71 = DIRECTION('',(1.,9.95799250103E-17,0.));
#72 = ORIENTED_EDGE('',*,*,#73,.T.);
#73 = EDGE_CURVE('',#66,#74,#76,.T.);
#74 = VERTEX_POINT('',#75);
#75 = CARTESIAN_POINT('',(3.563333333333,-1.2,-1.387778780781E-17));
#76 = LINE('',#77,#78);
#77 = CARTESIAN_POINT('',(3.563333333333,1.2,-1.387778780781E-17));
#78 = VECTOR('',#79,1.);
#79 = DIRECTION('',(9.95799250103E-17,-1.,0.));
#80 = ORIENTED_EDGE('',*,*,#81,.T.);
#81 = EDGE_CURVE('',#74,#82,#84,.T.);
#82 = VERTEX_POINT('',#83);
#83 = CARTESIAN_POINT('',(2.22,-1.2,0.));
#84 = LINE('',#85,#86);
#85 = CARTESIAN_POINT('',(3.52,-1.2,0.));
#86 = VECTOR('',#87,1.);
#87 = DIRECTION('',(-1.,-9.95799250103E-17,0.));
#88 = ORIENTED_EDGE('',*,*,#89,.T.);
#89 = EDGE_CURVE('',#82,#64,#90,.T.);
#90 = LINE('',#91,#92);
#91 = CARTESIAN_POINT('',(2.22,-1.2,0.));
#92 = VECTOR('',#93,1.);
#93 = DIRECTION('',(-9.95799250103E-17,1.,0.));
#94 = PLANE('',#95);
#95 = AXIS2_PLACEMENT_3D('',#96,#97,#98);
#96 = CARTESIAN_POINT('',(2.891666666667,3.899802548105E-16,
    -4.448801078195E-18));
#97 = DIRECTION('',(-6.775329299137E-18,-4.008011571581E-34,-1.));
#98 = DIRECTION('',(1.,2.22044604925E-16,-6.775329299137E-18));
#99 = ADVANCED_FACE('',(#100),#177,.T.);
#100 = FACE_BOUND('',#101,.T.);
#101 = EDGE_LOOP('',(#102,#112,#119,#120,#128,#136,#146,#154,#162,#170)
  );
#102 = ORIENTED_EDGE('',*,*,#103,.F.);
#103 = EDGE_CURVE('',#104,#106,#108,.T.);
#104 = VERTEX_POINT('',#105);
#105 = CARTESIAN_POINT('',(3.65,1.2,8.666666666667E-02));
#106 = VERTEX_POINT('',#107);
#107 = CARTESIAN_POINT('',(3.65,1.2,0.581583333333));
#108 = LINE('',#109,#110);
#109 = CARTESIAN_POINT('',(3.65,1.2,0.));
#110 = VECTOR('',#111,1.);
#111 = DIRECTION('',(0.,0.,1.));
#112 = ORIENTED_EDGE('',*,*,#113,.T.);
#113 = EDGE_CURVE('',#104,#66,#114,.T.);
#114 = CIRCLE('',#115,8.666666666667E-02);
#115 = AXIS2_PLACEMENT_3D('',#116,#117,#118);
#116 = CARTESIAN_POINT('',(3.563333333333,1.2,8.666666666667E-02));
#117 = DIRECTION('',(-9.95799250103E-17,1.,0.));
#118 = DIRECTION('',(0.,0.,1.));
#119 = ORIENTED_EDGE('',*,*,#63,.F.);
#120 = ORIENTED_EDGE('',*,*,#121,.T.);
#121 = EDGE_CURVE('',#64,#122,#124,.T.);
#122 = VERTEX_POINT('',#123);
#123 = CARTESIAN_POINT('',(2.22,1.2,0.13));
#124 = LINE('',#125,#126);
#125 = CARTESIAN_POINT('',(2.22,1.2,0.));
#126 = VECTOR('',#127,1.);
#127 = DIRECTION('',(0.,0.,1.));
#128 = ORIENTED_EDGE('',*,*,#129,.F.);
#129 = EDGE_CURVE('',#130,#122,#132,.T.);
#130 = VERTEX_POINT('',#131);
#131 = CARTESIAN_POINT('',(3.481702622544,1.2,0.13));
#132 = LINE('',#133,#134);
#133 = CARTESIAN_POINT('',(3.286200135647,1.2,0.13));
#134 = VECTOR('',#135,1.);
#135 = DIRECTION('',(-1.,7.106226128328E-18,0.));
#136 = ORIENTED_EDGE('',*,*,#137,.T.);
#137 = EDGE_CURVE('',#130,#138,#140,.T.);
#138 = VERTEX_POINT('',#139);
#139 = CARTESIAN_POINT('',(3.481793974086,1.2,0.1313));
#140 = B_SPLINE_CURVE_WITH_KNOTS('',4,(#141,#142,#143,#144,#145),
  .UNSPECIFIED.,.F.,.F.,(5,5),(0.,1.),.PIECEWISE_BEZIER_KNOTS.);
#141 = CARTESIAN_POINT('',(3.481702622544,1.2,0.13));
#142 = CARTESIAN_POINT('',(3.49115833339,1.2,0.264561757318));
#143 = CARTESIAN_POINT('',(3.500614080069,1.2,0.399124024566));
#144 = CARTESIAN_POINT('',(3.51006986098,1.2,0.533686778957));
#145 = CARTESIAN_POINT('',(3.519525674683,1.2,0.66825));
#146 = ORIENTED_EDGE('',*,*,#147,.T.);
#147 = EDGE_CURVE('',#138,#148,#150,.T.);
#148 = VERTEX_POINT('',#149);
#149 = CARTESIAN_POINT('',(3.52,1.2,0.1313));
#150 = LINE('',#151,#152);
#151 = CARTESIAN_POINT('',(2.22,1.2,0.1313));
#152 = VECTOR('',#153,1.);
#153 = DIRECTION('',(1.,9.95799250103E-17,0.));
#154 = ORIENTED_EDGE('',*,*,#155,.T.);
#155 = EDGE_CURVE('',#148,#156,#158,.T.);
#156 = VERTEX_POINT('',#157);
#157 = CARTESIAN_POINT('',(3.52,1.2,0.66825));
#158 = LINE('',#159,#160);
#159 = CARTESIAN_POINT('',(3.52,1.2,0.));
#160 = VECTOR('',#161,1.);
#161 = DIRECTION('',(0.,0.,1.));
#162 = ORIENTED_EDGE('',*,*,#163,.T.);
#163 = EDGE_CURVE('',#156,#164,#166,.T.);
#164 = VERTEX_POINT('',#165);
#165 = CARTESIAN_POINT('',(3.563333333333,1.2,0.66825));
#166 = LINE('',#167,#168);
#167 = CARTESIAN_POINT('',(3.52,1.2,0.66825));
#168 = VECTOR('',#169,1.);
#169 = DIRECTION('',(1.,9.95799250103E-17,0.));
#170 = ORIENTED_EDGE('',*,*,#171,.F.);
#171 = EDGE_CURVE('',#106,#164,#172,.T.);
#172 = CIRCLE('',#173,8.666666666667E-02);
#173 = AXIS2_PLACEMENT_3D('',#174,#175,#176);
#174 = CARTESIAN_POINT('',(3.563333333333,1.2,0.581583333333));
#175 = DIRECTION('',(9.95799250103E-17,-1.,0.));
#176 = DIRECTION('',(0.,0.,1.));
#177 = PLANE('',#178);
#178 = AXIS2_PLACEMENT_3D('',#179,#180,#181);
#179 = CARTESIAN_POINT('',(3.090697648751,1.2,0.164658107818));
#180 = DIRECTION('',(7.106226128328E-18,1.,2.331826916927E-16));
#181 = DIRECTION('',(5.177695865227E-32,-2.331826916927E-16,1.));
#182 = ADVANCED_FACE('',(#183),#202,.T.);
#183 = FACE_BOUND('',#184,.T.);
#184 = EDGE_LOOP('',(#185,#193,#200,#201));
#185 = ORIENTED_EDGE('',*,*,#186,.T.);
#186 = EDGE_CURVE('',#104,#187,#189,.T.);
#187 = VERTEX_POINT('',#188);
#188 = CARTESIAN_POINT('',(3.65,-1.2,8.666666666667E-02));
#189 = LINE('',#190,#191);
#190 = CARTESIAN_POINT('',(3.65,1.2,8.666666666667E-02));
#191 = VECTOR('',#192,1.);
#192 = DIRECTION('',(9.95799250103E-17,-1.,0.));
#193 = ORIENTED_EDGE('',*,*,#194,.T.);
#194 = EDGE_CURVE('',#187,#74,#195,.T.);
#195 = CIRCLE('',#196,8.666666666667E-02);
#196 = AXIS2_PLACEMENT_3D('',#197,#198,#199);
#197 = CARTESIAN_POINT('',(3.563333333333,-1.2,8.666666666667E-02));
#198 = DIRECTION('',(-9.95799250103E-17,1.,0.));
#199 = DIRECTION('',(0.,0.,1.));
#200 = ORIENTED_EDGE('',*,*,#73,.F.);
#201 = ORIENTED_EDGE('',*,*,#113,.F.);
#202 = CYLINDRICAL_SURFACE('',#203,8.666666666667E-02);
#203 = AXIS2_PLACEMENT_3D('',#204,#205,#206);
#204 = CARTESIAN_POINT('',(3.563333333333,1.2,8.666666666667E-02));
#205 = DIRECTION('',(9.95799250103E-17,-1.,0.));
#206 = DIRECTION('',(1.,9.95799250103E-17,0.));
#207 = ADVANCED_FACE('',(#208),#277,.T.);
#208 = FACE_BOUND('',#209,.T.);
#209 = EDGE_LOOP('',(#210,#211,#219,#228,#236,#244,#252,#262,#270,#276)
  );
#210 = ORIENTED_EDGE('',*,*,#194,.F.);
#211 = ORIENTED_EDGE('',*,*,#212,.T.);
#212 = EDGE_CURVE('',#187,#213,#215,.T.);
#213 = VERTEX_POINT('',#214);
#214 = CARTESIAN_POINT('',(3.65,-1.2,0.581583333333));
#215 = LINE('',#216,#217);
#216 = CARTESIAN_POINT('',(3.65,-1.2,0.));
#217 = VECTOR('',#218,1.);
#218 = DIRECTION('',(0.,0.,1.));
#219 = ORIENTED_EDGE('',*,*,#220,.T.);
#220 = EDGE_CURVE('',#213,#221,#223,.T.);
#221 = VERTEX_POINT('',#222);
#222 = CARTESIAN_POINT('',(3.563333333333,-1.2,0.66825));
#223 = CIRCLE('',#224,8.666666666667E-02);
#224 = AXIS2_PLACEMENT_3D('',#225,#226,#227);
#225 = CARTESIAN_POINT('',(3.563333333333,-1.2,0.581583333333));
#226 = DIRECTION('',(9.95799250103E-17,-1.,0.));
#227 = DIRECTION('',(0.,0.,1.));
#228 = ORIENTED_EDGE('',*,*,#229,.T.);
#229 = EDGE_CURVE('',#221,#230,#232,.T.);
#230 = VERTEX_POINT('',#231);
#231 = CARTESIAN_POINT('',(3.52,-1.2,0.66825));
#232 = LINE('',#233,#234);
#233 = CARTESIAN_POINT('',(3.65,-1.2,0.66825));
#234 = VECTOR('',#235,1.);
#235 = DIRECTION('',(-1.,-9.95799250103E-17,0.));
#236 = ORIENTED_EDGE('',*,*,#237,.F.);
#237 = EDGE_CURVE('',#238,#230,#240,.T.);
#238 = VERTEX_POINT('',#239);
#239 = CARTESIAN_POINT('',(3.52,-1.2,0.1313));
#240 = LINE('',#241,#242);
#241 = CARTESIAN_POINT('',(3.52,-1.2,0.));
#242 = VECTOR('',#243,1.);
#243 = DIRECTION('',(0.,0.,1.));
#244 = ORIENTED_EDGE('',*,*,#245,.T.);
#245 = EDGE_CURVE('',#238,#246,#248,.T.);
#246 = VERTEX_POINT('',#247);
#247 = CARTESIAN_POINT('',(3.481793974086,-1.2,0.1313));
#248 = LINE('',#249,#250);
#249 = CARTESIAN_POINT('',(3.52,-1.2,0.1313));
#250 = VECTOR('',#251,1.);
#251 = DIRECTION('',(-1.,-9.95799250103E-17,0.));
#252 = ORIENTED_EDGE('',*,*,#253,.F.);
#253 = EDGE_CURVE('',#254,#246,#256,.T.);
#254 = VERTEX_POINT('',#255);
#255 = CARTESIAN_POINT('',(3.481702622544,-1.2,0.13));
#256 = B_SPLINE_CURVE_WITH_KNOTS('',4,(#257,#258,#259,#260,#261),
  .UNSPECIFIED.,.F.,.F.,(5,5),(0.,1.),.PIECEWISE_BEZIER_KNOTS.);
#257 = CARTESIAN_POINT('',(3.481702622544,-1.2,0.13));
#258 = CARTESIAN_POINT('',(3.49115833339,-1.2,0.264561757318));
#259 = CARTESIAN_POINT('',(3.500614080069,-1.2,0.399124024566));
#260 = CARTESIAN_POINT('',(3.51006986098,-1.2,0.533686778957));
#261 = CARTESIAN_POINT('',(3.519525674683,-1.2,0.66825));
#262 = ORIENTED_EDGE('',*,*,#263,.F.);
#263 = EDGE_CURVE('',#264,#254,#266,.T.);
#264 = VERTEX_POINT('',#265);
#265 = CARTESIAN_POINT('',(2.22,-1.2,0.13));
#266 = LINE('',#267,#268);
#267 = CARTESIAN_POINT('',(3.286200135647,-1.2,0.13));
#268 = VECTOR('',#269,1.);
#269 = DIRECTION('',(1.,1.596322977757E-16,-0.));
#270 = ORIENTED_EDGE('',*,*,#271,.F.);
#271 = EDGE_CURVE('',#82,#264,#272,.T.);
#272 = LINE('',#273,#274);
#273 = CARTESIAN_POINT('',(2.22,-1.2,0.));
#274 = VECTOR('',#275,1.);
#275 = DIRECTION('',(0.,0.,1.));
#276 = ORIENTED_EDGE('',*,*,#81,.F.);
#277 = PLANE('',#278);
#278 = AXIS2_PLACEMENT_3D('',#279,#280,#281);
#279 = CARTESIAN_POINT('',(3.090697648751,-1.2,0.164658107818));
#280 = DIRECTION('',(1.596322977757E-16,-1.,-2.426806654526E-16));
#281 = DIRECTION('',(-5.388593248336E-32,2.426806654526E-16,-1.));
#282 = ADVANCED_FACE('',(#283),#294,.T.);
#283 = FACE_BOUND('',#284,.T.);
#284 = EDGE_LOOP('',(#285,#286,#287,#293));
#285 = ORIENTED_EDGE('',*,*,#89,.F.);
#286 = ORIENTED_EDGE('',*,*,#271,.T.);
#287 = ORIENTED_EDGE('',*,*,#288,.F.);
#288 = EDGE_CURVE('',#122,#264,#289,.T.);
#289 = LINE('',#290,#291);
#290 = CARTESIAN_POINT('',(2.22,-1.655851311272,0.13));
#291 = VECTOR('',#292,1.);
#292 = DIRECTION('',(9.95799250103E-17,-1.,0.));
#293 = ORIENTED_EDGE('',*,*,#121,.F.);
#294 = PLANE('',#295);
#295 = AXIS2_PLACEMENT_3D('',#296,#297,#298);
#296 = CARTESIAN_POINT('',(2.22,-1.2,0.));
#297 = DIRECTION('',(-1.,-9.95799250103E-17,0.));
#298 = DIRECTION('',(-9.95799250103E-17,1.,0.));
#299 = ADVANCED_FACE('',(#300),#311,.T.);
#300 = FACE_BOUND('',#301,.T.);
#301 = EDGE_LOOP('',(#302,#303,#309,#310));
#302 = ORIENTED_EDGE('',*,*,#103,.T.);
#303 = ORIENTED_EDGE('',*,*,#304,.T.);
#304 = EDGE_CURVE('',#106,#213,#305,.T.);
#305 = LINE('',#306,#307);
#306 = CARTESIAN_POINT('',(3.65,1.2,0.581583333333));
#307 = VECTOR('',#308,1.);
#308 = DIRECTION('',(9.95799250103E-17,-1.,0.));
#309 = ORIENTED_EDGE('',*,*,#212,.F.);
#310 = ORIENTED_EDGE('',*,*,#186,.F.);
#311 = PLANE('',#312);
#312 = AXIS2_PLACEMENT_3D('',#313,#314,#315);
#313 = CARTESIAN_POINT('',(3.65,1.2,0.));
#314 = DIRECTION('',(1.,9.95799250103E-17,0.));
#315 = DIRECTION('',(9.95799250103E-17,-1.,0.));
#316 = ADVANCED_FACE('',(#317),#328,.T.);
#317 = FACE_BOUND('',#318,.T.);
#318 = EDGE_LOOP('',(#319,#320,#326,#327));
#319 = ORIENTED_EDGE('',*,*,#171,.T.);
#320 = ORIENTED_EDGE('',*,*,#321,.T.);
#321 = EDGE_CURVE('',#164,#221,#322,.T.);
#322 = LINE('',#323,#324);
#323 = CARTESIAN_POINT('',(3.563333333333,1.2,0.66825));
#324 = VECTOR('',#325,1.);
#325 = DIRECTION('',(9.95799250103E-17,-1.,0.));
#326 = ORIENTED_EDGE('',*,*,#220,.F.);
#327 = ORIENTED_EDGE('',*,*,#304,.F.);
#328 = CYLINDRICAL_SURFACE('',#329,8.666666666667E-02);
#329 = AXIS2_PLACEMENT_3D('',#330,#331,#332);
#330 = CARTESIAN_POINT('',(3.563333333333,1.2,0.581583333333));
#331 = DIRECTION('',(9.95799250103E-17,-1.,0.));
#332 = DIRECTION('',(1.,9.95799250103E-17,0.));
#333 = ADVANCED_FACE('',(#334),#345,.F.);
#334 = FACE_BOUND('',#335,.F.);
#335 = EDGE_LOOP('',(#336,#337,#338,#339));
#336 = ORIENTED_EDGE('',*,*,#163,.T.);
#337 = ORIENTED_EDGE('',*,*,#321,.T.);
#338 = ORIENTED_EDGE('',*,*,#229,.T.);
#339 = ORIENTED_EDGE('',*,*,#340,.T.);
#340 = EDGE_CURVE('',#230,#156,#341,.T.);
#341 = LINE('',#342,#343);
#342 = CARTESIAN_POINT('',(3.52,-1.2,0.66825));
#343 = VECTOR('',#344,1.);
#344 = DIRECTION('',(-9.95799250103E-17,1.,0.));
#345 = PLANE('',#346);
#346 = AXIS2_PLACEMENT_3D('',#347,#348,#349);
#347 = CARTESIAN_POINT('',(3.585,4.440892098501E-16,0.66825));
#348 = DIRECTION('',(-0.,0.,-1.));
#349 = DIRECTION('',(-9.95799250103E-17,1.,0.));
#350 = ADVANCED_FACE('',(#351),#362,.T.);
#351 = FACE_BOUND('',#352,.T.);
#352 = EDGE_LOOP('',(#353,#359,#360,#361));
#353 = ORIENTED_EDGE('',*,*,#354,.T.);
#354 = EDGE_CURVE('',#148,#238,#355,.T.);
#355 = LINE('',#356,#357);
#356 = CARTESIAN_POINT('',(3.52,1.2,0.1313));
#357 = VECTOR('',#358,1.);
#358 = DIRECTION('',(9.95799250103E-17,-1.,0.));
#359 = ORIENTED_EDGE('',*,*,#237,.T.);
#360 = ORIENTED_EDGE('',*,*,#340,.T.);
#361 = ORIENTED_EDGE('',*,*,#155,.F.);
#362 = PLANE('',#363);
#363 = AXIS2_PLACEMENT_3D('',#364,#365,#366);
#364 = CARTESIAN_POINT('',(3.52,-1.2,0.));
#365 = DIRECTION('',(-1.,-9.95799250103E-17,0.));
#366 = DIRECTION('',(-9.95799250103E-17,1.,0.));
#367 = ADVANCED_FACE('',(#368),#378,.F.);
#368 = FACE_BOUND('',#369,.F.);
#369 = EDGE_LOOP('',(#370,#375,#376,#377));
#370 = ORIENTED_EDGE('',*,*,#371,.F.);
#371 = EDGE_CURVE('',#138,#246,#372,.T.);
#372 = B_SPLINE_CURVE_WITH_KNOTS('',1,(#373,#374),.UNSPECIFIED.,.F.,.F.,
  (2,2),(0.,1.),.PIECEWISE_BEZIER_KNOTS.);
#373 = CARTESIAN_POINT('',(3.481793974086,1.2,0.1313));
#374 = CARTESIAN_POINT('',(3.481793974086,-1.2,0.1313));
#375 = ORIENTED_EDGE('',*,*,#147,.T.);
#376 = ORIENTED_EDGE('',*,*,#354,.T.);
#377 = ORIENTED_EDGE('',*,*,#245,.T.);
#378 = PLANE('',#379);
#379 = AXIS2_PLACEMENT_3D('',#380,#381,#382);
#380 = CARTESIAN_POINT('',(2.87,4.440892098501E-16,0.1313));
#381 = DIRECTION('',(-0.,0.,-1.));
#382 = DIRECTION('',(-9.95799250103E-17,1.,0.));
#383 = ADVANCED_FACE('',(#384),#425,.T.);
#384 = FACE_BOUND('',#385,.T.);
#385 = EDGE_LOOP('',(#386,#395,#401,#402,#403,#404,#412,#419));
#386 = ORIENTED_EDGE('',*,*,#387,.F.);
#387 = EDGE_CURVE('',#388,#390,#392,.T.);
#388 = VERTEX_POINT('',#389);
#389 = CARTESIAN_POINT('',(3.481702622544,-2.111702622544,0.13));
#390 = VERTEX_POINT('',#391);
#391 = CARTESIAN_POINT('',(3.52,-2.15,0.675));
#392 = B_SPLINE_CURVE_WITH_KNOTS('',1,(#393,#394),.UNSPECIFIED.,.F.,.F.,
  (2,2),(0.,1.),.PIECEWISE_BEZIER_KNOTS.);
#393 = CARTESIAN_POINT('',(3.481702622544,-2.111702622544,0.13));
#394 = CARTESIAN_POINT('',(3.52,-2.15,0.675));
#395 = ORIENTED_EDGE('',*,*,#396,.T.);
#396 = EDGE_CURVE('',#388,#254,#397,.T.);
#397 = LINE('',#398,#399);
#398 = CARTESIAN_POINT('',(3.481702622544,-2.111702622544,0.13));
#399 = VECTOR('',#400,1.);
#400 = DIRECTION('',(-2.22044604925E-16,1.,0.));
#401 = ORIENTED_EDGE('',*,*,#253,.T.);
#402 = ORIENTED_EDGE('',*,*,#371,.F.);
#403 = ORIENTED_EDGE('',*,*,#137,.F.);
#404 = ORIENTED_EDGE('',*,*,#405,.T.);
#405 = EDGE_CURVE('',#130,#406,#408,.T.);
#406 = VERTEX_POINT('',#407);
#407 = CARTESIAN_POINT('',(3.481702622544,2.111702622544,0.13));
#408 = LINE('',#409,#410);
#409 = CARTESIAN_POINT('',(3.481702622544,-2.111702622544,0.13));
#410 = VECTOR('',#411,1.);
#411 = DIRECTION('',(-2.22044604925E-16,1.,0.));
#412 = ORIENTED_EDGE('',*,*,#413,.T.);
#413 = EDGE_CURVE('',#406,#414,#416,.T.);
#414 = VERTEX_POINT('',#415);
#415 = CARTESIAN_POINT('',(3.52,2.15,0.675));
#416 = B_SPLINE_CURVE_WITH_KNOTS('',1,(#417,#418),.UNSPECIFIED.,.F.,.F.,
  (2,2),(0.,1.),.PIECEWISE_BEZIER_KNOTS.);
#417 = CARTESIAN_POINT('',(3.481702622544,2.111702622544,0.13));
#418 = CARTESIAN_POINT('',(3.52,2.15,0.675));
#419 = ORIENTED_EDGE('',*,*,#420,.F.);
#420 = EDGE_CURVE('',#390,#414,#421,.T.);
#421 = LINE('',#422,#423);
#422 = CARTESIAN_POINT('',(3.52,-2.15,0.675));
#423 = VECTOR('',#424,1.);
#424 = DIRECTION('',(-2.22044604925E-16,1.,0.));
#425 = B_SPLINE_SURFACE_WITH_KNOTS('',1,1,(
    (#426,#427)
    ,(#428,#429
  )),.UNSPECIFIED.,.F.,.F.,.F.,(2,2),(2,2),(0.,4.3),(0.,1.),
  .PIECEWISE_BEZIER_KNOTS.);
#426 = CARTESIAN_POINT('',(3.481702622544,-2.111702622544,0.13));
#427 = CARTESIAN_POINT('',(3.52,-2.15,0.675));
#428 = CARTESIAN_POINT('',(3.481702622544,2.111702622544,0.13));
#429 = CARTESIAN_POINT('',(3.52,2.15,0.675));
#430 = ADVANCED_FACE('',(#431,#492),#526,.T.);
#431 = FACE_BOUND('',#432,.T.);
#432 = EDGE_LOOP('',(#433,#434,#442,#450,#458,#466,#474,#482,#488,#489,
    #490,#491));
#433 = ORIENTED_EDGE('',*,*,#396,.F.);
#434 = ORIENTED_EDGE('',*,*,#435,.F.);
#435 = EDGE_CURVE('',#436,#388,#438,.T.);
#436 = VERTEX_POINT('',#437);
#437 = CARTESIAN_POINT('',(-3.481702622544,-2.111702622544,0.13));
#438 = LINE('',#439,#440);
#439 = CARTESIAN_POINT('',(-3.481702622544,-2.111702622544,0.13));
#440 = VECTOR('',#441,1.);
#441 = DIRECTION('',(1.,2.22044604925E-16,0.));
#442 = ORIENTED_EDGE('',*,*,#443,.F.);
#443 = EDGE_CURVE('',#444,#436,#446,.T.);
#444 = VERTEX_POINT('',#445);
#445 = CARTESIAN_POINT('',(-3.481702622544,-1.2,0.13));
#446 = LINE('',#447,#448);
#447 = CARTESIAN_POINT('',(-3.481702622544,2.111702622544,0.13));
#448 = VECTOR('',#449,1.);
#449 = DIRECTION('',(2.22044604925E-16,-1.,0.));
#450 = ORIENTED_EDGE('',*,*,#451,.T.);
#451 = EDGE_CURVE('',#444,#452,#454,.T.);
#452 = VERTEX_POINT('',#453);
#453 = CARTESIAN_POINT('',(-2.22,-1.2,0.13));
#454 = LINE('',#455,#456);
#455 = CARTESIAN_POINT('',(0.195502486896,-1.2,0.13));
#456 = VECTOR('',#457,1.);
#457 = DIRECTION('',(1.,2.22044604925E-16,0.));
#458 = ORIENTED_EDGE('',*,*,#459,.T.);
#459 = EDGE_CURVE('',#452,#460,#462,.T.);
#460 = VERTEX_POINT('',#461);
#461 = CARTESIAN_POINT('',(-2.22,1.2,0.13));
#462 = LINE('',#463,#464);
#463 = CARTESIAN_POINT('',(-2.22,-0.455851311272,0.13));
#464 = VECTOR('',#465,1.);
#465 = DIRECTION('',(-2.22044604925E-16,1.,0.));
#466 = ORIENTED_EDGE('',*,*,#467,.T.);
#467 = EDGE_CURVE('',#460,#468,#470,.T.);
#468 = VERTEX_POINT('',#469);
#469 = CARTESIAN_POINT('',(-3.481702622544,1.2,0.13));
#470 = LINE('',#471,#472);
#471 = CARTESIAN_POINT('',(0.195502486896,1.2,0.13));
#472 = VECTOR('',#473,1.);
#473 = DIRECTION('',(-1.,-2.22044604925E-16,0.));
#474 = ORIENTED_EDGE('',*,*,#475,.F.);
#475 = EDGE_CURVE('',#476,#468,#478,.T.);
#476 = VERTEX_POINT('',#477);
#477 = CARTESIAN_POINT('',(-3.481702622544,2.111702622544,0.13));
#478 = LINE('',#479,#480);
#479 = CARTESIAN_POINT('',(-3.481702622544,2.111702622544,0.13));
#480 = VECTOR('',#481,1.);
#481 = DIRECTION('',(2.22044604925E-16,-1.,0.));
#482 = ORIENTED_EDGE('',*,*,#483,.F.);
#483 = EDGE_CURVE('',#406,#476,#484,.T.);
#484 = LINE('',#485,#486);
#485 = CARTESIAN_POINT('',(3.481702622544,2.111702622544,0.13));
#486 = VECTOR('',#487,1.);
#487 = DIRECTION('',(-1.,-2.22044604925E-16,0.));
#488 = ORIENTED_EDGE('',*,*,#405,.F.);
#489 = ORIENTED_EDGE('',*,*,#129,.T.);
#490 = ORIENTED_EDGE('',*,*,#288,.T.);
#491 = ORIENTED_EDGE('',*,*,#263,.T.);
#492 = FACE_BOUND('',#493,.T.);
#493 = EDGE_LOOP('',(#494,#504,#512,#520));
#494 = ORIENTED_EDGE('',*,*,#495,.T.);
#495 = EDGE_CURVE('',#496,#498,#500,.T.);
#496 = VERTEX_POINT('',#497);
#497 = CARTESIAN_POINT('',(1.75,-1.75,0.13));
#498 = VERTEX_POINT('',#499);
#499 = CARTESIAN_POINT('',(1.75,1.75,0.13));
#500 = LINE('',#501,#502);
#501 = CARTESIAN_POINT('',(1.75,-1.75,0.13));
#502 = VECTOR('',#503,1.);
#503 = DIRECTION('',(-2.22044604925E-16,1.,0.));
#504 = ORIENTED_EDGE('',*,*,#505,.T.);
#505 = EDGE_CURVE('',#498,#506,#508,.T.);
#506 = VERTEX_POINT('',#507);
#507 = CARTESIAN_POINT('',(-1.75,1.75,0.13));
#508 = LINE('',#509,#510);
#509 = CARTESIAN_POINT('',(1.75,1.75,0.13));
#510 = VECTOR('',#511,1.);
#511 = DIRECTION('',(-1.,-2.22044604925E-16,0.));
#512 = ORIENTED_EDGE('',*,*,#513,.T.);
#513 = EDGE_CURVE('',#506,#514,#516,.T.);
#514 = VERTEX_POINT('',#515);
#515 = CARTESIAN_POINT('',(-1.75,-1.75,0.13));
#516 = LINE('',#517,#518);
#517 = CARTESIAN_POINT('',(-1.75,1.75,0.13));
#518 = VECTOR('',#519,1.);
#519 = DIRECTION('',(2.22044604925E-16,-1.,0.));
#520 = ORIENTED_EDGE('',*,*,#521,.T.);
#521 = EDGE_CURVE('',#514,#496,#522,.T.);
#522 = LINE('',#523,#524);
#523 = CARTESIAN_POINT('',(-1.75,-1.75,0.13));
#524 = VECTOR('',#525,1.);
#525 = DIRECTION('',(1.,2.22044604925E-16,0.));
#526 = PLANE('',#527);
#527 = AXIS2_PLACEMENT_3D('',#528,#529,#530);
#528 = CARTESIAN_POINT('',(3.481702622544,-2.111702622544,0.13));
#529 = DIRECTION('',(-0.,0.,-1.));
#530 = DIRECTION('',(-0.855025817657,0.518585432827,0.));
#531 = ADVANCED_FACE('',(#532),#549,.T.);
#532 = FACE_BOUND('',#533,.T.);
#533 = EDGE_LOOP('',(#534,#535,#536,#544));
#534 = ORIENTED_EDGE('',*,*,#435,.T.);
#535 = ORIENTED_EDGE('',*,*,#387,.T.);
#536 = ORIENTED_EDGE('',*,*,#537,.F.);
#537 = EDGE_CURVE('',#538,#390,#540,.T.);
#538 = VERTEX_POINT('',#539);
#539 = CARTESIAN_POINT('',(-3.52,-2.15,0.675));
#540 = LINE('',#541,#542);
#541 = CARTESIAN_POINT('',(-3.52,-2.15,0.675));
#542 = VECTOR('',#543,1.);
#543 = DIRECTION('',(1.,2.22044604925E-16,0.));
#544 = ORIENTED_EDGE('',*,*,#545,.F.);
#545 = EDGE_CURVE('',#436,#538,#546,.T.);
#546 = B_SPLINE_CURVE_WITH_KNOTS('',1,(#547,#548),.UNSPECIFIED.,.F.,.F.,
  (2,2),(0.,1.),.PIECEWISE_BEZIER_KNOTS.);
#547 = CARTESIAN_POINT('',(-3.481702622544,-2.111702622544,0.13));
#548 = CARTESIAN_POINT('',(-3.52,-2.15,0.675));
#549 = B_SPLINE_SURFACE_WITH_KNOTS('',1,1,(
    (#550,#551)
    ,(#552,#553
    )),.UNSPECIFIED.,.F.,.F.,.F.,(2,2),(2,2),(0.,7.04),(0.,1.),
  .PIECEWISE_BEZIER_KNOTS.);
#550 = CARTESIAN_POINT('',(-3.481702622544,-2.111702622544,0.13));
#551 = CARTESIAN_POINT('',(-3.52,-2.15,0.675));
#552 = CARTESIAN_POINT('',(3.481702622544,-2.111702622544,0.13));
#553 = CARTESIAN_POINT('',(3.52,-2.15,0.675));
#554 = ADVANCED_FACE('',(#555),#578,.T.);
#555 = FACE_BOUND('',#556,.T.);
#556 = EDGE_LOOP('',(#557,#558,#565,#573));
#557 = ORIENTED_EDGE('',*,*,#420,.T.);
#558 = ORIENTED_EDGE('',*,*,#559,.T.);
#559 = EDGE_CURVE('',#414,#560,#562,.T.);
#560 = VERTEX_POINT('',#561);
#561 = CARTESIAN_POINT('',(3.462026905685,2.092026905685,1.5));
#562 = B_SPLINE_CURVE_WITH_KNOTS('',1,(#563,#564),.UNSPECIFIED.,.F.,.F.,
  (2,2),(0.,1.),.PIECEWISE_BEZIER_KNOTS.);
#563 = CARTESIAN_POINT('',(3.52,2.15,0.675));
#564 = CARTESIAN_POINT('',(3.462026905685,2.092026905685,1.5));
#565 = ORIENTED_EDGE('',*,*,#566,.F.);
#566 = EDGE_CURVE('',#567,#560,#569,.T.);
#567 = VERTEX_POINT('',#568);
#568 = CARTESIAN_POINT('',(3.462026905685,-2.092026905685,1.5));
#569 = LINE('',#570,#571);
#570 = CARTESIAN_POINT('',(3.462026905685,-2.092026905685,1.5));
#571 = VECTOR('',#572,1.);
#572 = DIRECTION('',(-2.22044604925E-16,1.,0.));
#573 = ORIENTED_EDGE('',*,*,#574,.F.);
#574 = EDGE_CURVE('',#390,#567,#575,.T.);
#575 = B_SPLINE_CURVE_WITH_KNOTS('',1,(#576,#577),.UNSPECIFIED.,.F.,.F.,
  (2,2),(0.,1.),.PIECEWISE_BEZIER_KNOTS.);
#576 = CARTESIAN_POINT('',(3.52,-2.15,0.675));
#577 = CARTESIAN_POINT('',(3.462026905685,-2.092026905685,1.5));
#578 = B_SPLINE_SURFACE_WITH_KNOTS('',1,1,(
    (#579,#580)
    ,(#581,#582
  )),.UNSPECIFIED.,.F.,.F.,.F.,(2,2),(2,2),(0.,4.3),(0.,1.),
  .PIECEWISE_BEZIER_KNOTS.);
#579 = CARTESIAN_POINT('',(3.52,-2.15,0.675));
#580 = CARTESIAN_POINT('',(3.462026905685,-2.092026905685,1.5));
#581 = CARTESIAN_POINT('',(3.52,2.15,0.675));
#582 = CARTESIAN_POINT('',(3.462026905685,2.092026905685,1.5));
#583 = ADVANCED_FACE('',(#584),#601,.T.);
#584 = FACE_BOUND('',#585,.T.);
#585 = EDGE_LOOP('',(#586,#587,#594,#600));
#586 = ORIENTED_EDGE('',*,*,#483,.T.);
#587 = ORIENTED_EDGE('',*,*,#588,.T.);
#588 = EDGE_CURVE('',#476,#589,#591,.T.);
#589 = VERTEX_POINT('',#590);
#590 = CARTESIAN_POINT('',(-3.52,2.15,0.675));
#591 = B_SPLINE_CURVE_WITH_KNOTS('',1,(#592,#593),.UNSPECIFIED.,.F.,.F.,
  (2,2),(0.,1.),.PIECEWISE_BEZIER_KNOTS.);
#592 = CARTESIAN_POINT('',(-3.481702622544,2.111702622544,0.13));
#593 = CARTESIAN_POINT('',(-3.52,2.15,0.675));
#594 = ORIENTED_EDGE('',*,*,#595,.F.);
#595 = EDGE_CURVE('',#414,#589,#596,.T.);
#596 = LINE('',#597,#598);
#597 = CARTESIAN_POINT('',(3.52,2.15,0.675));
#598 = VECTOR('',#599,1.);
#599 = DIRECTION('',(-1.,-2.22044604925E-16,0.));
#600 = ORIENTED_EDGE('',*,*,#413,.F.);
#601 = B_SPLINE_SURFACE_WITH_KNOTS('',1,1,(
    (#602,#603)
    ,(#604,#605
    )),.UNSPECIFIED.,.F.,.F.,.F.,(2,2),(2,2),(0.,7.04),(0.,1.),
  .PIECEWISE_BEZIER_KNOTS.);
#602 = CARTESIAN_POINT('',(3.481702622544,2.111702622544,0.13));
#603 = CARTESIAN_POINT('',(3.52,2.15,0.675));
#604 = CARTESIAN_POINT('',(-3.481702622544,2.111702622544,0.13));
#605 = CARTESIAN_POINT('',(-3.52,2.15,0.675));
#606 = ADVANCED_FACE('',(#607),#644,.T.);
#607 = FACE_BOUND('',#608,.T.);
#608 = EDGE_LOOP('',(#609,#610,#611,#621,#628,#636,#637,#638));
#609 = ORIENTED_EDGE('',*,*,#588,.F.);
#610 = ORIENTED_EDGE('',*,*,#475,.T.);
#611 = ORIENTED_EDGE('',*,*,#612,.T.);
#612 = EDGE_CURVE('',#468,#613,#615,.T.);
#613 = VERTEX_POINT('',#614);
#614 = CARTESIAN_POINT('',(-3.481793974086,1.2,0.1313));
#615 = B_SPLINE_CURVE_WITH_KNOTS('',4,(#616,#617,#618,#619,#620),
  .UNSPECIFIED.,.F.,.F.,(5,5),(0.,1.),.PIECEWISE_BEZIER_KNOTS.);
#616 = CARTESIAN_POINT('',(-3.481702622544,1.2,0.13));
#617 = CARTESIAN_POINT('',(-3.49115833339,1.2,0.264561757318));
#618 = CARTESIAN_POINT('',(-3.500614080069,1.2,0.399124024566));
#619 = CARTESIAN_POINT('',(-3.51006986098,1.2,0.533686778957));
#620 = CARTESIAN_POINT('',(-3.519525674683,1.2,0.66825));
#621 = ORIENTED_EDGE('',*,*,#622,.F.);
#622 = EDGE_CURVE('',#623,#613,#625,.T.);
#623 = VERTEX_POINT('',#624);
#624 = CARTESIAN_POINT('',(-3.481793974086,-1.2,0.1313));
#625 = B_SPLINE_CURVE_WITH_KNOTS('',1,(#626,#627),.UNSPECIFIED.,.F.,.F.,
  (2,2),(0.,1.),.PIECEWISE_BEZIER_KNOTS.);
#626 = CARTESIAN_POINT('',(-3.481793974086,-1.2,0.1313));
#627 = CARTESIAN_POINT('',(-3.481793974086,1.2,0.1313));
#628 = ORIENTED_EDGE('',*,*,#629,.F.);
#629 = EDGE_CURVE('',#444,#623,#630,.T.);
#630 = B_SPLINE_CURVE_WITH_KNOTS('',4,(#631,#632,#633,#634,#635),
  .UNSPECIFIED.,.F.,.F.,(5,5),(0.,1.),.PIECEWISE_BEZIER_KNOTS.);
#631 = CARTESIAN_POINT('',(-3.481702622544,-1.2,0.13));
#632 = CARTESIAN_POINT('',(-3.49115833339,-1.2,0.264561757318));
#633 = CARTESIAN_POINT('',(-3.500614080069,-1.2,0.399124024566));
#634 = CARTESIAN_POINT('',(-3.51006986098,-1.2,0.533686778957));
#635 = CARTESIAN_POINT('',(-3.519525674683,-1.2,0.66825));
#636 = ORIENTED_EDGE('',*,*,#443,.T.);
#637 = ORIENTED_EDGE('',*,*,#545,.T.);
#638 = ORIENTED_EDGE('',*,*,#639,.F.);
#639 = EDGE_CURVE('',#589,#538,#640,.T.);
#640 = LINE('',#641,#642);
#641 = CARTESIAN_POINT('',(-3.52,2.15,0.675));
#642 = VECTOR('',#643,1.);
#643 = DIRECTION('',(2.22044604925E-16,-1.,0.));
#644 = B_SPLINE_SURFACE_WITH_KNOTS('',1,1,(
    (#645,#646)
    ,(#647,#648
  )),.UNSPECIFIED.,.F.,.F.,.F.,(2,2),(2,2),(0.,4.3),(0.,1.),
  .PIECEWISE_BEZIER_KNOTS.);
#645 = CARTESIAN_POINT('',(-3.481702622544,2.111702622544,0.13));
#646 = CARTESIAN_POINT('',(-3.52,2.15,0.675));
#647 = CARTESIAN_POINT('',(-3.481702622544,-2.111702622544,0.13));
#648 = CARTESIAN_POINT('',(-3.52,-2.15,0.675));
#649 = ADVANCED_FACE('',(#650),#718,.T.);
#650 = FACE_BOUND('',#651,.T.);
#651 = EDGE_LOOP('',(#652,#663,#671,#680,#688,#696,#702,#703,#704,#712)
  );
#652 = ORIENTED_EDGE('',*,*,#653,.F.);
#653 = EDGE_CURVE('',#654,#656,#658,.T.);
#654 = VERTEX_POINT('',#655);
#655 = CARTESIAN_POINT('',(-3.65,1.2,8.666666666667E-02));
#656 = VERTEX_POINT('',#657);
#657 = CARTESIAN_POINT('',(-3.563333333333,1.2,-1.387778780781E-17));
#658 = CIRCLE('',#659,8.666666666667E-02);
#659 = AXIS2_PLACEMENT_3D('',#660,#661,#662);
#660 = CARTESIAN_POINT('',(-3.563333333333,1.2,8.666666666667E-02));
#661 = DIRECTION('',(2.22044604925E-16,-1.,0.));
#662 = DIRECTION('',(0.,0.,1.));
#663 = ORIENTED_EDGE('',*,*,#664,.T.);
#664 = EDGE_CURVE('',#654,#665,#667,.T.);
#665 = VERTEX_POINT('',#666);
#666 = CARTESIAN_POINT('',(-3.65,1.2,0.581583333333));
#667 = LINE('',#668,#669);
#668 = CARTESIAN_POINT('',(-3.65,1.2,0.));
#669 = VECTOR('',#670,1.);
#670 = DIRECTION('',(0.,0.,1.));
#671 = ORIENTED_EDGE('',*,*,#672,.T.);
#672 = EDGE_CURVE('',#665,#673,#675,.T.);
#673 = VERTEX_POINT('',#674);
#674 = CARTESIAN_POINT('',(-3.563333333333,1.2,0.66825));
#675 = CIRCLE('',#676,8.666666666667E-02);
#676 = AXIS2_PLACEMENT_3D('',#677,#678,#679);
#677 = CARTESIAN_POINT('',(-3.563333333333,1.2,0.581583333333));
#678 = DIRECTION('',(-2.22044604925E-16,1.,0.));
#679 = DIRECTION('',(0.,0.,1.));
#680 = ORIENTED_EDGE('',*,*,#681,.T.);
#681 = EDGE_CURVE('',#673,#682,#684,.T.);
#682 = VERTEX_POINT('',#683);
#683 = CARTESIAN_POINT('',(-3.52,1.2,0.66825));
#684 = LINE('',#685,#686);
#685 = CARTESIAN_POINT('',(-3.65,1.2,0.66825));
#686 = VECTOR('',#687,1.);
#687 = DIRECTION('',(1.,2.22044604925E-16,0.));
#688 = ORIENTED_EDGE('',*,*,#689,.F.);
#689 = EDGE_CURVE('',#690,#682,#692,.T.);
#690 = VERTEX_POINT('',#691);
#691 = CARTESIAN_POINT('',(-3.52,1.2,0.1313));
#692 = LINE('',#693,#694);
#693 = CARTESIAN_POINT('',(-3.52,1.2,0.));
#694 = VECTOR('',#695,1.);
#695 = DIRECTION('',(0.,0.,1.));
#696 = ORIENTED_EDGE('',*,*,#697,.T.);
#697 = EDGE_CURVE('',#690,#613,#698,.T.);
#698 = LINE('',#699,#700);
#699 = CARTESIAN_POINT('',(-3.52,1.2,0.1313));
#700 = VECTOR('',#701,1.);
#701 = DIRECTION('',(1.,2.22044604925E-16,0.));
#702 = ORIENTED_EDGE('',*,*,#612,.F.);
#703 = ORIENTED_EDGE('',*,*,#467,.F.);
#704 = ORIENTED_EDGE('',*,*,#705,.F.);
#705 = EDGE_CURVE('',#706,#460,#708,.T.);
#706 = VERTEX_POINT('',#707);
#707 = CARTESIAN_POINT('',(-2.22,1.2,0.));
#708 = LINE('',#709,#710);
#709 = CARTESIAN_POINT('',(-2.22,1.2,0.));
#710 = VECTOR('',#711,1.);
#711 = DIRECTION('',(0.,0.,1.));
#712 = ORIENTED_EDGE('',*,*,#713,.F.);
#713 = EDGE_CURVE('',#656,#706,#714,.T.);
#714 = LINE('',#715,#716);
#715 = CARTESIAN_POINT('',(-3.52,1.2,0.));
#716 = VECTOR('',#717,1.);
#717 = DIRECTION('',(1.,2.22044604925E-16,0.));
#718 = PLANE('',#719);
#719 = AXIS2_PLACEMENT_3D('',#720,#721,#722);
#720 = CARTESIAN_POINT('',(-3.090697648751,1.2,0.164658107818));
#721 = DIRECTION('',(-2.22044604925E-16,1.,3.051583822273E-31));
#722 = DIRECTION('',(-1.,-2.22044604925E-16,-4.289172017929E-63));
#723 = ADVANCED_FACE('',(#724),#742,.T.);
#724 = FACE_BOUND('',#725,.T.);
#725 = EDGE_LOOP('',(#726,#734,#735,#736));
#726 = ORIENTED_EDGE('',*,*,#727,.F.);
#727 = EDGE_CURVE('',#706,#728,#730,.T.);
#728 = VERTEX_POINT('',#729);
#729 = CARTESIAN_POINT('',(-2.22,-1.2,0.));
#730 = LINE('',#731,#732);
#731 = CARTESIAN_POINT('',(-2.22,1.2,0.));
#732 = VECTOR('',#733,1.);
#733 = DIRECTION('',(2.22044604925E-16,-1.,0.));
#734 = ORIENTED_EDGE('',*,*,#705,.T.);
#735 = ORIENTED_EDGE('',*,*,#459,.F.);
#736 = ORIENTED_EDGE('',*,*,#737,.F.);
#737 = EDGE_CURVE('',#728,#452,#738,.T.);
#738 = LINE('',#739,#740);
#739 = CARTESIAN_POINT('',(-2.22,-1.2,0.));
#740 = VECTOR('',#741,1.);
#741 = DIRECTION('',(0.,0.,1.));
#742 = PLANE('',#743);
#743 = AXIS2_PLACEMENT_3D('',#744,#745,#746);
#744 = CARTESIAN_POINT('',(-2.22,1.2,0.));
#745 = DIRECTION('',(1.,2.22044604925E-16,0.));
#746 = DIRECTION('',(2.22044604925E-16,-1.,0.));
#747 = ADVANCED_FACE('',(#748),#809,.T.);
#748 = FACE_BOUND('',#749,.T.);
#749 = EDGE_LOOP('',(#750,#760,#769,#775,#776,#777,#778,#786,#794,#802)
  );
#750 = ORIENTED_EDGE('',*,*,#751,.F.);
#751 = EDGE_CURVE('',#752,#754,#756,.T.);
#752 = VERTEX_POINT('',#753);
#753 = CARTESIAN_POINT('',(-3.65,-1.2,8.666666666667E-02));
#754 = VERTEX_POINT('',#755);
#755 = CARTESIAN_POINT('',(-3.65,-1.2,0.581583333333));
#756 = LINE('',#757,#758);
#757 = CARTESIAN_POINT('',(-3.65,-1.2,0.));
#758 = VECTOR('',#759,1.);
#759 = DIRECTION('',(0.,0.,1.));
#760 = ORIENTED_EDGE('',*,*,#761,.T.);
#761 = EDGE_CURVE('',#752,#762,#764,.T.);
#762 = VERTEX_POINT('',#763);
#763 = CARTESIAN_POINT('',(-3.563333333333,-1.2,-1.387778780781E-17));
#764 = CIRCLE('',#765,8.666666666667E-02);
#765 = AXIS2_PLACEMENT_3D('',#766,#767,#768);
#766 = CARTESIAN_POINT('',(-3.563333333333,-1.2,8.666666666667E-02));
#767 = DIRECTION('',(2.22044604925E-16,-1.,0.));
#768 = DIRECTION('',(0.,0.,1.));
#769 = ORIENTED_EDGE('',*,*,#770,.F.);
#770 = EDGE_CURVE('',#728,#762,#771,.T.);
#771 = LINE('',#772,#773);
#772 = CARTESIAN_POINT('',(-3.52,-1.2,0.));
#773 = VECTOR('',#774,1.);
#774 = DIRECTION('',(-1.,-2.22044604925E-16,0.));
#775 = ORIENTED_EDGE('',*,*,#737,.T.);
#776 = ORIENTED_EDGE('',*,*,#451,.F.);
#777 = ORIENTED_EDGE('',*,*,#629,.T.);
#778 = ORIENTED_EDGE('',*,*,#779,.T.);
#779 = EDGE_CURVE('',#623,#780,#782,.T.);
#780 = VERTEX_POINT('',#781);
#781 = CARTESIAN_POINT('',(-3.52,-1.2,0.1313));
#782 = LINE('',#783,#784);
#783 = CARTESIAN_POINT('',(-2.22,-1.2,0.1313));
#784 = VECTOR('',#785,1.);
#785 = DIRECTION('',(-1.,-2.22044604925E-16,0.));
#786 = ORIENTED_EDGE('',*,*,#787,.T.);
#787 = EDGE_CURVE('',#780,#788,#790,.T.);
#788 = VERTEX_POINT('',#789);
#789 = CARTESIAN_POINT('',(-3.52,-1.2,0.66825));
#790 = LINE('',#791,#792);
#791 = CARTESIAN_POINT('',(-3.52,-1.2,0.));
#792 = VECTOR('',#793,1.);
#793 = DIRECTION('',(0.,0.,1.));
#794 = ORIENTED_EDGE('',*,*,#795,.T.);
#795 = EDGE_CURVE('',#788,#796,#798,.T.);
#796 = VERTEX_POINT('',#797);
#797 = CARTESIAN_POINT('',(-3.563333333333,-1.2,0.66825));
#798 = LINE('',#799,#800);
#799 = CARTESIAN_POINT('',(-3.52,-1.2,0.66825));
#800 = VECTOR('',#801,1.);
#801 = DIRECTION('',(-1.,-2.22044604925E-16,0.));
#802 = ORIENTED_EDGE('',*,*,#803,.F.);
#803 = EDGE_CURVE('',#754,#796,#804,.T.);
#804 = CIRCLE('',#805,8.666666666667E-02);
#805 = AXIS2_PLACEMENT_3D('',#806,#807,#808);
#806 = CARTESIAN_POINT('',(-3.563333333333,-1.2,0.581583333333));
#807 = DIRECTION('',(-2.22044604925E-16,1.,0.));
#808 = DIRECTION('',(0.,0.,1.));
#809 = PLANE('',#810);
#810 = AXIS2_PLACEMENT_3D('',#811,#812,#813);
#811 = CARTESIAN_POINT('',(-3.090697648751,-1.2,0.164658107818));
#812 = DIRECTION('',(2.22044604925E-16,-1.,-0.));
#813 = DIRECTION('',(-0.,0.,-1.));
#814 = ADVANCED_FACE('',(#815),#838,.T.);
#815 = FACE_BOUND('',#816,.T.);
#816 = EDGE_LOOP('',(#817,#827,#832,#833));
#817 = ORIENTED_EDGE('',*,*,#818,.T.);
#818 = EDGE_CURVE('',#819,#821,#823,.T.);
#819 = VERTEX_POINT('',#820);
#820 = CARTESIAN_POINT('',(1.75,-1.75,0.));
#821 = VERTEX_POINT('',#822);
#822 = CARTESIAN_POINT('',(1.75,1.75,0.));
#823 = LINE('',#824,#825);
#824 = CARTESIAN_POINT('',(1.75,-1.75,0.));
#825 = VECTOR('',#826,1.);
#826 = DIRECTION('',(-2.22044604925E-16,1.,0.));
#827 = ORIENTED_EDGE('',*,*,#828,.T.);
#828 = EDGE_CURVE('',#821,#498,#829,.T.);
#829 = B_SPLINE_CURVE_WITH_KNOTS('',1,(#830,#831),.UNSPECIFIED.,.F.,.F.,
  (2,2),(0.,1.),.PIECEWISE_BEZIER_KNOTS.);
#830 = CARTESIAN_POINT('',(1.75,1.75,0.));
#831 = CARTESIAN_POINT('',(1.75,1.75,0.13));
#832 = ORIENTED_EDGE('',*,*,#495,.F.);
#833 = ORIENTED_EDGE('',*,*,#834,.F.);
#834 = EDGE_CURVE('',#819,#496,#835,.T.);
#835 = B_SPLINE_CURVE_WITH_KNOTS('',1,(#836,#837),.UNSPECIFIED.,.F.,.F.,
  (2,2),(0.,1.),.PIECEWISE_BEZIER_KNOTS.);
#836 = CARTESIAN_POINT('',(1.75,-1.75,0.));
#837 = CARTESIAN_POINT('',(1.75,-1.75,0.13));
#838 = PLANE('',#839);
#839 = AXIS2_PLACEMENT_3D('',#840,#841,#842);
#840 = CARTESIAN_POINT('',(1.75,-1.75,0.13));
#841 = DIRECTION('',(1.,2.22044604925E-16,0.));
#842 = DIRECTION('',(-2.22044604925E-16,1.,0.));
#843 = ADVANCED_FACE('',(#844),#861,.T.);
#844 = FACE_BOUND('',#845,.T.);
#845 = EDGE_LOOP('',(#846,#854,#855,#856));
#846 = ORIENTED_EDGE('',*,*,#847,.T.);
#847 = EDGE_CURVE('',#848,#819,#850,.T.);
#848 = VERTEX_POINT('',#849);
#849 = CARTESIAN_POINT('',(-1.75,-1.75,0.));
#850 = LINE('',#851,#852);
#851 = CARTESIAN_POINT('',(-1.75,-1.75,0.));
#852 = VECTOR('',#853,1.);
#853 = DIRECTION('',(1.,2.22044604925E-16,0.));
#854 = ORIENTED_EDGE('',*,*,#834,.T.);
#855 = ORIENTED_EDGE('',*,*,#521,.F.);
#856 = ORIENTED_EDGE('',*,*,#857,.F.);
#857 = EDGE_CURVE('',#848,#514,#858,.T.);
#858 = B_SPLINE_CURVE_WITH_KNOTS('',1,(#859,#860),.UNSPECIFIED.,.F.,.F.,
  (2,2),(0.,1.),.PIECEWISE_BEZIER_KNOTS.);
#859 = CARTESIAN_POINT('',(-1.75,-1.75,0.));
#860 = CARTESIAN_POINT('',(-1.75,-1.75,0.13));
#861 = PLANE('',#862);
#862 = AXIS2_PLACEMENT_3D('',#863,#864,#865);
#863 = CARTESIAN_POINT('',(-1.75,-1.75,0.13));
#864 = DIRECTION('',(2.22044604925E-16,-1.,0.));
#865 = DIRECTION('',(1.,2.22044604925E-16,0.));
#866 = ADVANCED_FACE('',(#867),#884,.T.);
#867 = FACE_BOUND('',#868,.T.);
#868 = EDGE_LOOP('',(#869,#877,#882,#883));
#869 = ORIENTED_EDGE('',*,*,#870,.T.);
#870 = EDGE_CURVE('',#821,#871,#873,.T.);
#871 = VERTEX_POINT('',#872);
#872 = CARTESIAN_POINT('',(-1.75,1.75,0.));
#873 = LINE('',#874,#875);
#874 = CARTESIAN_POINT('',(1.75,1.75,0.));
#875 = VECTOR('',#876,1.);
#876 = DIRECTION('',(-1.,-2.22044604925E-16,0.));
#877 = ORIENTED_EDGE('',*,*,#878,.T.);
#878 = EDGE_CURVE('',#871,#506,#879,.T.);
#879 = B_SPLINE_CURVE_WITH_KNOTS('',1,(#880,#881),.UNSPECIFIED.,.F.,.F.,
  (2,2),(0.,1.),.PIECEWISE_BEZIER_KNOTS.);
#880 = CARTESIAN_POINT('',(-1.75,1.75,0.));
#881 = CARTESIAN_POINT('',(-1.75,1.75,0.13));
#882 = ORIENTED_EDGE('',*,*,#505,.F.);
#883 = ORIENTED_EDGE('',*,*,#828,.F.);
#884 = PLANE('',#885);
#885 = AXIS2_PLACEMENT_3D('',#886,#887,#888);
#886 = CARTESIAN_POINT('',(1.75,1.75,0.13));
#887 = DIRECTION('',(-2.22044604925E-16,1.,0.));
#888 = DIRECTION('',(-1.,-2.22044604925E-16,0.));
#889 = ADVANCED_FACE('',(#890),#901,.T.);
#890 = FACE_BOUND('',#891,.T.);
#891 = EDGE_LOOP('',(#892,#898,#899,#900));
#892 = ORIENTED_EDGE('',*,*,#893,.T.);
#893 = EDGE_CURVE('',#871,#848,#894,.T.);
#894 = LINE('',#895,#896);
#895 = CARTESIAN_POINT('',(-1.75,1.75,0.));
#896 = VECTOR('',#897,1.);
#897 = DIRECTION('',(2.22044604925E-16,-1.,0.));
#898 = ORIENTED_EDGE('',*,*,#857,.T.);
#899 = ORIENTED_EDGE('',*,*,#513,.F.);
#900 = ORIENTED_EDGE('',*,*,#878,.F.);
#901 = PLANE('',#902);
#902 = AXIS2_PLACEMENT_3D('',#903,#904,#905);
#903 = CARTESIAN_POINT('',(-1.75,1.75,0.13));
#904 = DIRECTION('',(-1.,-2.22044604925E-16,0.));
#905 = DIRECTION('',(2.22044604925E-16,-1.,0.));
#906 = ADVANCED_FACE('',(#907),#924,.T.);
#907 = FACE_BOUND('',#908,.T.);
#908 = EDGE_LOOP('',(#909,#910,#911,#919));
#909 = ORIENTED_EDGE('',*,*,#537,.T.);
#910 = ORIENTED_EDGE('',*,*,#574,.T.);
#911 = ORIENTED_EDGE('',*,*,#912,.F.);
#912 = EDGE_CURVE('',#913,#567,#915,.T.);
#913 = VERTEX_POINT('',#914);
#914 = CARTESIAN_POINT('',(-3.462026905685,-2.092026905685,1.5));
#915 = LINE('',#916,#917);
#916 = CARTESIAN_POINT('',(-3.462026905685,-2.092026905685,1.5));
#917 = VECTOR('',#918,1.);
#918 = DIRECTION('',(1.,2.22044604925E-16,0.));
#919 = ORIENTED_EDGE('',*,*,#920,.F.);
#920 = EDGE_CURVE('',#538,#913,#921,.T.);
#921 = B_SPLINE_CURVE_WITH_KNOTS('',1,(#922,#923),.UNSPECIFIED.,.F.,.F.,
  (2,2),(0.,1.),.PIECEWISE_BEZIER_KNOTS.);
#922 = CARTESIAN_POINT('',(-3.52,-2.15,0.675));
#923 = CARTESIAN_POINT('',(-3.462026905685,-2.092026905685,1.5));
#924 = B_SPLINE_SURFACE_WITH_KNOTS('',1,1,(
    (#925,#926)
    ,(#927,#928
    )),.UNSPECIFIED.,.F.,.F.,.F.,(2,2),(2,2),(0.,7.04),(0.,1.),
  .PIECEWISE_BEZIER_KNOTS.);
#925 = CARTESIAN_POINT('',(-3.52,-2.15,0.675));
#926 = CARTESIAN_POINT('',(-3.462026905685,-2.092026905685,1.5));
#927 = CARTESIAN_POINT('',(3.52,-2.15,0.675));
#928 = CARTESIAN_POINT('',(3.462026905685,-2.092026905685,1.5));
#929 = ADVANCED_FACE('',(#930),#947,.T.);
#930 = FACE_BOUND('',#931,.T.);
#931 = EDGE_LOOP('',(#932,#933,#940,#946));
#932 = ORIENTED_EDGE('',*,*,#595,.T.);
#933 = ORIENTED_EDGE('',*,*,#934,.T.);
#934 = EDGE_CURVE('',#589,#935,#937,.T.);
#935 = VERTEX_POINT('',#936);
#936 = CARTESIAN_POINT('',(-3.462026905685,2.092026905685,1.5));
#937 = B_SPLINE_CURVE_WITH_KNOTS('',1,(#938,#939),.UNSPECIFIED.,.F.,.F.,
  (2,2),(0.,1.),.PIECEWISE_BEZIER_KNOTS.);
#938 = CARTESIAN_POINT('',(-3.52,2.15,0.675));
#939 = CARTESIAN_POINT('',(-3.462026905685,2.092026905685,1.5));
#940 = ORIENTED_EDGE('',*,*,#941,.F.);
#941 = EDGE_CURVE('',#560,#935,#942,.T.);
#942 = LINE('',#943,#944);
#943 = CARTESIAN_POINT('',(3.462026905685,2.092026905685,1.5));
#944 = VECTOR('',#945,1.);
#945 = DIRECTION('',(-1.,-2.22044604925E-16,0.));
#946 = ORIENTED_EDGE('',*,*,#559,.F.);
#947 = B_SPLINE_SURFACE_WITH_KNOTS('',1,1,(
    (#948,#949)
    ,(#950,#951
    )),.UNSPECIFIED.,.F.,.F.,.F.,(2,2),(2,2),(0.,7.04),(0.,1.),
  .PIECEWISE_BEZIER_KNOTS.);
#948 = CARTESIAN_POINT('',(3.52,2.15,0.675));
#949 = CARTESIAN_POINT('',(3.462026905685,2.092026905685,1.5));
#950 = CARTESIAN_POINT('',(-3.52,2.15,0.675));
#951 = CARTESIAN_POINT('',(-3.462026905685,2.092026905685,1.5));
#952 = ADVANCED_FACE('',(#953,#964),#998,.F.);
#953 = FACE_BOUND('',#954,.F.);
#954 = EDGE_LOOP('',(#955,#956,#957,#963));
#955 = ORIENTED_EDGE('',*,*,#566,.F.);
#956 = ORIENTED_EDGE('',*,*,#912,.F.);
#957 = ORIENTED_EDGE('',*,*,#958,.F.);
#958 = EDGE_CURVE('',#935,#913,#959,.T.);
#959 = LINE('',#960,#961);
#960 = CARTESIAN_POINT('',(-3.462026905685,2.092026905685,1.5));
#961 = VECTOR('',#962,1.);
#962 = DIRECTION('',(2.22044604925E-16,-1.,0.));
#963 = ORIENTED_EDGE('',*,*,#941,.F.);
#964 = FACE_BOUND('',#965,.F.);
#965 = EDGE_LOOP('',(#966,#976,#984,#992));
#966 = ORIENTED_EDGE('',*,*,#967,.T.);
#967 = EDGE_CURVE('',#968,#970,#972,.T.);
#968 = VERTEX_POINT('',#969);
#969 = CARTESIAN_POINT('',(-3.404053811371,-2.034053811371,1.5));
#970 = VERTEX_POINT('',#971);
#971 = CARTESIAN_POINT('',(-2.204053811371,-2.034053811371,1.5));
#972 = LINE('',#973,#974);
#973 = CARTESIAN_POINT('',(-3.404053811371,-2.034053811371,1.5));
#974 = VECTOR('',#975,1.);
#975 = DIRECTION('',(1.,2.22044604925E-16,0.));
#976 = ORIENTED_EDGE('',*,*,#977,.T.);
#977 = EDGE_CURVE('',#970,#978,#980,.T.);
#978 = VERTEX_POINT('',#979);
#979 = CARTESIAN_POINT('',(-2.204053811371,2.034053811371,1.5));
#980 = LINE('',#981,#982);
#981 = CARTESIAN_POINT('',(-2.204053811371,-2.034053811371,1.5));
#982 = VECTOR('',#983,1.);
#983 = DIRECTION('',(-2.22044604925E-16,1.,0.));
#984 = ORIENTED_EDGE('',*,*,#985,.T.);
#985 = EDGE_CURVE('',#978,#986,#988,.T.);
#986 = VERTEX_POINT('',#987);
#987 = CARTESIAN_POINT('',(-3.404053811371,2.034053811371,1.5));
#988 = LINE('',#989,#990);
#989 = CARTESIAN_POINT('',(-2.204053811371,2.034053811371,1.5));
#990 = VECTOR('',#991,1.);
#991 = DIRECTION('',(-1.,-2.22044604925E-16,0.));
#992 = ORIENTED_EDGE('',*,*,#993,.T.);
#993 = EDGE_CURVE('',#986,#968,#994,.T.);
#994 = LINE('',#995,#996);
#995 = CARTESIAN_POINT('',(-3.404053811371,2.034053811371,1.5));
#996 = VECTOR('',#997,1.);
#997 = DIRECTION('',(2.22044604925E-16,-1.,0.));
#998 = PLANE('',#999);
#999 = AXIS2_PLACEMENT_3D('',#1000,#1001,#1002);
#1000 = CARTESIAN_POINT('',(3.462026905685,-2.092026905685,1.5));
#1001 = DIRECTION('',(-0.,0.,-1.));
#1002 = DIRECTION('',(-0.855873341164,0.517185483057,0.));
#1003 = ADVANCED_FACE('',(#1004),#1010,.T.);
#1004 = FACE_BOUND('',#1005,.T.);
#1005 = EDGE_LOOP('',(#1006,#1007,#1008,#1009));
#1006 = ORIENTED_EDGE('',*,*,#639,.T.);
#1007 = ORIENTED_EDGE('',*,*,#920,.T.);
#1008 = ORIENTED_EDGE('',*,*,#958,.F.);
#1009 = ORIENTED_EDGE('',*,*,#934,.F.);
#1010 = B_SPLINE_SURFACE_WITH_KNOTS('',1,1,(
    (#1011,#1012)
    ,(#1013,#1014
    )),.UNSPECIFIED.,.F.,.F.,.F.,(2,2),(2,2),(0.,4.3),(0.,1.),
  .PIECEWISE_BEZIER_KNOTS.);
#1011 = CARTESIAN_POINT('',(-3.52,2.15,0.675));
#1012 = CARTESIAN_POINT('',(-3.462026905685,2.092026905685,1.5));
#1013 = CARTESIAN_POINT('',(-3.52,-2.15,0.675));
#1014 = CARTESIAN_POINT('',(-3.462026905685,-2.092026905685,1.5));
#1015 = ADVANCED_FACE('',(#1016),#1027,.F.);
#1016 = FACE_BOUND('',#1017,.F.);
#1017 = EDGE_LOOP('',(#1018,#1019,#1020,#1026));
#1018 = ORIENTED_EDGE('',*,*,#622,.F.);
#1019 = ORIENTED_EDGE('',*,*,#779,.T.);
#1020 = ORIENTED_EDGE('',*,*,#1021,.T.);
#1021 = EDGE_CURVE('',#780,#690,#1022,.T.);
#1022 = LINE('',#1023,#1024);
#1023 = CARTESIAN_POINT('',(-3.52,-1.2,0.1313));
#1024 = VECTOR('',#1025,1.);
#1025 = DIRECTION('',(-2.22044604925E-16,1.,0.));
#1026 = ORIENTED_EDGE('',*,*,#697,.T.);
#1027 = PLANE('',#1028);
#1028 = AXIS2_PLACEMENT_3D('',#1029,#1030,#1031);
#1029 = CARTESIAN_POINT('',(-2.87,-6.661338147751E-16,0.1313));
#1030 = DIRECTION('',(0.,0.,-1.));
#1031 = DIRECTION('',(2.22044604925E-16,-1.,0.));
#1032 = ADVANCED_FACE('',(#1033),#1049,.T.);
#1033 = FACE_BOUND('',#1034,.T.);
#1034 = EDGE_LOOP('',(#1035,#1041,#1042,#1048));
#1035 = ORIENTED_EDGE('',*,*,#1036,.T.);
#1036 = EDGE_CURVE('',#752,#654,#1037,.T.);
#1037 = LINE('',#1038,#1039);
#1038 = CARTESIAN_POINT('',(-3.65,-1.2,8.666666666667E-02));
#1039 = VECTOR('',#1040,1.);
#1040 = DIRECTION('',(-2.22044604925E-16,1.,0.));
#1041 = ORIENTED_EDGE('',*,*,#653,.T.);
#1042 = ORIENTED_EDGE('',*,*,#1043,.F.);
#1043 = EDGE_CURVE('',#762,#656,#1044,.T.);
#1044 = LINE('',#1045,#1046);
#1045 = CARTESIAN_POINT('',(-3.563333333333,-1.2,-1.387778780781E-17));
#1046 = VECTOR('',#1047,1.);
#1047 = DIRECTION('',(-2.22044604925E-16,1.,0.));
#1048 = ORIENTED_EDGE('',*,*,#761,.F.);
#1049 = CYLINDRICAL_SURFACE('',#1050,8.666666666667E-02);
#1050 = AXIS2_PLACEMENT_3D('',#1051,#1052,#1053);
#1051 = CARTESIAN_POINT('',(-3.563333333333,-1.2,8.666666666667E-02));
#1052 = DIRECTION('',(-2.22044604925E-16,1.,0.));
#1053 = DIRECTION('',(-1.,-2.22044604925E-16,0.));
#1054 = ADVANCED_FACE('',(#1055),#1061,.T.);
#1055 = FACE_BOUND('',#1056,.T.);
#1056 = EDGE_LOOP('',(#1057,#1058,#1059,#1060));
#1057 = ORIENTED_EDGE('',*,*,#770,.T.);
#1058 = ORIENTED_EDGE('',*,*,#1043,.T.);
#1059 = ORIENTED_EDGE('',*,*,#713,.T.);
#1060 = ORIENTED_EDGE('',*,*,#727,.T.);
#1061 = PLANE('',#1062);
#1062 = AXIS2_PLACEMENT_3D('',#1063,#1064,#1065);
#1063 = CARTESIAN_POINT('',(-2.891666666667,-6.124203087202E-16,
    -4.448801078195E-18));
#1064 = DIRECTION('',(6.775329299137E-18,1.546289334535E-33,-1.));
#1065 = DIRECTION('',(1.,2.22044604925E-16,6.775329299137E-18));
#1066 = ADVANCED_FACE('',(#1067),#1078,.T.);
#1067 = FACE_BOUND('',#1068,.T.);
#1068 = EDGE_LOOP('',(#1069,#1070,#1071,#1077));
#1069 = ORIENTED_EDGE('',*,*,#1021,.T.);
#1070 = ORIENTED_EDGE('',*,*,#689,.T.);
#1071 = ORIENTED_EDGE('',*,*,#1072,.T.);
#1072 = EDGE_CURVE('',#682,#788,#1073,.T.);
#1073 = LINE('',#1074,#1075);
#1074 = CARTESIAN_POINT('',(-3.52,1.2,0.66825));
#1075 = VECTOR('',#1076,1.);
#1076 = DIRECTION('',(2.22044604925E-16,-1.,0.));
#1077 = ORIENTED_EDGE('',*,*,#787,.F.);
#1078 = PLANE('',#1079);
#1079 = AXIS2_PLACEMENT_3D('',#1080,#1081,#1082);
#1080 = CARTESIAN_POINT('',(-3.52,1.2,0.));
#1081 = DIRECTION('',(1.,2.22044604925E-16,0.));
#1082 = DIRECTION('',(2.22044604925E-16,-1.,0.));
#1083 = ADVANCED_FACE('',(#1084),#1095,.F.);
#1084 = FACE_BOUND('',#1085,.F.);
#1085 = EDGE_LOOP('',(#1086,#1087,#1093,#1094));
#1086 = ORIENTED_EDGE('',*,*,#795,.T.);
#1087 = ORIENTED_EDGE('',*,*,#1088,.T.);
#1088 = EDGE_CURVE('',#796,#673,#1089,.T.);
#1089 = LINE('',#1090,#1091);
#1090 = CARTESIAN_POINT('',(-3.563333333333,-1.2,0.66825));
#1091 = VECTOR('',#1092,1.);
#1092 = DIRECTION('',(-2.22044604925E-16,1.,0.));
#1093 = ORIENTED_EDGE('',*,*,#681,.T.);
#1094 = ORIENTED_EDGE('',*,*,#1072,.T.);
#1095 = PLANE('',#1096);
#1096 = AXIS2_PLACEMENT_3D('',#1097,#1098,#1099);
#1097 = CARTESIAN_POINT('',(-3.585,-8.881784197001E-16,0.66825));
#1098 = DIRECTION('',(0.,0.,-1.));
#1099 = DIRECTION('',(2.22044604925E-16,-1.,0.));
#1100 = ADVANCED_FACE('',(#1101),#1112,.T.);
#1101 = FACE_BOUND('',#1102,.T.);
#1102 = EDGE_LOOP('',(#1103,#1104,#1105,#1106));
#1103 = ORIENTED_EDGE('',*,*,#803,.T.);
#1104 = ORIENTED_EDGE('',*,*,#1088,.T.);
#1105 = ORIENTED_EDGE('',*,*,#672,.F.);
#1106 = ORIENTED_EDGE('',*,*,#1107,.F.);
#1107 = EDGE_CURVE('',#754,#665,#1108,.T.);
#1108 = LINE('',#1109,#1110);
#1109 = CARTESIAN_POINT('',(-3.65,-1.2,0.581583333333));
#1110 = VECTOR('',#1111,1.);
#1111 = DIRECTION('',(-2.22044604925E-16,1.,0.));
#1112 = CYLINDRICAL_SURFACE('',#1113,8.666666666667E-02);
#1113 = AXIS2_PLACEMENT_3D('',#1114,#1115,#1116);
#1114 = CARTESIAN_POINT('',(-3.563333333333,-1.2,0.581583333333));
#1115 = DIRECTION('',(-2.22044604925E-16,1.,0.));
#1116 = DIRECTION('',(-1.,-2.22044604925E-16,0.));
#1117 = ADVANCED_FACE('',(#1118),#1124,.T.);
#1118 = FACE_BOUND('',#1119,.T.);
#1119 = EDGE_LOOP('',(#1120,#1121,#1122,#1123));
#1120 = ORIENTED_EDGE('',*,*,#751,.T.);
#1121 = ORIENTED_EDGE('',*,*,#1107,.T.);
#1122 = ORIENTED_EDGE('',*,*,#664,.F.);
#1123 = ORIENTED_EDGE('',*,*,#1036,.F.);
#1124 = PLANE('',#1125);
#1125 = AXIS2_PLACEMENT_3D('',#1126,#1127,#1128);
#1126 = CARTESIAN_POINT('',(-3.65,-1.2,0.));
#1127 = DIRECTION('',(-1.,-2.22044604925E-16,0.));
#1128 = DIRECTION('',(-2.22044604925E-16,1.,0.));
#1129 = ADVANCED_FACE('',(#1130),#1136,.T.);
#1130 = FACE_BOUND('',#1131,.F.);
#1131 = EDGE_LOOP('',(#1132,#1133,#1134,#1135));
#1132 = ORIENTED_EDGE('',*,*,#818,.T.);
#1133 = ORIENTED_EDGE('',*,*,#870,.T.);
#1134 = ORIENTED_EDGE('',*,*,#893,.T.);
#1135 = ORIENTED_EDGE('',*,*,#847,.T.);
#1136 = PLANE('',#1137);
#1137 = AXIS2_PLACEMENT_3D('',#1138,#1139,#1140);
#1138 = CARTESIAN_POINT('',(1.75,-1.75,0.));
#1139 = DIRECTION('',(-0.,0.,-1.));
#1140 = DIRECTION('',(-0.707106781187,0.707106781187,0.));
#1141 = ADVANCED_FACE('',(#1142),#1165,.F.);
#1142 = FACE_BOUND('',#1143,.F.);
#1143 = EDGE_LOOP('',(#1144,#1154,#1159,#1160));
#1144 = ORIENTED_EDGE('',*,*,#1145,.T.);
#1145 = EDGE_CURVE('',#1146,#1148,#1150,.T.);
#1146 = VERTEX_POINT('',#1147);
#1147 = CARTESIAN_POINT('',(-3.404053811371,-2.034053811371,1.4987));
#1148 = VERTEX_POINT('',#1149);
#1149 = CARTESIAN_POINT('',(-2.204053811371,-2.034053811371,1.4987));
#1150 = LINE('',#1151,#1152);
#1151 = CARTESIAN_POINT('',(-3.404053811371,-2.034053811371,1.4987));
#1152 = VECTOR('',#1153,1.);
#1153 = DIRECTION('',(1.,2.22044604925E-16,0.));
#1154 = ORIENTED_EDGE('',*,*,#1155,.T.);
#1155 = EDGE_CURVE('',#1148,#970,#1156,.T.);
#1156 = B_SPLINE_CURVE_WITH_KNOTS('',1,(#1157,#1158),.UNSPECIFIED.,.F.,
  .F.,(2,2),(0.,1.),.PIECEWISE_BEZIER_KNOTS.);
#1157 = CARTESIAN_POINT('',(-2.204053811371,-2.034053811371,1.4987));
#1158 = CARTESIAN_POINT('',(-2.204053811371,-2.034053811371,1.5));
#1159 = ORIENTED_EDGE('',*,*,#967,.F.);
#1160 = ORIENTED_EDGE('',*,*,#1161,.F.);
#1161 = EDGE_CURVE('',#1146,#968,#1162,.T.);
#1162 = B_SPLINE_CURVE_WITH_KNOTS('',1,(#1163,#1164),.UNSPECIFIED.,.F.,
  .F.,(2,2),(0.,1.),.PIECEWISE_BEZIER_KNOTS.);
#1163 = CARTESIAN_POINT('',(-3.404053811371,-2.034053811371,1.4987));
#1164 = CARTESIAN_POINT('',(-3.404053811371,-2.034053811371,1.5));
#1165 = PLANE('',#1166);
#1166 = AXIS2_PLACEMENT_3D('',#1167,#1168,#1169);
#1167 = CARTESIAN_POINT('',(-3.404053811371,-2.034053811371,1.5));
#1168 = DIRECTION('',(2.22044604925E-16,-1.,0.));
#1169 = DIRECTION('',(1.,2.22044604925E-16,0.));
#1170 = ADVANCED_FACE('',(#1171),#1188,.F.);
#1171 = FACE_BOUND('',#1172,.F.);
#1172 = EDGE_LOOP('',(#1173,#1181,#1182,#1183));
#1173 = ORIENTED_EDGE('',*,*,#1174,.T.);
#1174 = EDGE_CURVE('',#1175,#1146,#1177,.T.);
#1175 = VERTEX_POINT('',#1176);
#1176 = CARTESIAN_POINT('',(-3.404053811371,2.034053811371,1.4987));
#1177 = LINE('',#1178,#1179);
#1178 = CARTESIAN_POINT('',(-3.404053811371,2.034053811371,1.4987));
#1179 = VECTOR('',#1180,1.);
#1180 = DIRECTION('',(2.22044604925E-16,-1.,0.));
#1181 = ORIENTED_EDGE('',*,*,#1161,.T.);
#1182 = ORIENTED_EDGE('',*,*,#993,.F.);
#1183 = ORIENTED_EDGE('',*,*,#1184,.F.);
#1184 = EDGE_CURVE('',#1175,#986,#1185,.T.);
#1185 = B_SPLINE_CURVE_WITH_KNOTS('',1,(#1186,#1187),.UNSPECIFIED.,.F.,
  .F.,(2,2),(0.,1.),.PIECEWISE_BEZIER_KNOTS.);
#1186 = CARTESIAN_POINT('',(-3.404053811371,2.034053811371,1.4987));
#1187 = CARTESIAN_POINT('',(-3.404053811371,2.034053811371,1.5));
#1188 = PLANE('',#1189);
#1189 = AXIS2_PLACEMENT_3D('',#1190,#1191,#1192);
#1190 = CARTESIAN_POINT('',(-3.404053811371,2.034053811371,1.5));
#1191 = DIRECTION('',(-1.,-2.22044604925E-16,0.));
#1192 = DIRECTION('',(2.22044604925E-16,-1.,0.));
#1193 = ADVANCED_FACE('',(#1194),#1211,.F.);
#1194 = FACE_BOUND('',#1195,.F.);
#1195 = EDGE_LOOP('',(#1196,#1204,#1205,#1206));
#1196 = ORIENTED_EDGE('',*,*,#1197,.T.);
#1197 = EDGE_CURVE('',#1198,#1175,#1200,.T.);
#1198 = VERTEX_POINT('',#1199);
#1199 = CARTESIAN_POINT('',(-2.204053811371,2.034053811371,1.4987));
#1200 = LINE('',#1201,#1202);
#1201 = CARTESIAN_POINT('',(-2.204053811371,2.034053811371,1.4987));
#1202 = VECTOR('',#1203,1.);
#1203 = DIRECTION('',(-1.,-2.22044604925E-16,0.));
#1204 = ORIENTED_EDGE('',*,*,#1184,.T.);
#1205 = ORIENTED_EDGE('',*,*,#985,.F.);
#1206 = ORIENTED_EDGE('',*,*,#1207,.F.);
#1207 = EDGE_CURVE('',#1198,#978,#1208,.T.);
#1208 = B_SPLINE_CURVE_WITH_KNOTS('',1,(#1209,#1210),.UNSPECIFIED.,.F.,
  .F.,(2,2),(0.,1.),.PIECEWISE_BEZIER_KNOTS.);
#1209 = CARTESIAN_POINT('',(-2.204053811371,2.034053811371,1.4987));
#1210 = CARTESIAN_POINT('',(-2.204053811371,2.034053811371,1.5));
#1211 = PLANE('',#1212);
#1212 = AXIS2_PLACEMENT_3D('',#1213,#1214,#1215);
#1213 = CARTESIAN_POINT('',(-2.204053811371,2.034053811371,1.5));
#1214 = DIRECTION('',(-2.22044604925E-16,1.,0.));
#1215 = DIRECTION('',(-1.,-2.22044604925E-16,0.));
#1216 = ADVANCED_FACE('',(#1217),#1228,.F.);
#1217 = FACE_BOUND('',#1218,.F.);
#1218 = EDGE_LOOP('',(#1219,#1225,#1226,#1227));
#1219 = ORIENTED_EDGE('',*,*,#1220,.T.);
#1220 = EDGE_CURVE('',#1148,#1198,#1221,.T.);
#1221 = LINE('',#1222,#1223);
#1222 = CARTESIAN_POINT('',(-2.204053811371,-2.034053811371,1.4987));
#1223 = VECTOR('',#1224,1.);
#1224 = DIRECTION('',(-2.22044604925E-16,1.,0.));
#1225 = ORIENTED_EDGE('',*,*,#1207,.T.);
#1226 = ORIENTED_EDGE('',*,*,#977,.F.);
#1227 = ORIENTED_EDGE('',*,*,#1155,.F.);
#1228 = PLANE('',#1229);
#1229 = AXIS2_PLACEMENT_3D('',#1230,#1231,#1232);
#1230 = CARTESIAN_POINT('',(-2.204053811371,-2.034053811371,1.5));
#1231 = DIRECTION('',(1.,2.22044604925E-16,0.));
#1232 = DIRECTION('',(-2.22044604925E-16,1.,0.));
#1233 = ADVANCED_FACE('',(#1234),#1240,.F.);
#1234 = FACE_BOUND('',#1235,.T.);
#1235 = EDGE_LOOP('',(#1236,#1237,#1238,#1239));
#1236 = ORIENTED_EDGE('',*,*,#1220,.T.);
#1237 = ORIENTED_EDGE('',*,*,#1197,.T.);
#1238 = ORIENTED_EDGE('',*,*,#1174,.T.);
#1239 = ORIENTED_EDGE('',*,*,#1145,.T.);
#1240 = PLANE('',#1241);
#1241 = AXIS2_PLACEMENT_3D('',#1242,#1243,#1244);
#1242 = CARTESIAN_POINT('',(-2.204053811371,-2.034053811371,1.4987));
#1243 = DIRECTION('',(-0.,0.,-1.));
#1244 = DIRECTION('',(-0.282925247283,0.959141962615,0.));
#1245 = ( GEOMETRIC_REPRESENTATION_CONTEXT(3) 
GLOBAL_UNCERTAINTY_ASSIGNED_CONTEXT((#1249)) 
GLOBAL_UNIT_ASSIGNED_CONTEXT((#1246,#1247,#1248)) REPRESENTATION_CONTEXT
('Context #1','3D Context with UNIT and UNCERTAINTY') );
#1246 = ( LENGTH_UNIT() NAMED_UNIT(*) SI_UNIT(.MILLI.,.METRE.) );
#1247 = ( NAMED_UNIT(*) PLANE_ANGLE_UNIT() SI_UNIT($,.RADIAN.) );
#1248 = ( NAMED_UNIT(*) SI_UNIT($,.STERADIAN.) SOLID_ANGLE_UNIT() );
#1249 = UNCERTAINTY_MEASURE_WITH_UNIT(LENGTH_MEASURE(1.E-07),#1246,
  'distance_accuracy_value','confusion accuracy');
#1250 = CONTEXT_DEPENDENT_SHAPE_REPRESENTATION(#1251,#1253);
#1251 = ( REPRESENTATION_RELATIONSHIP('','',#56,#10) 
REPRESENTATION_RELATIONSHIP_WITH_TRANSFORMATION(#1252) 
SHAPE_REPRESENTATION_RELATIONSHIP() );
#1252 = ITEM_DEFINED_TRANSFORMATION('','',#11,#15);
#1253 = PRODUCT_DEFINITION_SHAPE('Placement','Placement of an item',
  #1254);
#1254 = NEXT_ASSEMBLY_USAGE_OCCURRENCE('1','C2','',#5,#51,$);
#1255 = PRODUCT_RELATED_PRODUCT_CATEGORY('part',$,(#53));
#1256 = CONTEXT_DEPENDENT_SHAPE_REPRESENTATION(#1257,#1259);
#1257 = ( REPRESENTATION_RELATIONSHIP('','',#56,#10) 
REPRESENTATION_RELATIONSHIP_WITH_TRANSFORMATION(#1258) 
SHAPE_REPRESENTATION_RELATIONSHIP() );
#1258 = ITEM_DEFINED_TRANSFORMATION('','',#11,#19);
#1259 = PRODUCT_DEFINITION_SHAPE('Placement','Placement of an item',
  #1260);
#1260 = NEXT_ASSEMBLY_USAGE_OCCURRENCE('2','C1','',#5,#51,$);
#1261 = SHAPE_DEFINITION_REPRESENTATION(#1262,#1268);
#1262 = PRODUCT_DEFINITION_SHAPE('','',#1263);
#1263 = PRODUCT_DEFINITION('design','',#1264,#1267);
#1264 = PRODUCT_DEFINITION_FORMATION('','',#1265);
#1265 = PRODUCT('R_0805_2012Metric','R_0805_2012Metric','',(#1266));
#1266 = PRODUCT_CONTEXT('',#2,'mechanical');
#1267 = PRODUCT_DEFINITION_CONTEXT('part definition',#2,'design');
#1268 = ADVANCED_BREP_SHAPE_REPRESENTATION('',(#11,#1269),#2059);
#1269 = MANIFOLD_SOLID_BREP('',#1270);
#1270 = CLOSED_SHELL('',(#1271,#1311,#1394,#1419,#1444,#1511,#1528,#1545
    ,#1594,#1611,#1628,#1677,#1694,#1763,#1794,#1818,#1887,#1911,#1928,
    #1945,#1962,#1979,#1996,#2013,#2030,#2047));
#1271 = ADVANCED_FACE('',(#1272),#1306,.F.);
#1272 = FACE_BOUND('',#1273,.F.);
#1273 = EDGE_LOOP('',(#1274,#1284,#1292,#1300));
#1274 = ORIENTED_EDGE('',*,*,#1275,.F.);
#1275 = EDGE_CURVE('',#1276,#1278,#1280,.T.);
#1276 = VERTEX_POINT('',#1277);
#1277 = CARTESIAN_POINT('',(-1.,-0.6,4.5E-02));
#1278 = VERTEX_POINT('',#1279);
#1279 = CARTESIAN_POINT('',(-1.,-0.6,0.405));
#1280 = LINE('',#1281,#1282);
#1281 = CARTESIAN_POINT('',(-1.,-0.6,0.));
#1282 = VECTOR('',#1283,1.);
#1283 = DIRECTION('',(0.,0.,1.));
#1284 = ORIENTED_EDGE('',*,*,#1285,.T.);
#1285 = EDGE_CURVE('',#1276,#1286,#1288,.T.);
#1286 = VERTEX_POINT('',#1287);
#1287 = CARTESIAN_POINT('',(-1.,0.6,4.5E-02));
#1288 = LINE('',#1289,#1290);
#1289 = CARTESIAN_POINT('',(-1.,-0.6,4.5E-02));
#1290 = VECTOR('',#1291,1.);
#1291 = DIRECTION('',(0.,1.,0.));
#1292 = ORIENTED_EDGE('',*,*,#1293,.T.);
#1293 = EDGE_CURVE('',#1286,#1294,#1296,.T.);
#1294 = VERTEX_POINT('',#1295);
#1295 = CARTESIAN_POINT('',(-1.,0.6,0.405));
#1296 = LINE('',#1297,#1298);
#1297 = CARTESIAN_POINT('',(-1.,0.6,0.));
#1298 = VECTOR('',#1299,1.);
#1299 = DIRECTION('',(0.,0.,1.));
#1300 = ORIENTED_EDGE('',*,*,#1301,.F.);
#1301 = EDGE_CURVE('',#1278,#1294,#1302,.T.);
#1302 = LINE('',#1303,#1304);
#1303 = CARTESIAN_POINT('',(-1.,-0.6,0.405));
#1304 = VECTOR('',#1305,1.);
#1305 = DIRECTION('',(0.,1.,0.));
#1306 = PLANE('',#1307);
#1307 = AXIS2_PLACEMENT_3D('',#1308,#1309,#1310);
#1308 = CARTESIAN_POINT('',(-1.,-0.6,0.));
#1309 = DIRECTION('',(1.,0.,0.));
#1310 = DIRECTION('',(0.,0.,1.));
#1311 = ADVANCED_FACE('',(#1312),#1389,.F.);
#1312 = FACE_BOUND('',#1313,.F.);
#1313 = EDGE_LOOP('',(#1314,#1324,#1331,#1332,#1341,#1349,#1358,#1366,
    #1374,#1382));
#1314 = ORIENTED_EDGE('',*,*,#1315,.F.);
#1315 = EDGE_CURVE('',#1316,#1318,#1320,.T.);
#1316 = VERTEX_POINT('',#1317);
#1317 = CARTESIAN_POINT('',(-0.955,-0.6,-2.775557561563E-17));
#1318 = VERTEX_POINT('',#1319);
#1319 = CARTESIAN_POINT('',(-0.745,-0.6,-2.775557561563E-17));
#1320 = LINE('',#1321,#1322);
#1321 = CARTESIAN_POINT('',(-1.,-0.6,0.));
#1322 = VECTOR('',#1323,1.);
#1323 = DIRECTION('',(1.,0.,0.));
#1324 = ORIENTED_EDGE('',*,*,#1325,.F.);
#1325 = EDGE_CURVE('',#1276,#1316,#1326,.T.);
#1326 = CIRCLE('',#1327,4.5E-02);
#1327 = AXIS2_PLACEMENT_3D('',#1328,#1329,#1330);
#1328 = CARTESIAN_POINT('',(-0.955,-0.6,4.5E-02));
#1329 = DIRECTION('',(0.,-1.,0.));
#1330 = DIRECTION('',(0.,0.,1.));
#1331 = ORIENTED_EDGE('',*,*,#1275,.T.);
#1332 = ORIENTED_EDGE('',*,*,#1333,.T.);
#1333 = EDGE_CURVE('',#1278,#1334,#1336,.T.);
#1334 = VERTEX_POINT('',#1335);
#1335 = CARTESIAN_POINT('',(-0.955,-0.6,0.45));
#1336 = CIRCLE('',#1337,4.5E-02);
#1337 = AXIS2_PLACEMENT_3D('',#1338,#1339,#1340);
#1338 = CARTESIAN_POINT('',(-0.955,-0.6,0.405));
#1339 = DIRECTION('',(0.,1.,0.));
#1340 = DIRECTION('',(0.,-0.,1.));
#1341 = ORIENTED_EDGE('',*,*,#1342,.T.);
#1342 = EDGE_CURVE('',#1334,#1343,#1345,.T.);
#1343 = VERTEX_POINT('',#1344);
#1344 = CARTESIAN_POINT('',(-0.745,-0.6,0.45));
#1345 = LINE('',#1346,#1347);
#1346 = CARTESIAN_POINT('',(-1.,-0.6,0.45));
#1347 = VECTOR('',#1348,1.);
#1348 = DIRECTION('',(1.,0.,0.));
#1349 = ORIENTED_EDGE('',*,*,#1350,.F.);
#1350 = EDGE_CURVE('',#1351,#1343,#1353,.T.);
#1351 = VERTEX_POINT('',#1352);
#1352 = CARTESIAN_POINT('',(-0.7,-0.6,0.405));
#1353 = CIRCLE('',#1354,4.5E-02);
#1354 = AXIS2_PLACEMENT_3D('',#1355,#1356,#1357);
#1355 = CARTESIAN_POINT('',(-0.745,-0.6,0.405));
#1356 = DIRECTION('',(0.,-1.,0.));
#1357 = DIRECTION('',(0.,0.,1.));
#1358 = ORIENTED_EDGE('',*,*,#1359,.F.);
#1359 = EDGE_CURVE('',#1360,#1351,#1362,.T.);
#1360 = VERTEX_POINT('',#1361);
#1361 = CARTESIAN_POINT('',(-0.955,-0.6,0.405));
#1362 = LINE('',#1363,#1364);
#1363 = CARTESIAN_POINT('',(-0.955,-0.6,0.405));
#1364 = VECTOR('',#1365,1.);
#1365 = DIRECTION('',(1.,0.,0.));
#1366 = ORIENTED_EDGE('',*,*,#1367,.F.);
#1367 = EDGE_CURVE('',#1368,#1360,#1370,.T.);
#1368 = VERTEX_POINT('',#1369);
#1369 = CARTESIAN_POINT('',(-0.955,-0.6,4.5E-02));
#1370 = LINE('',#1371,#1372);
#1371 = CARTESIAN_POINT('',(-0.955,-0.6,4.5E-02));
#1372 = VECTOR('',#1373,1.);
#1373 = DIRECTION('',(0.,0.,1.));
#1374 = ORIENTED_EDGE('',*,*,#1375,.T.);
#1375 = EDGE_CURVE('',#1368,#1376,#1378,.T.);
#1376 = VERTEX_POINT('',#1377);
#1377 = CARTESIAN_POINT('',(-0.7,-0.6,4.5E-02));
#1378 = LINE('',#1379,#1380);
#1379 = CARTESIAN_POINT('',(-0.955,-0.6,4.5E-02));
#1380 = VECTOR('',#1381,1.);
#1381 = DIRECTION('',(1.,0.,0.));
#1382 = ORIENTED_EDGE('',*,*,#1383,.T.);
#1383 = EDGE_CURVE('',#1376,#1318,#1384,.T.);
#1384 = CIRCLE('',#1385,4.5E-02);
#1385 = AXIS2_PLACEMENT_3D('',#1386,#1387,#1388);
#1386 = CARTESIAN_POINT('',(-0.745,-0.6,4.5E-02));
#1387 = DIRECTION('',(0.,1.,0.));
#1388 = DIRECTION('',(0.,-0.,1.));
#1389 = PLANE('',#1390);
#1390 = AXIS2_PLACEMENT_3D('',#1391,#1392,#1393);
#1391 = CARTESIAN_POINT('',(-1.,-0.6,0.));
#1392 = DIRECTION('',(0.,1.,0.));
#1393 = DIRECTION('',(0.,-0.,1.));
#1394 = ADVANCED_FACE('',(#1395),#1414,.T.);
#1395 = FACE_BOUND('',#1396,.T.);
#1396 = EDGE_LOOP('',(#1397,#1398,#1407,#1413));
#1397 = ORIENTED_EDGE('',*,*,#1285,.T.);
#1398 = ORIENTED_EDGE('',*,*,#1399,.T.);
#1399 = EDGE_CURVE('',#1286,#1400,#1402,.T.);
#1400 = VERTEX_POINT('',#1401);
#1401 = CARTESIAN_POINT('',(-0.955,0.6,-2.775557561563E-17));
#1402 = CIRCLE('',#1403,4.5E-02);
#1403 = AXIS2_PLACEMENT_3D('',#1404,#1405,#1406);
#1404 = CARTESIAN_POINT('',(-0.955,0.6,4.5E-02));
#1405 = DIRECTION('',(0.,-1.,0.));
#1406 = DIRECTION('',(0.,0.,1.));
#1407 = ORIENTED_EDGE('',*,*,#1408,.F.);
#1408 = EDGE_CURVE('',#1316,#1400,#1409,.T.);
#1409 = LINE('',#1410,#1411);
#1410 = CARTESIAN_POINT('',(-0.955,-0.6,-2.775557561563E-17));
#1411 = VECTOR('',#1412,1.);
#1412 = DIRECTION('',(0.,1.,0.));
#1413 = ORIENTED_EDGE('',*,*,#1325,.F.);
#1414 = CYLINDRICAL_SURFACE('',#1415,4.5E-02);
#1415 = AXIS2_PLACEMENT_3D('',#1416,#1417,#1418);
#1416 = CARTESIAN_POINT('',(-0.955,-0.6,4.5E-02));
#1417 = DIRECTION('',(0.,1.,0.));
#1418 = DIRECTION('',(-1.,0.,0.));
#1419 = ADVANCED_FACE('',(#1420),#1439,.T.);
#1420 = FACE_BOUND('',#1421,.T.);
#1421 = EDGE_LOOP('',(#1422,#1423,#1431,#1438));
#1422 = ORIENTED_EDGE('',*,*,#1333,.T.);
#1423 = ORIENTED_EDGE('',*,*,#1424,.T.);
#1424 = EDGE_CURVE('',#1334,#1425,#1427,.T.);
#1425 = VERTEX_POINT('',#1426);
#1426 = CARTESIAN_POINT('',(-0.955,0.6,0.45));
#1427 = LINE('',#1428,#1429);
#1428 = CARTESIAN_POINT('',(-0.955,-0.6,0.45));
#1429 = VECTOR('',#1430,1.);
#1430 = DIRECTION('',(0.,1.,0.));
#1431 = ORIENTED_EDGE('',*,*,#1432,.F.);
#1432 = EDGE_CURVE('',#1294,#1425,#1433,.T.);
#1433 = CIRCLE('',#1434,4.5E-02);
#1434 = AXIS2_PLACEMENT_3D('',#1435,#1436,#1437);
#1435 = CARTESIAN_POINT('',(-0.955,0.6,0.405));
#1436 = DIRECTION('',(0.,1.,0.));
#1437 = DIRECTION('',(0.,-0.,1.));
#1438 = ORIENTED_EDGE('',*,*,#1301,.F.);
#1439 = CYLINDRICAL_SURFACE('',#1440,4.5E-02);
#1440 = AXIS2_PLACEMENT_3D('',#1441,#1442,#1443);
#1441 = CARTESIAN_POINT('',(-0.955,-0.6,0.405));
#1442 = DIRECTION('',(0.,1.,0.));
#1443 = DIRECTION('',(-1.,0.,0.));
#1444 = ADVANCED_FACE('',(#1445),#1506,.T.);
#1445 = FACE_BOUND('',#1446,.T.);
#1446 = EDGE_LOOP('',(#1447,#1455,#1456,#1457,#1458,#1466,#1475,#1483,
    #1491,#1499));
#1447 = ORIENTED_EDGE('',*,*,#1448,.F.);
#1448 = EDGE_CURVE('',#1400,#1449,#1451,.T.);
#1449 = VERTEX_POINT('',#1450);
#1450 = CARTESIAN_POINT('',(-0.745,0.6,-2.775557561563E-17));
#1451 = LINE('',#1452,#1453);
#1452 = CARTESIAN_POINT('',(-1.,0.6,0.));
#1453 = VECTOR('',#1454,1.);
#1454 = DIRECTION('',(1.,0.,0.));
#1455 = ORIENTED_EDGE('',*,*,#1399,.F.);
#1456 = ORIENTED_EDGE('',*,*,#1293,.T.);
#1457 = ORIENTED_EDGE('',*,*,#1432,.T.);
#1458 = ORIENTED_EDGE('',*,*,#1459,.T.);
#1459 = EDGE_CURVE('',#1425,#1460,#1462,.T.);
#1460 = VERTEX_POINT('',#1461);
#1461 = CARTESIAN_POINT('',(-0.745,0.6,0.45));
#1462 = LINE('',#1463,#1464);
#1463 = CARTESIAN_POINT('',(-1.,0.6,0.45));
#1464 = VECTOR('',#1465,1.);
#1465 = DIRECTION('',(1.,0.,0.));
#1466 = ORIENTED_EDGE('',*,*,#1467,.F.);
#1467 = EDGE_CURVE('',#1468,#1460,#1470,.T.);
#1468 = VERTEX_POINT('',#1469);
#1469 = CARTESIAN_POINT('',(-0.7,0.6,0.405));
#1470 = CIRCLE('',#1471,4.5E-02);
#1471 = AXIS2_PLACEMENT_3D('',#1472,#1473,#1474);
#1472 = CARTESIAN_POINT('',(-0.745,0.6,0.405));
#1473 = DIRECTION('',(0.,-1.,0.));
#1474 = DIRECTION('',(0.,0.,1.));
#1475 = ORIENTED_EDGE('',*,*,#1476,.F.);
#1476 = EDGE_CURVE('',#1477,#1468,#1479,.T.);
#1477 = VERTEX_POINT('',#1478);
#1478 = CARTESIAN_POINT('',(-0.955,0.6,0.405));
#1479 = LINE('',#1480,#1481);
#1480 = CARTESIAN_POINT('',(-0.955,0.6,0.405));
#1481 = VECTOR('',#1482,1.);
#1482 = DIRECTION('',(1.,0.,0.));
#1483 = ORIENTED_EDGE('',*,*,#1484,.F.);
#1484 = EDGE_CURVE('',#1485,#1477,#1487,.T.);
#1485 = VERTEX_POINT('',#1486);
#1486 = CARTESIAN_POINT('',(-0.955,0.6,4.5E-02));
#1487 = LINE('',#1488,#1489);
#1488 = CARTESIAN_POINT('',(-0.955,0.6,4.5E-02));
#1489 = VECTOR('',#1490,1.);
#1490 = DIRECTION('',(0.,0.,1.));
#1491 = ORIENTED_EDGE('',*,*,#1492,.T.);
#1492 = EDGE_CURVE('',#1485,#1493,#1495,.T.);
#1493 = VERTEX_POINT('',#1494);
#1494 = CARTESIAN_POINT('',(-0.7,0.6,4.5E-02));
#1495 = LINE('',#1496,#1497);
#1496 = CARTESIAN_POINT('',(-0.955,0.6,4.5E-02));
#1497 = VECTOR('',#1498,1.);
#1498 = DIRECTION('',(1.,0.,0.));
#1499 = ORIENTED_EDGE('',*,*,#1500,.T.);
#1500 = EDGE_CURVE('',#1493,#1449,#1501,.T.);
#1501 = CIRCLE('',#1502,4.5E-02);
#1502 = AXIS2_PLACEMENT_3D('',#1503,#1504,#1505);
#1503 = CARTESIAN_POINT('',(-0.745,0.6,4.5E-02));
#1504 = DIRECTION('',(0.,1.,0.));
#1505 = DIRECTION('',(0.,-0.,1.));
#1506 = PLANE('',#1507);
#1507 = AXIS2_PLACEMENT_3D('',#1508,#1509,#1510);
#1508 = CARTESIAN_POINT('',(-1.,0.6,0.));
#1509 = DIRECTION('',(0.,1.,0.));
#1510 = DIRECTION('',(0.,-0.,1.));
#1511 = ADVANCED_FACE('',(#1512),#1523,.F.);
#1512 = FACE_BOUND('',#1513,.F.);
#1513 = EDGE_LOOP('',(#1514,#1515,#1516,#1517));
#1514 = ORIENTED_EDGE('',*,*,#1448,.F.);
#1515 = ORIENTED_EDGE('',*,*,#1408,.F.);
#1516 = ORIENTED_EDGE('',*,*,#1315,.T.);
#1517 = ORIENTED_EDGE('',*,*,#1518,.T.);
#1518 = EDGE_CURVE('',#1318,#1449,#1519,.T.);
#1519 = LINE('',#1520,#1521);
#1520 = CARTESIAN_POINT('',(-0.745,-0.6,-2.775557561563E-17));
#1521 = VECTOR('',#1522,1.);
#1522 = DIRECTION('',(0.,1.,0.));
#1523 = PLANE('',#1524);
#1524 = AXIS2_PLACEMENT_3D('',#1525,#1526,#1527);
#1525 = CARTESIAN_POINT('',(-1.,-0.6,0.));
#1526 = DIRECTION('',(0.,0.,1.));
#1527 = DIRECTION('',(1.,0.,-0.));
#1528 = ADVANCED_FACE('',(#1529),#1540,.T.);
#1529 = FACE_BOUND('',#1530,.T.);
#1530 = EDGE_LOOP('',(#1531,#1532,#1533,#1534));
#1531 = ORIENTED_EDGE('',*,*,#1383,.T.);
#1532 = ORIENTED_EDGE('',*,*,#1518,.T.);
#1533 = ORIENTED_EDGE('',*,*,#1500,.F.);
#1534 = ORIENTED_EDGE('',*,*,#1535,.F.);
#1535 = EDGE_CURVE('',#1376,#1493,#1536,.T.);
#1536 = LINE('',#1537,#1538);
#1537 = CARTESIAN_POINT('',(-0.7,-0.6,4.5E-02));
#1538 = VECTOR('',#1539,1.);
#1539 = DIRECTION('',(0.,1.,0.));
#1540 = CYLINDRICAL_SURFACE('',#1541,4.5E-02);
#1541 = AXIS2_PLACEMENT_3D('',#1542,#1543,#1544);
#1542 = CARTESIAN_POINT('',(-0.745,-0.6,4.5E-02));
#1543 = DIRECTION('',(0.,1.,0.));
#1544 = DIRECTION('',(1.,0.,0.));
#1545 = ADVANCED_FACE('',(#1546),#1589,.F.);
#1546 = FACE_BOUND('',#1547,.F.);
#1547 = EDGE_LOOP('',(#1548,#1549,#1550,#1551,#1559,#1567,#1575,#1583));
#1548 = ORIENTED_EDGE('',*,*,#1375,.F.);
#1549 = ORIENTED_EDGE('',*,*,#1367,.T.);
#1550 = ORIENTED_EDGE('',*,*,#1359,.T.);
#1551 = ORIENTED_EDGE('',*,*,#1552,.T.);
#1552 = EDGE_CURVE('',#1351,#1553,#1555,.T.);
#1553 = VERTEX_POINT('',#1554);
#1554 = CARTESIAN_POINT('',(0.7,-0.6,0.405));
#1555 = LINE('',#1556,#1557);
#1556 = CARTESIAN_POINT('',(-0.7,-0.6,0.405));
#1557 = VECTOR('',#1558,1.);
#1558 = DIRECTION('',(1.,0.,0.));
#1559 = ORIENTED_EDGE('',*,*,#1560,.T.);
#1560 = EDGE_CURVE('',#1553,#1561,#1563,.T.);
#1561 = VERTEX_POINT('',#1562);
#1562 = CARTESIAN_POINT('',(0.955,-0.6,0.405));
#1563 = LINE('',#1564,#1565);
#1564 = CARTESIAN_POINT('',(-0.955,-0.6,0.405));
#1565 = VECTOR('',#1566,1.);
#1566 = DIRECTION('',(1.,0.,0.));
#1567 = ORIENTED_EDGE('',*,*,#1568,.F.);
#1568 = EDGE_CURVE('',#1569,#1561,#1571,.T.);
#1569 = VERTEX_POINT('',#1570);
#1570 = CARTESIAN_POINT('',(0.955,-0.6,4.5E-02));
#1571 = LINE('',#1572,#1573);
#1572 = CARTESIAN_POINT('',(0.955,-0.6,4.5E-02));
#1573 = VECTOR('',#1574,1.);
#1574 = DIRECTION('',(0.,0.,1.));
#1575 = ORIENTED_EDGE('',*,*,#1576,.F.);
#1576 = EDGE_CURVE('',#1577,#1569,#1579,.T.);
#1577 = VERTEX_POINT('',#1578);
#1578 = CARTESIAN_POINT('',(0.7,-0.6,4.5E-02));
#1579 = LINE('',#1580,#1581);
#1580 = CARTESIAN_POINT('',(-0.955,-0.6,4.5E-02));
#1581 = VECTOR('',#1582,1.);
#1582 = DIRECTION('',(1.,0.,0.));
#1583 = ORIENTED_EDGE('',*,*,#1584,.F.);
#1584 = EDGE_CURVE('',#1376,#1577,#1585,.T.);
#1585 = LINE('',#1586,#1587);
#1586 = CARTESIAN_POINT('',(-0.955,-0.6,4.5E-02));
#1587 = VECTOR('',#1588,1.);
#1588 = DIRECTION('',(1.,0.,0.));
#1589 = PLANE('',#1590);
#1590 = AXIS2_PLACEMENT_3D('',#1591,#1592,#1593);
#1591 = CARTESIAN_POINT('',(-0.955,-0.6,4.5E-02));
#1592 = DIRECTION('',(0.,1.,0.));
#1593 = DIRECTION('',(0.,-0.,1.));
#1594 = ADVANCED_FACE('',(#1595),#1606,.T.);
#1595 = FACE_BOUND('',#1596,.T.);
#1596 = EDGE_LOOP('',(#1597,#1598,#1599,#1600));
#1597 = ORIENTED_EDGE('',*,*,#1459,.F.);
#1598 = ORIENTED_EDGE('',*,*,#1424,.F.);
#1599 = ORIENTED_EDGE('',*,*,#1342,.T.);
#1600 = ORIENTED_EDGE('',*,*,#1601,.T.);
#1601 = EDGE_CURVE('',#1343,#1460,#1602,.T.);
#1602 = LINE('',#1603,#1604);
#1603 = CARTESIAN_POINT('',(-0.745,-0.6,0.45));
#1604 = VECTOR('',#1605,1.);
#1605 = DIRECTION('',(0.,1.,0.));
#1606 = PLANE('',#1607);
#1607 = AXIS2_PLACEMENT_3D('',#1608,#1609,#1610);
#1608 = CARTESIAN_POINT('',(-1.,-0.6,0.45));
#1609 = DIRECTION('',(0.,0.,1.));
#1610 = DIRECTION('',(1.,0.,-0.));
#1611 = ADVANCED_FACE('',(#1612),#1623,.T.);
#1612 = FACE_BOUND('',#1613,.T.);
#1613 = EDGE_LOOP('',(#1614,#1620,#1621,#1622));
#1614 = ORIENTED_EDGE('',*,*,#1615,.T.);
#1615 = EDGE_CURVE('',#1351,#1468,#1616,.T.);
#1616 = LINE('',#1617,#1618);
#1617 = CARTESIAN_POINT('',(-0.7,-0.6,0.405));
#1618 = VECTOR('',#1619,1.);
#1619 = DIRECTION('',(0.,1.,0.));
#1620 = ORIENTED_EDGE('',*,*,#1467,.T.);
#1621 = ORIENTED_EDGE('',*,*,#1601,.F.);
#1622 = ORIENTED_EDGE('',*,*,#1350,.F.);
#1623 = CYLINDRICAL_SURFACE('',#1624,4.5E-02);
#1624 = AXIS2_PLACEMENT_3D('',#1625,#1626,#1627);
#1625 = CARTESIAN_POINT('',(-0.745,-0.6,0.405));
#1626 = DIRECTION('',(0.,1.,0.));
#1627 = DIRECTION('',(1.,0.,0.));
#1628 = ADVANCED_FACE('',(#1629),#1672,.T.);
#1629 = FACE_BOUND('',#1630,.T.);
#1630 = EDGE_LOOP('',(#1631,#1632,#1633,#1634,#1642,#1650,#1658,#1666));
#1631 = ORIENTED_EDGE('',*,*,#1492,.F.);
#1632 = ORIENTED_EDGE('',*,*,#1484,.T.);
#1633 = ORIENTED_EDGE('',*,*,#1476,.T.);
#1634 = ORIENTED_EDGE('',*,*,#1635,.T.);
#1635 = EDGE_CURVE('',#1468,#1636,#1638,.T.);
#1636 = VERTEX_POINT('',#1637);
#1637 = CARTESIAN_POINT('',(0.7,0.6,0.405));
#1638 = LINE('',#1639,#1640);
#1639 = CARTESIAN_POINT('',(-0.7,0.6,0.405));
#1640 = VECTOR('',#1641,1.);
#1641 = DIRECTION('',(1.,0.,0.));
#1642 = ORIENTED_EDGE('',*,*,#1643,.T.);
#1643 = EDGE_CURVE('',#1636,#1644,#1646,.T.);
#1644 = VERTEX_POINT('',#1645);
#1645 = CARTESIAN_POINT('',(0.955,0.6,0.405));
#1646 = LINE('',#1647,#1648);
#1647 = CARTESIAN_POINT('',(-0.955,0.6,0.405));
#1648 = VECTOR('',#1649,1.);
#1649 = DIRECTION('',(1.,0.,0.));
#1650 = ORIENTED_EDGE('',*,*,#1651,.F.);
#1651 = EDGE_CURVE('',#1652,#1644,#1654,.T.);
#1652 = VERTEX_POINT('',#1653);
#1653 = CARTESIAN_POINT('',(0.955,0.6,4.5E-02));
#1654 = LINE('',#1655,#1656);
#1655 = CARTESIAN_POINT('',(0.955,0.6,4.5E-02));
#1656 = VECTOR('',#1657,1.);
#1657 = DIRECTION('',(0.,0.,1.));
#1658 = ORIENTED_EDGE('',*,*,#1659,.F.);
#1659 = EDGE_CURVE('',#1660,#1652,#1662,.T.);
#1660 = VERTEX_POINT('',#1661);
#1661 = CARTESIAN_POINT('',(0.7,0.6,4.5E-02));
#1662 = LINE('',#1663,#1664);
#1663 = CARTESIAN_POINT('',(-0.955,0.6,4.5E-02));
#1664 = VECTOR('',#1665,1.);
#1665 = DIRECTION('',(1.,0.,0.));
#1666 = ORIENTED_EDGE('',*,*,#1667,.F.);
#1667 = EDGE_CURVE('',#1493,#1660,#1668,.T.);
#1668 = LINE('',#1669,#1670);
#1669 = CARTESIAN_POINT('',(-0.955,0.6,4.5E-02));
#1670 = VECTOR('',#1671,1.);
#1671 = DIRECTION('',(1.,0.,0.));
#1672 = PLANE('',#1673);
#1673 = AXIS2_PLACEMENT_3D('',#1674,#1675,#1676);
#1674 = CARTESIAN_POINT('',(-0.955,0.6,4.5E-02));
#1675 = DIRECTION('',(0.,1.,0.));
#1676 = DIRECTION('',(0.,-0.,1.));
#1677 = ADVANCED_FACE('',(#1678),#1689,.F.);
#1678 = FACE_BOUND('',#1679,.F.);
#1679 = EDGE_LOOP('',(#1680,#1681,#1682,#1688));
#1680 = ORIENTED_EDGE('',*,*,#1535,.F.);
#1681 = ORIENTED_EDGE('',*,*,#1584,.T.);
#1682 = ORIENTED_EDGE('',*,*,#1683,.T.);
#1683 = EDGE_CURVE('',#1577,#1660,#1684,.T.);
#1684 = LINE('',#1685,#1686);
#1685 = CARTESIAN_POINT('',(0.7,-0.6,4.5E-02));
#1686 = VECTOR('',#1687,1.);
#1687 = DIRECTION('',(0.,1.,0.));
#1688 = ORIENTED_EDGE('',*,*,#1667,.F.);
#1689 = PLANE('',#1690);
#1690 = AXIS2_PLACEMENT_3D('',#1691,#1692,#1693);
#1691 = CARTESIAN_POINT('',(-0.955,-0.6,4.5E-02));
#1692 = DIRECTION('',(0.,0.,1.));
#1693 = DIRECTION('',(1.,0.,-0.));
#1694 = ADVANCED_FACE('',(#1695),#1758,.F.);
#1695 = FACE_BOUND('',#1696,.F.);
#1696 = EDGE_LOOP('',(#1697,#1707,#1714,#1715,#1716,#1717,#1726,#1734,
    #1743,#1751));
#1697 = ORIENTED_EDGE('',*,*,#1698,.F.);
#1698 = EDGE_CURVE('',#1699,#1701,#1703,.T.);
#1699 = VERTEX_POINT('',#1700);
#1700 = CARTESIAN_POINT('',(0.745,-0.6,-2.775557561563E-17));
#1701 = VERTEX_POINT('',#1702);
#1702 = CARTESIAN_POINT('',(0.955,-0.6,-2.775557561563E-17));
#1703 = LINE('',#1704,#1705);
#1704 = CARTESIAN_POINT('',(0.7,-0.6,0.));
#1705 = VECTOR('',#1706,1.);
#1706 = DIRECTION('',(1.,0.,0.));
#1707 = ORIENTED_EDGE('',*,*,#1708,.F.);
#1708 = EDGE_CURVE('',#1577,#1699,#1709,.T.);
#1709 = CIRCLE('',#1710,4.5E-02);
#1710 = AXIS2_PLACEMENT_3D('',#1711,#1712,#1713);
#1711 = CARTESIAN_POINT('',(0.745,-0.6,4.5E-02));
#1712 = DIRECTION('',(0.,-1.,0.));
#1713 = DIRECTION('',(0.,0.,1.));
#1714 = ORIENTED_EDGE('',*,*,#1576,.T.);
#1715 = ORIENTED_EDGE('',*,*,#1568,.T.);
#1716 = ORIENTED_EDGE('',*,*,#1560,.F.);
#1717 = ORIENTED_EDGE('',*,*,#1718,.T.);
#1718 = EDGE_CURVE('',#1553,#1719,#1721,.T.);
#1719 = VERTEX_POINT('',#1720);
#1720 = CARTESIAN_POINT('',(0.745,-0.6,0.45));
#1721 = CIRCLE('',#1722,4.5E-02);
#1722 = AXIS2_PLACEMENT_3D('',#1723,#1724,#1725);
#1723 = CARTESIAN_POINT('',(0.745,-0.6,0.405));
#1724 = DIRECTION('',(0.,1.,0.));
#1725 = DIRECTION('',(0.,-0.,1.));
#1726 = ORIENTED_EDGE('',*,*,#1727,.T.);
#1727 = EDGE_CURVE('',#1719,#1728,#1730,.T.);
#1728 = VERTEX_POINT('',#1729);
#1729 = CARTESIAN_POINT('',(0.955,-0.6,0.45));
#1730 = LINE('',#1731,#1732);
#1731 = CARTESIAN_POINT('',(0.7,-0.6,0.45));
#1732 = VECTOR('',#1733,1.);
#1733 = DIRECTION('',(1.,0.,0.));
#1734 = ORIENTED_EDGE('',*,*,#1735,.F.);
#1735 = EDGE_CURVE('',#1736,#1728,#1738,.T.);
#1736 = VERTEX_POINT('',#1737);
#1737 = CARTESIAN_POINT('',(1.,-0.6,0.405));
#1738 = CIRCLE('',#1739,4.5E-02);
#1739 = AXIS2_PLACEMENT_3D('',#1740,#1741,#1742);
#1740 = CARTESIAN_POINT('',(0.955,-0.6,0.405));
#1741 = DIRECTION('',(0.,-1.,0.));
#1742 = DIRECTION('',(0.,0.,1.));
#1743 = ORIENTED_EDGE('',*,*,#1744,.F.);
#1744 = EDGE_CURVE('',#1745,#1736,#1747,.T.);
#1745 = VERTEX_POINT('',#1746);
#1746 = CARTESIAN_POINT('',(1.,-0.6,4.5E-02));
#1747 = LINE('',#1748,#1749);
#1748 = CARTESIAN_POINT('',(1.,-0.6,0.));
#1749 = VECTOR('',#1750,1.);
#1750 = DIRECTION('',(0.,0.,1.));
#1751 = ORIENTED_EDGE('',*,*,#1752,.T.);
#1752 = EDGE_CURVE('',#1745,#1701,#1753,.T.);
#1753 = CIRCLE('',#1754,4.5E-02);
#1754 = AXIS2_PLACEMENT_3D('',#1755,#1756,#1757);
#1755 = CARTESIAN_POINT('',(0.955,-0.6,4.5E-02));
#1756 = DIRECTION('',(0.,1.,0.));
#1757 = DIRECTION('',(0.,-0.,1.));
#1758 = PLANE('',#1759);
#1759 = AXIS2_PLACEMENT_3D('',#1760,#1761,#1762);
#1760 = CARTESIAN_POINT('',(0.7,-0.6,0.));
#1761 = DIRECTION('',(0.,1.,0.));
#1762 = DIRECTION('',(0.,-0.,1.));
#1763 = ADVANCED_FACE('',(#1764),#1789,.F.);
#1764 = FACE_BOUND('',#1765,.F.);
#1765 = EDGE_LOOP('',(#1766,#1767,#1775,#1783));
#1766 = ORIENTED_EDGE('',*,*,#1552,.F.);
#1767 = ORIENTED_EDGE('',*,*,#1768,.T.);
#1768 = EDGE_CURVE('',#1351,#1769,#1771,.T.);
#1769 = VERTEX_POINT('',#1770);
#1770 = CARTESIAN_POINT('',(-0.7,-0.6,0.45));
#1771 = LINE('',#1772,#1773);
#1772 = CARTESIAN_POINT('',(-0.7,-0.6,0.405));
#1773 = VECTOR('',#1774,1.);
#1774 = DIRECTION('',(0.,0.,1.));
#1775 = ORIENTED_EDGE('',*,*,#1776,.T.);
#1776 = EDGE_CURVE('',#1769,#1777,#1779,.T.);
#1777 = VERTEX_POINT('',#1778);
#1778 = CARTESIAN_POINT('',(0.7,-0.6,0.45));
#1779 = LINE('',#1780,#1781);
#1780 = CARTESIAN_POINT('',(-0.7,-0.6,0.45));
#1781 = VECTOR('',#1782,1.);
#1782 = DIRECTION('',(1.,0.,0.));
#1783 = ORIENTED_EDGE('',*,*,#1784,.F.);
#1784 = EDGE_CURVE('',#1553,#1777,#1785,.T.);
#1785 = LINE('',#1786,#1787);
#1786 = CARTESIAN_POINT('',(0.7,-0.6,0.405));
#1787 = VECTOR('',#1788,1.);
#1788 = DIRECTION('',(0.,0.,1.));
#1789 = PLANE('',#1790);
#1790 = AXIS2_PLACEMENT_3D('',#1791,#1792,#1793);
#1791 = CARTESIAN_POINT('',(-0.7,-0.6,0.405));
#1792 = DIRECTION('',(0.,1.,0.));
#1793 = DIRECTION('',(0.,-0.,1.));
#1794 = ADVANCED_FACE('',(#1795),#1813,.F.);
#1795 = FACE_BOUND('',#1796,.F.);
#1796 = EDGE_LOOP('',(#1797,#1798,#1799,#1807));
#1797 = ORIENTED_EDGE('',*,*,#1768,.F.);
#1798 = ORIENTED_EDGE('',*,*,#1615,.T.);
#1799 = ORIENTED_EDGE('',*,*,#1800,.T.);
#1800 = EDGE_CURVE('',#1468,#1801,#1803,.T.);
#1801 = VERTEX_POINT('',#1802);
#1802 = CARTESIAN_POINT('',(-0.7,0.6,0.45));
#1803 = LINE('',#1804,#1805);
#1804 = CARTESIAN_POINT('',(-0.7,0.6,0.405));
#1805 = VECTOR('',#1806,1.);
#1806 = DIRECTION('',(0.,0.,1.));
#1807 = ORIENTED_EDGE('',*,*,#1808,.F.);
#1808 = EDGE_CURVE('',#1769,#1801,#1809,.T.);
#1809 = LINE('',#1810,#1811);
#1810 = CARTESIAN_POINT('',(-0.7,-0.6,0.45));
#1811 = VECTOR('',#1812,1.);
#1812 = DIRECTION('',(0.,1.,0.));
#1813 = PLANE('',#1814);
#1814 = AXIS2_PLACEMENT_3D('',#1815,#1816,#1817);
#1815 = CARTESIAN_POINT('',(-0.7,-0.6,0.405));
#1816 = DIRECTION('',(1.,0.,0.));
#1817 = DIRECTION('',(0.,0.,1.));
#1818 = ADVANCED_FACE('',(#1819),#1882,.T.);
#1819 = FACE_BOUND('',#1820,.T.);
#1820 = EDGE_LOOP('',(#1821,#1831,#1838,#1839,#1840,#1841,#1850,#1858,
    #1867,#1875));
#1821 = ORIENTED_EDGE('',*,*,#1822,.F.);
#1822 = EDGE_CURVE('',#1823,#1825,#1827,.T.);
#1823 = VERTEX_POINT('',#1824);
#1824 = CARTESIAN_POINT('',(0.745,0.6,-2.775557561563E-17));
#1825 = VERTEX_POINT('',#1826);
#1826 = CARTESIAN_POINT('',(0.955,0.6,-2.775557561563E-17));
#1827 = LINE('',#1828,#1829);
#1828 = CARTESIAN_POINT('',(0.7,0.6,0.));
#1829 = VECTOR('',#1830,1.);
#1830 = DIRECTION('',(1.,0.,0.));
#1831 = ORIENTED_EDGE('',*,*,#1832,.F.);
#1832 = EDGE_CURVE('',#1660,#1823,#1833,.T.);
#1833 = CIRCLE('',#1834,4.5E-02);
#1834 = AXIS2_PLACEMENT_3D('',#1835,#1836,#1837);
#1835 = CARTESIAN_POINT('',(0.745,0.6,4.5E-02));
#1836 = DIRECTION('',(0.,-1.,0.));
#1837 = DIRECTION('',(0.,0.,1.));
#1838 = ORIENTED_EDGE('',*,*,#1659,.T.);
#1839 = ORIENTED_EDGE('',*,*,#1651,.T.);
#1840 = ORIENTED_EDGE('',*,*,#1643,.F.);
#1841 = ORIENTED_EDGE('',*,*,#1842,.T.);
#1842 = EDGE_CURVE('',#1636,#1843,#1845,.T.);
#1843 = VERTEX_POINT('',#1844);
#1844 = CARTESIAN_POINT('',(0.745,0.6,0.45));
#1845 = CIRCLE('',#1846,4.5E-02);
#1846 = AXIS2_PLACEMENT_3D('',#1847,#1848,#1849);
#1847 = CARTESIAN_POINT('',(0.745,0.6,0.405));
#1848 = DIRECTION('',(0.,1.,0.));
#1849 = DIRECTION('',(0.,-0.,1.));
#1850 = ORIENTED_EDGE('',*,*,#1851,.T.);
#1851 = EDGE_CURVE('',#1843,#1852,#1854,.T.);
#1852 = VERTEX_POINT('',#1853);
#1853 = CARTESIAN_POINT('',(0.955,0.6,0.45));
#1854 = LINE('',#1855,#1856);
#1855 = CARTESIAN_POINT('',(0.7,0.6,0.45));
#1856 = VECTOR('',#1857,1.);
#1857 = DIRECTION('',(1.,0.,0.));
#1858 = ORIENTED_EDGE('',*,*,#1859,.F.);
#1859 = EDGE_CURVE('',#1860,#1852,#1862,.T.);
#1860 = VERTEX_POINT('',#1861);
#1861 = CARTESIAN_POINT('',(1.,0.6,0.405));
#1862 = CIRCLE('',#1863,4.5E-02);
#1863 = AXIS2_PLACEMENT_3D('',#1864,#1865,#1866);
#1864 = CARTESIAN_POINT('',(0.955,0.6,0.405));
#1865 = DIRECTION('',(0.,-1.,0.));
#1866 = DIRECTION('',(0.,0.,1.));
#1867 = ORIENTED_EDGE('',*,*,#1868,.F.);
#1868 = EDGE_CURVE('',#1869,#1860,#1871,.T.);
#1869 = VERTEX_POINT('',#1870);
#1870 = CARTESIAN_POINT('',(1.,0.6,4.5E-02));
#1871 = LINE('',#1872,#1873);
#1872 = CARTESIAN_POINT('',(1.,0.6,0.));
#1873 = VECTOR('',#1874,1.);
#1874 = DIRECTION('',(0.,0.,1.));
#1875 = ORIENTED_EDGE('',*,*,#1876,.T.);
#1876 = EDGE_CURVE('',#1869,#1825,#1877,.T.);
#1877 = CIRCLE('',#1878,4.5E-02);
#1878 = AXIS2_PLACEMENT_3D('',#1879,#1880,#1881);
#1879 = CARTESIAN_POINT('',(0.955,0.6,4.5E-02));
#1880 = DIRECTION('',(0.,1.,0.));
#1881 = DIRECTION('',(0.,-0.,1.));
#1882 = PLANE('',#1883);
#1883 = AXIS2_PLACEMENT_3D('',#1884,#1885,#1886);
#1884 = CARTESIAN_POINT('',(0.7,0.6,0.));
#1885 = DIRECTION('',(0.,1.,0.));
#1886 = DIRECTION('',(0.,-0.,1.));
#1887 = ADVANCED_FACE('',(#1888),#1906,.T.);
#1888 = FACE_BOUND('',#1889,.T.);
#1889 = EDGE_LOOP('',(#1890,#1891,#1892,#1900));
#1890 = ORIENTED_EDGE('',*,*,#1635,.F.);
#1891 = ORIENTED_EDGE('',*,*,#1800,.T.);
#1892 = ORIENTED_EDGE('',*,*,#1893,.T.);
#1893 = EDGE_CURVE('',#1801,#1894,#1896,.T.);
#1894 = VERTEX_POINT('',#1895);
#1895 = CARTESIAN_POINT('',(0.7,0.6,0.45));
#1896 = LINE('',#1897,#1898);
#1897 = CARTESIAN_POINT('',(-0.7,0.6,0.45));
#1898 = VECTOR('',#1899,1.);
#1899 = DIRECTION('',(1.,0.,0.));
#1900 = ORIENTED_EDGE('',*,*,#1901,.F.);
#1901 = EDGE_CURVE('',#1636,#1894,#1902,.T.);
#1902 = LINE('',#1903,#1904);
#1903 = CARTESIAN_POINT('',(0.7,0.6,0.405));
#1904 = VECTOR('',#1905,1.);
#1905 = DIRECTION('',(0.,0.,1.));
#1906 = PLANE('',#1907);
#1907 = AXIS2_PLACEMENT_3D('',#1908,#1909,#1910);
#1908 = CARTESIAN_POINT('',(-0.7,0.6,0.405));
#1909 = DIRECTION('',(0.,1.,0.));
#1910 = DIRECTION('',(0.,-0.,1.));
#1911 = ADVANCED_FACE('',(#1912),#1923,.T.);
#1912 = FACE_BOUND('',#1913,.T.);
#1913 = EDGE_LOOP('',(#1914,#1915,#1916,#1922));
#1914 = ORIENTED_EDGE('',*,*,#1683,.T.);
#1915 = ORIENTED_EDGE('',*,*,#1832,.T.);
#1916 = ORIENTED_EDGE('',*,*,#1917,.F.);
#1917 = EDGE_CURVE('',#1699,#1823,#1918,.T.);
#1918 = LINE('',#1919,#1920);
#1919 = CARTESIAN_POINT('',(0.745,-0.6,-2.775557561563E-17));
#1920 = VECTOR('',#1921,1.);
#1921 = DIRECTION('',(0.,1.,0.));
#1922 = ORIENTED_EDGE('',*,*,#1708,.F.);
#1923 = CYLINDRICAL_SURFACE('',#1924,4.5E-02);
#1924 = AXIS2_PLACEMENT_3D('',#1925,#1926,#1927);
#1925 = CARTESIAN_POINT('',(0.745,-0.6,4.5E-02));
#1926 = DIRECTION('',(0.,1.,0.));
#1927 = DIRECTION('',(-1.,0.,0.));
#1928 = ADVANCED_FACE('',(#1929),#1940,.F.);
#1929 = FACE_BOUND('',#1930,.F.);
#1930 = EDGE_LOOP('',(#1931,#1932,#1933,#1934));
#1931 = ORIENTED_EDGE('',*,*,#1822,.F.);
#1932 = ORIENTED_EDGE('',*,*,#1917,.F.);
#1933 = ORIENTED_EDGE('',*,*,#1698,.T.);
#1934 = ORIENTED_EDGE('',*,*,#1935,.T.);
#1935 = EDGE_CURVE('',#1701,#1825,#1936,.T.);
#1936 = LINE('',#1937,#1938);
#1937 = CARTESIAN_POINT('',(0.955,-0.6,-2.775557561563E-17));
#1938 = VECTOR('',#1939,1.);
#1939 = DIRECTION('',(0.,1.,0.));
#1940 = PLANE('',#1941);
#1941 = AXIS2_PLACEMENT_3D('',#1942,#1943,#1944);
#1942 = CARTESIAN_POINT('',(0.7,-0.6,0.));
#1943 = DIRECTION('',(0.,0.,1.));
#1944 = DIRECTION('',(1.,0.,-0.));
#1945 = ADVANCED_FACE('',(#1946),#1957,.T.);
#1946 = FACE_BOUND('',#1947,.T.);
#1947 = EDGE_LOOP('',(#1948,#1949,#1950,#1951));
#1948 = ORIENTED_EDGE('',*,*,#1752,.T.);
#1949 = ORIENTED_EDGE('',*,*,#1935,.T.);
#1950 = ORIENTED_EDGE('',*,*,#1876,.F.);
#1951 = ORIENTED_EDGE('',*,*,#1952,.F.);
#1952 = EDGE_CURVE('',#1745,#1869,#1953,.T.);
#1953 = LINE('',#1954,#1955);
#1954 = CARTESIAN_POINT('',(1.,-0.6,4.5E-02));
#1955 = VECTOR('',#1956,1.);
#1956 = DIRECTION('',(0.,1.,0.));
#1957 = CYLINDRICAL_SURFACE('',#1958,4.5E-02);
#1958 = AXIS2_PLACEMENT_3D('',#1959,#1960,#1961);
#1959 = CARTESIAN_POINT('',(0.955,-0.6,4.5E-02));
#1960 = DIRECTION('',(0.,1.,0.));
#1961 = DIRECTION('',(1.,0.,0.));
#1962 = ADVANCED_FACE('',(#1963),#1974,.T.);
#1963 = FACE_BOUND('',#1964,.T.);
#1964 = EDGE_LOOP('',(#1965,#1966,#1967,#1968));
#1965 = ORIENTED_EDGE('',*,*,#1744,.F.);
#1966 = ORIENTED_EDGE('',*,*,#1952,.T.);
#1967 = ORIENTED_EDGE('',*,*,#1868,.T.);
#1968 = ORIENTED_EDGE('',*,*,#1969,.F.);
#1969 = EDGE_CURVE('',#1736,#1860,#1970,.T.);
#1970 = LINE('',#1971,#1972);
#1971 = CARTESIAN_POINT('',(1.,-0.6,0.405));
#1972 = VECTOR('',#1973,1.);
#1973 = DIRECTION('',(0.,1.,0.));
#1974 = PLANE('',#1975);
#1975 = AXIS2_PLACEMENT_3D('',#1976,#1977,#1978);
#1976 = CARTESIAN_POINT('',(1.,-0.6,0.));
#1977 = DIRECTION('',(1.,0.,0.));
#1978 = DIRECTION('',(0.,0.,1.));
#1979 = ADVANCED_FACE('',(#1980),#1991,.T.);
#1980 = FACE_BOUND('',#1981,.T.);
#1981 = EDGE_LOOP('',(#1982,#1983,#1984,#1990));
#1982 = ORIENTED_EDGE('',*,*,#1969,.T.);
#1983 = ORIENTED_EDGE('',*,*,#1859,.T.);
#1984 = ORIENTED_EDGE('',*,*,#1985,.F.);
#1985 = EDGE_CURVE('',#1728,#1852,#1986,.T.);
#1986 = LINE('',#1987,#1988);
#1987 = CARTESIAN_POINT('',(0.955,-0.6,0.45));
#1988 = VECTOR('',#1989,1.);
#1989 = DIRECTION('',(0.,1.,0.));
#1990 = ORIENTED_EDGE('',*,*,#1735,.F.);
#1991 = CYLINDRICAL_SURFACE('',#1992,4.5E-02);
#1992 = AXIS2_PLACEMENT_3D('',#1993,#1994,#1995);
#1993 = CARTESIAN_POINT('',(0.955,-0.6,0.405));
#1994 = DIRECTION('',(0.,1.,0.));
#1995 = DIRECTION('',(1.,0.,0.));
#1996 = ADVANCED_FACE('',(#1997),#2008,.T.);
#1997 = FACE_BOUND('',#1998,.T.);
#1998 = EDGE_LOOP('',(#1999,#2000,#2006,#2007));
#1999 = ORIENTED_EDGE('',*,*,#1851,.F.);
#2000 = ORIENTED_EDGE('',*,*,#2001,.F.);
#2001 = EDGE_CURVE('',#1719,#1843,#2002,.T.);
#2002 = LINE('',#2003,#2004);
#2003 = CARTESIAN_POINT('',(0.745,-0.6,0.45));
#2004 = VECTOR('',#2005,1.);
#2005 = DIRECTION('',(0.,1.,0.));
#2006 = ORIENTED_EDGE('',*,*,#1727,.T.);
#2007 = ORIENTED_EDGE('',*,*,#1985,.T.);
#2008 = PLANE('',#2009);
#2009 = AXIS2_PLACEMENT_3D('',#2010,#2011,#2012);
#2010 = CARTESIAN_POINT('',(0.7,-0.6,0.45));
#2011 = DIRECTION('',(0.,0.,1.));
#2012 = DIRECTION('',(1.,0.,-0.));
#2013 = ADVANCED_FACE('',(#2014),#2025,.T.);
#2014 = FACE_BOUND('',#2015,.T.);
#2015 = EDGE_LOOP('',(#2016,#2017,#2018,#2019));
#2016 = ORIENTED_EDGE('',*,*,#1718,.T.);
#2017 = ORIENTED_EDGE('',*,*,#2001,.T.);
#2018 = ORIENTED_EDGE('',*,*,#1842,.F.);
#2019 = ORIENTED_EDGE('',*,*,#2020,.F.);
#2020 = EDGE_CURVE('',#1553,#1636,#2021,.T.);
#2021 = LINE('',#2022,#2023);
#2022 = CARTESIAN_POINT('',(0.7,-0.6,0.405));
#2023 = VECTOR('',#2024,1.);
#2024 = DIRECTION('',(0.,1.,0.));
#2025 = CYLINDRICAL_SURFACE('',#2026,4.5E-02);
#2026 = AXIS2_PLACEMENT_3D('',#2027,#2028,#2029);
#2027 = CARTESIAN_POINT('',(0.745,-0.6,0.405));
#2028 = DIRECTION('',(0.,1.,0.));
#2029 = DIRECTION('',(-1.,0.,0.));
#2030 = ADVANCED_FACE('',(#2031),#2042,.T.);
#2031 = FACE_BOUND('',#2032,.T.);
#2032 = EDGE_LOOP('',(#2033,#2034,#2035,#2036));
#2033 = ORIENTED_EDGE('',*,*,#1784,.F.);
#2034 = ORIENTED_EDGE('',*,*,#2020,.T.);
#2035 = ORIENTED_EDGE('',*,*,#1901,.T.);
#2036 = ORIENTED_EDGE('',*,*,#2037,.F.);
#2037 = EDGE_CURVE('',#1777,#1894,#2038,.T.);
#2038 = LINE('',#2039,#2040);
#2039 = CARTESIAN_POINT('',(0.7,-0.6,0.45));
#2040 = VECTOR('',#2041,1.);
#2041 = DIRECTION('',(0.,1.,0.));
#2042 = PLANE('',#2043);
#2043 = AXIS2_PLACEMENT_3D('',#2044,#2045,#2046);
#2044 = CARTESIAN_POINT('',(0.7,-0.6,0.405));
#2045 = DIRECTION('',(1.,0.,0.));
#2046 = DIRECTION('',(0.,0.,1.));
#2047 = ADVANCED_FACE('',(#2048),#2054,.T.);
#2048 = FACE_BOUND('',#2049,.T.);
#2049 = EDGE_LOOP('',(#2050,#2051,#2052,#2053));
#2050 = ORIENTED_EDGE('',*,*,#1808,.F.);
#2051 = ORIENTED_EDGE('',*,*,#1776,.T.);
#2052 = ORIENTED_EDGE('',*,*,#2037,.T.);
#2053 = ORIENTED_EDGE('',*,*,#1893,.F.);
#2054 = PLANE('',#2055);
#2055 = AXIS2_PLACEMENT_3D('',#2056,#2057,#2058);
#2056 = CARTESIAN_POINT('',(-0.7,-0.6,0.45));
#2057 = DIRECTION('',(0.,0.,1.));
#2058 = DIRECTION('',(1.,0.,-0.));
#2059 = ( GEOMETRIC_REPRESENTATION_CONTEXT(3) 
GLOBAL_UNCERTAINTY_ASSIGNED_CONTEXT((#2063)) 
GLOBAL_UNIT_ASSIGNED_CONTEXT((#2060,#2061,#2062)) REPRESENTATION_CONTEXT
('Context #1','3D Context with UNIT and UNCERTAINTY') );
#2060 = ( LENGTH_UNIT() NAMED_UNIT(*) SI_UNIT(.MILLI.,.METRE.) );
#2061 = ( NAMED_UNIT(*) PLANE_ANGLE_UNIT() SI_UNIT($,.RADIAN.) );
#2062 = ( NAMED_UNIT(*) SI_UNIT($,.STERADIAN.) SOLID_ANGLE_UNIT() );
#2063 = UNCERTAINTY_MEASURE_WITH_UNIT(LENGTH_MEASURE(1.E-07),#2060,
  'distance_accuracy_value','confusion accuracy');
#2064 = CONTEXT_DEPENDENT_SHAPE_REPRESENTATION(#2065,#2067);
#2065 = ( REPRESENTATION_RELATIONSHIP('','',#1268,#10) 
REPRESENTATION_RELATIONSHIP_WITH_TRANSFORMATION(#2066) 
SHAPE_REPRESENTATION_RELATIONSHIP() );
#2066 = ITEM_DEFINED_TRANSFORMATION('','',#11,#23);
#2067 = PRODUCT_DEFINITION_SHAPE('Placement','Placement of an item',
  #2068);
#2068 = NEXT_ASSEMBLY_USAGE_OCCURRENCE('3','R1','',#5,#1263,$);
#2069 = PRODUCT_RELATED_PRODUCT_CATEGORY('part',$,(#1265));
#2070 = SHAPE_DEFINITION_REPRESENTATION(#2071,#2077);
#2071 = PRODUCT_DEFINITION_SHAPE('','',#2072);
#2072 = PRODUCT_DEFINITION('design','',#2073,#2076);
#2073 = PRODUCT_DEFINITION_FORMATION('','',#2074);
#2074 = PRODUCT('Excite_V1_copper','Excite_V1_copper','',(#2075));
#2075 = PRODUCT_CONTEXT('',#2,'mechanical');
#2076 = PRODUCT_DEFINITION_CONTEXT('part definition',#2,'design');
#2077 = SHAPE_REPRESENTATION('',(#11,#2078,#2298,#3054,#3711,#4065,#4660
    ,#4880,#5201,#5394,#5750),#6405);
#2078 = MANIFOLD_SOLID_BREP('',#2079);
#2079 = CLOSED_SHELL('',(#2080,#2122,#2153,#2184,#2217,#2248,#2270,#2284
    ));
#2080 = ADVANCED_FACE('',(#2081),#2117,.F.);
#2081 = FACE_BOUND('',#2082,.T.);
#2082 = EDGE_LOOP('',(#2083,#2093,#2102,#2110));
#2083 = ORIENTED_EDGE('',*,*,#2084,.T.);
#2084 = EDGE_CURVE('',#2085,#2087,#2089,.T.);
#2085 = VERTEX_POINT('',#2086);
#2086 = CARTESIAN_POINT('',(5.300507,-41.812223,1.51));
#2087 = VERTEX_POINT('',#2088);
#2088 = CARTESIAN_POINT('',(5.300507,-41.812223,1.545));
#2089 = LINE('',#2090,#2091);
#2090 = CARTESIAN_POINT('',(5.300507,-41.812223,1.51));
#2091 = VECTOR('',#2092,1.);
#2092 = DIRECTION('',(0.,0.,1.));
#2093 = ORIENTED_EDGE('',*,*,#2094,.T.);
#2094 = EDGE_CURVE('',#2087,#2095,#2097,.T.);
#2095 = VERTEX_POINT('',#2096);
#2096 = CARTESIAN_POINT('',(5.239494,-41.,1.545));
#2097 = CIRCLE('',#2098,1.327718548064);
#2098 = AXIS2_PLACEMENT_3D('',#2099,#2100,#2101);
#2099 = CARTESIAN_POINT('',(4.00983444555,-41.50077332499,1.545));
#2100 = DIRECTION('',(0.,-0.,1.));
#2101 = DIRECTION('',(0.972098007015,-0.234575072753,-0.));
#2102 = ORIENTED_EDGE('',*,*,#2103,.F.);
#2103 = EDGE_CURVE('',#2104,#2095,#2106,.T.);
#2104 = VERTEX_POINT('',#2105);
#2105 = CARTESIAN_POINT('',(5.239494,-41.,1.51));
#2106 = LINE('',#2107,#2108);
#2107 = CARTESIAN_POINT('',(5.239494,-41.,1.51));
#2108 = VECTOR('',#2109,1.);
#2109 = DIRECTION('',(0.,0.,1.));
#2110 = ORIENTED_EDGE('',*,*,#2111,.F.);
#2111 = EDGE_CURVE('',#2085,#2104,#2112,.T.);
#2112 = CIRCLE('',#2113,1.327718548064);
#2113 = AXIS2_PLACEMENT_3D('',#2114,#2115,#2116);
#2114 = CARTESIAN_POINT('',(4.00983444555,-41.50077332499,1.51));
#2115 = DIRECTION('',(0.,-0.,1.));
#2116 = DIRECTION('',(0.972098007015,-0.234575072753,-0.));
#2117 = CYLINDRICAL_SURFACE('',#2118,1.327718548064);
#2118 = AXIS2_PLACEMENT_3D('',#2119,#2120,#2121);
#2119 = CARTESIAN_POINT('',(4.00983444555,-41.50077332499,1.51));
#2120 = DIRECTION('',(-0.,0.,-1.));
#2121 = DIRECTION('',(0.972098007015,-0.234575072753,-0.));
#2122 = ADVANCED_FACE('',(#2123),#2148,.T.);
#2123 = FACE_BOUND('',#2124,.T.);
#2124 = EDGE_LOOP('',(#2125,#2126,#2134,#2142));
#2125 = ORIENTED_EDGE('',*,*,#2103,.T.);
#2126 = ORIENTED_EDGE('',*,*,#2127,.T.);
#2127 = EDGE_CURVE('',#2095,#2128,#2130,.T.);
#2128 = VERTEX_POINT('',#2129);
#2129 = CARTESIAN_POINT('',(40.260505,-41.,1.545));
#2130 = LINE('',#2131,#2132);
#2131 = CARTESIAN_POINT('',(5.239494,-41.,1.545));
#2132 = VECTOR('',#2133,1.);
#2133 = DIRECTION('',(1.,0.,0.));
#2134 = ORIENTED_EDGE('',*,*,#2135,.F.);
#2135 = EDGE_CURVE('',#2136,#2128,#2138,.T.);
#2136 = VERTEX_POINT('',#2137);
#2137 = CARTESIAN_POINT('',(40.260505,-41.,1.51));
#2138 = LINE('',#2139,#2140);
#2139 = CARTESIAN_POINT('',(40.260505,-41.,1.51));
#2140 = VECTOR('',#2141,1.);
#2141 = DIRECTION('',(0.,0.,1.));
#2142 = ORIENTED_EDGE('',*,*,#2143,.F.);
#2143 = EDGE_CURVE('',#2104,#2136,#2144,.T.);
#2144 = LINE('',#2145,#2146);
#2145 = CARTESIAN_POINT('',(5.239494,-41.,1.51));
#2146 = VECTOR('',#2147,1.);
#2147 = DIRECTION('',(1.,0.,0.));
#2148 = PLANE('',#2149);
#2149 = AXIS2_PLACEMENT_3D('',#2150,#2151,#2152);
#2150 = CARTESIAN_POINT('',(5.239494,-41.,1.51));
#2151 = DIRECTION('',(0.,1.,0.));
#2152 = DIRECTION('',(1.,0.,0.));
#2153 = ADVANCED_FACE('',(#2154),#2179,.T.);
#2154 = FACE_BOUND('',#2155,.T.);
#2155 = EDGE_LOOP('',(#2156,#2157,#2165,#2173));
#2156 = ORIENTED_EDGE('',*,*,#2135,.T.);
#2157 = ORIENTED_EDGE('',*,*,#2158,.T.);
#2158 = EDGE_CURVE('',#2128,#2159,#2161,.T.);
#2159 = VERTEX_POINT('',#2160);
#2160 = CARTESIAN_POINT('',(40.199492,-41.187776,1.545));
#2161 = LINE('',#2162,#2163);
#2162 = CARTESIAN_POINT('',(40.260505,-41.,1.545));
#2163 = VECTOR('',#2164,1.);
#2164 = DIRECTION('',(-0.309021021789,-0.9510552077,0.));
#2165 = ORIENTED_EDGE('',*,*,#2166,.F.);
#2166 = EDGE_CURVE('',#2167,#2159,#2169,.T.);
#2167 = VERTEX_POINT('',#2168);
#2168 = CARTESIAN_POINT('',(40.199492,-41.187776,1.51));
#2169 = LINE('',#2170,#2171);
#2170 = CARTESIAN_POINT('',(40.199492,-41.187776,1.51));
#2171 = VECTOR('',#2172,1.);
#2172 = DIRECTION('',(0.,0.,1.));
#2173 = ORIENTED_EDGE('',*,*,#2174,.F.);
#2174 = EDGE_CURVE('',#2136,#2167,#2175,.T.);
#2175 = LINE('',#2176,#2177);
#2176 = CARTESIAN_POINT('',(40.260505,-41.,1.51));
#2177 = VECTOR('',#2178,1.);
#2178 = DIRECTION('',(-0.309021021789,-0.9510552077,0.));
#2179 = PLANE('',#2180);
#2180 = AXIS2_PLACEMENT_3D('',#2181,#2182,#2183);
#2181 = CARTESIAN_POINT('',(40.260505,-41.,1.51));
#2182 = DIRECTION('',(0.9510552077,-0.309021021789,0.));
#2183 = DIRECTION('',(-0.309021021789,-0.9510552077,0.));
#2184 = ADVANCED_FACE('',(#2185),#2212,.F.);
#2185 = FACE_BOUND('',#2186,.T.);
#2186 = EDGE_LOOP('',(#2187,#2188,#2197,#2205));
#2187 = ORIENTED_EDGE('',*,*,#2166,.T.);
#2188 = ORIENTED_EDGE('',*,*,#2189,.T.);
#2189 = EDGE_CURVE('',#2159,#2190,#2192,.T.);
#2190 = VERTEX_POINT('',#2191);
#2191 = CARTESIAN_POINT('',(40.260505,-42.,1.545));
#2192 = CIRCLE('',#2193,1.32774220567);
#2193 = AXIS2_PLACEMENT_3D('',#2194,#2195,#2196);
#2194 = CARTESIAN_POINT('',(41.490189188841,-41.49922444105,1.545));
#2195 = DIRECTION('',(0.,0.,1.));
#2196 = DIRECTION('',(-0.972099239844,0.234569963753,0.));
#2197 = ORIENTED_EDGE('',*,*,#2198,.F.);
#2198 = EDGE_CURVE('',#2199,#2190,#2201,.T.);
#2199 = VERTEX_POINT('',#2200);
#2200 = CARTESIAN_POINT('',(40.260505,-42.,1.51));
#2201 = LINE('',#2202,#2203);
#2202 = CARTESIAN_POINT('',(40.260505,-42.,1.51));
#2203 = VECTOR('',#2204,1.);
#2204 = DIRECTION('',(0.,0.,1.));
#2205 = ORIENTED_EDGE('',*,*,#2206,.F.);
#2206 = EDGE_CURVE('',#2167,#2199,#2207,.T.);
#2207 = CIRCLE('',#2208,1.32774220567);
#2208 = AXIS2_PLACEMENT_3D('',#2209,#2210,#2211);
#2209 = CARTESIAN_POINT('',(41.490189188841,-41.49922444105,1.51));
#2210 = DIRECTION('',(0.,0.,1.));
#2211 = DIRECTION('',(-0.972099239844,0.234569963753,0.));
#2212 = CYLINDRICAL_SURFACE('',#2213,1.32774220567);
#2213 = AXIS2_PLACEMENT_3D('',#2214,#2215,#2216);
#2214 = CARTESIAN_POINT('',(41.490189188841,-41.49922444105,1.51));
#2215 = DIRECTION('',(-0.,-0.,-1.));
#2216 = DIRECTION('',(-0.972099239844,0.234569963753,0.));
#2217 = ADVANCED_FACE('',(#2218),#2243,.T.);
#2218 = FACE_BOUND('',#2219,.T.);
#2219 = EDGE_LOOP('',(#2220,#2221,#2229,#2237));
#2220 = ORIENTED_EDGE('',*,*,#2198,.T.);
#2221 = ORIENTED_EDGE('',*,*,#2222,.T.);
#2222 = EDGE_CURVE('',#2190,#2223,#2225,.T.);
#2223 = VERTEX_POINT('',#2224);
#2224 = CARTESIAN_POINT('',(5.239494,-42.,1.545));
#2225 = LINE('',#2226,#2227);
#2226 = CARTESIAN_POINT('',(40.260505,-42.,1.545));
#2227 = VECTOR('',#2228,1.);
#2228 = DIRECTION('',(-1.,0.,0.));
#2229 = ORIENTED_EDGE('',*,*,#2230,.F.);
#2230 = EDGE_CURVE('',#2231,#2223,#2233,.T.);
#2231 = VERTEX_POINT('',#2232);
#2232 = CARTESIAN_POINT('',(5.239494,-42.,1.51));
#2233 = LINE('',#2234,#2235);
#2234 = CARTESIAN_POINT('',(5.239494,-42.,1.51));
#2235 = VECTOR('',#2236,1.);
#2236 = DIRECTION('',(0.,0.,1.));
#2237 = ORIENTED_EDGE('',*,*,#2238,.F.);
#2238 = EDGE_CURVE('',#2199,#2231,#2239,.T.);
#2239 = LINE('',#2240,#2241);
#2240 = CARTESIAN_POINT('',(40.260505,-42.,1.51));
#2241 = VECTOR('',#2242,1.);
#2242 = DIRECTION('',(-1.,0.,0.));
#2243 = PLANE('',#2244);
#2244 = AXIS2_PLACEMENT_3D('',#2245,#2246,#2247);
#2245 = CARTESIAN_POINT('',(40.260505,-42.,1.51));
#2246 = DIRECTION('',(0.,-1.,0.));
#2247 = DIRECTION('',(-1.,0.,0.));
#2248 = ADVANCED_FACE('',(#2249),#2265,.T.);
#2249 = FACE_BOUND('',#2250,.T.);
#2250 = EDGE_LOOP('',(#2251,#2252,#2258,#2259));
#2251 = ORIENTED_EDGE('',*,*,#2230,.T.);
#2252 = ORIENTED_EDGE('',*,*,#2253,.T.);
#2253 = EDGE_CURVE('',#2223,#2087,#2254,.T.);
#2254 = LINE('',#2255,#2256);
#2255 = CARTESIAN_POINT('',(5.239494,-42.,1.545));
#2256 = VECTOR('',#2257,1.);
#2257 = DIRECTION('',(0.309019533259,0.951055691358,0.));
#2258 = ORIENTED_EDGE('',*,*,#2084,.F.);
#2259 = ORIENTED_EDGE('',*,*,#2260,.F.);
#2260 = EDGE_CURVE('',#2231,#2085,#2261,.T.);
#2261 = LINE('',#2262,#2263);
#2262 = CARTESIAN_POINT('',(5.239494,-42.,1.51));
#2263 = VECTOR('',#2264,1.);
#2264 = DIRECTION('',(0.309019533259,0.951055691358,0.));
#2265 = PLANE('',#2266);
#2266 = AXIS2_PLACEMENT_3D('',#2267,#2268,#2269);
#2267 = CARTESIAN_POINT('',(5.239494,-42.,1.51));
#2268 = DIRECTION('',(-0.951055691358,0.309019533259,0.));
#2269 = DIRECTION('',(0.309019533259,0.951055691358,0.));
#2270 = ADVANCED_FACE('',(#2271),#2279,.F.);
#2271 = FACE_BOUND('',#2272,.T.);
#2272 = EDGE_LOOP('',(#2273,#2274,#2275,#2276,#2277,#2278));
#2273 = ORIENTED_EDGE('',*,*,#2111,.T.);
#2274 = ORIENTED_EDGE('',*,*,#2143,.T.);
#2275 = ORIENTED_EDGE('',*,*,#2174,.T.);
#2276 = ORIENTED_EDGE('',*,*,#2206,.T.);
#2277 = ORIENTED_EDGE('',*,*,#2238,.T.);
#2278 = ORIENTED_EDGE('',*,*,#2260,.T.);
#2279 = PLANE('',#2280);
#2280 = AXIS2_PLACEMENT_3D('',#2281,#2282,#2283);
#2281 = CARTESIAN_POINT('',(0.,0.,1.51));
#2282 = DIRECTION('',(0.,0.,1.));
#2283 = DIRECTION('',(1.,0.,-0.));
#2284 = ADVANCED_FACE('',(#2285),#2293,.T.);
#2285 = FACE_BOUND('',#2286,.F.);
#2286 = EDGE_LOOP('',(#2287,#2288,#2289,#2290,#2291,#2292));
#2287 = ORIENTED_EDGE('',*,*,#2094,.T.);
#2288 = ORIENTED_EDGE('',*,*,#2127,.T.);
#2289 = ORIENTED_EDGE('',*,*,#2158,.T.);
#2290 = ORIENTED_EDGE('',*,*,#2189,.T.);
#2291 = ORIENTED_EDGE('',*,*,#2222,.T.);
#2292 = ORIENTED_EDGE('',*,*,#2253,.T.);
#2293 = PLANE('',#2294);
#2294 = AXIS2_PLACEMENT_3D('',#2295,#2296,#2297);
#2295 = CARTESIAN_POINT('',(0.,0.,1.545));
#2296 = DIRECTION('',(0.,0.,1.));
#2297 = DIRECTION('',(1.,0.,-0.));
#2298 = MANIFOLD_SOLID_BREP('',#2299);
#2299 = CLOSED_SHELL('',(#2300,#2342,#2373,#2404,#2435,#2468,#2499,#2530
    ,#2561,#2592,#2623,#2656,#2687,#2718,#2749,#2782,#2813,#2846,#2877,
    #2908,#2941,#2972,#2994,#3024));
#2300 = ADVANCED_FACE('',(#2301),#2337,.F.);
#2301 = FACE_BOUND('',#2302,.T.);
#2302 = EDGE_LOOP('',(#2303,#2313,#2322,#2330));
#2303 = ORIENTED_EDGE('',*,*,#2304,.T.);
#2304 = EDGE_CURVE('',#2305,#2307,#2309,.T.);
#2305 = VERTEX_POINT('',#2306);
#2306 = CARTESIAN_POINT('',(41.,-5.739494,1.51));
#2307 = VERTEX_POINT('',#2308);
#2308 = CARTESIAN_POINT('',(41.,-5.739494,1.545));
#2309 = LINE('',#2310,#2311);
#2310 = CARTESIAN_POINT('',(41.,-5.739494,1.51));
#2311 = VECTOR('',#2312,1.);
#2312 = DIRECTION('',(0.,0.,1.));
#2313 = ORIENTED_EDGE('',*,*,#2314,.T.);
#2314 = EDGE_CURVE('',#2307,#2315,#2317,.T.);
#2315 = VERTEX_POINT('',#2316);
#2316 = CARTESIAN_POINT('',(41.604691,-5.833376,1.545));
#2317 = CIRCLE('',#2318,1.324169226569);
#2318 = AXIS2_PLACEMENT_3D('',#2319,#2320,#2321);
#2319 = CARTESIAN_POINT('',(41.4999995,-4.513351822032,1.545));
#2320 = DIRECTION('',(0.,0.,1.));
#2321 = DIRECTION('',(-0.377594864741,-0.925970905656,0.));
#2322 = ORIENTED_EDGE('',*,*,#2323,.F.);
#2323 = EDGE_CURVE('',#2324,#2315,#2326,.T.);
#2324 = VERTEX_POINT('',#2325);
#2325 = CARTESIAN_POINT('',(41.604691,-5.833376,1.51));
#2326 = LINE('',#2327,#2328);
#2327 = CARTESIAN_POINT('',(41.604691,-5.833376,1.51));
#2328 = VECTOR('',#2329,1.);
#2329 = DIRECTION('',(0.,0.,1.));
#2330 = ORIENTED_EDGE('',*,*,#2331,.F.);
#2331 = EDGE_CURVE('',#2305,#2324,#2332,.T.);
#2332 = CIRCLE('',#2333,1.324169226569);
#2333 = AXIS2_PLACEMENT_3D('',#2334,#2335,#2336);
#2334 = CARTESIAN_POINT('',(41.4999995,-4.513351822032,1.51));
#2335 = DIRECTION('',(0.,0.,1.));
#2336 = DIRECTION('',(-0.377594864741,-0.925970905656,0.));
#2337 = CYLINDRICAL_SURFACE('',#2338,1.324169226569);
#2338 = AXIS2_PLACEMENT_3D('',#2339,#2340,#2341);
#2339 = CARTESIAN_POINT('',(41.4999995,-4.513351822032,1.51));
#2340 = DIRECTION('',(-0.,-0.,-1.));
#2341 = DIRECTION('',(-0.377594864741,-0.925970905656,0.));
#2342 = ADVANCED_FACE('',(#2343),#2368,.T.);
#2343 = FACE_BOUND('',#2344,.T.);
#2344 = EDGE_LOOP('',(#2345,#2346,#2354,#2362));
#2345 = ORIENTED_EDGE('',*,*,#2323,.T.);
#2346 = ORIENTED_EDGE('',*,*,#2347,.T.);
#2347 = EDGE_CURVE('',#2315,#2348,#2350,.T.);
#2348 = VERTEX_POINT('',#2349);
#2349 = CARTESIAN_POINT('',(41.812223,-5.800507,1.545));
#2350 = LINE('',#2351,#2352);
#2351 = CARTESIAN_POINT('',(41.604691,-5.833376,1.545));
#2352 = VECTOR('',#2353,1.);
#2353 = DIRECTION('',(0.987688958029,0.156430566667,0.));
#2354 = ORIENTED_EDGE('',*,*,#2355,.F.);
#2355 = EDGE_CURVE('',#2356,#2348,#2358,.T.);
#2356 = VERTEX_POINT('',#2357);
#2357 = CARTESIAN_POINT('',(41.812223,-5.800507,1.51));
#2358 = LINE('',#2359,#2360);
#2359 = CARTESIAN_POINT('',(41.812223,-5.800507,1.51));
#2360 = VECTOR('',#2361,1.);
#2361 = DIRECTION('',(0.,0.,1.));
#2362 = ORIENTED_EDGE('',*,*,#2363,.F.);
#2363 = EDGE_CURVE('',#2324,#2356,#2364,.T.);
#2364 = LINE('',#2365,#2366);
#2365 = CARTESIAN_POINT('',(41.604691,-5.833376,1.51));
#2366 = VECTOR('',#2367,1.);
#2367 = DIRECTION('',(0.987688958029,0.156430566667,0.));
#2368 = PLANE('',#2369);
#2369 = AXIS2_PLACEMENT_3D('',#2370,#2371,#2372);
#2370 = CARTESIAN_POINT('',(41.604691,-5.833376,1.51));
#2371 = DIRECTION('',(-0.156430566667,0.987688958029,0.));
#2372 = DIRECTION('',(0.987688958029,0.156430566667,0.));
#2373 = ADVANCED_FACE('',(#2374),#2399,.T.);
#2374 = FACE_BOUND('',#2375,.T.);
#2375 = EDGE_LOOP('',(#2376,#2377,#2385,#2393));
#2376 = ORIENTED_EDGE('',*,*,#2355,.T.);
#2377 = ORIENTED_EDGE('',*,*,#2378,.T.);
#2378 = EDGE_CURVE('',#2348,#2379,#2381,.T.);
#2379 = VERTEX_POINT('',#2380);
#2380 = CARTESIAN_POINT('',(42.,-5.739493,1.545));
#2381 = LINE('',#2382,#2383);
#2382 = CARTESIAN_POINT('',(41.812223,-5.800507,1.545));
#2383 = VECTOR('',#2384,1.);
#2384 = DIRECTION('',(0.951054202827,0.309024114408,0.));
#2385 = ORIENTED_EDGE('',*,*,#2386,.F.);
#2386 = EDGE_CURVE('',#2387,#2379,#2389,.T.);
#2387 = VERTEX_POINT('',#2388);
#2388 = CARTESIAN_POINT('',(42.,-5.739493,1.51));
#2389 = LINE('',#2390,#2391);
#2390 = CARTESIAN_POINT('',(42.,-5.739493,1.51));
#2391 = VECTOR('',#2392,1.);
#2392 = DIRECTION('',(0.,0.,1.));
#2393 = ORIENTED_EDGE('',*,*,#2394,.F.);
#2394 = EDGE_CURVE('',#2356,#2387,#2395,.T.);
#2395 = LINE('',#2396,#2397);
#2396 = CARTESIAN_POINT('',(41.812223,-5.800507,1.51));
#2397 = VECTOR('',#2398,1.);
#2398 = DIRECTION('',(0.951054202827,0.309024114408,0.));
#2399 = PLANE('',#2400);
#2400 = AXIS2_PLACEMENT_3D('',#2401,#2402,#2403);
#2401 = CARTESIAN_POINT('',(41.812223,-5.800507,1.51));
#2402 = DIRECTION('',(-0.309024114408,0.951054202827,0.));
#2403 = DIRECTION('',(0.951054202827,0.309024114408,0.));
#2404 = ADVANCED_FACE('',(#2405),#2430,.T.);
#2405 = FACE_BOUND('',#2406,.T.);
#2406 = EDGE_LOOP('',(#2407,#2408,#2416,#2424));
#2407 = ORIENTED_EDGE('',*,*,#2386,.T.);
#2408 = ORIENTED_EDGE('',*,*,#2409,.T.);
#2409 = EDGE_CURVE('',#2379,#2410,#2412,.T.);
#2410 = VERTEX_POINT('',#2411);
#2411 = CARTESIAN_POINT('',(42.,-40.260505,1.545));
#2412 = LINE('',#2413,#2414);
#2413 = CARTESIAN_POINT('',(42.,-5.739493,1.545));
#2414 = VECTOR('',#2415,1.);
#2415 = DIRECTION('',(0.,-1.,0.));
#2416 = ORIENTED_EDGE('',*,*,#2417,.F.);
#2417 = EDGE_CURVE('',#2418,#2410,#2420,.T.);
#2418 = VERTEX_POINT('',#2419);
#2419 = CARTESIAN_POINT('',(42.,-40.260505,1.51));
#2420 = LINE('',#2421,#2422);
#2421 = CARTESIAN_POINT('',(42.,-40.260505,1.51));
#2422 = VECTOR('',#2423,1.);
#2423 = DIRECTION('',(0.,0.,1.));
#2424 = ORIENTED_EDGE('',*,*,#2425,.F.);
#2425 = EDGE_CURVE('',#2387,#2418,#2426,.T.);
#2426 = LINE('',#2427,#2428);
#2427 = CARTESIAN_POINT('',(42.,-5.739493,1.51));
#2428 = VECTOR('',#2429,1.);
#2429 = DIRECTION('',(0.,-1.,0.));
#2430 = PLANE('',#2431);
#2431 = AXIS2_PLACEMENT_3D('',#2432,#2433,#2434);
#2432 = CARTESIAN_POINT('',(42.,-5.739493,1.51));
#2433 = DIRECTION('',(1.,0.,-0.));
#2434 = DIRECTION('',(0.,-1.,0.));
#2435 = ADVANCED_FACE('',(#2436),#2463,.F.);
#2436 = FACE_BOUND('',#2437,.T.);
#2437 = EDGE_LOOP('',(#2438,#2439,#2448,#2456));
#2438 = ORIENTED_EDGE('',*,*,#2417,.T.);
#2439 = ORIENTED_EDGE('',*,*,#2440,.T.);
#2440 = EDGE_CURVE('',#2410,#2441,#2443,.T.);
#2441 = VERTEX_POINT('',#2442);
#2442 = CARTESIAN_POINT('',(41.395308,-40.166623,1.545));
#2443 = CIRCLE('',#2444,1.324174535732);
#2444 = AXIS2_PLACEMENT_3D('',#2445,#2446,#2447);
#2445 = CARTESIAN_POINT('',(41.4999995,-41.4866525038,1.545));
#2446 = DIRECTION('',(0.,0.,1.));
#2447 = DIRECTION('',(0.377594105994,0.925971215059,-0.));
#2448 = ORIENTED_EDGE('',*,*,#2449,.F.);
#2449 = EDGE_CURVE('',#2450,#2441,#2452,.T.);
#2450 = VERTEX_POINT('',#2451);
#2451 = CARTESIAN_POINT('',(41.395308,-40.166623,1.51));
#2452 = LINE('',#2453,#2454);
#2453 = CARTESIAN_POINT('',(41.395308,-40.166623,1.51));
#2454 = VECTOR('',#2455,1.);
#2455 = DIRECTION('',(0.,0.,1.));
#2456 = ORIENTED_EDGE('',*,*,#2457,.F.);
#2457 = EDGE_CURVE('',#2418,#2450,#2458,.T.);
#2458 = CIRCLE('',#2459,1.324174535732);
#2459 = AXIS2_PLACEMENT_3D('',#2460,#2461,#2462);
#2460 = CARTESIAN_POINT('',(41.4999995,-41.4866525038,1.51));
#2461 = DIRECTION('',(0.,0.,1.));
#2462 = DIRECTION('',(0.377594105994,0.925971215059,-0.));
#2463 = CYLINDRICAL_SURFACE('',#2464,1.324174535732);
#2464 = AXIS2_PLACEMENT_3D('',#2465,#2466,#2467);
#2465 = CARTESIAN_POINT('',(41.4999995,-41.4866525038,1.51));
#2466 = DIRECTION('',(-0.,-0.,-1.));
#2467 = DIRECTION('',(0.377594105994,0.925971215059,-0.));
#2468 = ADVANCED_FACE('',(#2469),#2494,.T.);
#2469 = FACE_BOUND('',#2470,.T.);
#2470 = EDGE_LOOP('',(#2471,#2472,#2480,#2488));
#2471 = ORIENTED_EDGE('',*,*,#2449,.T.);
#2472 = ORIENTED_EDGE('',*,*,#2473,.T.);
#2473 = EDGE_CURVE('',#2441,#2474,#2476,.T.);
#2474 = VERTEX_POINT('',#2475);
#2475 = CARTESIAN_POINT('',(41.187776,-40.199492,1.545));
#2476 = LINE('',#2477,#2478);
#2477 = CARTESIAN_POINT('',(41.395308,-40.166623,1.545));
#2478 = VECTOR('',#2479,1.);
#2479 = DIRECTION('',(-0.987688958029,-0.156430566667,0.));
#2480 = ORIENTED_EDGE('',*,*,#2481,.F.);
#2481 = EDGE_CURVE('',#2482,#2474,#2484,.T.);
#2482 = VERTEX_POINT('',#2483);
#2483 = CARTESIAN_POINT('',(41.187776,-40.199492,1.51));
#2484 = LINE('',#2485,#2486);
#2485 = CARTESIAN_POINT('',(41.187776,-40.199492,1.51));
#2486 = VECTOR('',#2487,1.);
#2487 = DIRECTION('',(0.,0.,1.));
#2488 = ORIENTED_EDGE('',*,*,#2489,.F.);
#2489 = EDGE_CURVE('',#2450,#2482,#2490,.T.);
#2490 = LINE('',#2491,#2492);
#2491 = CARTESIAN_POINT('',(41.395308,-40.166623,1.51));
#2492 = VECTOR('',#2493,1.);
#2493 = DIRECTION('',(-0.987688958029,-0.156430566667,0.));
#2494 = PLANE('',#2495);
#2495 = AXIS2_PLACEMENT_3D('',#2496,#2497,#2498);
#2496 = CARTESIAN_POINT('',(41.395308,-40.166623,1.51));
#2497 = DIRECTION('',(0.156430566667,-0.987688958029,0.));
#2498 = DIRECTION('',(-0.987688958029,-0.156430566667,0.));
#2499 = ADVANCED_FACE('',(#2500),#2525,.T.);
#2500 = FACE_BOUND('',#2501,.T.);
#2501 = EDGE_LOOP('',(#2502,#2503,#2511,#2519));
#2502 = ORIENTED_EDGE('',*,*,#2481,.T.);
#2503 = ORIENTED_EDGE('',*,*,#2504,.T.);
#2504 = EDGE_CURVE('',#2474,#2505,#2507,.T.);
#2505 = VERTEX_POINT('',#2506);
#2506 = CARTESIAN_POINT('',(41.,-40.260504,1.545));
#2507 = LINE('',#2508,#2509);
#2508 = CARTESIAN_POINT('',(41.187776,-40.199492,1.545));
#2509 = VECTOR('',#2510,1.);
#2510 = DIRECTION('',(-0.951056696227,-0.309016440601,0.));
#2511 = ORIENTED_EDGE('',*,*,#2512,.F.);
#2512 = EDGE_CURVE('',#2513,#2505,#2515,.T.);
#2513 = VERTEX_POINT('',#2514);
#2514 = CARTESIAN_POINT('',(41.,-40.260504,1.51));
#2515 = LINE('',#2516,#2517);
#2516 = CARTESIAN_POINT('',(41.,-40.260504,1.51));
#2517 = VECTOR('',#2518,1.);
#2518 = DIRECTION('',(0.,0.,1.));
#2519 = ORIENTED_EDGE('',*,*,#2520,.F.);
#2520 = EDGE_CURVE('',#2482,#2513,#2521,.T.);
#2521 = LINE('',#2522,#2523);
#2522 = CARTESIAN_POINT('',(41.187776,-40.199492,1.51));
#2523 = VECTOR('',#2524,1.);
#2524 = DIRECTION('',(-0.951056696227,-0.309016440601,0.));
#2525 = PLANE('',#2526);
#2526 = AXIS2_PLACEMENT_3D('',#2527,#2528,#2529);
#2527 = CARTESIAN_POINT('',(41.187776,-40.199492,1.51));
#2528 = DIRECTION('',(0.309016440601,-0.951056696227,0.));
#2529 = DIRECTION('',(-0.951056696227,-0.309016440601,0.));
#2530 = ADVANCED_FACE('',(#2531),#2556,.T.);
#2531 = FACE_BOUND('',#2532,.T.);
#2532 = EDGE_LOOP('',(#2533,#2534,#2542,#2550));
#2533 = ORIENTED_EDGE('',*,*,#2512,.T.);
#2534 = ORIENTED_EDGE('',*,*,#2535,.T.);
#2535 = EDGE_CURVE('',#2505,#2536,#2538,.T.);
#2536 = VERTEX_POINT('',#2537);
#2537 = CARTESIAN_POINT('',(41.,-13.318106,1.545));
#2538 = LINE('',#2539,#2540);
#2539 = CARTESIAN_POINT('',(41.,-40.260504,1.545));
#2540 = VECTOR('',#2541,1.);
#2541 = DIRECTION('',(0.,1.,0.));
#2542 = ORIENTED_EDGE('',*,*,#2543,.F.);
#2543 = EDGE_CURVE('',#2544,#2536,#2546,.T.);
#2544 = VERTEX_POINT('',#2545);
#2545 = CARTESIAN_POINT('',(41.,-13.318106,1.51));
#2546 = LINE('',#2547,#2548);
#2547 = CARTESIAN_POINT('',(41.,-13.318106,1.51));
#2548 = VECTOR('',#2549,1.);
#2549 = DIRECTION('',(0.,0.,1.));
#2550 = ORIENTED_EDGE('',*,*,#2551,.F.);
#2551 = EDGE_CURVE('',#2513,#2544,#2552,.T.);
#2552 = LINE('',#2553,#2554);
#2553 = CARTESIAN_POINT('',(41.,-40.260504,1.51));
#2554 = VECTOR('',#2555,1.);
#2555 = DIRECTION('',(0.,1.,0.));
#2556 = PLANE('',#2557);
#2557 = AXIS2_PLACEMENT_3D('',#2558,#2559,#2560);
#2558 = CARTESIAN_POINT('',(41.,-40.260504,1.51));
#2559 = DIRECTION('',(-1.,0.,0.));
#2560 = DIRECTION('',(0.,1.,0.));
#2561 = ADVANCED_FACE('',(#2562),#2587,.T.);
#2562 = FACE_BOUND('',#2563,.T.);
#2563 = EDGE_LOOP('',(#2564,#2565,#2573,#2581));
#2564 = ORIENTED_EDGE('',*,*,#2543,.T.);
#2565 = ORIENTED_EDGE('',*,*,#2566,.T.);
#2566 = EDGE_CURVE('',#2536,#2567,#2569,.T.);
#2567 = VERTEX_POINT('',#2568);
#2568 = CARTESIAN_POINT('',(30.318106,-23.999999,1.545));
#2569 = LINE('',#2570,#2571);
#2570 = CARTESIAN_POINT('',(41.,-13.318106,1.545));
#2571 = VECTOR('',#2572,1.);
#2572 = DIRECTION('',(-0.707106814285,-0.707106748088,0.));
#2573 = ORIENTED_EDGE('',*,*,#2574,.F.);
#2574 = EDGE_CURVE('',#2575,#2567,#2577,.T.);
#2575 = VERTEX_POINT('',#2576);
#2576 = CARTESIAN_POINT('',(30.318106,-23.999999,1.51));
#2577 = LINE('',#2578,#2579);
#2578 = CARTESIAN_POINT('',(30.318106,-23.999999,1.51));
#2579 = VECTOR('',#2580,1.);
#2580 = DIRECTION('',(0.,0.,1.));
#2581 = ORIENTED_EDGE('',*,*,#2582,.F.);
#2582 = EDGE_CURVE('',#2544,#2575,#2583,.T.);
#2583 = LINE('',#2584,#2585);
#2584 = CARTESIAN_POINT('',(41.,-13.318106,1.51));
#2585 = VECTOR('',#2586,1.);
#2586 = DIRECTION('',(-0.707106814285,-0.707106748088,0.));
#2587 = PLANE('',#2588);
#2588 = AXIS2_PLACEMENT_3D('',#2589,#2590,#2591);
#2589 = CARTESIAN_POINT('',(41.,-13.318106,1.51));
#2590 = DIRECTION('',(0.707106748088,-0.707106814285,0.));
#2591 = DIRECTION('',(-0.707106814285,-0.707106748088,0.));
#2592 = ADVANCED_FACE('',(#2593),#2618,.T.);
#2593 = FACE_BOUND('',#2594,.T.);
#2594 = EDGE_LOOP('',(#2595,#2596,#2604,#2612));
#2595 = ORIENTED_EDGE('',*,*,#2574,.T.);
#2596 = ORIENTED_EDGE('',*,*,#2597,.T.);
#2597 = EDGE_CURVE('',#2567,#2598,#2600,.T.);
#2598 = VERTEX_POINT('',#2599);
#2599 = CARTESIAN_POINT('',(38.353554,-32.035447,1.545));
#2600 = LINE('',#2601,#2602);
#2601 = CARTESIAN_POINT('',(30.318106,-23.999999,1.545));
#2602 = VECTOR('',#2603,1.);
#2603 = DIRECTION('',(0.707106781187,-0.707106781187,0.));
#2604 = ORIENTED_EDGE('',*,*,#2605,.F.);
#2605 = EDGE_CURVE('',#2606,#2598,#2608,.T.);
#2606 = VERTEX_POINT('',#2607);
#2607 = CARTESIAN_POINT('',(38.353554,-32.035447,1.51));
#2608 = LINE('',#2609,#2610);
#2609 = CARTESIAN_POINT('',(38.353554,-32.035447,1.51));
#2610 = VECTOR('',#2611,1.);
#2611 = DIRECTION('',(0.,0.,1.));
#2612 = ORIENTED_EDGE('',*,*,#2613,.F.);
#2613 = EDGE_CURVE('',#2575,#2606,#2614,.T.);
#2614 = LINE('',#2615,#2616);
#2615 = CARTESIAN_POINT('',(30.318106,-23.999999,1.51));
#2616 = VECTOR('',#2617,1.);
#2617 = DIRECTION('',(0.707106781187,-0.707106781187,0.));
#2618 = PLANE('',#2619);
#2619 = AXIS2_PLACEMENT_3D('',#2620,#2621,#2622);
#2620 = CARTESIAN_POINT('',(30.318106,-23.999999,1.51));
#2621 = DIRECTION('',(0.707106781187,0.707106781187,-0.));
#2622 = DIRECTION('',(0.707106781187,-0.707106781187,0.));
#2623 = ADVANCED_FACE('',(#2624),#2651,.T.);
#2624 = FACE_BOUND('',#2625,.T.);
#2625 = EDGE_LOOP('',(#2626,#2627,#2636,#2644));
#2626 = ORIENTED_EDGE('',*,*,#2605,.T.);
#2627 = ORIENTED_EDGE('',*,*,#2628,.T.);
#2628 = EDGE_CURVE('',#2598,#2629,#2631,.T.);
#2629 = VERTEX_POINT('',#2630);
#2630 = CARTESIAN_POINT('',(38.5,-32.389,1.545));
#2631 = CIRCLE('',#2632,0.500001721721);
#2632 = AXIS2_PLACEMENT_3D('',#2633,#2634,#2635);
#2633 = CARTESIAN_POINT('',(37.999998278279,-32.38900049434,1.545));
#2634 = DIRECTION('',(0.,0.,-1.));
#2635 = DIRECTION('',(0.707109008553,0.707104553813,0.));
#2636 = ORIENTED_EDGE('',*,*,#2637,.F.);
#2637 = EDGE_CURVE('',#2638,#2629,#2640,.T.);
#2638 = VERTEX_POINT('',#2639);
#2639 = CARTESIAN_POINT('',(38.5,-32.389,1.51));
#2640 = LINE('',#2641,#2642);
#2641 = CARTESIAN_POINT('',(38.5,-32.389,1.51));
#2642 = VECTOR('',#2643,1.);
#2643 = DIRECTION('',(0.,0.,1.));
#2644 = ORIENTED_EDGE('',*,*,#2645,.F.);
#2645 = EDGE_CURVE('',#2606,#2638,#2646,.T.);
#2646 = CIRCLE('',#2647,0.500001721721);
#2647 = AXIS2_PLACEMENT_3D('',#2648,#2649,#2650);
#2648 = CARTESIAN_POINT('',(37.999998278279,-32.38900049434,1.51));
#2649 = DIRECTION('',(0.,0.,-1.));
#2650 = DIRECTION('',(0.707109008553,0.707104553813,0.));
#2651 = CYLINDRICAL_SURFACE('',#2652,0.500001721721);
#2652 = AXIS2_PLACEMENT_3D('',#2653,#2654,#2655);
#2653 = CARTESIAN_POINT('',(37.999998278279,-32.38900049434,1.51));
#2654 = DIRECTION('',(0.,0.,-1.));
#2655 = DIRECTION('',(0.707109008553,0.707104553813,0.));
#2656 = ADVANCED_FACE('',(#2657),#2682,.T.);
#2657 = FACE_BOUND('',#2658,.T.);
#2658 = EDGE_LOOP('',(#2659,#2660,#2668,#2676));
#2659 = ORIENTED_EDGE('',*,*,#2637,.T.);
#2660 = ORIENTED_EDGE('',*,*,#2661,.T.);
#2661 = EDGE_CURVE('',#2629,#2662,#2664,.T.);
#2662 = VERTEX_POINT('',#2663);
#2663 = CARTESIAN_POINT('',(38.5,-37.792893,1.545));
#2664 = LINE('',#2665,#2666);
#2665 = CARTESIAN_POINT('',(38.5,-32.389,1.545));
#2666 = VECTOR('',#2667,1.);
#2667 = DIRECTION('',(0.,-1.,0.));
#2668 = ORIENTED_EDGE('',*,*,#2669,.F.);
#2669 = EDGE_CURVE('',#2670,#2662,#2672,.T.);
#2670 = VERTEX_POINT('',#2671);
#2671 = CARTESIAN_POINT('',(38.5,-37.792893,1.51));
#2672 = LINE('',#2673,#2674);
#2673 = CARTESIAN_POINT('',(38.5,-37.792893,1.51));
#2674 = VECTOR('',#2675,1.);
#2675 = DIRECTION('',(0.,0.,1.));
#2676 = ORIENTED_EDGE('',*,*,#2677,.F.);
#2677 = EDGE_CURVE('',#2638,#2670,#2678,.T.);
#2678 = LINE('',#2679,#2680);
#2679 = CARTESIAN_POINT('',(38.5,-32.389,1.51));
#2680 = VECTOR('',#2681,1.);
#2681 = DIRECTION('',(0.,-1.,0.));
#2682 = PLANE('',#2683);
#2683 = AXIS2_PLACEMENT_3D('',#2684,#2685,#2686);
#2684 = CARTESIAN_POINT('',(38.5,-32.389,1.51));
#2685 = DIRECTION('',(1.,0.,-0.));
#2686 = DIRECTION('',(0.,-1.,0.));
#2687 = ADVANCED_FACE('',(#2688),#2713,.T.);
#2688 = FACE_BOUND('',#2689,.T.);
#2689 = EDGE_LOOP('',(#2690,#2691,#2699,#2707));
#2690 = ORIENTED_EDGE('',*,*,#2669,.T.);
#2691 = ORIENTED_EDGE('',*,*,#2692,.T.);
#2692 = EDGE_CURVE('',#2662,#2693,#2695,.T.);
#2693 = VERTEX_POINT('',#2694);
#2694 = CARTESIAN_POINT('',(40.977098,-40.269991,1.545));
#2695 = LINE('',#2696,#2697);
#2696 = CARTESIAN_POINT('',(38.5,-37.792893,1.545));
#2697 = VECTOR('',#2698,1.);
#2698 = DIRECTION('',(0.707106781187,-0.707106781187,0.));
#2699 = ORIENTED_EDGE('',*,*,#2700,.F.);
#2700 = EDGE_CURVE('',#2701,#2693,#2703,.T.);
#2701 = VERTEX_POINT('',#2702);
#2702 = CARTESIAN_POINT('',(40.977098,-40.269991,1.51));
#2703 = LINE('',#2704,#2705);
#2704 = CARTESIAN_POINT('',(40.977098,-40.269991,1.51));
#2705 = VECTOR('',#2706,1.);
#2706 = DIRECTION('',(0.,0.,1.));
#2707 = ORIENTED_EDGE('',*,*,#2708,.F.);
#2708 = EDGE_CURVE('',#2670,#2701,#2709,.T.);
#2709 = LINE('',#2710,#2711);
#2710 = CARTESIAN_POINT('',(38.5,-37.792893,1.51));
#2711 = VECTOR('',#2712,1.);
#2712 = DIRECTION('',(0.707106781187,-0.707106781187,0.));
#2713 = PLANE('',#2714);
#2714 = AXIS2_PLACEMENT_3D('',#2715,#2716,#2717);
#2715 = CARTESIAN_POINT('',(38.5,-37.792893,1.51));
#2716 = DIRECTION('',(0.707106781187,0.707106781187,-0.));
#2717 = DIRECTION('',(0.707106781187,-0.707106781187,0.));
#2718 = ADVANCED_FACE('',(#2719),#2744,.T.);
#2719 = FACE_BOUND('',#2720,.T.);
#2720 = EDGE_LOOP('',(#2721,#2722,#2730,#2738));
#2721 = ORIENTED_EDGE('',*,*,#2700,.T.);
#2722 = ORIENTED_EDGE('',*,*,#2723,.T.);
#2723 = EDGE_CURVE('',#2693,#2724,#2726,.T.);
#2724 = VERTEX_POINT('',#2725);
#2725 = CARTESIAN_POINT('',(40.801176,-40.359628,1.545));
#2726 = LINE('',#2727,#2728);
#2727 = CARTESIAN_POINT('',(40.977098,-40.269991,1.545));
#2728 = VECTOR('',#2729,1.);
#2729 = DIRECTION('',(-0.891005983577,-0.453991560748,0.));
#2730 = ORIENTED_EDGE('',*,*,#2731,.F.);
#2731 = EDGE_CURVE('',#2732,#2724,#2734,.T.);
#2732 = VERTEX_POINT('',#2733);
#2733 = CARTESIAN_POINT('',(40.801176,-40.359628,1.51));
#2734 = LINE('',#2735,#2736);
#2735 = CARTESIAN_POINT('',(40.801176,-40.359628,1.51));
#2736 = VECTOR('',#2737,1.);
#2737 = DIRECTION('',(0.,0.,1.));
#2738 = ORIENTED_EDGE('',*,*,#2739,.F.);
#2739 = EDGE_CURVE('',#2701,#2732,#2740,.T.);
#2740 = LINE('',#2741,#2742);
#2741 = CARTESIAN_POINT('',(40.977098,-40.269991,1.51));
#2742 = VECTOR('',#2743,1.);
#2743 = DIRECTION('',(-0.891005983577,-0.453991560748,0.));
#2744 = PLANE('',#2745);
#2745 = AXIS2_PLACEMENT_3D('',#2746,#2747,#2748);
#2746 = CARTESIAN_POINT('',(40.977098,-40.269991,1.51));
#2747 = DIRECTION('',(0.453991560748,-0.891005983577,0.));
#2748 = DIRECTION('',(-0.891005983577,-0.453991560748,0.));
#2749 = ADVANCED_FACE('',(#2750),#2777,.F.);
#2750 = FACE_BOUND('',#2751,.T.);
#2751 = EDGE_LOOP('',(#2752,#2753,#2762,#2770));
#2752 = ORIENTED_EDGE('',*,*,#2731,.T.);
#2753 = ORIENTED_EDGE('',*,*,#2754,.T.);
#2754 = EDGE_CURVE('',#2724,#2755,#2757,.T.);
#2755 = VERTEX_POINT('',#2756);
#2756 = CARTESIAN_POINT('',(40.269991,-40.977098,1.545));
#2757 = CIRCLE('',#2758,1.327720068958);
#2758 = AXIS2_PLACEMENT_3D('',#2759,#2760,#2761);
#2759 = CARTESIAN_POINT('',(41.493592649954,-41.49250035131,1.545));
#2760 = DIRECTION('',(0.,0.,1.));
#2761 = DIRECTION('',(-0.521508009213,0.853246386648,0.));
#2762 = ORIENTED_EDGE('',*,*,#2763,.F.);
#2763 = EDGE_CURVE('',#2764,#2755,#2766,.T.);
#2764 = VERTEX_POINT('',#2765);
#2765 = CARTESIAN_POINT('',(40.269991,-40.977098,1.51));
#2766 = LINE('',#2767,#2768);
#2767 = CARTESIAN_POINT('',(40.269991,-40.977098,1.51));
#2768 = VECTOR('',#2769,1.);
#2769 = DIRECTION('',(0.,0.,1.));
#2770 = ORIENTED_EDGE('',*,*,#2771,.F.);
#2771 = EDGE_CURVE('',#2732,#2764,#2772,.T.);
#2772 = CIRCLE('',#2773,1.327720068958);
#2773 = AXIS2_PLACEMENT_3D('',#2774,#2775,#2776);
#2774 = CARTESIAN_POINT('',(41.493592649954,-41.49250035131,1.51));
#2775 = DIRECTION('',(0.,0.,1.));
#2776 = DIRECTION('',(-0.521508009213,0.853246386648,0.));
#2777 = CYLINDRICAL_SURFACE('',#2778,1.327720068958);
#2778 = AXIS2_PLACEMENT_3D('',#2779,#2780,#2781);
#2779 = CARTESIAN_POINT('',(41.493592649954,-41.49250035131,1.51));
#2780 = DIRECTION('',(-0.,-0.,-1.));
#2781 = DIRECTION('',(-0.521508009213,0.853246386648,0.));
#2782 = ADVANCED_FACE('',(#2783),#2808,.T.);
#2783 = FACE_BOUND('',#2784,.T.);
#2784 = EDGE_LOOP('',(#2785,#2786,#2794,#2802));
#2785 = ORIENTED_EDGE('',*,*,#2763,.T.);
#2786 = ORIENTED_EDGE('',*,*,#2787,.T.);
#2787 = EDGE_CURVE('',#2755,#2788,#2790,.T.);
#2788 = VERTEX_POINT('',#2789);
#2789 = CARTESIAN_POINT('',(37.646447,-38.353553,1.545));
#2790 = LINE('',#2791,#2792);
#2791 = CARTESIAN_POINT('',(40.269991,-40.977098,1.545));
#2792 = VECTOR('',#2793,1.);
#2793 = DIRECTION('',(-0.707106646425,0.707106915948,0.));
#2794 = ORIENTED_EDGE('',*,*,#2795,.F.);
#2795 = EDGE_CURVE('',#2796,#2788,#2798,.T.);
#2796 = VERTEX_POINT('',#2797);
#2797 = CARTESIAN_POINT('',(37.646447,-38.353553,1.51));
#2798 = LINE('',#2799,#2800);
#2799 = CARTESIAN_POINT('',(37.646447,-38.353553,1.51));
#2800 = VECTOR('',#2801,1.);
#2801 = DIRECTION('',(0.,0.,1.));
#2802 = ORIENTED_EDGE('',*,*,#2803,.F.);
#2803 = EDGE_CURVE('',#2764,#2796,#2804,.T.);
#2804 = LINE('',#2805,#2806);
#2805 = CARTESIAN_POINT('',(40.269991,-40.977098,1.51));
#2806 = VECTOR('',#2807,1.);
#2807 = DIRECTION('',(-0.707106646425,0.707106915948,0.));
#2808 = PLANE('',#2809);
#2809 = AXIS2_PLACEMENT_3D('',#2810,#2811,#2812);
#2810 = CARTESIAN_POINT('',(40.269991,-40.977098,1.51));
#2811 = DIRECTION('',(-0.707106915948,-0.707106646425,0.));
#2812 = DIRECTION('',(-0.707106646425,0.707106915948,0.));
#2813 = ADVANCED_FACE('',(#2814),#2841,.T.);
#2814 = FACE_BOUND('',#2815,.T.);
#2815 = EDGE_LOOP('',(#2816,#2817,#2826,#2834));
#2816 = ORIENTED_EDGE('',*,*,#2795,.T.);
#2817 = ORIENTED_EDGE('',*,*,#2818,.T.);
#2818 = EDGE_CURVE('',#2788,#2819,#2821,.T.);
#2819 = VERTEX_POINT('',#2820);
#2820 = CARTESIAN_POINT('',(37.5,-38.,1.545));
#2821 = CIRCLE('',#2822,0.499992432518);
#2822 = AXIS2_PLACEMENT_3D('',#2823,#2824,#2825);
#2823 = CARTESIAN_POINT('',(37.999992432513,-38.00000235338,1.545));
#2824 = DIRECTION('',(0.,0.,-1.));
#2825 = DIRECTION('',(-0.707101566982,-0.707111995353,-0.));
#2826 = ORIENTED_EDGE('',*,*,#2827,.F.);
#2827 = EDGE_CURVE('',#2828,#2819,#2830,.T.);
#2828 = VERTEX_POINT('',#2829);
#2829 = CARTESIAN_POINT('',(37.5,-38.,1.51));
#2830 = LINE('',#2831,#2832);
#2831 = CARTESIAN_POINT('',(37.5,-38.,1.51));
#2832 = VECTOR('',#2833,1.);
#2833 = DIRECTION('',(0.,0.,1.));
#2834 = ORIENTED_EDGE('',*,*,#2835,.F.);
#2835 = EDGE_CURVE('',#2796,#2828,#2836,.T.);
#2836 = CIRCLE('',#2837,0.499992432518);
#2837 = AXIS2_PLACEMENT_3D('',#2838,#2839,#2840);
#2838 = CARTESIAN_POINT('',(37.999992432513,-38.00000235338,1.51));
#2839 = DIRECTION('',(0.,0.,-1.));
#2840 = DIRECTION('',(-0.707101566982,-0.707111995353,-0.));
#2841 = CYLINDRICAL_SURFACE('',#2842,0.499992432518);
#2842 = AXIS2_PLACEMENT_3D('',#2843,#2844,#2845);
#2843 = CARTESIAN_POINT('',(37.999992432513,-38.00000235338,1.51));
#2844 = DIRECTION('',(0.,0.,-1.));
#2845 = DIRECTION('',(-0.707101566982,-0.707111995353,-0.));
#2846 = ADVANCED_FACE('',(#2847),#2872,.T.);
#2847 = FACE_BOUND('',#2848,.T.);
#2848 = EDGE_LOOP('',(#2849,#2850,#2858,#2866));
#2849 = ORIENTED_EDGE('',*,*,#2827,.T.);
#2850 = ORIENTED_EDGE('',*,*,#2851,.T.);
#2851 = EDGE_CURVE('',#2819,#2852,#2854,.T.);
#2852 = VERTEX_POINT('',#2853);
#2853 = CARTESIAN_POINT('',(37.5,-32.596106,1.545));
#2854 = LINE('',#2855,#2856);
#2855 = CARTESIAN_POINT('',(37.5,-38.,1.545));
#2856 = VECTOR('',#2857,1.);
#2857 = DIRECTION('',(0.,1.,0.));
#2858 = ORIENTED_EDGE('',*,*,#2859,.F.);
#2859 = EDGE_CURVE('',#2860,#2852,#2862,.T.);
#2860 = VERTEX_POINT('',#2861);
#2861 = CARTESIAN_POINT('',(37.5,-32.596106,1.51));
#2862 = LINE('',#2863,#2864);
#2863 = CARTESIAN_POINT('',(37.5,-32.596106,1.51));
#2864 = VECTOR('',#2865,1.);
#2865 = DIRECTION('',(0.,0.,1.));
#2866 = ORIENTED_EDGE('',*,*,#2867,.F.);
#2867 = EDGE_CURVE('',#2828,#2860,#2868,.T.);
#2868 = LINE('',#2869,#2870);
#2869 = CARTESIAN_POINT('',(37.5,-38.,1.51));
#2870 = VECTOR('',#2871,1.);
#2871 = DIRECTION('',(0.,1.,0.));
#2872 = PLANE('',#2873);
#2873 = AXIS2_PLACEMENT_3D('',#2874,#2875,#2876);
#2874 = CARTESIAN_POINT('',(37.5,-38.,1.51));
#2875 = DIRECTION('',(-1.,0.,0.));
#2876 = DIRECTION('',(0.,1.,0.));
#2877 = ADVANCED_FACE('',(#2878),#2903,.T.);
#2878 = FACE_BOUND('',#2879,.T.);
#2879 = EDGE_LOOP('',(#2880,#2881,#2889,#2897));
#2880 = ORIENTED_EDGE('',*,*,#2859,.T.);
#2881 = ORIENTED_EDGE('',*,*,#2882,.T.);
#2882 = EDGE_CURVE('',#2852,#2883,#2885,.T.);
#2883 = VERTEX_POINT('',#2884);
#2884 = CARTESIAN_POINT('',(29.257447,-24.353553,1.545));
#2885 = LINE('',#2886,#2887);
#2886 = CARTESIAN_POINT('',(37.5,-32.596106,1.545));
#2887 = VECTOR('',#2888,1.);
#2888 = DIRECTION('',(-0.707106781187,0.707106781187,0.));
#2889 = ORIENTED_EDGE('',*,*,#2890,.F.);
#2890 = EDGE_CURVE('',#2891,#2883,#2893,.T.);
#2891 = VERTEX_POINT('',#2892);
#2892 = CARTESIAN_POINT('',(29.257447,-24.353553,1.51));
#2893 = LINE('',#2894,#2895);
#2894 = CARTESIAN_POINT('',(29.257447,-24.353553,1.51));
#2895 = VECTOR('',#2896,1.);
#2896 = DIRECTION('',(0.,0.,1.));
#2897 = ORIENTED_EDGE('',*,*,#2898,.F.);
#2898 = EDGE_CURVE('',#2860,#2891,#2899,.T.);
#2899 = LINE('',#2900,#2901);
#2900 = CARTESIAN_POINT('',(37.5,-32.596106,1.51));
#2901 = VECTOR('',#2902,1.);
#2902 = DIRECTION('',(-0.707106781187,0.707106781187,0.));
#2903 = PLANE('',#2904);
#2904 = AXIS2_PLACEMENT_3D('',#2905,#2906,#2907);
#2905 = CARTESIAN_POINT('',(37.5,-32.596106,1.51));
#2906 = DIRECTION('',(-0.707106781187,-0.707106781187,0.));
#2907 = DIRECTION('',(-0.707106781187,0.707106781187,0.));
#2908 = ADVANCED_FACE('',(#2909),#2936,.T.);
#2909 = FACE_BOUND('',#2910,.T.);
#2910 = EDGE_LOOP('',(#2911,#2912,#2921,#2929));
#2911 = ORIENTED_EDGE('',*,*,#2890,.T.);
#2912 = ORIENTED_EDGE('',*,*,#2913,.T.);
#2913 = EDGE_CURVE('',#2883,#2914,#2916,.T.);
#2914 = VERTEX_POINT('',#2915);
#2915 = CARTESIAN_POINT('',(29.257447,-23.646447,1.545));
#2916 = CIRCLE('',#2917,0.499996701463);
#2917 = AXIS2_PLACEMENT_3D('',#2918,#2919,#2920);
#2918 = CARTESIAN_POINT('',(29.61099611634,-24.,1.545));
#2919 = DIRECTION('',(0.,0.,-1.));
#2920 = DIRECTION('',(-0.70710289749,-0.707110664862,-0.));
#2921 = ORIENTED_EDGE('',*,*,#2922,.F.);
#2922 = EDGE_CURVE('',#2923,#2914,#2925,.T.);
#2923 = VERTEX_POINT('',#2924);
#2924 = CARTESIAN_POINT('',(29.257447,-23.646447,1.51));
#2925 = LINE('',#2926,#2927);
#2926 = CARTESIAN_POINT('',(29.257447,-23.646447,1.51));
#2927 = VECTOR('',#2928,1.);
#2928 = DIRECTION('',(0.,0.,1.));
#2929 = ORIENTED_EDGE('',*,*,#2930,.F.);
#2930 = EDGE_CURVE('',#2891,#2923,#2931,.T.);
#2931 = CIRCLE('',#2932,0.499996701463);
#2932 = AXIS2_PLACEMENT_3D('',#2933,#2934,#2935);
#2933 = CARTESIAN_POINT('',(29.61099611634,-24.,1.51));
#2934 = DIRECTION('',(0.,0.,-1.));
#2935 = DIRECTION('',(-0.70710289749,-0.707110664862,-0.));
#2936 = CYLINDRICAL_SURFACE('',#2937,0.499996701463);
#2937 = AXIS2_PLACEMENT_3D('',#2938,#2939,#2940);
#2938 = CARTESIAN_POINT('',(29.61099611634,-24.,1.51));
#2939 = DIRECTION('',(0.,0.,-1.));
#2940 = DIRECTION('',(-0.70710289749,-0.707110664862,-0.));
#2941 = ADVANCED_FACE('',(#2942),#2967,.T.);
#2942 = FACE_BOUND('',#2943,.T.);
#2943 = EDGE_LOOP('',(#2944,#2945,#2953,#2961));
#2944 = ORIENTED_EDGE('',*,*,#2922,.T.);
#2945 = ORIENTED_EDGE('',*,*,#2946,.T.);
#2946 = EDGE_CURVE('',#2914,#2947,#2949,.T.);
#2947 = VERTEX_POINT('',#2948);
#2948 = CARTESIAN_POINT('',(41.,-11.903894,1.545));
#2949 = LINE('',#2950,#2951);
#2950 = CARTESIAN_POINT('',(29.257447,-23.646447,1.545));
#2951 = VECTOR('',#2952,1.);
#2952 = DIRECTION('',(0.707106781187,0.707106781187,0.));
#2953 = ORIENTED_EDGE('',*,*,#2954,.F.);
#2954 = EDGE_CURVE('',#2955,#2947,#2957,.T.);
#2955 = VERTEX_POINT('',#2956);
#2956 = CARTESIAN_POINT('',(41.,-11.903894,1.51));
#2957 = LINE('',#2958,#2959);
#2958 = CARTESIAN_POINT('',(41.,-11.903894,1.51));
#2959 = VECTOR('',#2960,1.);
#2960 = DIRECTION('',(0.,0.,1.));
#2961 = ORIENTED_EDGE('',*,*,#2962,.F.);
#2962 = EDGE_CURVE('',#2923,#2955,#2963,.T.);
#2963 = LINE('',#2964,#2965);
#2964 = CARTESIAN_POINT('',(29.257447,-23.646447,1.51));
#2965 = VECTOR('',#2966,1.);
#2966 = DIRECTION('',(0.707106781187,0.707106781187,0.));
#2967 = PLANE('',#2968);
#2968 = AXIS2_PLACEMENT_3D('',#2969,#2970,#2971);
#2969 = CARTESIAN_POINT('',(29.257447,-23.646447,1.51));
#2970 = DIRECTION('',(-0.707106781187,0.707106781187,0.));
#2971 = DIRECTION('',(0.707106781187,0.707106781187,0.));
#2972 = ADVANCED_FACE('',(#2973),#2989,.T.);
#2973 = FACE_BOUND('',#2974,.T.);
#2974 = EDGE_LOOP('',(#2975,#2976,#2982,#2983));
#2975 = ORIENTED_EDGE('',*,*,#2954,.T.);
#2976 = ORIENTED_EDGE('',*,*,#2977,.T.);
#2977 = EDGE_CURVE('',#2947,#2307,#2978,.T.);
#2978 = LINE('',#2979,#2980);
#2979 = CARTESIAN_POINT('',(41.,-11.903894,1.545));
#2980 = VECTOR('',#2981,1.);
#2981 = DIRECTION('',(0.,1.,0.));
#2982 = ORIENTED_EDGE('',*,*,#2304,.F.);
#2983 = ORIENTED_EDGE('',*,*,#2984,.F.);
#2984 = EDGE_CURVE('',#2955,#2305,#2985,.T.);
#2985 = LINE('',#2986,#2987);
#2986 = CARTESIAN_POINT('',(41.,-11.903894,1.51));
#2987 = VECTOR('',#2988,1.);
#2988 = DIRECTION('',(0.,1.,0.));
#2989 = PLANE('',#2990);
#2990 = AXIS2_PLACEMENT_3D('',#2991,#2992,#2993);
#2991 = CARTESIAN_POINT('',(41.,-11.903894,1.51));
#2992 = DIRECTION('',(-1.,0.,0.));
#2993 = DIRECTION('',(0.,1.,0.));
#2994 = ADVANCED_FACE('',(#2995),#3019,.F.);
#2995 = FACE_BOUND('',#2996,.T.);
#2996 = EDGE_LOOP('',(#2997,#2998,#2999,#3000,#3001,#3002,#3003,#3004,
    #3005,#3006,#3007,#3008,#3009,#3010,#3011,#3012,#3013,#3014,#3015,
    #3016,#3017,#3018));
#2997 = ORIENTED_EDGE('',*,*,#2331,.T.);
#2998 = ORIENTED_EDGE('',*,*,#2363,.T.);
#2999 = ORIENTED_EDGE('',*,*,#2394,.T.);
#3000 = ORIENTED_EDGE('',*,*,#2425,.T.);
#3001 = ORIENTED_EDGE('',*,*,#2457,.T.);
#3002 = ORIENTED_EDGE('',*,*,#2489,.T.);
#3003 = ORIENTED_EDGE('',*,*,#2520,.T.);
#3004 = ORIENTED_EDGE('',*,*,#2551,.T.);
#3005 = ORIENTED_EDGE('',*,*,#2582,.T.);
#3006 = ORIENTED_EDGE('',*,*,#2613,.T.);
#3007 = ORIENTED_EDGE('',*,*,#2645,.T.);
#3008 = ORIENTED_EDGE('',*,*,#2677,.T.);
#3009 = ORIENTED_EDGE('',*,*,#2708,.T.);
#3010 = ORIENTED_EDGE('',*,*,#2739,.T.);
#3011 = ORIENTED_EDGE('',*,*,#2771,.T.);
#3012 = ORIENTED_EDGE('',*,*,#2803,.T.);
#3013 = ORIENTED_EDGE('',*,*,#2835,.T.);
#3014 = ORIENTED_EDGE('',*,*,#2867,.T.);
#3015 = ORIENTED_EDGE('',*,*,#2898,.T.);
#3016 = ORIENTED_EDGE('',*,*,#2930,.T.);
#3017 = ORIENTED_EDGE('',*,*,#2962,.T.);
#3018 = ORIENTED_EDGE('',*,*,#2984,.T.);
#3019 = PLANE('',#3020);
#3020 = AXIS2_PLACEMENT_3D('',#3021,#3022,#3023);
#3021 = CARTESIAN_POINT('',(0.,0.,1.51));
#3022 = DIRECTION('',(0.,0.,1.));
#3023 = DIRECTION('',(1.,0.,-0.));
#3024 = ADVANCED_FACE('',(#3025),#3049,.T.);
#3025 = FACE_BOUND('',#3026,.F.);
#3026 = EDGE_LOOP('',(#3027,#3028,#3029,#3030,#3031,#3032,#3033,#3034,
    #3035,#3036,#3037,#3038,#3039,#3040,#3041,#3042,#3043,#3044,#3045,
    #3046,#3047,#3048));
#3027 = ORIENTED_EDGE('',*,*,#2314,.T.);
#3028 = ORIENTED_EDGE('',*,*,#2347,.T.);
#3029 = ORIENTED_EDGE('',*,*,#2378,.T.);
#3030 = ORIENTED_EDGE('',*,*,#2409,.T.);
#3031 = ORIENTED_EDGE('',*,*,#2440,.T.);
#3032 = ORIENTED_EDGE('',*,*,#2473,.T.);
#3033 = ORIENTED_EDGE('',*,*,#2504,.T.);
#3034 = ORIENTED_EDGE('',*,*,#2535,.T.);
#3035 = ORIENTED_EDGE('',*,*,#2566,.T.);
#3036 = ORIENTED_EDGE('',*,*,#2597,.T.);
#3037 = ORIENTED_EDGE('',*,*,#2628,.T.);
#3038 = ORIENTED_EDGE('',*,*,#2661,.T.);
#3039 = ORIENTED_EDGE('',*,*,#2692,.T.);
#3040 = ORIENTED_EDGE('',*,*,#2723,.T.);
#3041 = ORIENTED_EDGE('',*,*,#2754,.T.);
#3042 = ORIENTED_EDGE('',*,*,#2787,.T.);
#3043 = ORIENTED_EDGE('',*,*,#2818,.T.);
#3044 = ORIENTED_EDGE('',*,*,#2851,.T.);
#3045 = ORIENTED_EDGE('',*,*,#2882,.T.);
#3046 = ORIENTED_EDGE('',*,*,#2913,.T.);
#3047 = ORIENTED_EDGE('',*,*,#2946,.T.);
#3048 = ORIENTED_EDGE('',*,*,#2977,.T.);
#3049 = PLANE('',#3050);
#3050 = AXIS2_PLACEMENT_3D('',#3051,#3052,#3053);
#3051 = CARTESIAN_POINT('',(0.,0.,1.545));
#3052 = DIRECTION('',(0.,0.,1.));
#3053 = DIRECTION('',(1.,0.,-0.));
#3054 = MANIFOLD_SOLID_BREP('',#3055);
#3055 = CLOSED_SHELL('',(#3056,#3096,#3129,#3160,#3191,#3224,#3255,#3286
    ,#3319,#3350,#3381,#3412,#3445,#3476,#3507,#3538,#3571,#3602,#3635,
    #3657,#3684));
#3056 = ADVANCED_FACE('',(#3057),#3091,.T.);
#3057 = FACE_BOUND('',#3058,.T.);
#3058 = EDGE_LOOP('',(#3059,#3069,#3077,#3085));
#3059 = ORIENTED_EDGE('',*,*,#3060,.T.);
#3060 = EDGE_CURVE('',#3061,#3063,#3065,.T.);
#3061 = VERTEX_POINT('',#3062);
#3062 = CARTESIAN_POINT('',(10.611,-32.532893,1.51));
#3063 = VERTEX_POINT('',#3064);
#3064 = CARTESIAN_POINT('',(10.611,-32.532893,1.545));
#3065 = LINE('',#3066,#3067);
#3066 = CARTESIAN_POINT('',(10.611,-32.532893,1.51));
#3067 = VECTOR('',#3068,1.);
#3068 = DIRECTION('',(0.,0.,1.));
#3069 = ORIENTED_EDGE('',*,*,#3070,.T.);
#3070 = EDGE_CURVE('',#3063,#3071,#3073,.T.);
#3071 = VERTEX_POINT('',#3072);
#3072 = CARTESIAN_POINT('',(13.964553,-35.886446,1.545));
#3073 = LINE('',#3074,#3075);
#3074 = CARTESIAN_POINT('',(10.611,-32.532893,1.545));
#3075 = VECTOR('',#3076,1.);
#3076 = DIRECTION('',(0.707106781187,-0.707106781187,0.));
#3077 = ORIENTED_EDGE('',*,*,#3078,.F.);
#3078 = EDGE_CURVE('',#3079,#3071,#3081,.T.);
#3079 = VERTEX_POINT('',#3080);
#3080 = CARTESIAN_POINT('',(13.964553,-35.886446,1.51));
#3081 = LINE('',#3082,#3083);
#3082 = CARTESIAN_POINT('',(13.964553,-35.886446,1.51));
#3083 = VECTOR('',#3084,1.);
#3084 = DIRECTION('',(0.,0.,1.));
#3085 = ORIENTED_EDGE('',*,*,#3086,.F.);
#3086 = EDGE_CURVE('',#3061,#3079,#3087,.T.);
#3087 = LINE('',#3088,#3089);
#3088 = CARTESIAN_POINT('',(10.611,-32.532893,1.51));
#3089 = VECTOR('',#3090,1.);
#3090 = DIRECTION('',(0.707106781187,-0.707106781187,0.));
#3091 = PLANE('',#3092);
#3092 = AXIS2_PLACEMENT_3D('',#3093,#3094,#3095);
#3093 = CARTESIAN_POINT('',(10.611,-32.532893,1.51));
#3094 = DIRECTION('',(0.707106781187,0.707106781187,-0.));
#3095 = DIRECTION('',(0.707106781187,-0.707106781187,0.));
#3096 = ADVANCED_FACE('',(#3097),#3124,.T.);
#3097 = FACE_BOUND('',#3098,.T.);
#3098 = EDGE_LOOP('',(#3099,#3100,#3109,#3117));
#3099 = ORIENTED_EDGE('',*,*,#3078,.T.);
#3100 = ORIENTED_EDGE('',*,*,#3101,.T.);
#3101 = EDGE_CURVE('',#3071,#3102,#3104,.T.);
#3102 = VERTEX_POINT('',#3103);
#3103 = CARTESIAN_POINT('',(13.611,-36.74,1.545));
#3104 = CIRCLE('',#3105,0.499999924119);
#3105 = AXIS2_PLACEMENT_3D('',#3106,#3107,#3108);
#3106 = CARTESIAN_POINT('',(13.611000402007,-36.24000007588,1.545));
#3107 = DIRECTION('',(0.,0.,-1.));
#3108 = DIRECTION('',(0.707105303297,0.707108259073,0.));
#3109 = ORIENTED_EDGE('',*,*,#3110,.F.);
#3110 = EDGE_CURVE('',#3111,#3102,#3113,.T.);
#3111 = VERTEX_POINT('',#3112);
#3112 = CARTESIAN_POINT('',(13.611,-36.74,1.51));
#3113 = LINE('',#3114,#3115);
#3114 = CARTESIAN_POINT('',(13.611,-36.74,1.51));
#3115 = VECTOR('',#3116,1.);
#3116 = DIRECTION('',(0.,0.,1.));
#3117 = ORIENTED_EDGE('',*,*,#3118,.F.);
#3118 = EDGE_CURVE('',#3079,#3111,#3119,.T.);
#3119 = CIRCLE('',#3120,0.499999924119);
#3120 = AXIS2_PLACEMENT_3D('',#3121,#3122,#3123);
#3121 = CARTESIAN_POINT('',(13.611000402007,-36.24000007588,1.51));
#3122 = DIRECTION('',(0.,0.,-1.));
#3123 = DIRECTION('',(0.707105303297,0.707108259073,0.));
#3124 = CYLINDRICAL_SURFACE('',#3125,0.499999924119);
#3125 = AXIS2_PLACEMENT_3D('',#3126,#3127,#3128);
#3126 = CARTESIAN_POINT('',(13.611000402007,-36.24000007588,1.51));
#3127 = DIRECTION('',(0.,0.,-1.));
#3128 = DIRECTION('',(0.707105303297,0.707108259073,0.));
#3129 = ADVANCED_FACE('',(#3130),#3155,.T.);
#3130 = FACE_BOUND('',#3131,.T.);
#3131 = EDGE_LOOP('',(#3132,#3133,#3141,#3149));
#3132 = ORIENTED_EDGE('',*,*,#3110,.T.);
#3133 = ORIENTED_EDGE('',*,*,#3134,.T.);
#3134 = EDGE_CURVE('',#3102,#3135,#3137,.T.);
#3135 = VERTEX_POINT('',#3136);
#3136 = CARTESIAN_POINT('',(7.111,-36.74,1.545));
#3137 = LINE('',#3138,#3139);
#3138 = CARTESIAN_POINT('',(13.611,-36.74,1.545));
#3139 = VECTOR('',#3140,1.);
#3140 = DIRECTION('',(-1.,0.,0.));
#3141 = ORIENTED_EDGE('',*,*,#3142,.F.);
#3142 = EDGE_CURVE('',#3143,#3135,#3145,.T.);
#3143 = VERTEX_POINT('',#3144);
#3144 = CARTESIAN_POINT('',(7.111,-36.74,1.51));
#3145 = LINE('',#3146,#3147);
#3146 = CARTESIAN_POINT('',(7.111,-36.74,1.51));
#3147 = VECTOR('',#3148,1.);
#3148 = DIRECTION('',(0.,0.,1.));
#3149 = ORIENTED_EDGE('',*,*,#3150,.F.);
#3150 = EDGE_CURVE('',#3111,#3143,#3151,.T.);
#3151 = LINE('',#3152,#3153);
#3152 = CARTESIAN_POINT('',(13.611,-36.74,1.51));
#3153 = VECTOR('',#3154,1.);
#3154 = DIRECTION('',(-1.,0.,0.));
#3155 = PLANE('',#3156);
#3156 = AXIS2_PLACEMENT_3D('',#3157,#3158,#3159);
#3157 = CARTESIAN_POINT('',(13.611,-36.74,1.51));
#3158 = DIRECTION('',(0.,-1.,0.));
#3159 = DIRECTION('',(-1.,0.,0.));
#3160 = ADVANCED_FACE('',(#3161),#3186,.T.);
#3161 = FACE_BOUND('',#3162,.T.);
#3162 = EDGE_LOOP('',(#3163,#3164,#3172,#3180));
#3163 = ORIENTED_EDGE('',*,*,#3142,.T.);
#3164 = ORIENTED_EDGE('',*,*,#3165,.T.);
#3165 = EDGE_CURVE('',#3135,#3166,#3168,.T.);
#3166 = VERTEX_POINT('',#3167);
#3167 = CARTESIAN_POINT('',(7.111,-38.389,1.545));
#3168 = LINE('',#3169,#3170);
#3169 = CARTESIAN_POINT('',(7.111,-36.74,1.545));
#3170 = VECTOR('',#3171,1.);
#3171 = DIRECTION('',(0.,-1.,0.));
#3172 = ORIENTED_EDGE('',*,*,#3173,.F.);
#3173 = EDGE_CURVE('',#3174,#3166,#3176,.T.);
#3174 = VERTEX_POINT('',#3175);
#3175 = CARTESIAN_POINT('',(7.111,-38.389,1.51));
#3176 = LINE('',#3177,#3178);
#3177 = CARTESIAN_POINT('',(7.111,-38.389,1.51));
#3178 = VECTOR('',#3179,1.);
#3179 = DIRECTION('',(0.,0.,1.));
#3180 = ORIENTED_EDGE('',*,*,#3181,.F.);
#3181 = EDGE_CURVE('',#3143,#3174,#3182,.T.);
#3182 = LINE('',#3183,#3184);
#3183 = CARTESIAN_POINT('',(7.111,-36.74,1.51));
#3184 = VECTOR('',#3185,1.);
#3185 = DIRECTION('',(0.,-1.,0.));
#3186 = PLANE('',#3187);
#3187 = AXIS2_PLACEMENT_3D('',#3188,#3189,#3190);
#3188 = CARTESIAN_POINT('',(7.111,-36.74,1.51));
#3189 = DIRECTION('',(1.,0.,-0.));
#3190 = DIRECTION('',(0.,-1.,0.));
#3191 = ADVANCED_FACE('',(#3192),#3219,.T.);
#3192 = FACE_BOUND('',#3193,.T.);
#3193 = EDGE_LOOP('',(#3194,#3195,#3204,#3212));
#3194 = ORIENTED_EDGE('',*,*,#3173,.T.);
#3195 = ORIENTED_EDGE('',*,*,#3196,.T.);
#3196 = EDGE_CURVE('',#3166,#3197,#3199,.T.);
#3197 = VERTEX_POINT('',#3198);
#3198 = CARTESIAN_POINT('',(6.964554,-38.742553,1.545));
#3199 = CIRCLE('',#3200,0.499997077073);
#3200 = AXIS2_PLACEMENT_3D('',#3201,#3202,#3203);
#3201 = CARTESIAN_POINT('',(6.611002922929,-38.38900142952,1.545));
#3202 = DIRECTION('',(0.,0.,-1.));
#3203 = DIRECTION('',(0.999999999996,2.859072141682E-06,0.));
#3204 = ORIENTED_EDGE('',*,*,#3205,.F.);
#3205 = EDGE_CURVE('',#3206,#3197,#3208,.T.);
#3206 = VERTEX_POINT('',#3207);
#3207 = CARTESIAN_POINT('',(6.964554,-38.742553,1.51));
#3208 = LINE('',#3209,#3210);
#3209 = CARTESIAN_POINT('',(6.964554,-38.742553,1.51));
#3210 = VECTOR('',#3211,1.);
#3211 = DIRECTION('',(0.,0.,1.));
#3212 = ORIENTED_EDGE('',*,*,#3213,.F.);
#3213 = EDGE_CURVE('',#3174,#3206,#3214,.T.);
#3214 = CIRCLE('',#3215,0.499997077073);
#3215 = AXIS2_PLACEMENT_3D('',#3216,#3217,#3218);
#3216 = CARTESIAN_POINT('',(6.611002922929,-38.38900142952,1.51));
#3217 = DIRECTION('',(0.,0.,-1.));
#3218 = DIRECTION('',(0.999999999996,2.859072141682E-06,0.));
#3219 = CYLINDRICAL_SURFACE('',#3220,0.499997077073);
#3220 = AXIS2_PLACEMENT_3D('',#3221,#3222,#3223);
#3221 = CARTESIAN_POINT('',(6.611002922929,-38.38900142952,1.51));
#3222 = DIRECTION('',(0.,0.,-1.));
#3223 = DIRECTION('',(0.999999999996,2.859072141682E-06,0.));
#3224 = ADVANCED_FACE('',(#3225),#3250,.T.);
#3225 = FACE_BOUND('',#3226,.T.);
#3226 = EDGE_LOOP('',(#3227,#3228,#3236,#3244));
#3227 = ORIENTED_EDGE('',*,*,#3205,.T.);
#3228 = ORIENTED_EDGE('',*,*,#3229,.T.);
#3229 = EDGE_CURVE('',#3197,#3230,#3232,.T.);
#3230 = VERTEX_POINT('',#3231);
#3231 = CARTESIAN_POINT('',(5.041716,-40.665389,1.545));
#3232 = LINE('',#3233,#3234);
#3233 = CARTESIAN_POINT('',(6.964554,-38.742553,1.545));
#3234 = VECTOR('',#3235,1.);
#3235 = DIRECTION('',(-0.707107148928,-0.707106413445,0.));
#3236 = ORIENTED_EDGE('',*,*,#3237,.F.);
#3237 = EDGE_CURVE('',#3238,#3230,#3240,.T.);
#3238 = VERTEX_POINT('',#3239);
#3239 = CARTESIAN_POINT('',(5.041716,-40.665389,1.51));
#3240 = LINE('',#3241,#3242);
#3241 = CARTESIAN_POINT('',(5.041716,-40.665389,1.51));
#3242 = VECTOR('',#3243,1.);
#3243 = DIRECTION('',(0.,0.,1.));
#3244 = ORIENTED_EDGE('',*,*,#3245,.F.);
#3245 = EDGE_CURVE('',#3206,#3238,#3246,.T.);
#3246 = LINE('',#3247,#3248);
#3247 = CARTESIAN_POINT('',(6.964554,-38.742553,1.51));
#3248 = VECTOR('',#3249,1.);
#3249 = DIRECTION('',(-0.707107148928,-0.707106413445,0.));
#3250 = PLANE('',#3251);
#3251 = AXIS2_PLACEMENT_3D('',#3252,#3253,#3254);
#3252 = CARTESIAN_POINT('',(6.964554,-38.742553,1.51));
#3253 = DIRECTION('',(0.707106413445,-0.707107148928,0.));
#3254 = DIRECTION('',(-0.707107148928,-0.707106413445,0.));
#3255 = ADVANCED_FACE('',(#3256),#3281,.T.);
#3256 = FACE_BOUND('',#3257,.T.);
#3257 = EDGE_LOOP('',(#3258,#3259,#3267,#3275));
#3258 = ORIENTED_EDGE('',*,*,#3237,.T.);
#3259 = ORIENTED_EDGE('',*,*,#3260,.T.);
#3260 = EDGE_CURVE('',#3230,#3261,#3263,.T.);
#3261 = VERTEX_POINT('',#3262);
#3262 = CARTESIAN_POINT('',(5.017014,-40.631389,1.545));
#3263 = LINE('',#3264,#3265);
#3264 = CARTESIAN_POINT('',(5.041716,-40.665389,1.545));
#3265 = VECTOR('',#3266,1.);
#3266 = DIRECTION('',(-0.587778307067,0.809022040331,0.));
#3267 = ORIENTED_EDGE('',*,*,#3268,.F.);
#3268 = EDGE_CURVE('',#3269,#3261,#3271,.T.);
#3269 = VERTEX_POINT('',#3270);
#3270 = CARTESIAN_POINT('',(5.017014,-40.631389,1.51));
#3271 = LINE('',#3272,#3273);
#3272 = CARTESIAN_POINT('',(5.017014,-40.631389,1.51));
#3273 = VECTOR('',#3274,1.);
#3274 = DIRECTION('',(0.,0.,1.));
#3275 = ORIENTED_EDGE('',*,*,#3276,.F.);
#3276 = EDGE_CURVE('',#3238,#3269,#3277,.T.);
#3277 = LINE('',#3278,#3279);
#3278 = CARTESIAN_POINT('',(5.041716,-40.665389,1.51));
#3279 = VECTOR('',#3280,1.);
#3280 = DIRECTION('',(-0.587778307067,0.809022040331,0.));
#3281 = PLANE('',#3282);
#3282 = AXIS2_PLACEMENT_3D('',#3283,#3284,#3285);
#3283 = CARTESIAN_POINT('',(5.041716,-40.665389,1.51));
#3284 = DIRECTION('',(-0.809022040331,-0.587778307067,0.));
#3285 = DIRECTION('',(-0.587778307067,0.809022040331,0.));
#3286 = ADVANCED_FACE('',(#3287),#3314,.F.);
#3287 = FACE_BOUND('',#3288,.T.);
#3288 = EDGE_LOOP('',(#3289,#3290,#3299,#3307));
#3289 = ORIENTED_EDGE('',*,*,#3268,.T.);
#3290 = ORIENTED_EDGE('',*,*,#3291,.T.);
#3291 = EDGE_CURVE('',#3261,#3292,#3294,.T.);
#3292 = VERTEX_POINT('',#3293);
#3293 = CARTESIAN_POINT('',(4.312223,-40.199492,1.545));
#3294 = CIRCLE('',#3295,1.337472586065);
#3295 = AXIS2_PLACEMENT_3D('',#3296,#3297,#3298);
#3296 = CARTESIAN_POINT('',(3.99999305379,-41.50000935058,1.545));
#3297 = DIRECTION('',(0.,0.,1.));
#3298 = DIRECTION('',(0.76040507806,0.649449087504,-0.));
#3299 = ORIENTED_EDGE('',*,*,#3300,.F.);
#3300 = EDGE_CURVE('',#3301,#3292,#3303,.T.);
#3301 = VERTEX_POINT('',#3302);
#3302 = CARTESIAN_POINT('',(4.312223,-40.199492,1.51));
#3303 = LINE('',#3304,#3305);
#3304 = CARTESIAN_POINT('',(4.312223,-40.199492,1.51));
#3305 = VECTOR('',#3306,1.);
#3306 = DIRECTION('',(0.,0.,1.));
#3307 = ORIENTED_EDGE('',*,*,#3308,.F.);
#3308 = EDGE_CURVE('',#3269,#3301,#3309,.T.);
#3309 = CIRCLE('',#3310,1.337472586065);
#3310 = AXIS2_PLACEMENT_3D('',#3311,#3312,#3313);
#3311 = CARTESIAN_POINT('',(3.99999305379,-41.50000935058,1.51));
#3312 = DIRECTION('',(0.,0.,1.));
#3313 = DIRECTION('',(0.76040507806,0.649449087504,-0.));
#3314 = CYLINDRICAL_SURFACE('',#3315,1.337472586065);
#3315 = AXIS2_PLACEMENT_3D('',#3316,#3317,#3318);
#3316 = CARTESIAN_POINT('',(3.99999305379,-41.50000935058,1.51));
#3317 = DIRECTION('',(-0.,-0.,-1.));
#3318 = DIRECTION('',(0.76040507806,0.649449087504,-0.));
#3319 = ADVANCED_FACE('',(#3320),#3345,.T.);
#3320 = FACE_BOUND('',#3321,.T.);
#3321 = EDGE_LOOP('',(#3322,#3323,#3331,#3339));
#3322 = ORIENTED_EDGE('',*,*,#3300,.T.);
#3323 = ORIENTED_EDGE('',*,*,#3324,.T.);
#3324 = EDGE_CURVE('',#3292,#3325,#3327,.T.);
#3325 = VERTEX_POINT('',#3326);
#3326 = CARTESIAN_POINT('',(4.12332,-40.169573,1.545));
#3327 = LINE('',#3328,#3329);
#3328 = CARTESIAN_POINT('',(4.312223,-40.199492,1.545));
#3329 = VECTOR('',#3330,1.);
#3330 = DIRECTION('',(-0.987688579663,0.156432955617,0.));
#3331 = ORIENTED_EDGE('',*,*,#3332,.F.);
#3332 = EDGE_CURVE('',#3333,#3325,#3335,.T.);
#3333 = VERTEX_POINT('',#3334);
#3334 = CARTESIAN_POINT('',(4.12332,-40.169573,1.51));
#3335 = LINE('',#3336,#3337);
#3336 = CARTESIAN_POINT('',(4.12332,-40.169573,1.51));
#3337 = VECTOR('',#3338,1.);
#3338 = DIRECTION('',(0.,0.,1.));
#3339 = ORIENTED_EDGE('',*,*,#3340,.F.);
#3340 = EDGE_CURVE('',#3301,#3333,#3341,.T.);
#3341 = LINE('',#3342,#3343);
#3342 = CARTESIAN_POINT('',(4.312223,-40.199492,1.51));
#3343 = VECTOR('',#3344,1.);
#3344 = DIRECTION('',(-0.987688579663,0.156432955617,0.));
#3345 = PLANE('',#3346);
#3346 = AXIS2_PLACEMENT_3D('',#3347,#3348,#3349);
#3347 = CARTESIAN_POINT('',(4.312223,-40.199492,1.51));
#3348 = DIRECTION('',(-0.156432955617,-0.987688579663,0.));
#3349 = DIRECTION('',(-0.987688579663,0.156432955617,0.));
#3350 = ADVANCED_FACE('',(#3351),#3376,.T.);
#3351 = FACE_BOUND('',#3352,.T.);
#3352 = EDGE_LOOP('',(#3353,#3354,#3362,#3370));
#3353 = ORIENTED_EDGE('',*,*,#3332,.T.);
#3354 = ORIENTED_EDGE('',*,*,#3355,.T.);
#3355 = EDGE_CURVE('',#3325,#3356,#3358,.T.);
#3356 = VERTEX_POINT('',#3357);
#3357 = CARTESIAN_POINT('',(6.111,-38.181893,1.545));
#3358 = LINE('',#3359,#3360);
#3359 = CARTESIAN_POINT('',(4.12332,-40.169573,1.545));
#3360 = VECTOR('',#3361,1.);
#3361 = DIRECTION('',(0.707106781187,0.707106781187,0.));
#3362 = ORIENTED_EDGE('',*,*,#3363,.F.);
#3363 = EDGE_CURVE('',#3364,#3356,#3366,.T.);
#3364 = VERTEX_POINT('',#3365);
#3365 = CARTESIAN_POINT('',(6.111,-38.181893,1.51));
#3366 = LINE('',#3367,#3368);
#3367 = CARTESIAN_POINT('',(6.111,-38.181893,1.51));
#3368 = VECTOR('',#3369,1.);
#3369 = DIRECTION('',(0.,0.,1.));
#3370 = ORIENTED_EDGE('',*,*,#3371,.F.);
#3371 = EDGE_CURVE('',#3333,#3364,#3372,.T.);
#3372 = LINE('',#3373,#3374);
#3373 = CARTESIAN_POINT('',(4.12332,-40.169573,1.51));
#3374 = VECTOR('',#3375,1.);
#3375 = DIRECTION('',(0.707106781187,0.707106781187,0.));
#3376 = PLANE('',#3377);
#3377 = AXIS2_PLACEMENT_3D('',#3378,#3379,#3380);
#3378 = CARTESIAN_POINT('',(4.12332,-40.169573,1.51));
#3379 = DIRECTION('',(-0.707106781187,0.707106781187,0.));
#3380 = DIRECTION('',(0.707106781187,0.707106781187,0.));
#3381 = ADVANCED_FACE('',(#3382),#3407,.T.);
#3382 = FACE_BOUND('',#3383,.T.);
#3383 = EDGE_LOOP('',(#3384,#3385,#3393,#3401));
#3384 = ORIENTED_EDGE('',*,*,#3363,.T.);
#3385 = ORIENTED_EDGE('',*,*,#3386,.T.);
#3386 = EDGE_CURVE('',#3356,#3387,#3389,.T.);
#3387 = VERTEX_POINT('',#3388);
#3388 = CARTESIAN_POINT('',(6.111,-36.12,1.545));
#3389 = LINE('',#3390,#3391);
#3390 = CARTESIAN_POINT('',(6.111,-38.181893,1.545));
#3391 = VECTOR('',#3392,1.);
#3392 = DIRECTION('',(0.,1.,0.));
#3393 = ORIENTED_EDGE('',*,*,#3394,.F.);
#3394 = EDGE_CURVE('',#3395,#3387,#3397,.T.);
#3395 = VERTEX_POINT('',#3396);
#3396 = CARTESIAN_POINT('',(6.111,-36.12,1.51));
#3397 = LINE('',#3398,#3399);
#3398 = CARTESIAN_POINT('',(6.111,-36.12,1.51));
#3399 = VECTOR('',#3400,1.);
#3400 = DIRECTION('',(0.,0.,1.));
#3401 = ORIENTED_EDGE('',*,*,#3402,.F.);
#3402 = EDGE_CURVE('',#3364,#3395,#3403,.T.);
#3403 = LINE('',#3404,#3405);
#3404 = CARTESIAN_POINT('',(6.111,-38.181893,1.51));
#3405 = VECTOR('',#3406,1.);
#3406 = DIRECTION('',(0.,1.,0.));
#3407 = PLANE('',#3408);
#3408 = AXIS2_PLACEMENT_3D('',#3409,#3410,#3411);
#3409 = CARTESIAN_POINT('',(6.111,-38.181893,1.51));
#3410 = DIRECTION('',(-1.,0.,0.));
#3411 = DIRECTION('',(0.,1.,0.));
#3412 = ADVANCED_FACE('',(#3413),#3440,.T.);
#3413 = FACE_BOUND('',#3414,.T.);
#3414 = EDGE_LOOP('',(#3415,#3416,#3425,#3433));
#3415 = ORIENTED_EDGE('',*,*,#3394,.T.);
#3416 = ORIENTED_EDGE('',*,*,#3417,.T.);
#3417 = EDGE_CURVE('',#3387,#3418,#3420,.T.);
#3418 = VERTEX_POINT('',#3419);
#3419 = CARTESIAN_POINT('',(6.934396,-35.74,1.545));
#3420 = CIRCLE('',#3421,0.499108946935);
#3421 = AXIS2_PLACEMENT_3D('',#3422,#3423,#3424);
#3422 = CARTESIAN_POINT('',(6.610108591119,-36.11940402917,1.545));
#3423 = DIRECTION('',(0.,0.,-1.));
#3424 = DIRECTION('',(-0.999999287099,-1.194069614641E-03,-0.));
#3425 = ORIENTED_EDGE('',*,*,#3426,.F.);
#3426 = EDGE_CURVE('',#3427,#3418,#3429,.T.);
#3427 = VERTEX_POINT('',#3428);
#3428 = CARTESIAN_POINT('',(6.934396,-35.74,1.51));
#3429 = LINE('',#3430,#3431);
#3430 = CARTESIAN_POINT('',(6.934396,-35.74,1.51));
#3431 = VECTOR('',#3432,1.);
#3432 = DIRECTION('',(0.,0.,1.));
#3433 = ORIENTED_EDGE('',*,*,#3434,.F.);
#3434 = EDGE_CURVE('',#3395,#3427,#3435,.T.);
#3435 = CIRCLE('',#3436,0.499108946935);
#3436 = AXIS2_PLACEMENT_3D('',#3437,#3438,#3439);
#3437 = CARTESIAN_POINT('',(6.610108591119,-36.11940402917,1.51));
#3438 = DIRECTION('',(0.,0.,-1.));
#3439 = DIRECTION('',(-0.999999287099,-1.194069614641E-03,-0.));
#3440 = CYLINDRICAL_SURFACE('',#3441,0.499108946935);
#3441 = AXIS2_PLACEMENT_3D('',#3442,#3443,#3444);
#3442 = CARTESIAN_POINT('',(6.610108591119,-36.11940402917,1.51));
#3443 = DIRECTION('',(0.,0.,-1.));
#3444 = DIRECTION('',(-0.999999287099,-1.194069614641E-03,-0.));
#3445 = ADVANCED_FACE('',(#3446),#3471,.T.);
#3446 = FACE_BOUND('',#3447,.T.);
#3447 = EDGE_LOOP('',(#3448,#3449,#3457,#3465));
#3448 = ORIENTED_EDGE('',*,*,#3426,.T.);
#3449 = ORIENTED_EDGE('',*,*,#3450,.T.);
#3450 = EDGE_CURVE('',#3418,#3451,#3453,.T.);
#3451 = VERTEX_POINT('',#3452);
#3452 = CARTESIAN_POINT('',(12.403893,-35.74,1.545));
#3453 = LINE('',#3454,#3455);
#3454 = CARTESIAN_POINT('',(6.934396,-35.74,1.545));
#3455 = VECTOR('',#3456,1.);
#3456 = DIRECTION('',(1.,0.,0.));
#3457 = ORIENTED_EDGE('',*,*,#3458,.F.);
#3458 = EDGE_CURVE('',#3459,#3451,#3461,.T.);
#3459 = VERTEX_POINT('',#3460);
#3460 = CARTESIAN_POINT('',(12.403893,-35.74,1.51));
#3461 = LINE('',#3462,#3463);
#3462 = CARTESIAN_POINT('',(12.403893,-35.74,1.51));
#3463 = VECTOR('',#3464,1.);
#3464 = DIRECTION('',(0.,0.,1.));
#3465 = ORIENTED_EDGE('',*,*,#3466,.F.);
#3466 = EDGE_CURVE('',#3427,#3459,#3467,.T.);
#3467 = LINE('',#3468,#3469);
#3468 = CARTESIAN_POINT('',(6.934396,-35.74,1.51));
#3469 = VECTOR('',#3470,1.);
#3470 = DIRECTION('',(1.,0.,0.));
#3471 = PLANE('',#3472);
#3472 = AXIS2_PLACEMENT_3D('',#3473,#3474,#3475);
#3473 = CARTESIAN_POINT('',(6.934396,-35.74,1.51));
#3474 = DIRECTION('',(0.,1.,0.));
#3475 = DIRECTION('',(1.,0.,0.));
#3476 = ADVANCED_FACE('',(#3477),#3502,.T.);
#3477 = FACE_BOUND('',#3478,.T.);
#3478 = EDGE_LOOP('',(#3479,#3480,#3488,#3496));
#3479 = ORIENTED_EDGE('',*,*,#3458,.T.);
#3480 = ORIENTED_EDGE('',*,*,#3481,.T.);
#3481 = EDGE_CURVE('',#3451,#3482,#3484,.T.);
#3482 = VERTEX_POINT('',#3483);
#3483 = CARTESIAN_POINT('',(10.139677,-33.475783,1.545));
#3484 = LINE('',#3485,#3486);
#3485 = CARTESIAN_POINT('',(12.403893,-35.74,1.545));
#3486 = VECTOR('',#3487,1.);
#3487 = DIRECTION('',(-0.707106625038,0.707106937335,0.));
#3488 = ORIENTED_EDGE('',*,*,#3489,.F.);
#3489 = EDGE_CURVE('',#3490,#3482,#3492,.T.);
#3490 = VERTEX_POINT('',#3491);
#3491 = CARTESIAN_POINT('',(10.139677,-33.475783,1.51));
#3492 = LINE('',#3493,#3494);
#3493 = CARTESIAN_POINT('',(10.139677,-33.475783,1.51));
#3494 = VECTOR('',#3495,1.);
#3495 = DIRECTION('',(0.,0.,1.));
#3496 = ORIENTED_EDGE('',*,*,#3497,.F.);
#3497 = EDGE_CURVE('',#3459,#3490,#3498,.T.);
#3498 = LINE('',#3499,#3500);
#3499 = CARTESIAN_POINT('',(12.403893,-35.74,1.51));
#3500 = VECTOR('',#3501,1.);
#3501 = DIRECTION('',(-0.707106625038,0.707106937335,0.));
#3502 = PLANE('',#3503);
#3503 = AXIS2_PLACEMENT_3D('',#3504,#3505,#3506);
#3504 = CARTESIAN_POINT('',(12.403893,-35.74,1.51));
#3505 = DIRECTION('',(-0.707106937335,-0.707106625038,0.));
#3506 = DIRECTION('',(-0.707106625038,0.707106937335,0.));
#3507 = ADVANCED_FACE('',(#3508),#3533,.T.);
#3508 = FACE_BOUND('',#3509,.T.);
#3509 = EDGE_LOOP('',(#3510,#3511,#3519,#3527));
#3510 = ORIENTED_EDGE('',*,*,#3489,.T.);
#3511 = ORIENTED_EDGE('',*,*,#3512,.T.);
#3512 = EDGE_CURVE('',#3482,#3513,#3515,.T.);
#3513 = VERTEX_POINT('',#3514);
#3514 = CARTESIAN_POINT('',(10.065263,-33.495723,1.545));
#3515 = LINE('',#3516,#3517);
#3516 = CARTESIAN_POINT('',(10.139677,-33.475783,1.545));
#3517 = VECTOR('',#3518,1.);
#3518 = DIRECTION('',(-0.965923136717,-0.258829082513,0.));
#3519 = ORIENTED_EDGE('',*,*,#3520,.F.);
#3520 = EDGE_CURVE('',#3521,#3513,#3523,.T.);
#3521 = VERTEX_POINT('',#3522);
#3522 = CARTESIAN_POINT('',(10.065263,-33.495723,1.51));
#3523 = LINE('',#3524,#3525);
#3524 = CARTESIAN_POINT('',(10.065263,-33.495723,1.51));
#3525 = VECTOR('',#3526,1.);
#3526 = DIRECTION('',(0.,0.,1.));
#3527 = ORIENTED_EDGE('',*,*,#3528,.F.);
#3528 = EDGE_CURVE('',#3490,#3521,#3529,.T.);
#3529 = LINE('',#3530,#3531);
#3530 = CARTESIAN_POINT('',(10.139677,-33.475783,1.51));
#3531 = VECTOR('',#3532,1.);
#3532 = DIRECTION('',(-0.965923136717,-0.258829082513,0.));
#3533 = PLANE('',#3534);
#3534 = AXIS2_PLACEMENT_3D('',#3535,#3536,#3537);
#3535 = CARTESIAN_POINT('',(10.139677,-33.475783,1.51));
#3536 = DIRECTION('',(0.258829082513,-0.965923136717,0.));
#3537 = DIRECTION('',(-0.965923136717,-0.258829082513,0.));
#3538 = ADVANCED_FACE('',(#3539),#3566,.T.);
#3539 = FACE_BOUND('',#3540,.T.);
#3540 = EDGE_LOOP('',(#3541,#3542,#3551,#3559));
#3541 = ORIENTED_EDGE('',*,*,#3520,.T.);
#3542 = ORIENTED_EDGE('',*,*,#3543,.T.);
#3543 = EDGE_CURVE('',#3513,#3544,#3546,.T.);
#3544 = VERTEX_POINT('',#3545);
#3545 = CARTESIAN_POINT('',(9.611,-32.686867,1.545));
#3546 = CIRCLE('',#3547,0.499527877746);
#3547 = AXIS2_PLACEMENT_3D('',#3548,#3549,#3550);
#3548 = CARTESIAN_POINT('',(9.999792836598,-33.00050410057,1.545));
#3549 = DIRECTION('',(0.,0.,-1.));
#3550 = DIRECTION('',(0.131064083346,-0.991373898212,0.));
#3551 = ORIENTED_EDGE('',*,*,#3552,.F.);
#3552 = EDGE_CURVE('',#3553,#3544,#3555,.T.);
#3553 = VERTEX_POINT('',#3554);
#3554 = CARTESIAN_POINT('',(9.611,-32.686867,1.51));
#3555 = LINE('',#3556,#3557);
#3556 = CARTESIAN_POINT('',(9.611,-32.686867,1.51));
#3557 = VECTOR('',#3558,1.);
#3558 = DIRECTION('',(0.,0.,1.));
#3559 = ORIENTED_EDGE('',*,*,#3560,.F.);
#3560 = EDGE_CURVE('',#3521,#3553,#3561,.T.);
#3561 = CIRCLE('',#3562,0.499527877746);
#3562 = AXIS2_PLACEMENT_3D('',#3563,#3564,#3565);
#3563 = CARTESIAN_POINT('',(9.999792836598,-33.00050410057,1.51));
#3564 = DIRECTION('',(0.,0.,-1.));
#3565 = DIRECTION('',(0.131064083346,-0.991373898212,0.));
#3566 = CYLINDRICAL_SURFACE('',#3567,0.499527877746);
#3567 = AXIS2_PLACEMENT_3D('',#3568,#3569,#3570);
#3568 = CARTESIAN_POINT('',(9.999792836598,-33.00050410057,1.51));
#3569 = DIRECTION('',(0.,0.,-1.));
#3570 = DIRECTION('',(0.131064083346,-0.991373898212,0.));
#3571 = ADVANCED_FACE('',(#3572),#3597,.T.);
#3572 = FACE_BOUND('',#3573,.T.);
#3573 = EDGE_LOOP('',(#3574,#3575,#3583,#3591));
#3574 = ORIENTED_EDGE('',*,*,#3552,.T.);
#3575 = ORIENTED_EDGE('',*,*,#3576,.T.);
#3576 = EDGE_CURVE('',#3544,#3577,#3579,.T.);
#3577 = VERTEX_POINT('',#3578);
#3578 = CARTESIAN_POINT('',(9.611,-25.3,1.545));
#3579 = LINE('',#3580,#3581);
#3580 = CARTESIAN_POINT('',(9.611,-32.686867,1.545));
#3581 = VECTOR('',#3582,1.);
#3582 = DIRECTION('',(0.,1.,0.));
#3583 = ORIENTED_EDGE('',*,*,#3584,.F.);
#3584 = EDGE_CURVE('',#3585,#3577,#3587,.T.);
#3585 = VERTEX_POINT('',#3586);
#3586 = CARTESIAN_POINT('',(9.611,-25.3,1.51));
#3587 = LINE('',#3588,#3589);
#3588 = CARTESIAN_POINT('',(9.611,-25.3,1.51));
#3589 = VECTOR('',#3590,1.);
#3590 = DIRECTION('',(0.,0.,1.));
#3591 = ORIENTED_EDGE('',*,*,#3592,.F.);
#3592 = EDGE_CURVE('',#3553,#3585,#3593,.T.);
#3593 = LINE('',#3594,#3595);
#3594 = CARTESIAN_POINT('',(9.611,-32.686867,1.51));
#3595 = VECTOR('',#3596,1.);
#3596 = DIRECTION('',(0.,1.,0.));
#3597 = PLANE('',#3598);
#3598 = AXIS2_PLACEMENT_3D('',#3599,#3600,#3601);
#3599 = CARTESIAN_POINT('',(9.611,-32.686867,1.51));
#3600 = DIRECTION('',(-1.,0.,0.));
#3601 = DIRECTION('',(0.,1.,0.));
#3602 = ADVANCED_FACE('',(#3603),#3630,.T.);
#3603 = FACE_BOUND('',#3604,.T.);
#3604 = EDGE_LOOP('',(#3605,#3606,#3615,#3623));
#3605 = ORIENTED_EDGE('',*,*,#3584,.T.);
#3606 = ORIENTED_EDGE('',*,*,#3607,.T.);
#3607 = EDGE_CURVE('',#3577,#3608,#3610,.T.);
#3608 = VERTEX_POINT('',#3609);
#3609 = CARTESIAN_POINT('',(10.611,-25.3,1.545));
#3610 = CIRCLE('',#3611,0.500000000001);
#3611 = AXIS2_PLACEMENT_3D('',#3612,#3613,#3614);
#3612 = CARTESIAN_POINT('',(10.111,-25.29999915187,1.545));
#3613 = DIRECTION('',(0.,0.,-1.));
#3614 = DIRECTION('',(-0.999999999999,-1.696250691905E-06,-0.));
#3615 = ORIENTED_EDGE('',*,*,#3616,.F.);
#3616 = EDGE_CURVE('',#3617,#3608,#3619,.T.);
#3617 = VERTEX_POINT('',#3618);
#3618 = CARTESIAN_POINT('',(10.611,-25.3,1.51));
#3619 = LINE('',#3620,#3621);
#3620 = CARTESIAN_POINT('',(10.611,-25.3,1.51));
#3621 = VECTOR('',#3622,1.);
#3622 = DIRECTION('',(0.,0.,1.));
#3623 = ORIENTED_EDGE('',*,*,#3624,.F.);
#3624 = EDGE_CURVE('',#3585,#3617,#3625,.T.);
#3625 = CIRCLE('',#3626,0.500000000001);
#3626 = AXIS2_PLACEMENT_3D('',#3627,#3628,#3629);
#3627 = CARTESIAN_POINT('',(10.111,-25.29999915187,1.51));
#3628 = DIRECTION('',(0.,0.,-1.));
#3629 = DIRECTION('',(-0.999999999999,-1.696250691905E-06,-0.));
#3630 = CYLINDRICAL_SURFACE('',#3631,0.500000000001);
#3631 = AXIS2_PLACEMENT_3D('',#3632,#3633,#3634);
#3632 = CARTESIAN_POINT('',(10.111,-25.29999915187,1.51));
#3633 = DIRECTION('',(0.,0.,-1.));
#3634 = DIRECTION('',(-0.999999999999,-1.696250691905E-06,-0.));
#3635 = ADVANCED_FACE('',(#3636),#3652,.T.);
#3636 = FACE_BOUND('',#3637,.T.);
#3637 = EDGE_LOOP('',(#3638,#3639,#3645,#3646));
#3638 = ORIENTED_EDGE('',*,*,#3616,.T.);
#3639 = ORIENTED_EDGE('',*,*,#3640,.T.);
#3640 = EDGE_CURVE('',#3608,#3063,#3641,.T.);
#3641 = LINE('',#3642,#3643);
#3642 = CARTESIAN_POINT('',(10.611,-25.3,1.545));
#3643 = VECTOR('',#3644,1.);
#3644 = DIRECTION('',(0.,-1.,0.));
#3645 = ORIENTED_EDGE('',*,*,#3060,.F.);
#3646 = ORIENTED_EDGE('',*,*,#3647,.F.);
#3647 = EDGE_CURVE('',#3617,#3061,#3648,.T.);
#3648 = LINE('',#3649,#3650);
#3649 = CARTESIAN_POINT('',(10.611,-25.3,1.51));
#3650 = VECTOR('',#3651,1.);
#3651 = DIRECTION('',(0.,-1.,0.));
#3652 = PLANE('',#3653);
#3653 = AXIS2_PLACEMENT_3D('',#3654,#3655,#3656);
#3654 = CARTESIAN_POINT('',(10.611,-25.3,1.51));
#3655 = DIRECTION('',(1.,0.,-0.));
#3656 = DIRECTION('',(0.,-1.,0.));
#3657 = ADVANCED_FACE('',(#3658),#3679,.F.);
#3658 = FACE_BOUND('',#3659,.T.);
#3659 = EDGE_LOOP('',(#3660,#3661,#3662,#3663,#3664,#3665,#3666,#3667,
    #3668,#3669,#3670,#3671,#3672,#3673,#3674,#3675,#3676,#3677,#3678));
#3660 = ORIENTED_EDGE('',*,*,#3086,.T.);
#3661 = ORIENTED_EDGE('',*,*,#3118,.T.);
#3662 = ORIENTED_EDGE('',*,*,#3150,.T.);
#3663 = ORIENTED_EDGE('',*,*,#3181,.T.);
#3664 = ORIENTED_EDGE('',*,*,#3213,.T.);
#3665 = ORIENTED_EDGE('',*,*,#3245,.T.);
#3666 = ORIENTED_EDGE('',*,*,#3276,.T.);
#3667 = ORIENTED_EDGE('',*,*,#3308,.T.);
#3668 = ORIENTED_EDGE('',*,*,#3340,.T.);
#3669 = ORIENTED_EDGE('',*,*,#3371,.T.);
#3670 = ORIENTED_EDGE('',*,*,#3402,.T.);
#3671 = ORIENTED_EDGE('',*,*,#3434,.T.);
#3672 = ORIENTED_EDGE('',*,*,#3466,.T.);
#3673 = ORIENTED_EDGE('',*,*,#3497,.T.);
#3674 = ORIENTED_EDGE('',*,*,#3528,.T.);
#3675 = ORIENTED_EDGE('',*,*,#3560,.T.);
#3676 = ORIENTED_EDGE('',*,*,#3592,.T.);
#3677 = ORIENTED_EDGE('',*,*,#3624,.T.);
#3678 = ORIENTED_EDGE('',*,*,#3647,.T.);
#3679 = PLANE('',#3680);
#3680 = AXIS2_PLACEMENT_3D('',#3681,#3682,#3683);
#3681 = CARTESIAN_POINT('',(0.,0.,1.51));
#3682 = DIRECTION('',(0.,0.,1.));
#3683 = DIRECTION('',(1.,0.,-0.));
#3684 = ADVANCED_FACE('',(#3685),#3706,.T.);
#3685 = FACE_BOUND('',#3686,.F.);
#3686 = EDGE_LOOP('',(#3687,#3688,#3689,#3690,#3691,#3692,#3693,#3694,
    #3695,#3696,#3697,#3698,#3699,#3700,#3701,#3702,#3703,#3704,#3705));
#3687 = ORIENTED_EDGE('',*,*,#3070,.T.);
#3688 = ORIENTED_EDGE('',*,*,#3101,.T.);
#3689 = ORIENTED_EDGE('',*,*,#3134,.T.);
#3690 = ORIENTED_EDGE('',*,*,#3165,.T.);
#3691 = ORIENTED_EDGE('',*,*,#3196,.T.);
#3692 = ORIENTED_EDGE('',*,*,#3229,.T.);
#3693 = ORIENTED_EDGE('',*,*,#3260,.T.);
#3694 = ORIENTED_EDGE('',*,*,#3291,.T.);
#3695 = ORIENTED_EDGE('',*,*,#3324,.T.);
#3696 = ORIENTED_EDGE('',*,*,#3355,.T.);
#3697 = ORIENTED_EDGE('',*,*,#3386,.T.);
#3698 = ORIENTED_EDGE('',*,*,#3417,.T.);
#3699 = ORIENTED_EDGE('',*,*,#3450,.T.);
#3700 = ORIENTED_EDGE('',*,*,#3481,.T.);
#3701 = ORIENTED_EDGE('',*,*,#3512,.T.);
#3702 = ORIENTED_EDGE('',*,*,#3543,.T.);
#3703 = ORIENTED_EDGE('',*,*,#3576,.T.);
#3704 = ORIENTED_EDGE('',*,*,#3607,.T.);
#3705 = ORIENTED_EDGE('',*,*,#3640,.T.);
#3706 = PLANE('',#3707);
#3707 = AXIS2_PLACEMENT_3D('',#3708,#3709,#3710);
#3708 = CARTESIAN_POINT('',(0.,0.,1.545));
#3709 = DIRECTION('',(0.,0.,1.));
#3710 = DIRECTION('',(1.,0.,-0.));
#3711 = MANIFOLD_SOLID_BREP('',#3712);
#3712 = CLOSED_SHELL('',(#3713,#3755,#3786,#3817,#3850,#3881,#3912,#3943
    ,#3976,#4007,#4029,#4047));
#3713 = ADVANCED_FACE('',(#3714),#3750,.T.);
#3714 = FACE_BOUND('',#3715,.T.);
#3715 = EDGE_LOOP('',(#3716,#3726,#3735,#3743));
#3716 = ORIENTED_EDGE('',*,*,#3717,.T.);
#3717 = EDGE_CURVE('',#3718,#3720,#3722,.T.);
#3718 = VERTEX_POINT('',#3719);
#3719 = CARTESIAN_POINT('',(33.40464,-4.146447,1.51));
#3720 = VERTEX_POINT('',#3721);
#3721 = CARTESIAN_POINT('',(33.40464,-4.146447,1.545));
#3722 = LINE('',#3723,#3724);
#3723 = CARTESIAN_POINT('',(33.40464,-4.146447,1.51));
#3724 = VECTOR('',#3725,1.);
#3725 = DIRECTION('',(0.,0.,1.));
#3726 = ORIENTED_EDGE('',*,*,#3727,.T.);
#3727 = EDGE_CURVE('',#3720,#3728,#3730,.T.);
#3728 = VERTEX_POINT('',#3729);
#3729 = CARTESIAN_POINT('',(33.758194,-4.,1.545));
#3730 = CIRCLE('',#3731,0.499997077092);
#3731 = AXIS2_PLACEMENT_3D('',#3732,#3733,#3734);
#3732 = CARTESIAN_POINT('',(33.758192570476,-4.49999707709,1.545));
#3733 = DIRECTION('',(0.,0.,-1.));
#3734 = DIRECTION('',(-0.707109274583,0.707104287782,0.));
#3735 = ORIENTED_EDGE('',*,*,#3736,.F.);
#3736 = EDGE_CURVE('',#3737,#3728,#3739,.T.);
#3737 = VERTEX_POINT('',#3738);
#3738 = CARTESIAN_POINT('',(33.758194,-4.,1.51));
#3739 = LINE('',#3740,#3741);
#3740 = CARTESIAN_POINT('',(33.758194,-4.,1.51));
#3741 = VECTOR('',#3742,1.);
#3742 = DIRECTION('',(0.,0.,1.));
#3743 = ORIENTED_EDGE('',*,*,#3744,.F.);
#3744 = EDGE_CURVE('',#3718,#3737,#3745,.T.);
#3745 = CIRCLE('',#3746,0.499997077092);
#3746 = AXIS2_PLACEMENT_3D('',#3747,#3748,#3749);
#3747 = CARTESIAN_POINT('',(33.758192570476,-4.49999707709,1.51));
#3748 = DIRECTION('',(0.,0.,-1.));
#3749 = DIRECTION('',(-0.707109274583,0.707104287782,0.));
#3750 = CYLINDRICAL_SURFACE('',#3751,0.499997077092);
#3751 = AXIS2_PLACEMENT_3D('',#3752,#3753,#3754);
#3752 = CARTESIAN_POINT('',(33.758192570476,-4.49999707709,1.51));
#3753 = DIRECTION('',(0.,0.,-1.));
#3754 = DIRECTION('',(-0.707109274583,0.707104287782,0.));
#3755 = ADVANCED_FACE('',(#3756),#3781,.T.);
#3756 = FACE_BOUND('',#3757,.T.);
#3757 = EDGE_LOOP('',(#3758,#3759,#3767,#3775));
#3758 = ORIENTED_EDGE('',*,*,#3736,.T.);
#3759 = ORIENTED_EDGE('',*,*,#3760,.T.);
#3760 = EDGE_CURVE('',#3728,#3761,#3763,.T.);
#3761 = VERTEX_POINT('',#3762);
#3762 = CARTESIAN_POINT('',(40.260505,-4.,1.545));
#3763 = LINE('',#3764,#3765);
#3764 = CARTESIAN_POINT('',(33.758194,-4.,1.545));
#3765 = VECTOR('',#3766,1.);
#3766 = DIRECTION('',(1.,0.,0.));
#3767 = ORIENTED_EDGE('',*,*,#3768,.F.);
#3768 = EDGE_CURVE('',#3769,#3761,#3771,.T.);
#3769 = VERTEX_POINT('',#3770);
#3770 = CARTESIAN_POINT('',(40.260505,-4.,1.51));
#3771 = LINE('',#3772,#3773);
#3772 = CARTESIAN_POINT('',(40.260505,-4.,1.51));
#3773 = VECTOR('',#3774,1.);
#3774 = DIRECTION('',(0.,0.,1.));
#3775 = ORIENTED_EDGE('',*,*,#3776,.F.);
#3776 = EDGE_CURVE('',#3737,#3769,#3777,.T.);
#3777 = LINE('',#3778,#3779);
#3778 = CARTESIAN_POINT('',(33.758194,-4.,1.51));
#3779 = VECTOR('',#3780,1.);
#3780 = DIRECTION('',(1.,0.,0.));
#3781 = PLANE('',#3782);
#3782 = AXIS2_PLACEMENT_3D('',#3783,#3784,#3785);
#3783 = CARTESIAN_POINT('',(33.758194,-4.,1.51));
#3784 = DIRECTION('',(0.,1.,0.));
#3785 = DIRECTION('',(1.,0.,0.));
#3786 = ADVANCED_FACE('',(#3787),#3812,.T.);
#3787 = FACE_BOUND('',#3788,.T.);
#3788 = EDGE_LOOP('',(#3789,#3790,#3798,#3806));
#3789 = ORIENTED_EDGE('',*,*,#3768,.T.);
#3790 = ORIENTED_EDGE('',*,*,#3791,.T.);
#3791 = EDGE_CURVE('',#3761,#3792,#3794,.T.);
#3792 = VERTEX_POINT('',#3793);
#3793 = CARTESIAN_POINT('',(40.199492,-4.187776,1.545));
#3794 = LINE('',#3795,#3796);
#3795 = CARTESIAN_POINT('',(40.260505,-4.,1.545));
#3796 = VECTOR('',#3797,1.);
#3797 = DIRECTION('',(-0.309021021789,-0.9510552077,0.));
#3798 = ORIENTED_EDGE('',*,*,#3799,.F.);
#3799 = EDGE_CURVE('',#3800,#3792,#3802,.T.);
#3800 = VERTEX_POINT('',#3801);
#3801 = CARTESIAN_POINT('',(40.199492,-4.187776,1.51));
#3802 = LINE('',#3803,#3804);
#3803 = CARTESIAN_POINT('',(40.199492,-4.187776,1.51));
#3804 = VECTOR('',#3805,1.);
#3805 = DIRECTION('',(0.,0.,1.));
#3806 = ORIENTED_EDGE('',*,*,#3807,.F.);
#3807 = EDGE_CURVE('',#3769,#3800,#3808,.T.);
#3808 = LINE('',#3809,#3810);
#3809 = CARTESIAN_POINT('',(40.260505,-4.,1.51));
#3810 = VECTOR('',#3811,1.);
#3811 = DIRECTION('',(-0.309021021789,-0.9510552077,0.));
#3812 = PLANE('',#3813);
#3813 = AXIS2_PLACEMENT_3D('',#3814,#3815,#3816);
#3814 = CARTESIAN_POINT('',(40.260505,-4.,1.51));
#3815 = DIRECTION('',(0.9510552077,-0.309021021789,0.));
#3816 = DIRECTION('',(-0.309021021789,-0.9510552077,0.));
#3817 = ADVANCED_FACE('',(#3818),#3845,.F.);
#3818 = FACE_BOUND('',#3819,.T.);
#3819 = EDGE_LOOP('',(#3820,#3821,#3830,#3838));
#3820 = ORIENTED_EDGE('',*,*,#3799,.T.);
#3821 = ORIENTED_EDGE('',*,*,#3822,.T.);
#3822 = EDGE_CURVE('',#3792,#3823,#3825,.T.);
#3823 = VERTEX_POINT('',#3824);
#3824 = CARTESIAN_POINT('',(40.260505,-5.,1.545));
#3825 = CIRCLE('',#3826,1.32774220567);
#3826 = AXIS2_PLACEMENT_3D('',#3827,#3828,#3829);
#3827 = CARTESIAN_POINT('',(41.490189188841,-4.499224441058,1.545));
#3828 = DIRECTION('',(0.,0.,1.));
#3829 = DIRECTION('',(-0.972099239844,0.234569963753,0.));
#3830 = ORIENTED_EDGE('',*,*,#3831,.F.);
#3831 = EDGE_CURVE('',#3832,#3823,#3834,.T.);
#3832 = VERTEX_POINT('',#3833);
#3833 = CARTESIAN_POINT('',(40.260505,-5.,1.51));
#3834 = LINE('',#3835,#3836);
#3835 = CARTESIAN_POINT('',(40.260505,-5.,1.51));
#3836 = VECTOR('',#3837,1.);
#3837 = DIRECTION('',(0.,0.,1.));
#3838 = ORIENTED_EDGE('',*,*,#3839,.F.);
#3839 = EDGE_CURVE('',#3800,#3832,#3840,.T.);
#3840 = CIRCLE('',#3841,1.32774220567);
#3841 = AXIS2_PLACEMENT_3D('',#3842,#3843,#3844);
#3842 = CARTESIAN_POINT('',(41.490189188841,-4.499224441058,1.51));
#3843 = DIRECTION('',(0.,0.,1.));
#3844 = DIRECTION('',(-0.972099239844,0.234569963753,0.));
#3845 = CYLINDRICAL_SURFACE('',#3846,1.32774220567);
#3846 = AXIS2_PLACEMENT_3D('',#3847,#3848,#3849);
#3847 = CARTESIAN_POINT('',(41.490189188841,-4.499224441058,1.51));
#3848 = DIRECTION('',(-0.,-0.,-1.));
#3849 = DIRECTION('',(-0.972099239844,0.234569963753,0.));
#3850 = ADVANCED_FACE('',(#3851),#3876,.T.);
#3851 = FACE_BOUND('',#3852,.T.);
#3852 = EDGE_LOOP('',(#3853,#3854,#3862,#3870));
#3853 = ORIENTED_EDGE('',*,*,#3831,.T.);
#3854 = ORIENTED_EDGE('',*,*,#3855,.T.);
#3855 = EDGE_CURVE('',#3823,#3856,#3858,.T.);
#3856 = VERTEX_POINT('',#3857);
#3857 = CARTESIAN_POINT('',(33.965301,-5.,1.545));
#3858 = LINE('',#3859,#3860);
#3859 = CARTESIAN_POINT('',(40.260505,-5.,1.545));
#3860 = VECTOR('',#3861,1.);
#3861 = DIRECTION('',(-1.,0.,0.));
#3862 = ORIENTED_EDGE('',*,*,#3863,.F.);
#3863 = EDGE_CURVE('',#3864,#3856,#3866,.T.);
#3864 = VERTEX_POINT('',#3865);
#3865 = CARTESIAN_POINT('',(33.965301,-5.,1.51));
#3866 = LINE('',#3867,#3868);
#3867 = CARTESIAN_POINT('',(33.965301,-5.,1.51));
#3868 = VECTOR('',#3869,1.);
#3869 = DIRECTION('',(0.,0.,1.));
#3870 = ORIENTED_EDGE('',*,*,#3871,.F.);
#3871 = EDGE_CURVE('',#3832,#3864,#3872,.T.);
#3872 = LINE('',#3873,#3874);
#3873 = CARTESIAN_POINT('',(40.260505,-5.,1.51));
#3874 = VECTOR('',#3875,1.);
#3875 = DIRECTION('',(-1.,0.,0.));
#3876 = PLANE('',#3877);
#3877 = AXIS2_PLACEMENT_3D('',#3878,#3879,#3880);
#3878 = CARTESIAN_POINT('',(40.260505,-5.,1.51));
#3879 = DIRECTION('',(0.,-1.,0.));
#3880 = DIRECTION('',(-1.,0.,0.));
#3881 = ADVANCED_FACE('',(#3882),#3907,.T.);
#3882 = FACE_BOUND('',#3883,.T.);
#3883 = EDGE_LOOP('',(#3884,#3885,#3893,#3901));
#3884 = ORIENTED_EDGE('',*,*,#3863,.T.);
#3885 = ORIENTED_EDGE('',*,*,#3886,.T.);
#3886 = EDGE_CURVE('',#3856,#3887,#3889,.T.);
#3887 = VERTEX_POINT('',#3888);
#3888 = CARTESIAN_POINT('',(32.783005,-6.182294,1.545));
#3889 = LINE('',#3890,#3891);
#3890 = CARTESIAN_POINT('',(33.965301,-5.,1.545));
#3891 = VECTOR('',#3892,1.);
#3892 = DIRECTION('',(-0.707107379266,-0.707106183106,0.));
#3893 = ORIENTED_EDGE('',*,*,#3894,.F.);
#3894 = EDGE_CURVE('',#3895,#3887,#3897,.T.);
#3895 = VERTEX_POINT('',#3896);
#3896 = CARTESIAN_POINT('',(32.783005,-6.182294,1.51));
#3897 = LINE('',#3898,#3899);
#3898 = CARTESIAN_POINT('',(32.783005,-6.182294,1.51));
#3899 = VECTOR('',#3900,1.);
#3900 = DIRECTION('',(0.,0.,1.));
#3901 = ORIENTED_EDGE('',*,*,#3902,.F.);
#3902 = EDGE_CURVE('',#3864,#3895,#3903,.T.);
#3903 = LINE('',#3904,#3905);
#3904 = CARTESIAN_POINT('',(33.965301,-5.,1.51));
#3905 = VECTOR('',#3906,1.);
#3906 = DIRECTION('',(-0.707107379266,-0.707106183106,0.));
#3907 = PLANE('',#3908);
#3908 = AXIS2_PLACEMENT_3D('',#3909,#3910,#3911);
#3909 = CARTESIAN_POINT('',(33.965301,-5.,1.51));
#3910 = DIRECTION('',(0.707106183106,-0.707107379266,0.));
#3911 = DIRECTION('',(-0.707107379266,-0.707106183106,0.));
#3912 = ADVANCED_FACE('',(#3913),#3938,.T.);
#3913 = FACE_BOUND('',#3914,.T.);
#3914 = EDGE_LOOP('',(#3915,#3916,#3924,#3932));
#3915 = ORIENTED_EDGE('',*,*,#3894,.T.);
#3916 = ORIENTED_EDGE('',*,*,#3917,.T.);
#3917 = EDGE_CURVE('',#3887,#3918,#3920,.T.);
#3918 = VERTEX_POINT('',#3919);
#3919 = CARTESIAN_POINT('',(32.812305,-6.07295,1.545));
#3920 = LINE('',#3921,#3922);
#3921 = CARTESIAN_POINT('',(32.783005,-6.182294,1.545));
#3922 = VECTOR('',#3923,1.);
#3923 = DIRECTION('',(0.258830283138,0.965922814997,0.));
#3924 = ORIENTED_EDGE('',*,*,#3925,.F.);
#3925 = EDGE_CURVE('',#3926,#3918,#3928,.T.);
#3926 = VERTEX_POINT('',#3927);
#3927 = CARTESIAN_POINT('',(32.812305,-6.07295,1.51));
#3928 = LINE('',#3929,#3930);
#3929 = CARTESIAN_POINT('',(32.812305,-6.07295,1.51));
#3930 = VECTOR('',#3931,1.);
#3931 = DIRECTION('',(0.,0.,1.));
#3932 = ORIENTED_EDGE('',*,*,#3933,.F.);
#3933 = EDGE_CURVE('',#3895,#3926,#3934,.T.);
#3934 = LINE('',#3935,#3936);
#3935 = CARTESIAN_POINT('',(32.783005,-6.182294,1.51));
#3936 = VECTOR('',#3937,1.);
#3937 = DIRECTION('',(0.258830283138,0.965922814997,0.));
#3938 = PLANE('',#3939);
#3939 = AXIS2_PLACEMENT_3D('',#3940,#3941,#3942);
#3940 = CARTESIAN_POINT('',(32.783005,-6.182294,1.51));
#3941 = DIRECTION('',(-0.965922814997,0.258830283138,0.));
#3942 = DIRECTION('',(0.258830283138,0.965922814997,0.));
#3943 = ADVANCED_FACE('',(#3944),#3971,.F.);
#3944 = FACE_BOUND('',#3945,.T.);
#3945 = EDGE_LOOP('',(#3946,#3947,#3956,#3964));
#3946 = ORIENTED_EDGE('',*,*,#3925,.T.);
#3947 = ORIENTED_EDGE('',*,*,#3948,.T.);
#3948 = EDGE_CURVE('',#3918,#3949,#3951,.T.);
#3949 = VERTEX_POINT('',#3950);
#3950 = CARTESIAN_POINT('',(32.185644,-5.445781,1.545));
#3951 = CIRCLE('',#3952,0.558971941083);
#3952 = AXIS2_PLACEMENT_3D('',#3953,#3954,#3955);
#3953 = CARTESIAN_POINT('',(32.258109042844,-6.000035858782,1.545));
#3954 = DIRECTION('',(0.,0.,1.));
#3955 = DIRECTION('',(0.991455771613,-0.130443293946,0.));
#3956 = ORIENTED_EDGE('',*,*,#3957,.F.);
#3957 = EDGE_CURVE('',#3958,#3949,#3960,.T.);
#3958 = VERTEX_POINT('',#3959);
#3959 = CARTESIAN_POINT('',(32.185644,-5.445781,1.51));
#3960 = LINE('',#3961,#3962);
#3961 = CARTESIAN_POINT('',(32.185644,-5.445781,1.51));
#3962 = VECTOR('',#3963,1.);
#3963 = DIRECTION('',(0.,0.,1.));
#3964 = ORIENTED_EDGE('',*,*,#3965,.F.);
#3965 = EDGE_CURVE('',#3926,#3958,#3966,.T.);
#3966 = CIRCLE('',#3967,0.558971941083);
#3967 = AXIS2_PLACEMENT_3D('',#3968,#3969,#3970);
#3968 = CARTESIAN_POINT('',(32.258109042844,-6.000035858782,1.51));
#3969 = DIRECTION('',(0.,0.,1.));
#3970 = DIRECTION('',(0.991455771613,-0.130443293946,0.));
#3971 = CYLINDRICAL_SURFACE('',#3972,0.558971941083);
#3972 = AXIS2_PLACEMENT_3D('',#3973,#3974,#3975);
#3973 = CARTESIAN_POINT('',(32.258109042844,-6.000035858782,1.51));
#3974 = DIRECTION('',(-0.,-0.,-1.));
#3975 = DIRECTION('',(0.991455771613,-0.130443293946,0.));
#3976 = ADVANCED_FACE('',(#3977),#4002,.T.);
#3977 = FACE_BOUND('',#3978,.T.);
#3978 = EDGE_LOOP('',(#3979,#3980,#3988,#3996));
#3979 = ORIENTED_EDGE('',*,*,#3957,.T.);
#3980 = ORIENTED_EDGE('',*,*,#3981,.T.);
#3981 = EDGE_CURVE('',#3949,#3982,#3984,.T.);
#3982 = VERTEX_POINT('',#3983);
#3983 = CARTESIAN_POINT('',(32.0759,-5.475187,1.545));
#3984 = LINE('',#3985,#3986);
#3985 = CARTESIAN_POINT('',(32.185644,-5.445781,1.545));
#3986 = VECTOR('',#3987,1.);
#3987 = DIRECTION('',(-0.965925421796,-0.258820554685,0.));
#3988 = ORIENTED_EDGE('',*,*,#3989,.F.);
#3989 = EDGE_CURVE('',#3990,#3982,#3992,.T.);
#3990 = VERTEX_POINT('',#3991);
#3991 = CARTESIAN_POINT('',(32.0759,-5.475187,1.51));
#3992 = LINE('',#3993,#3994);
#3993 = CARTESIAN_POINT('',(32.0759,-5.475187,1.51));
#3994 = VECTOR('',#3995,1.);
#3995 = DIRECTION('',(0.,0.,1.));
#3996 = ORIENTED_EDGE('',*,*,#3997,.F.);
#3997 = EDGE_CURVE('',#3958,#3990,#3998,.T.);
#3998 = LINE('',#3999,#4000);
#3999 = CARTESIAN_POINT('',(32.185644,-5.445781,1.51));
#4000 = VECTOR('',#4001,1.);
#4001 = DIRECTION('',(-0.965925421796,-0.258820554685,0.));
#4002 = PLANE('',#4003);
#4003 = AXIS2_PLACEMENT_3D('',#4004,#4005,#4006);
#4004 = CARTESIAN_POINT('',(32.185644,-5.445781,1.51));
#4005 = DIRECTION('',(0.258820554685,-0.965925421796,0.));
#4006 = DIRECTION('',(-0.965925421796,-0.258820554685,0.));
#4007 = ADVANCED_FACE('',(#4008),#4024,.T.);
#4008 = FACE_BOUND('',#4009,.T.);
#4009 = EDGE_LOOP('',(#4010,#4011,#4017,#4018));
#4010 = ORIENTED_EDGE('',*,*,#3989,.T.);
#4011 = ORIENTED_EDGE('',*,*,#4012,.T.);
#4012 = EDGE_CURVE('',#3982,#3720,#4013,.T.);
#4013 = LINE('',#4014,#4015);
#4014 = CARTESIAN_POINT('',(32.0759,-5.475187,1.545));
#4015 = VECTOR('',#4016,1.);
#4016 = DIRECTION('',(0.707106781187,0.707106781187,0.));
#4017 = ORIENTED_EDGE('',*,*,#3717,.F.);
#4018 = ORIENTED_EDGE('',*,*,#4019,.F.);
#4019 = EDGE_CURVE('',#3990,#3718,#4020,.T.);
#4020 = LINE('',#4021,#4022);
#4021 = CARTESIAN_POINT('',(32.0759,-5.475187,1.51));
#4022 = VECTOR('',#4023,1.);
#4023 = DIRECTION('',(0.707106781187,0.707106781187,0.));
#4024 = PLANE('',#4025);
#4025 = AXIS2_PLACEMENT_3D('',#4026,#4027,#4028);
#4026 = CARTESIAN_POINT('',(32.0759,-5.475187,1.51));
#4027 = DIRECTION('',(-0.707106781187,0.707106781187,0.));
#4028 = DIRECTION('',(0.707106781187,0.707106781187,0.));
#4029 = ADVANCED_FACE('',(#4030),#4042,.F.);
#4030 = FACE_BOUND('',#4031,.T.);
#4031 = EDGE_LOOP('',(#4032,#4033,#4034,#4035,#4036,#4037,#4038,#4039,
    #4040,#4041));
#4032 = ORIENTED_EDGE('',*,*,#3744,.T.);
#4033 = ORIENTED_EDGE('',*,*,#3776,.T.);
#4034 = ORIENTED_EDGE('',*,*,#3807,.T.);
#4035 = ORIENTED_EDGE('',*,*,#3839,.T.);
#4036 = ORIENTED_EDGE('',*,*,#3871,.T.);
#4037 = ORIENTED_EDGE('',*,*,#3902,.T.);
#4038 = ORIENTED_EDGE('',*,*,#3933,.T.);
#4039 = ORIENTED_EDGE('',*,*,#3965,.T.);
#4040 = ORIENTED_EDGE('',*,*,#3997,.T.);
#4041 = ORIENTED_EDGE('',*,*,#4019,.T.);
#4042 = PLANE('',#4043);
#4043 = AXIS2_PLACEMENT_3D('',#4044,#4045,#4046);
#4044 = CARTESIAN_POINT('',(0.,0.,1.51));
#4045 = DIRECTION('',(0.,0.,1.));
#4046 = DIRECTION('',(1.,0.,-0.));
#4047 = ADVANCED_FACE('',(#4048),#4060,.T.);
#4048 = FACE_BOUND('',#4049,.F.);
#4049 = EDGE_LOOP('',(#4050,#4051,#4052,#4053,#4054,#4055,#4056,#4057,
    #4058,#4059));
#4050 = ORIENTED_EDGE('',*,*,#3727,.T.);
#4051 = ORIENTED_EDGE('',*,*,#3760,.T.);
#4052 = ORIENTED_EDGE('',*,*,#3791,.T.);
#4053 = ORIENTED_EDGE('',*,*,#3822,.T.);
#4054 = ORIENTED_EDGE('',*,*,#3855,.T.);
#4055 = ORIENTED_EDGE('',*,*,#3886,.T.);
#4056 = ORIENTED_EDGE('',*,*,#3917,.T.);
#4057 = ORIENTED_EDGE('',*,*,#3948,.T.);
#4058 = ORIENTED_EDGE('',*,*,#3981,.T.);
#4059 = ORIENTED_EDGE('',*,*,#4012,.T.);
#4060 = PLANE('',#4061);
#4061 = AXIS2_PLACEMENT_3D('',#4062,#4063,#4064);
#4062 = CARTESIAN_POINT('',(0.,0.,1.545));
#4063 = DIRECTION('',(0.,0.,1.));
#4064 = DIRECTION('',(1.,0.,-0.));
#4065 = MANIFOLD_SOLID_BREP('',#4066);
#4066 = CLOSED_SHELL('',(#4067,#4109,#4140,#4171,#4204,#4235,#4266,#4299
    ,#4330,#4361,#4392,#4425,#4456,#4487,#4520,#4551,#4573,#4606,#4633)
  );
#4067 = ADVANCED_FACE('',(#4068),#4104,.T.);
#4068 = FACE_BOUND('',#4069,.T.);
#4069 = EDGE_LOOP('',(#4070,#4080,#4089,#4097));
#4070 = ORIENTED_EDGE('',*,*,#4071,.T.);
#4071 = EDGE_CURVE('',#4072,#4074,#4076,.T.);
#4072 = VERTEX_POINT('',#4073);
#4073 = CARTESIAN_POINT('',(7.646446,-2.646447,1.51));
#4074 = VERTEX_POINT('',#4075);
#4075 = CARTESIAN_POINT('',(7.646446,-2.646447,1.545));
#4076 = LINE('',#4077,#4078);
#4077 = CARTESIAN_POINT('',(7.646446,-2.646447,1.51));
#4078 = VECTOR('',#4079,1.);
#4079 = DIRECTION('',(0.,0.,1.));
#4080 = ORIENTED_EDGE('',*,*,#4081,.T.);
#4081 = EDGE_CURVE('',#4074,#4082,#4084,.T.);
#4082 = VERTEX_POINT('',#4083);
#4083 = CARTESIAN_POINT('',(8.,-2.5,1.545));
#4084 = CIRCLE('',#4085,0.499997077092);
#4085 = AXIS2_PLACEMENT_3D('',#4086,#4087,#4088);
#4086 = CARTESIAN_POINT('',(7.999998570476,-2.99999707709,1.545));
#4087 = DIRECTION('',(0.,0.,-1.));
#4088 = DIRECTION('',(-0.707109274583,0.707104287782,0.));
#4089 = ORIENTED_EDGE('',*,*,#4090,.F.);
#4090 = EDGE_CURVE('',#4091,#4082,#4093,.T.);
#4091 = VERTEX_POINT('',#4092);
#4092 = CARTESIAN_POINT('',(8.,-2.5,1.51));
#4093 = LINE('',#4094,#4095);
#4094 = CARTESIAN_POINT('',(8.,-2.5,1.51));
#4095 = VECTOR('',#4096,1.);
#4096 = DIRECTION('',(0.,0.,1.));
#4097 = ORIENTED_EDGE('',*,*,#4098,.F.);
#4098 = EDGE_CURVE('',#4072,#4091,#4099,.T.);
#4099 = CIRCLE('',#4100,0.499997077092);
#4100 = AXIS2_PLACEMENT_3D('',#4101,#4102,#4103);
#4101 = CARTESIAN_POINT('',(7.999998570476,-2.99999707709,1.51));
#4102 = DIRECTION('',(0.,0.,-1.));
#4103 = DIRECTION('',(-0.707109274583,0.707104287782,0.));
#4104 = CYLINDRICAL_SURFACE('',#4105,0.499997077092);
#4105 = AXIS2_PLACEMENT_3D('',#4106,#4107,#4108);
#4106 = CARTESIAN_POINT('',(7.999998570476,-2.99999707709,1.51));
#4107 = DIRECTION('',(0.,0.,-1.));
#4108 = DIRECTION('',(-0.707109274583,0.707104287782,0.));
#4109 = ADVANCED_FACE('',(#4110),#4135,.T.);
#4110 = FACE_BOUND('',#4111,.T.);
#4111 = EDGE_LOOP('',(#4112,#4113,#4121,#4129));
#4112 = ORIENTED_EDGE('',*,*,#4090,.T.);
#4113 = ORIENTED_EDGE('',*,*,#4114,.T.);
#4114 = EDGE_CURVE('',#4082,#4115,#4117,.T.);
#4115 = VERTEX_POINT('',#4116);
#4116 = CARTESIAN_POINT('',(12.,-2.5,1.545));
#4117 = LINE('',#4118,#4119);
#4118 = CARTESIAN_POINT('',(8.,-2.5,1.545));
#4119 = VECTOR('',#4120,1.);
#4120 = DIRECTION('',(1.,0.,0.));
#4121 = ORIENTED_EDGE('',*,*,#4122,.F.);
#4122 = EDGE_CURVE('',#4123,#4115,#4125,.T.);
#4123 = VERTEX_POINT('',#4124);
#4124 = CARTESIAN_POINT('',(12.,-2.5,1.51));
#4125 = LINE('',#4126,#4127);
#4126 = CARTESIAN_POINT('',(12.,-2.5,1.51));
#4127 = VECTOR('',#4128,1.);
#4128 = DIRECTION('',(0.,0.,1.));
#4129 = ORIENTED_EDGE('',*,*,#4130,.F.);
#4130 = EDGE_CURVE('',#4091,#4123,#4131,.T.);
#4131 = LINE('',#4132,#4133);
#4132 = CARTESIAN_POINT('',(8.,-2.5,1.51));
#4133 = VECTOR('',#4134,1.);
#4134 = DIRECTION('',(1.,0.,0.));
#4135 = PLANE('',#4136);
#4136 = AXIS2_PLACEMENT_3D('',#4137,#4138,#4139);
#4137 = CARTESIAN_POINT('',(8.,-2.5,1.51));
#4138 = DIRECTION('',(0.,1.,0.));
#4139 = DIRECTION('',(1.,0.,0.));
#4140 = ADVANCED_FACE('',(#4141),#4166,.T.);
#4141 = FACE_BOUND('',#4142,.T.);
#4142 = EDGE_LOOP('',(#4143,#4144,#4152,#4160));
#4143 = ORIENTED_EDGE('',*,*,#4122,.T.);
#4144 = ORIENTED_EDGE('',*,*,#4145,.T.);
#4145 = EDGE_CURVE('',#4115,#4146,#4148,.T.);
#4146 = VERTEX_POINT('',#4147);
#4147 = CARTESIAN_POINT('',(40.,-2.5,1.545));
#4148 = LINE('',#4149,#4150);
#4149 = CARTESIAN_POINT('',(12.,-2.5,1.545));
#4150 = VECTOR('',#4151,1.);
#4151 = DIRECTION('',(1.,0.,0.));
#4152 = ORIENTED_EDGE('',*,*,#4153,.F.);
#4153 = EDGE_CURVE('',#4154,#4146,#4156,.T.);
#4154 = VERTEX_POINT('',#4155);
#4155 = CARTESIAN_POINT('',(40.,-2.5,1.51));
#4156 = LINE('',#4157,#4158);
#4157 = CARTESIAN_POINT('',(40.,-2.5,1.51));
#4158 = VECTOR('',#4159,1.);
#4159 = DIRECTION('',(0.,0.,1.));
#4160 = ORIENTED_EDGE('',*,*,#4161,.F.);
#4161 = EDGE_CURVE('',#4123,#4154,#4162,.T.);
#4162 = LINE('',#4163,#4164);
#4163 = CARTESIAN_POINT('',(12.,-2.5,1.51));
#4164 = VECTOR('',#4165,1.);
#4165 = DIRECTION('',(1.,0.,0.));
#4166 = PLANE('',#4167);
#4167 = AXIS2_PLACEMENT_3D('',#4168,#4169,#4170);
#4168 = CARTESIAN_POINT('',(12.,-2.5,1.51));
#4169 = DIRECTION('',(0.,1.,0.));
#4170 = DIRECTION('',(1.,0.,0.));
#4171 = ADVANCED_FACE('',(#4172),#4199,.T.);
#4172 = FACE_BOUND('',#4173,.T.);
#4173 = EDGE_LOOP('',(#4174,#4175,#4184,#4192));
#4174 = ORIENTED_EDGE('',*,*,#4153,.T.);
#4175 = ORIENTED_EDGE('',*,*,#4176,.T.);
#4176 = EDGE_CURVE('',#4146,#4177,#4179,.T.);
#4177 = VERTEX_POINT('',#4178);
#4178 = CARTESIAN_POINT('',(40.353553,-2.646447,1.545));
#4179 = CIRCLE('',#4180,0.499992432518);
#4180 = AXIS2_PLACEMENT_3D('',#4181,#4182,#4183);
#4181 = CARTESIAN_POINT('',(40.000002353381,-2.999992432513,1.545));
#4182 = DIRECTION('',(0.,0.,-1.));
#4183 = DIRECTION('',(-4.706832526013E-06,0.999999999989,0.));
#4184 = ORIENTED_EDGE('',*,*,#4185,.F.);
#4185 = EDGE_CURVE('',#4186,#4177,#4188,.T.);
#4186 = VERTEX_POINT('',#4187);
#4187 = CARTESIAN_POINT('',(40.353553,-2.646447,1.51));
#4188 = LINE('',#4189,#4190);
#4189 = CARTESIAN_POINT('',(40.353553,-2.646447,1.51));
#4190 = VECTOR('',#4191,1.);
#4191 = DIRECTION('',(0.,0.,1.));
#4192 = ORIENTED_EDGE('',*,*,#4193,.F.);
#4193 = EDGE_CURVE('',#4154,#4186,#4194,.T.);
#4194 = CIRCLE('',#4195,0.499992432518);
#4195 = AXIS2_PLACEMENT_3D('',#4196,#4197,#4198);
#4196 = CARTESIAN_POINT('',(40.000002353381,-2.999992432513,1.51));
#4197 = DIRECTION('',(0.,0.,-1.));
#4198 = DIRECTION('',(-4.706832526013E-06,0.999999999989,0.));
#4199 = CYLINDRICAL_SURFACE('',#4200,0.499992432518);
#4200 = AXIS2_PLACEMENT_3D('',#4201,#4202,#4203);
#4201 = CARTESIAN_POINT('',(40.000002353381,-2.999992432513,1.51));
#4202 = DIRECTION('',(0.,0.,-1.));
#4203 = DIRECTION('',(-4.706832526013E-06,0.999999999989,0.));
#4204 = ADVANCED_FACE('',(#4205),#4230,.T.);
#4205 = FACE_BOUND('',#4206,.T.);
#4206 = EDGE_LOOP('',(#4207,#4208,#4216,#4224));
#4207 = ORIENTED_EDGE('',*,*,#4185,.T.);
#4208 = ORIENTED_EDGE('',*,*,#4209,.T.);
#4209 = EDGE_CURVE('',#4177,#4210,#4212,.T.);
#4210 = VERTEX_POINT('',#4211);
#4211 = CARTESIAN_POINT('',(40.977097,-3.269991,1.545));
#4212 = LINE('',#4213,#4214);
#4213 = CARTESIAN_POINT('',(40.353553,-2.646447,1.545));
#4214 = VECTOR('',#4215,1.);
#4215 = DIRECTION('',(0.707106781187,-0.707106781187,0.));
#4216 = ORIENTED_EDGE('',*,*,#4217,.F.);
#4217 = EDGE_CURVE('',#4218,#4210,#4220,.T.);
#4218 = VERTEX_POINT('',#4219);
#4219 = CARTESIAN_POINT('',(40.977097,-3.269991,1.51));
#4220 = LINE('',#4221,#4222);
#4221 = CARTESIAN_POINT('',(40.977097,-3.269991,1.51));
#4222 = VECTOR('',#4223,1.);
#4223 = DIRECTION('',(0.,0.,1.));
#4224 = ORIENTED_EDGE('',*,*,#4225,.F.);
#4225 = EDGE_CURVE('',#4186,#4218,#4226,.T.);
#4226 = LINE('',#4227,#4228);
#4227 = CARTESIAN_POINT('',(40.353553,-2.646447,1.51));
#4228 = VECTOR('',#4229,1.);
#4229 = DIRECTION('',(0.707106781187,-0.707106781187,0.));
#4230 = PLANE('',#4231);
#4231 = AXIS2_PLACEMENT_3D('',#4232,#4233,#4234);
#4232 = CARTESIAN_POINT('',(40.353553,-2.646447,1.51));
#4233 = DIRECTION('',(0.707106781187,0.707106781187,-0.));
#4234 = DIRECTION('',(0.707106781187,-0.707106781187,0.));
#4235 = ADVANCED_FACE('',(#4236),#4261,.T.);
#4236 = FACE_BOUND('',#4237,.T.);
#4237 = EDGE_LOOP('',(#4238,#4239,#4247,#4255));
#4238 = ORIENTED_EDGE('',*,*,#4217,.T.);
#4239 = ORIENTED_EDGE('',*,*,#4240,.T.);
#4240 = EDGE_CURVE('',#4210,#4241,#4243,.T.);
#4241 = VERTEX_POINT('',#4242);
#4242 = CARTESIAN_POINT('',(40.801176,-3.359628,1.545));
#4243 = LINE('',#4244,#4245);
#4244 = CARTESIAN_POINT('',(40.977097,-3.269991,1.545));
#4245 = VECTOR('',#4246,1.);
#4246 = DIRECTION('',(-0.891004939677,-0.453993609505,0.));
#4247 = ORIENTED_EDGE('',*,*,#4248,.F.);
#4248 = EDGE_CURVE('',#4249,#4241,#4251,.T.);
#4249 = VERTEX_POINT('',#4250);
#4250 = CARTESIAN_POINT('',(40.801176,-3.359628,1.51));
#4251 = LINE('',#4252,#4253);
#4252 = CARTESIAN_POINT('',(40.801176,-3.359628,1.51));
#4253 = VECTOR('',#4254,1.);
#4254 = DIRECTION('',(0.,0.,1.));
#4255 = ORIENTED_EDGE('',*,*,#4256,.F.);
#4256 = EDGE_CURVE('',#4218,#4249,#4257,.T.);
#4257 = LINE('',#4258,#4259);
#4258 = CARTESIAN_POINT('',(40.977097,-3.269991,1.51));
#4259 = VECTOR('',#4260,1.);
#4260 = DIRECTION('',(-0.891004939677,-0.453993609505,0.));
#4261 = PLANE('',#4262);
#4262 = AXIS2_PLACEMENT_3D('',#4263,#4264,#4265);
#4263 = CARTESIAN_POINT('',(40.977097,-3.269991,1.51));
#4264 = DIRECTION('',(0.453993609505,-0.891004939677,0.));
#4265 = DIRECTION('',(-0.891004939677,-0.453993609505,0.));
#4266 = ADVANCED_FACE('',(#4267),#4294,.F.);
#4267 = FACE_BOUND('',#4268,.T.);
#4268 = EDGE_LOOP('',(#4269,#4270,#4279,#4287));
#4269 = ORIENTED_EDGE('',*,*,#4248,.T.);
#4270 = ORIENTED_EDGE('',*,*,#4271,.T.);
#4271 = EDGE_CURVE('',#4241,#4272,#4274,.T.);
#4272 = VERTEX_POINT('',#4273);
#4273 = CARTESIAN_POINT('',(40.269991,-3.977097,1.545));
#4274 = CIRCLE('',#4275,1.327724155385);
#4275 = AXIS2_PLACEMENT_3D('',#4276,#4277,#4278);
#4276 = CARTESIAN_POINT('',(41.493595337455,-4.492503497975,1.545));
#4277 = DIRECTION('',(0.,0.,1.));
#4278 = DIRECTION('',(-0.521508428273,0.853246130516,0.));
#4279 = ORIENTED_EDGE('',*,*,#4280,.F.);
#4280 = EDGE_CURVE('',#4281,#4272,#4283,.T.);
#4281 = VERTEX_POINT('',#4282);
#4282 = CARTESIAN_POINT('',(40.269991,-3.977097,1.51));
#4283 = LINE('',#4284,#4285);
#4284 = CARTESIAN_POINT('',(40.269991,-3.977097,1.51));
#4285 = VECTOR('',#4286,1.);
#4286 = DIRECTION('',(0.,0.,1.));
#4287 = ORIENTED_EDGE('',*,*,#4288,.F.);
#4288 = EDGE_CURVE('',#4249,#4281,#4289,.T.);
#4289 = CIRCLE('',#4290,1.327724155385);
#4290 = AXIS2_PLACEMENT_3D('',#4291,#4292,#4293);
#4291 = CARTESIAN_POINT('',(41.493595337455,-4.492503497975,1.51));
#4292 = DIRECTION('',(0.,0.,1.));
#4293 = DIRECTION('',(-0.521508428273,0.853246130516,0.));
#4294 = CYLINDRICAL_SURFACE('',#4295,1.327724155385);
#4295 = AXIS2_PLACEMENT_3D('',#4296,#4297,#4298);
#4296 = CARTESIAN_POINT('',(41.493595337455,-4.492503497975,1.51));
#4297 = DIRECTION('',(-0.,-0.,-1.));
#4298 = DIRECTION('',(-0.521508428273,0.853246130516,0.));
#4299 = ADVANCED_FACE('',(#4300),#4325,.T.);
#4300 = FACE_BOUND('',#4301,.T.);
#4301 = EDGE_LOOP('',(#4302,#4303,#4311,#4319));
#4302 = ORIENTED_EDGE('',*,*,#4280,.T.);
#4303 = ORIENTED_EDGE('',*,*,#4304,.T.);
#4304 = EDGE_CURVE('',#4272,#4305,#4307,.T.);
#4305 = VERTEX_POINT('',#4306);
#4306 = CARTESIAN_POINT('',(39.792894,-3.5,1.545));
#4307 = LINE('',#4308,#4309);
#4308 = CARTESIAN_POINT('',(40.269991,-3.977097,1.545));
#4309 = VECTOR('',#4310,1.);
#4310 = DIRECTION('',(-0.707106781187,0.707106781187,0.));
#4311 = ORIENTED_EDGE('',*,*,#4312,.F.);
#4312 = EDGE_CURVE('',#4313,#4305,#4315,.T.);
#4313 = VERTEX_POINT('',#4314);
#4314 = CARTESIAN_POINT('',(39.792894,-3.5,1.51));
#4315 = LINE('',#4316,#4317);
#4316 = CARTESIAN_POINT('',(39.792894,-3.5,1.51));
#4317 = VECTOR('',#4318,1.);
#4318 = DIRECTION('',(0.,0.,1.));
#4319 = ORIENTED_EDGE('',*,*,#4320,.F.);
#4320 = EDGE_CURVE('',#4281,#4313,#4321,.T.);
#4321 = LINE('',#4322,#4323);
#4322 = CARTESIAN_POINT('',(40.269991,-3.977097,1.51));
#4323 = VECTOR('',#4324,1.);
#4324 = DIRECTION('',(-0.707106781187,0.707106781187,0.));
#4325 = PLANE('',#4326);
#4326 = AXIS2_PLACEMENT_3D('',#4327,#4328,#4329);
#4327 = CARTESIAN_POINT('',(40.269991,-3.977097,1.51));
#4328 = DIRECTION('',(-0.707106781187,-0.707106781187,0.));
#4329 = DIRECTION('',(-0.707106781187,0.707106781187,0.));
#4330 = ADVANCED_FACE('',(#4331),#4356,.T.);
#4331 = FACE_BOUND('',#4332,.T.);
#4332 = EDGE_LOOP('',(#4333,#4334,#4342,#4350));
#4333 = ORIENTED_EDGE('',*,*,#4312,.T.);
#4334 = ORIENTED_EDGE('',*,*,#4335,.T.);
#4335 = EDGE_CURVE('',#4305,#4336,#4338,.T.);
#4336 = VERTEX_POINT('',#4337);
#4337 = CARTESIAN_POINT('',(8.207107,-3.5,1.545));
#4338 = LINE('',#4339,#4340);
#4339 = CARTESIAN_POINT('',(39.792894,-3.5,1.545));
#4340 = VECTOR('',#4341,1.);
#4341 = DIRECTION('',(-1.,0.,0.));
#4342 = ORIENTED_EDGE('',*,*,#4343,.F.);
#4343 = EDGE_CURVE('',#4344,#4336,#4346,.T.);
#4344 = VERTEX_POINT('',#4345);
#4345 = CARTESIAN_POINT('',(8.207107,-3.5,1.51));
#4346 = LINE('',#4347,#4348);
#4347 = CARTESIAN_POINT('',(8.207107,-3.5,1.51));
#4348 = VECTOR('',#4349,1.);
#4349 = DIRECTION('',(0.,0.,1.));
#4350 = ORIENTED_EDGE('',*,*,#4351,.F.);
#4351 = EDGE_CURVE('',#4313,#4344,#4352,.T.);
#4352 = LINE('',#4353,#4354);
#4353 = CARTESIAN_POINT('',(39.792894,-3.5,1.51));
#4354 = VECTOR('',#4355,1.);
#4355 = DIRECTION('',(-1.,0.,0.));
#4356 = PLANE('',#4357);
#4357 = AXIS2_PLACEMENT_3D('',#4358,#4359,#4360);
#4358 = CARTESIAN_POINT('',(39.792894,-3.5,1.51));
#4359 = DIRECTION('',(0.,-1.,0.));
#4360 = DIRECTION('',(-1.,0.,0.));
#4361 = ADVANCED_FACE('',(#4362),#4387,.T.);
#4362 = FACE_BOUND('',#4363,.T.);
#4363 = EDGE_LOOP('',(#4364,#4365,#4373,#4381));
#4364 = ORIENTED_EDGE('',*,*,#4343,.T.);
#4365 = ORIENTED_EDGE('',*,*,#4366,.T.);
#4366 = EDGE_CURVE('',#4336,#4367,#4369,.T.);
#4367 = VERTEX_POINT('',#4368);
#4368 = CARTESIAN_POINT('',(6.853553,-4.853553,1.545));
#4369 = LINE('',#4370,#4371);
#4370 = CARTESIAN_POINT('',(8.207107,-3.5,1.545));
#4371 = VECTOR('',#4372,1.);
#4372 = DIRECTION('',(-0.70710704239,-0.707106519983,0.));
#4373 = ORIENTED_EDGE('',*,*,#4374,.F.);
#4374 = EDGE_CURVE('',#4375,#4367,#4377,.T.);
#4375 = VERTEX_POINT('',#4376);
#4376 = CARTESIAN_POINT('',(6.853553,-4.853553,1.51));
#4377 = LINE('',#4378,#4379);
#4378 = CARTESIAN_POINT('',(6.853553,-4.853553,1.51));
#4379 = VECTOR('',#4380,1.);
#4380 = DIRECTION('',(0.,0.,1.));
#4381 = ORIENTED_EDGE('',*,*,#4382,.F.);
#4382 = EDGE_CURVE('',#4344,#4375,#4383,.T.);
#4383 = LINE('',#4384,#4385);
#4384 = CARTESIAN_POINT('',(8.207107,-3.5,1.51));
#4385 = VECTOR('',#4386,1.);
#4386 = DIRECTION('',(-0.70710704239,-0.707106519983,0.));
#4387 = PLANE('',#4388);
#4388 = AXIS2_PLACEMENT_3D('',#4389,#4390,#4391);
#4389 = CARTESIAN_POINT('',(8.207107,-3.5,1.51));
#4390 = DIRECTION('',(0.707106519983,-0.70710704239,0.));
#4391 = DIRECTION('',(-0.70710704239,-0.707106519983,0.));
#4392 = ADVANCED_FACE('',(#4393),#4420,.T.);
#4393 = FACE_BOUND('',#4394,.T.);
#4394 = EDGE_LOOP('',(#4395,#4396,#4405,#4413));
#4395 = ORIENTED_EDGE('',*,*,#4374,.T.);
#4396 = ORIENTED_EDGE('',*,*,#4397,.T.);
#4397 = EDGE_CURVE('',#4367,#4398,#4400,.T.);
#4398 = VERTEX_POINT('',#4399);
#4399 = CARTESIAN_POINT('',(6.5,-5.,1.545));
#4400 = CIRCLE('',#4401,0.499992432518);
#4401 = AXIS2_PLACEMENT_3D('',#4402,#4403,#4404);
#4402 = CARTESIAN_POINT('',(6.500002353381,-4.500007567487,1.545));
#4403 = DIRECTION('',(0.,0.,-1.));
#4404 = DIRECTION('',(0.707111995353,-0.707101566982,0.));
#4405 = ORIENTED_EDGE('',*,*,#4406,.F.);
#4406 = EDGE_CURVE('',#4407,#4398,#4409,.T.);
#4407 = VERTEX_POINT('',#4408);
#4408 = CARTESIAN_POINT('',(6.5,-5.,1.51));
#4409 = LINE('',#4410,#4411);
#4410 = CARTESIAN_POINT('',(6.5,-5.,1.51));
#4411 = VECTOR('',#4412,1.);
#4412 = DIRECTION('',(0.,0.,1.));
#4413 = ORIENTED_EDGE('',*,*,#4414,.F.);
#4414 = EDGE_CURVE('',#4375,#4407,#4415,.T.);
#4415 = CIRCLE('',#4416,0.499992432518);
#4416 = AXIS2_PLACEMENT_3D('',#4417,#4418,#4419);
#4417 = CARTESIAN_POINT('',(6.500002353381,-4.500007567487,1.51));
#4418 = DIRECTION('',(0.,0.,-1.));
#4419 = DIRECTION('',(0.707111995353,-0.707101566982,0.));
#4420 = CYLINDRICAL_SURFACE('',#4421,0.499992432518);
#4421 = AXIS2_PLACEMENT_3D('',#4422,#4423,#4424);
#4422 = CARTESIAN_POINT('',(6.500002353381,-4.500007567487,1.51));
#4423 = DIRECTION('',(0.,0.,-1.));
#4424 = DIRECTION('',(0.707111995353,-0.707101566982,0.));
#4425 = ADVANCED_FACE('',(#4426),#4451,.T.);
#4426 = FACE_BOUND('',#4427,.T.);
#4427 = EDGE_LOOP('',(#4428,#4429,#4437,#4445));
#4428 = ORIENTED_EDGE('',*,*,#4406,.T.);
#4429 = ORIENTED_EDGE('',*,*,#4430,.T.);
#4430 = EDGE_CURVE('',#4398,#4431,#4433,.T.);
#4431 = VERTEX_POINT('',#4432);
#4432 = CARTESIAN_POINT('',(5.239494,-5.,1.545));
#4433 = LINE('',#4434,#4435);
#4434 = CARTESIAN_POINT('',(6.5,-5.,1.545));
#4435 = VECTOR('',#4436,1.);
#4436 = DIRECTION('',(-1.,0.,0.));
#4437 = ORIENTED_EDGE('',*,*,#4438,.F.);
#4438 = EDGE_CURVE('',#4439,#4431,#4441,.T.);
#4439 = VERTEX_POINT('',#4440);
#4440 = CARTESIAN_POINT('',(5.239494,-5.,1.51));
#4441 = LINE('',#4442,#4443);
#4442 = CARTESIAN_POINT('',(5.239494,-5.,1.51));
#4443 = VECTOR('',#4444,1.);
#4444 = DIRECTION('',(0.,0.,1.));
#4445 = ORIENTED_EDGE('',*,*,#4446,.F.);
#4446 = EDGE_CURVE('',#4407,#4439,#4447,.T.);
#4447 = LINE('',#4448,#4449);
#4448 = CARTESIAN_POINT('',(6.5,-5.,1.51));
#4449 = VECTOR('',#4450,1.);
#4450 = DIRECTION('',(-1.,0.,0.));
#4451 = PLANE('',#4452);
#4452 = AXIS2_PLACEMENT_3D('',#4453,#4454,#4455);
#4453 = CARTESIAN_POINT('',(6.5,-5.,1.51));
#4454 = DIRECTION('',(0.,-1.,0.));
#4455 = DIRECTION('',(-1.,0.,0.));
#4456 = ADVANCED_FACE('',(#4457),#4482,.T.);
#4457 = FACE_BOUND('',#4458,.T.);
#4458 = EDGE_LOOP('',(#4459,#4460,#4468,#4476));
#4459 = ORIENTED_EDGE('',*,*,#4438,.T.);
#4460 = ORIENTED_EDGE('',*,*,#4461,.T.);
#4461 = EDGE_CURVE('',#4431,#4462,#4464,.T.);
#4462 = VERTEX_POINT('',#4463);
#4463 = CARTESIAN_POINT('',(5.300507,-4.812223,1.545));
#4464 = LINE('',#4465,#4466);
#4465 = CARTESIAN_POINT('',(5.239494,-5.,1.545));
#4466 = VECTOR('',#4467,1.);
#4467 = DIRECTION('',(0.309019533259,0.951055691358,0.));
#4468 = ORIENTED_EDGE('',*,*,#4469,.F.);
#4469 = EDGE_CURVE('',#4470,#4462,#4472,.T.);
#4470 = VERTEX_POINT('',#4471);
#4471 = CARTESIAN_POINT('',(5.300507,-4.812223,1.51));
#4472 = LINE('',#4473,#4474);
#4473 = CARTESIAN_POINT('',(5.300507,-4.812223,1.51));
#4474 = VECTOR('',#4475,1.);
#4475 = DIRECTION('',(0.,0.,1.));
#4476 = ORIENTED_EDGE('',*,*,#4477,.F.);
#4477 = EDGE_CURVE('',#4439,#4470,#4478,.T.);
#4478 = LINE('',#4479,#4480);
#4479 = CARTESIAN_POINT('',(5.239494,-5.,1.51));
#4480 = VECTOR('',#4481,1.);
#4481 = DIRECTION('',(0.309019533259,0.951055691358,0.));
#4482 = PLANE('',#4483);
#4483 = AXIS2_PLACEMENT_3D('',#4484,#4485,#4486);
#4484 = CARTESIAN_POINT('',(5.239494,-5.,1.51));
#4485 = DIRECTION('',(-0.951055691358,0.309019533259,0.));
#4486 = DIRECTION('',(0.309019533259,0.951055691358,0.));
#4487 = ADVANCED_FACE('',(#4488),#4515,.F.);
#4488 = FACE_BOUND('',#4489,.T.);
#4489 = EDGE_LOOP('',(#4490,#4491,#4500,#4508));
#4490 = ORIENTED_EDGE('',*,*,#4469,.T.);
#4491 = ORIENTED_EDGE('',*,*,#4492,.T.);
#4492 = EDGE_CURVE('',#4462,#4493,#4495,.T.);
#4493 = VERTEX_POINT('',#4494);
#4494 = CARTESIAN_POINT('',(5.239494,-4.,1.545));
#4495 = CIRCLE('',#4496,1.327718548064);
#4496 = AXIS2_PLACEMENT_3D('',#4497,#4498,#4499);
#4497 = CARTESIAN_POINT('',(4.00983444555,-4.500773324992,1.545));
#4498 = DIRECTION('',(0.,-0.,1.));
#4499 = DIRECTION('',(0.972098007015,-0.234575072753,-0.));
#4500 = ORIENTED_EDGE('',*,*,#4501,.F.);
#4501 = EDGE_CURVE('',#4502,#4493,#4504,.T.);
#4502 = VERTEX_POINT('',#4503);
#4503 = CARTESIAN_POINT('',(5.239494,-4.,1.51));
#4504 = LINE('',#4505,#4506);
#4505 = CARTESIAN_POINT('',(5.239494,-4.,1.51));
#4506 = VECTOR('',#4507,1.);
#4507 = DIRECTION('',(0.,0.,1.));
#4508 = ORIENTED_EDGE('',*,*,#4509,.F.);
#4509 = EDGE_CURVE('',#4470,#4502,#4510,.T.);
#4510 = CIRCLE('',#4511,1.327718548064);
#4511 = AXIS2_PLACEMENT_3D('',#4512,#4513,#4514);
#4512 = CARTESIAN_POINT('',(4.00983444555,-4.500773324992,1.51));
#4513 = DIRECTION('',(0.,-0.,1.));
#4514 = DIRECTION('',(0.972098007015,-0.234575072753,-0.));
#4515 = CYLINDRICAL_SURFACE('',#4516,1.327718548064);
#4516 = AXIS2_PLACEMENT_3D('',#4517,#4518,#4519);
#4517 = CARTESIAN_POINT('',(4.00983444555,-4.500773324992,1.51));
#4518 = DIRECTION('',(-0.,0.,-1.));
#4519 = DIRECTION('',(0.972098007015,-0.234575072753,-0.));
#4520 = ADVANCED_FACE('',(#4521),#4546,.T.);
#4521 = FACE_BOUND('',#4522,.T.);
#4522 = EDGE_LOOP('',(#4523,#4524,#4532,#4540));
#4523 = ORIENTED_EDGE('',*,*,#4501,.T.);
#4524 = ORIENTED_EDGE('',*,*,#4525,.T.);
#4525 = EDGE_CURVE('',#4493,#4526,#4528,.T.);
#4526 = VERTEX_POINT('',#4527);
#4527 = CARTESIAN_POINT('',(6.292894,-4.,1.545));
#4528 = LINE('',#4529,#4530);
#4529 = CARTESIAN_POINT('',(5.239494,-4.,1.545));
#4530 = VECTOR('',#4531,1.);
#4531 = DIRECTION('',(1.,0.,0.));
#4532 = ORIENTED_EDGE('',*,*,#4533,.F.);
#4533 = EDGE_CURVE('',#4534,#4526,#4536,.T.);
#4534 = VERTEX_POINT('',#4535);
#4535 = CARTESIAN_POINT('',(6.292894,-4.,1.51));
#4536 = LINE('',#4537,#4538);
#4537 = CARTESIAN_POINT('',(6.292894,-4.,1.51));
#4538 = VECTOR('',#4539,1.);
#4539 = DIRECTION('',(0.,0.,1.));
#4540 = ORIENTED_EDGE('',*,*,#4541,.F.);
#4541 = EDGE_CURVE('',#4502,#4534,#4542,.T.);
#4542 = LINE('',#4543,#4544);
#4543 = CARTESIAN_POINT('',(5.239494,-4.,1.51));
#4544 = VECTOR('',#4545,1.);
#4545 = DIRECTION('',(1.,0.,0.));
#4546 = PLANE('',#4547);
#4547 = AXIS2_PLACEMENT_3D('',#4548,#4549,#4550);
#4548 = CARTESIAN_POINT('',(5.239494,-4.,1.51));
#4549 = DIRECTION('',(0.,1.,0.));
#4550 = DIRECTION('',(1.,0.,0.));
#4551 = ADVANCED_FACE('',(#4552),#4568,.T.);
#4552 = FACE_BOUND('',#4553,.T.);
#4553 = EDGE_LOOP('',(#4554,#4555,#4561,#4562));
#4554 = ORIENTED_EDGE('',*,*,#4533,.T.);
#4555 = ORIENTED_EDGE('',*,*,#4556,.T.);
#4556 = EDGE_CURVE('',#4526,#4074,#4557,.T.);
#4557 = LINE('',#4558,#4559);
#4558 = CARTESIAN_POINT('',(6.292894,-4.,1.545));
#4559 = VECTOR('',#4560,1.);
#4560 = DIRECTION('',(0.707106519982,0.707107042391,0.));
#4561 = ORIENTED_EDGE('',*,*,#4071,.F.);
#4562 = ORIENTED_EDGE('',*,*,#4563,.F.);
#4563 = EDGE_CURVE('',#4534,#4072,#4564,.T.);
#4564 = LINE('',#4565,#4566);
#4565 = CARTESIAN_POINT('',(6.292894,-4.,1.51));
#4566 = VECTOR('',#4567,1.);
#4567 = DIRECTION('',(0.707106519982,0.707107042391,0.));
#4568 = PLANE('',#4569);
#4569 = AXIS2_PLACEMENT_3D('',#4570,#4571,#4572);
#4570 = CARTESIAN_POINT('',(6.292894,-4.,1.51));
#4571 = DIRECTION('',(-0.707107042391,0.707106519982,0.));
#4572 = DIRECTION('',(0.707106519982,0.707107042391,0.));
#4573 = ADVANCED_FACE('',(#4574),#4601,.F.);
#4574 = FACE_BOUND('',#4575,.T.);
#4575 = EDGE_LOOP('',(#4576,#4586,#4593,#4594));
#4576 = ORIENTED_EDGE('',*,*,#4577,.T.);
#4577 = EDGE_CURVE('',#4578,#4580,#4582,.T.);
#4578 = VERTEX_POINT('',#4579);
#4579 = CARTESIAN_POINT('',(12.412392,-3.,1.51));
#4580 = VERTEX_POINT('',#4581);
#4581 = CARTESIAN_POINT('',(12.412392,-3.,1.545));
#4582 = LINE('',#4583,#4584);
#4583 = CARTESIAN_POINT('',(12.412392,-3.,1.51));
#4584 = VECTOR('',#4585,1.);
#4585 = DIRECTION('',(0.,0.,1.));
#4586 = ORIENTED_EDGE('',*,*,#4587,.T.);
#4587 = EDGE_CURVE('',#4580,#4580,#4588,.T.);
#4588 = CIRCLE('',#4589,0.412392);
#4589 = AXIS2_PLACEMENT_3D('',#4590,#4591,#4592);
#4590 = CARTESIAN_POINT('',(12.,-3.,1.545));
#4591 = DIRECTION('',(0.,0.,1.));
#4592 = DIRECTION('',(1.,0.,-0.));
#4593 = ORIENTED_EDGE('',*,*,#4577,.F.);
#4594 = ORIENTED_EDGE('',*,*,#4595,.F.);
#4595 = EDGE_CURVE('',#4578,#4578,#4596,.T.);
#4596 = CIRCLE('',#4597,0.412392);
#4597 = AXIS2_PLACEMENT_3D('',#4598,#4599,#4600);
#4598 = CARTESIAN_POINT('',(12.,-3.,1.51));
#4599 = DIRECTION('',(0.,0.,1.));
#4600 = DIRECTION('',(1.,0.,-0.));
#4601 = CYLINDRICAL_SURFACE('',#4602,0.412392);
#4602 = AXIS2_PLACEMENT_3D('',#4603,#4604,#4605);
#4603 = CARTESIAN_POINT('',(12.,-3.,1.51));
#4604 = DIRECTION('',(-0.,-0.,-1.));
#4605 = DIRECTION('',(1.,0.,-0.));
#4606 = ADVANCED_FACE('',(#4607,#4625),#4628,.F.);
#4607 = FACE_BOUND('',#4608,.T.);
#4608 = EDGE_LOOP('',(#4609,#4610,#4611,#4612,#4613,#4614,#4615,#4616,
    #4617,#4618,#4619,#4620,#4621,#4622,#4623,#4624));
#4609 = ORIENTED_EDGE('',*,*,#4098,.T.);
#4610 = ORIENTED_EDGE('',*,*,#4130,.T.);
#4611 = ORIENTED_EDGE('',*,*,#4161,.T.);
#4612 = ORIENTED_EDGE('',*,*,#4193,.T.);
#4613 = ORIENTED_EDGE('',*,*,#4225,.T.);
#4614 = ORIENTED_EDGE('',*,*,#4256,.T.);
#4615 = ORIENTED_EDGE('',*,*,#4288,.T.);
#4616 = ORIENTED_EDGE('',*,*,#4320,.T.);
#4617 = ORIENTED_EDGE('',*,*,#4351,.T.);
#4618 = ORIENTED_EDGE('',*,*,#4382,.T.);
#4619 = ORIENTED_EDGE('',*,*,#4414,.T.);
#4620 = ORIENTED_EDGE('',*,*,#4446,.T.);
#4621 = ORIENTED_EDGE('',*,*,#4477,.T.);
#4622 = ORIENTED_EDGE('',*,*,#4509,.T.);
#4623 = ORIENTED_EDGE('',*,*,#4541,.T.);
#4624 = ORIENTED_EDGE('',*,*,#4563,.T.);
#4625 = FACE_BOUND('',#4626,.T.);
#4626 = EDGE_LOOP('',(#4627));
#4627 = ORIENTED_EDGE('',*,*,#4595,.T.);
#4628 = PLANE('',#4629);
#4629 = AXIS2_PLACEMENT_3D('',#4630,#4631,#4632);
#4630 = CARTESIAN_POINT('',(0.,0.,1.51));
#4631 = DIRECTION('',(0.,0.,1.));
#4632 = DIRECTION('',(1.,0.,-0.));
#4633 = ADVANCED_FACE('',(#4634,#4652),#4655,.T.);
#4634 = FACE_BOUND('',#4635,.F.);
#4635 = EDGE_LOOP('',(#4636,#4637,#4638,#4639,#4640,#4641,#4642,#4643,
    #4644,#4645,#4646,#4647,#4648,#4649,#4650,#4651));
#4636 = ORIENTED_EDGE('',*,*,#4081,.T.);
#4637 = ORIENTED_EDGE('',*,*,#4114,.T.);
#4638 = ORIENTED_EDGE('',*,*,#4145,.T.);
#4639 = ORIENTED_EDGE('',*,*,#4176,.T.);
#4640 = ORIENTED_EDGE('',*,*,#4209,.T.);
#4641 = ORIENTED_EDGE('',*,*,#4240,.T.);
#4642 = ORIENTED_EDGE('',*,*,#4271,.T.);
#4643 = ORIENTED_EDGE('',*,*,#4304,.T.);
#4644 = ORIENTED_EDGE('',*,*,#4335,.T.);
#4645 = ORIENTED_EDGE('',*,*,#4366,.T.);
#4646 = ORIENTED_EDGE('',*,*,#4397,.T.);
#4647 = ORIENTED_EDGE('',*,*,#4430,.T.);
#4648 = ORIENTED_EDGE('',*,*,#4461,.T.);
#4649 = ORIENTED_EDGE('',*,*,#4492,.T.);
#4650 = ORIENTED_EDGE('',*,*,#4525,.T.);
#4651 = ORIENTED_EDGE('',*,*,#4556,.T.);
#4652 = FACE_BOUND('',#4653,.F.);
#4653 = EDGE_LOOP('',(#4654));
#4654 = ORIENTED_EDGE('',*,*,#4587,.T.);
#4655 = PLANE('',#4656);
#4656 = AXIS2_PLACEMENT_3D('',#4657,#4658,#4659);
#4657 = CARTESIAN_POINT('',(0.,0.,1.545));
#4658 = DIRECTION('',(0.,0.,1.));
#4659 = DIRECTION('',(1.,0.,-0.));
#4660 = MANIFOLD_SOLID_BREP('',#4661);
#4661 = CLOSED_SHELL('',(#4662,#4704,#4735,#4766,#4799,#4830,#4852,#4866
    ));
#4662 = ADVANCED_FACE('',(#4663),#4699,.T.);
#4663 = FACE_BOUND('',#4664,.T.);
#4664 = EDGE_LOOP('',(#4665,#4675,#4684,#4692));
#4665 = ORIENTED_EDGE('',*,*,#4666,.T.);
#4666 = EDGE_CURVE('',#4667,#4669,#4671,.T.);
#4667 = VERTEX_POINT('',#4668);
#4668 = CARTESIAN_POINT('',(17.4125,-6.5,1.51));
#4669 = VERTEX_POINT('',#4670);
#4670 = CARTESIAN_POINT('',(17.4125,-6.5,1.545));
#4671 = LINE('',#4672,#4673);
#4672 = CARTESIAN_POINT('',(17.4125,-6.5,1.51));
#4673 = VECTOR('',#4674,1.);
#4674 = DIRECTION('',(0.,0.,1.));
#4675 = ORIENTED_EDGE('',*,*,#4676,.T.);
#4676 = EDGE_CURVE('',#4669,#4677,#4679,.T.);
#4677 = VERTEX_POINT('',#4678);
#4678 = CARTESIAN_POINT('',(17.4125,-5.5,1.545));
#4679 = CIRCLE('',#4680,0.5);
#4680 = AXIS2_PLACEMENT_3D('',#4681,#4682,#4683);
#4681 = CARTESIAN_POINT('',(17.41250044334,-6.,1.545));
#4682 = DIRECTION('',(0.,0.,-1.));
#4683 = DIRECTION('',(-8.866804392934E-07,-1.,-0.));
#4684 = ORIENTED_EDGE('',*,*,#4685,.F.);
#4685 = EDGE_CURVE('',#4686,#4677,#4688,.T.);
#4686 = VERTEX_POINT('',#4687);
#4687 = CARTESIAN_POINT('',(17.4125,-5.5,1.51));
#4688 = LINE('',#4689,#4690);
#4689 = CARTESIAN_POINT('',(17.4125,-5.5,1.51));
#4690 = VECTOR('',#4691,1.);
#4691 = DIRECTION('',(0.,0.,1.));
#4692 = ORIENTED_EDGE('',*,*,#4693,.F.);
#4693 = EDGE_CURVE('',#4667,#4686,#4694,.T.);
#4694 = CIRCLE('',#4695,0.5);
#4695 = AXIS2_PLACEMENT_3D('',#4696,#4697,#4698);
#4696 = CARTESIAN_POINT('',(17.41250044334,-6.,1.51));
#4697 = DIRECTION('',(0.,0.,-1.));
#4698 = DIRECTION('',(-8.866804392934E-07,-1.,-0.));
#4699 = CYLINDRICAL_SURFACE('',#4700,0.5);
#4700 = AXIS2_PLACEMENT_3D('',#4701,#4702,#4703);
#4701 = CARTESIAN_POINT('',(17.41250044334,-6.,1.51));
#4702 = DIRECTION('',(0.,0.,-1.));
#4703 = DIRECTION('',(-8.866804392934E-07,-1.,-0.));
#4704 = ADVANCED_FACE('',(#4705),#4730,.T.);
#4705 = FACE_BOUND('',#4706,.T.);
#4706 = EDGE_LOOP('',(#4707,#4708,#4716,#4724));
#4707 = ORIENTED_EDGE('',*,*,#4685,.T.);
#4708 = ORIENTED_EDGE('',*,*,#4709,.T.);
#4709 = EDGE_CURVE('',#4677,#4710,#4712,.T.);
#4710 = VERTEX_POINT('',#4711);
#4711 = CARTESIAN_POINT('',(26.935997,-5.5,1.545));
#4712 = LINE('',#4713,#4714);
#4713 = CARTESIAN_POINT('',(17.4125,-5.5,1.545));
#4714 = VECTOR('',#4715,1.);
#4715 = DIRECTION('',(1.,0.,0.));
#4716 = ORIENTED_EDGE('',*,*,#4717,.F.);
#4717 = EDGE_CURVE('',#4718,#4710,#4720,.T.);
#4718 = VERTEX_POINT('',#4719);
#4719 = CARTESIAN_POINT('',(26.935997,-5.5,1.51));
#4720 = LINE('',#4721,#4722);
#4721 = CARTESIAN_POINT('',(26.935997,-5.5,1.51));
#4722 = VECTOR('',#4723,1.);
#4723 = DIRECTION('',(0.,0.,1.));
#4724 = ORIENTED_EDGE('',*,*,#4725,.F.);
#4725 = EDGE_CURVE('',#4686,#4718,#4726,.T.);
#4726 = LINE('',#4727,#4728);
#4727 = CARTESIAN_POINT('',(17.4125,-5.5,1.51));
#4728 = VECTOR('',#4729,1.);
#4729 = DIRECTION('',(1.,0.,0.));
#4730 = PLANE('',#4731);
#4731 = AXIS2_PLACEMENT_3D('',#4732,#4733,#4734);
#4732 = CARTESIAN_POINT('',(17.4125,-5.5,1.51));
#4733 = DIRECTION('',(0.,1.,0.));
#4734 = DIRECTION('',(1.,0.,0.));
#4735 = ADVANCED_FACE('',(#4736),#4761,.T.);
#4736 = FACE_BOUND('',#4737,.T.);
#4737 = EDGE_LOOP('',(#4738,#4739,#4747,#4755));
#4738 = ORIENTED_EDGE('',*,*,#4717,.T.);
#4739 = ORIENTED_EDGE('',*,*,#4740,.T.);
#4740 = EDGE_CURVE('',#4710,#4741,#4743,.T.);
#4741 = VERTEX_POINT('',#4742);
#4742 = CARTESIAN_POINT('',(26.837963,-5.5566,1.545));
#4743 = LINE('',#4744,#4745);
#4744 = CARTESIAN_POINT('',(26.935997,-5.5,1.545));
#4745 = VECTOR('',#4746,1.);
#4746 = DIRECTION('',(-0.866025236584,-0.5000002896,0.));
#4747 = ORIENTED_EDGE('',*,*,#4748,.F.);
#4748 = EDGE_CURVE('',#4749,#4741,#4751,.T.);
#4749 = VERTEX_POINT('',#4750);
#4750 = CARTESIAN_POINT('',(26.837963,-5.5566,1.51));
#4751 = LINE('',#4752,#4753);
#4752 = CARTESIAN_POINT('',(26.837963,-5.5566,1.51));
#4753 = VECTOR('',#4754,1.);
#4754 = DIRECTION('',(0.,0.,1.));
#4755 = ORIENTED_EDGE('',*,*,#4756,.F.);
#4756 = EDGE_CURVE('',#4718,#4749,#4757,.T.);
#4757 = LINE('',#4758,#4759);
#4758 = CARTESIAN_POINT('',(26.935997,-5.5,1.51));
#4759 = VECTOR('',#4760,1.);
#4760 = DIRECTION('',(-0.866025236584,-0.5000002896,0.));
#4761 = PLANE('',#4762);
#4762 = AXIS2_PLACEMENT_3D('',#4763,#4764,#4765);
#4763 = CARTESIAN_POINT('',(26.935997,-5.5,1.51));
#4764 = DIRECTION('',(0.5000002896,-0.866025236584,0.));
#4765 = DIRECTION('',(-0.866025236584,-0.5000002896,0.));
#4766 = ADVANCED_FACE('',(#4767),#4794,.F.);
#4767 = FACE_BOUND('',#4768,.T.);
#4768 = EDGE_LOOP('',(#4769,#4770,#4779,#4787));
#4769 = ORIENTED_EDGE('',*,*,#4748,.T.);
#4770 = ORIENTED_EDGE('',*,*,#4771,.T.);
#4771 = EDGE_CURVE('',#4741,#4772,#4774,.T.);
#4772 = VERTEX_POINT('',#4773);
#4773 = CARTESIAN_POINT('',(26.837963,-6.443399,1.545));
#4774 = CIRCLE('',#4775,0.558891235865);
#4775 = AXIS2_PLACEMENT_3D('',#4776,#4777,#4778);
#4776 = CARTESIAN_POINT('',(27.178192770783,-5.9999995,1.545));
#4777 = DIRECTION('',(0.,0.,1.));
#4778 = DIRECTION('',(-0.608758464884,0.793355614735,0.));
#4779 = ORIENTED_EDGE('',*,*,#4780,.F.);
#4780 = EDGE_CURVE('',#4781,#4772,#4783,.T.);
#4781 = VERTEX_POINT('',#4782);
#4782 = CARTESIAN_POINT('',(26.837963,-6.443399,1.51));
#4783 = LINE('',#4784,#4785);
#4784 = CARTESIAN_POINT('',(26.837963,-6.443399,1.51));
#4785 = VECTOR('',#4786,1.);
#4786 = DIRECTION('',(0.,0.,1.));
#4787 = ORIENTED_EDGE('',*,*,#4788,.F.);
#4788 = EDGE_CURVE('',#4749,#4781,#4789,.T.);
#4789 = CIRCLE('',#4790,0.558891235865);
#4790 = AXIS2_PLACEMENT_3D('',#4791,#4792,#4793);
#4791 = CARTESIAN_POINT('',(27.178192770783,-5.9999995,1.51));
#4792 = DIRECTION('',(0.,0.,1.));
#4793 = DIRECTION('',(-0.608758464884,0.793355614735,0.));
#4794 = CYLINDRICAL_SURFACE('',#4795,0.558891235865);
#4795 = AXIS2_PLACEMENT_3D('',#4796,#4797,#4798);
#4796 = CARTESIAN_POINT('',(27.178192770783,-5.9999995,1.51));
#4797 = DIRECTION('',(-0.,-0.,-1.));
#4798 = DIRECTION('',(-0.608758464884,0.793355614735,0.));
#4799 = ADVANCED_FACE('',(#4800),#4825,.T.);
#4800 = FACE_BOUND('',#4801,.T.);
#4801 = EDGE_LOOP('',(#4802,#4803,#4811,#4819));
#4802 = ORIENTED_EDGE('',*,*,#4780,.T.);
#4803 = ORIENTED_EDGE('',*,*,#4804,.T.);
#4804 = EDGE_CURVE('',#4772,#4805,#4807,.T.);
#4805 = VERTEX_POINT('',#4806);
#4806 = CARTESIAN_POINT('',(26.935999,-6.5,1.545));
#4807 = LINE('',#4808,#4809);
#4808 = CARTESIAN_POINT('',(26.837963,-6.443399,1.545));
#4809 = VECTOR('',#4810,1.);
#4810 = DIRECTION('',(0.866025828336,-0.499999264654,0.));
#4811 = ORIENTED_EDGE('',*,*,#4812,.F.);
#4812 = EDGE_CURVE('',#4813,#4805,#4815,.T.);
#4813 = VERTEX_POINT('',#4814);
#4814 = CARTESIAN_POINT('',(26.935999,-6.5,1.51));
#4815 = LINE('',#4816,#4817);
#4816 = CARTESIAN_POINT('',(26.935999,-6.5,1.51));
#4817 = VECTOR('',#4818,1.);
#4818 = DIRECTION('',(0.,0.,1.));
#4819 = ORIENTED_EDGE('',*,*,#4820,.F.);
#4820 = EDGE_CURVE('',#4781,#4813,#4821,.T.);
#4821 = LINE('',#4822,#4823);
#4822 = CARTESIAN_POINT('',(26.837963,-6.443399,1.51));
#4823 = VECTOR('',#4824,1.);
#4824 = DIRECTION('',(0.866025828336,-0.499999264654,0.));
#4825 = PLANE('',#4826);
#4826 = AXIS2_PLACEMENT_3D('',#4827,#4828,#4829);
#4827 = CARTESIAN_POINT('',(26.837963,-6.443399,1.51));
#4828 = DIRECTION('',(0.499999264654,0.866025828336,-0.));
#4829 = DIRECTION('',(0.866025828336,-0.499999264654,0.));
#4830 = ADVANCED_FACE('',(#4831),#4847,.T.);
#4831 = FACE_BOUND('',#4832,.T.);
#4832 = EDGE_LOOP('',(#4833,#4834,#4840,#4841));
#4833 = ORIENTED_EDGE('',*,*,#4812,.T.);
#4834 = ORIENTED_EDGE('',*,*,#4835,.T.);
#4835 = EDGE_CURVE('',#4805,#4669,#4836,.T.);
#4836 = LINE('',#4837,#4838);
#4837 = CARTESIAN_POINT('',(26.935999,-6.5,1.545));
#4838 = VECTOR('',#4839,1.);
#4839 = DIRECTION('',(-1.,0.,0.));
#4840 = ORIENTED_EDGE('',*,*,#4666,.F.);
#4841 = ORIENTED_EDGE('',*,*,#4842,.F.);
#4842 = EDGE_CURVE('',#4813,#4667,#4843,.T.);
#4843 = LINE('',#4844,#4845);
#4844 = CARTESIAN_POINT('',(26.935999,-6.5,1.51));
#4845 = VECTOR('',#4846,1.);
#4846 = DIRECTION('',(-1.,0.,0.));
#4847 = PLANE('',#4848);
#4848 = AXIS2_PLACEMENT_3D('',#4849,#4850,#4851);
#4849 = CARTESIAN_POINT('',(26.935999,-6.5,1.51));
#4850 = DIRECTION('',(0.,-1.,0.));
#4851 = DIRECTION('',(-1.,0.,0.));
#4852 = ADVANCED_FACE('',(#4853),#4861,.F.);
#4853 = FACE_BOUND('',#4854,.T.);
#4854 = EDGE_LOOP('',(#4855,#4856,#4857,#4858,#4859,#4860));
#4855 = ORIENTED_EDGE('',*,*,#4693,.T.);
#4856 = ORIENTED_EDGE('',*,*,#4725,.T.);
#4857 = ORIENTED_EDGE('',*,*,#4756,.T.);
#4858 = ORIENTED_EDGE('',*,*,#4788,.T.);
#4859 = ORIENTED_EDGE('',*,*,#4820,.T.);
#4860 = ORIENTED_EDGE('',*,*,#4842,.T.);
#4861 = PLANE('',#4862);
#4862 = AXIS2_PLACEMENT_3D('',#4863,#4864,#4865);
#4863 = CARTESIAN_POINT('',(0.,0.,1.51));
#4864 = DIRECTION('',(0.,0.,1.));
#4865 = DIRECTION('',(1.,0.,-0.));
#4866 = ADVANCED_FACE('',(#4867),#4875,.T.);
#4867 = FACE_BOUND('',#4868,.F.);
#4868 = EDGE_LOOP('',(#4869,#4870,#4871,#4872,#4873,#4874));
#4869 = ORIENTED_EDGE('',*,*,#4676,.T.);
#4870 = ORIENTED_EDGE('',*,*,#4709,.T.);
#4871 = ORIENTED_EDGE('',*,*,#4740,.T.);
#4872 = ORIENTED_EDGE('',*,*,#4771,.T.);
#4873 = ORIENTED_EDGE('',*,*,#4804,.T.);
#4874 = ORIENTED_EDGE('',*,*,#4835,.T.);
#4875 = PLANE('',#4876);
#4876 = AXIS2_PLACEMENT_3D('',#4877,#4878,#4879);
#4877 = CARTESIAN_POINT('',(0.,0.,1.545));
#4878 = DIRECTION('',(0.,0.,1.));
#4879 = DIRECTION('',(1.,0.,-0.));
#4880 = MANIFOLD_SOLID_BREP('',#4881);
#4881 = CLOSED_SHELL('',(#4882,#4924,#4955,#4986,#5017,#5050,#5081,#5114
    ,#5145,#5167,#5184));
#4882 = ADVANCED_FACE('',(#4883),#4919,.F.);
#4883 = FACE_BOUND('',#4884,.T.);
#4884 = EDGE_LOOP('',(#4885,#4895,#4904,#4912));
#4885 = ORIENTED_EDGE('',*,*,#4886,.T.);
#4886 = EDGE_CURVE('',#4887,#4889,#4891,.T.);
#4887 = VERTEX_POINT('',#4888);
#4888 = CARTESIAN_POINT('',(29.274794,-6.34023,1.51));
#4889 = VERTEX_POINT('',#4890);
#4890 = CARTESIAN_POINT('',(29.274794,-6.34023,1.545));
#4891 = LINE('',#4892,#4893);
#4892 = CARTESIAN_POINT('',(29.274794,-6.34023,1.51));
#4893 = VECTOR('',#4894,1.);
#4894 = DIRECTION('',(0.,0.,1.));
#4895 = ORIENTED_EDGE('',*,*,#4896,.T.);
#4896 = EDGE_CURVE('',#4889,#4897,#4899,.T.);
#4897 = VERTEX_POINT('',#4898);
#4898 = CARTESIAN_POINT('',(30.161593,-6.34023,1.545));
#4899 = CIRCLE('',#4900,0.558764432803);
#4900 = AXIS2_PLACEMENT_3D('',#4901,#4902,#4903);
#4901 = CARTESIAN_POINT('',(29.7181935,-6.000208567198,1.545));
#4902 = DIRECTION('',(0.,0.,1.));
#4903 = DIRECTION('',(-0.793535654687,-0.608523758567,0.));
#4904 = ORIENTED_EDGE('',*,*,#4905,.F.);
#4905 = EDGE_CURVE('',#4906,#4897,#4908,.T.);
#4906 = VERTEX_POINT('',#4907);
#4907 = CARTESIAN_POINT('',(30.161593,-6.34023,1.51));
#4908 = LINE('',#4909,#4910);
#4909 = CARTESIAN_POINT('',(30.161593,-6.34023,1.51));
#4910 = VECTOR('',#4911,1.);
#4911 = DIRECTION('',(0.,0.,1.));
#4912 = ORIENTED_EDGE('',*,*,#4913,.F.);
#4913 = EDGE_CURVE('',#4887,#4906,#4914,.T.);
#4914 = CIRCLE('',#4915,0.558764432803);
#4915 = AXIS2_PLACEMENT_3D('',#4916,#4917,#4918);
#4916 = CARTESIAN_POINT('',(29.7181935,-6.000208567198,1.51));
#4917 = DIRECTION('',(0.,0.,1.));
#4918 = DIRECTION('',(-0.793535654687,-0.608523758567,0.));
#4919 = CYLINDRICAL_SURFACE('',#4920,0.558764432803);
#4920 = AXIS2_PLACEMENT_3D('',#4921,#4922,#4923);
#4921 = CARTESIAN_POINT('',(29.7181935,-6.000208567198,1.51));
#4922 = DIRECTION('',(-0.,-0.,-1.));
#4923 = DIRECTION('',(-0.793535654687,-0.608523758567,0.));
#4924 = ADVANCED_FACE('',(#4925),#4950,.T.);
#4925 = FACE_BOUND('',#4926,.T.);
#4926 = EDGE_LOOP('',(#4927,#4928,#4936,#4944));
#4927 = ORIENTED_EDGE('',*,*,#4905,.T.);
#4928 = ORIENTED_EDGE('',*,*,#4929,.T.);
#4929 = EDGE_CURVE('',#4897,#4930,#4932,.T.);
#4930 = VERTEX_POINT('',#4931);
#4931 = CARTESIAN_POINT('',(30.218194,-6.242194,1.545));
#4932 = LINE('',#4933,#4934);
#4933 = CARTESIAN_POINT('',(30.161593,-6.34023,1.545));
#4934 = VECTOR('',#4935,1.);
#4935 = DIRECTION('',(0.499999264654,0.866025828336,0.));
#4936 = ORIENTED_EDGE('',*,*,#4937,.F.);
#4937 = EDGE_CURVE('',#4938,#4930,#4940,.T.);
#4938 = VERTEX_POINT('',#4939);
#4939 = CARTESIAN_POINT('',(30.218194,-6.242194,1.51));
#4940 = LINE('',#4941,#4942);
#4941 = CARTESIAN_POINT('',(30.218194,-6.242194,1.51));
#4942 = VECTOR('',#4943,1.);
#4943 = DIRECTION('',(0.,0.,1.));
#4944 = ORIENTED_EDGE('',*,*,#4945,.F.);
#4945 = EDGE_CURVE('',#4906,#4938,#4946,.T.);
#4946 = LINE('',#4947,#4948);
#4947 = CARTESIAN_POINT('',(30.161593,-6.34023,1.51));
#4948 = VECTOR('',#4949,1.);
#4949 = DIRECTION('',(0.499999264654,0.866025828336,0.));
#4950 = PLANE('',#4951);
#4951 = AXIS2_PLACEMENT_3D('',#4952,#4953,#4954);
#4952 = CARTESIAN_POINT('',(30.161593,-6.34023,1.51));
#4953 = DIRECTION('',(-0.866025828336,0.499999264654,0.));
#4954 = DIRECTION('',(0.499999264654,0.866025828336,0.));
#4955 = ADVANCED_FACE('',(#4956),#4981,.T.);
#4956 = FACE_BOUND('',#4957,.T.);
#4957 = EDGE_LOOP('',(#4958,#4959,#4967,#4975));
#4958 = ORIENTED_EDGE('',*,*,#4937,.T.);
#4959 = ORIENTED_EDGE('',*,*,#4960,.T.);
#4960 = EDGE_CURVE('',#4930,#4961,#4963,.T.);
#4961 = VERTEX_POINT('',#4962);
#4962 = CARTESIAN_POINT('',(30.218194,-10.922782,1.545));
#4963 = LINE('',#4964,#4965);
#4964 = CARTESIAN_POINT('',(30.218194,-6.242194,1.545));
#4965 = VECTOR('',#4966,1.);
#4966 = DIRECTION('',(0.,-1.,0.));
#4967 = ORIENTED_EDGE('',*,*,#4968,.F.);
#4968 = EDGE_CURVE('',#4969,#4961,#4971,.T.);
#4969 = VERTEX_POINT('',#4970);
#4970 = CARTESIAN_POINT('',(30.218194,-10.922782,1.51));
#4971 = LINE('',#4972,#4973);
#4972 = CARTESIAN_POINT('',(30.218194,-10.922782,1.51));
#4973 = VECTOR('',#4974,1.);
#4974 = DIRECTION('',(0.,0.,1.));
#4975 = ORIENTED_EDGE('',*,*,#4976,.F.);
#4976 = EDGE_CURVE('',#4938,#4969,#4977,.T.);
#4977 = LINE('',#4978,#4979);
#4978 = CARTESIAN_POINT('',(30.218194,-6.242194,1.51));
#4979 = VECTOR('',#4980,1.);
#4980 = DIRECTION('',(0.,-1.,0.));
#4981 = PLANE('',#4982);
#4982 = AXIS2_PLACEMENT_3D('',#4983,#4984,#4985);
#4983 = CARTESIAN_POINT('',(30.218194,-6.242194,1.51));
#4984 = DIRECTION('',(1.,0.,-0.));
#4985 = DIRECTION('',(0.,-1.,0.));
#4986 = ADVANCED_FACE('',(#4987),#5012,.T.);
#4987 = FACE_BOUND('',#4988,.T.);
#4988 = EDGE_LOOP('',(#4989,#4990,#4998,#5006));
#4989 = ORIENTED_EDGE('',*,*,#4968,.T.);
#4990 = ORIENTED_EDGE('',*,*,#4991,.T.);
#4991 = EDGE_CURVE('',#4961,#4992,#4994,.T.);
#4992 = VERTEX_POINT('',#4993);
#4993 = CARTESIAN_POINT('',(30.233723,-10.980737,1.545));
#4994 = LINE('',#4995,#4996);
#4995 = CARTESIAN_POINT('',(30.218194,-10.922782,1.545));
#4996 = VECTOR('',#4997,1.);
#4997 = DIRECTION('',(0.258819115898,-0.965925807319,0.));
#4998 = ORIENTED_EDGE('',*,*,#4999,.F.);
#4999 = EDGE_CURVE('',#5000,#4992,#5002,.T.);
#5000 = VERTEX_POINT('',#5001);
#5001 = CARTESIAN_POINT('',(30.233723,-10.980737,1.51));
#5002 = LINE('',#5003,#5004);
#5003 = CARTESIAN_POINT('',(30.233723,-10.980737,1.51));
#5004 = VECTOR('',#5005,1.);
#5005 = DIRECTION('',(0.,0.,1.));
#5006 = ORIENTED_EDGE('',*,*,#5007,.F.);
#5007 = EDGE_CURVE('',#4969,#5000,#5008,.T.);
#5008 = LINE('',#5009,#5010);
#5009 = CARTESIAN_POINT('',(30.218194,-10.922782,1.51));
#5010 = VECTOR('',#5011,1.);
#5011 = DIRECTION('',(0.258819115898,-0.965925807319,0.));
#5012 = PLANE('',#5013);
#5013 = AXIS2_PLACEMENT_3D('',#5014,#5015,#5016);
#5014 = CARTESIAN_POINT('',(30.218194,-10.922782,1.51));
#5015 = DIRECTION('',(0.965925807319,0.258819115898,-0.));
#5016 = DIRECTION('',(0.258819115898,-0.965925807319,0.));
#5017 = ADVANCED_FACE('',(#5018),#5045,.T.);
#5018 = FACE_BOUND('',#5019,.T.);
#5019 = EDGE_LOOP('',(#5020,#5021,#5030,#5038));
#5020 = ORIENTED_EDGE('',*,*,#4999,.T.);
#5021 = ORIENTED_EDGE('',*,*,#5022,.T.);
#5022 = EDGE_CURVE('',#4992,#5023,#5025,.T.);
#5023 = VERTEX_POINT('',#5024);
#5024 = CARTESIAN_POINT('',(29.364641,-11.379747,1.545));
#5025 = CIRCLE('',#5026,0.500562672189);
#5026 = AXIS2_PLACEMENT_3D('',#5027,#5028,#5029);
#5027 = CARTESIAN_POINT('',(29.737386561207,-11.0456456151,1.545));
#5028 = DIRECTION('',(0.,0.,-1.));
#5029 = DIRECTION('',(0.991557034453,0.129671305334,0.));
#5030 = ORIENTED_EDGE('',*,*,#5031,.F.);
#5031 = EDGE_CURVE('',#5032,#5023,#5034,.T.);
#5032 = VERTEX_POINT('',#5033);
#5033 = CARTESIAN_POINT('',(29.364641,-11.379747,1.51));
#5034 = LINE('',#5035,#5036);
#5035 = CARTESIAN_POINT('',(29.364641,-11.379747,1.51));
#5036 = VECTOR('',#5037,1.);
#5037 = DIRECTION('',(0.,0.,1.));
#5038 = ORIENTED_EDGE('',*,*,#5039,.F.);
#5039 = EDGE_CURVE('',#5000,#5032,#5040,.T.);
#5040 = CIRCLE('',#5041,0.500562672189);
#5041 = AXIS2_PLACEMENT_3D('',#5042,#5043,#5044);
#5042 = CARTESIAN_POINT('',(29.737386561207,-11.0456456151,1.51));
#5043 = DIRECTION('',(0.,0.,-1.));
#5044 = DIRECTION('',(0.991557034453,0.129671305334,0.));
#5045 = CYLINDRICAL_SURFACE('',#5046,0.500562672189);
#5046 = AXIS2_PLACEMENT_3D('',#5047,#5048,#5049);
#5047 = CARTESIAN_POINT('',(29.737386561207,-11.0456456151,1.51));
#5048 = DIRECTION('',(0.,0.,-1.));
#5049 = DIRECTION('',(0.991557034453,0.129671305334,0.));
#5050 = ADVANCED_FACE('',(#5051),#5076,.T.);
#5051 = FACE_BOUND('',#5052,.T.);
#5052 = EDGE_LOOP('',(#5053,#5054,#5062,#5070));
#5053 = ORIENTED_EDGE('',*,*,#5031,.T.);
#5054 = ORIENTED_EDGE('',*,*,#5055,.T.);
#5055 = EDGE_CURVE('',#5023,#5056,#5058,.T.);
#5056 = VERTEX_POINT('',#5057);
#5057 = CARTESIAN_POINT('',(29.321517,-11.330575,1.545));
#5058 = LINE('',#5059,#5060);
#5059 = CARTESIAN_POINT('',(29.364641,-11.379747,1.545));
#5060 = VECTOR('',#5061,1.);
#5061 = DIRECTION('',(-0.659357166092,0.751829852775,0.));
#5062 = ORIENTED_EDGE('',*,*,#5063,.F.);
#5063 = EDGE_CURVE('',#5064,#5056,#5066,.T.);
#5064 = VERTEX_POINT('',#5065);
#5065 = CARTESIAN_POINT('',(29.321517,-11.330575,1.51));
#5066 = LINE('',#5067,#5068);
#5067 = CARTESIAN_POINT('',(29.321517,-11.330575,1.51));
#5068 = VECTOR('',#5069,1.);
#5069 = DIRECTION('',(0.,0.,1.));
#5070 = ORIENTED_EDGE('',*,*,#5071,.F.);
#5071 = EDGE_CURVE('',#5032,#5064,#5072,.T.);
#5072 = LINE('',#5073,#5074);
#5073 = CARTESIAN_POINT('',(29.364641,-11.379747,1.51));
#5074 = VECTOR('',#5075,1.);
#5075 = DIRECTION('',(-0.659357166092,0.751829852775,0.));
#5076 = PLANE('',#5077);
#5077 = AXIS2_PLACEMENT_3D('',#5078,#5079,#5080);
#5078 = CARTESIAN_POINT('',(29.364641,-11.379747,1.51));
#5079 = DIRECTION('',(-0.751829852775,-0.659357166092,0.));
#5080 = DIRECTION('',(-0.659357166092,0.751829852775,0.));
#5081 = ADVANCED_FACE('',(#5082),#5109,.T.);
#5082 = FACE_BOUND('',#5083,.T.);
#5083 = EDGE_LOOP('',(#5084,#5085,#5094,#5102));
#5084 = ORIENTED_EDGE('',*,*,#5063,.T.);
#5085 = ORIENTED_EDGE('',*,*,#5086,.T.);
#5086 = EDGE_CURVE('',#5056,#5087,#5089,.T.);
#5087 = VERTEX_POINT('',#5088);
#5088 = CARTESIAN_POINT('',(29.218194,-11.026194,1.545));
#5089 = CIRCLE('',#5090,0.499999055405);
#5090 = AXIS2_PLACEMENT_3D('',#5091,#5092,#5093);
#5091 = CARTESIAN_POINT('',(29.718193055404,-11.02619503601,1.545));
#5092 = DIRECTION('',(0.,0.,-1.));
#5093 = DIRECTION('',(-0.793353609603,-0.608761078034,-0.));
#5094 = ORIENTED_EDGE('',*,*,#5095,.F.);
#5095 = EDGE_CURVE('',#5096,#5087,#5098,.T.);
#5096 = VERTEX_POINT('',#5097);
#5097 = CARTESIAN_POINT('',(29.218194,-11.026194,1.51));
#5098 = LINE('',#5099,#5100);
#5099 = CARTESIAN_POINT('',(29.218194,-11.026194,1.51));
#5100 = VECTOR('',#5101,1.);
#5101 = DIRECTION('',(0.,0.,1.));
#5102 = ORIENTED_EDGE('',*,*,#5103,.F.);
#5103 = EDGE_CURVE('',#5064,#5096,#5104,.T.);
#5104 = CIRCLE('',#5105,0.499999055405);
#5105 = AXIS2_PLACEMENT_3D('',#5106,#5107,#5108);
#5106 = CARTESIAN_POINT('',(29.718193055404,-11.02619503601,1.51));
#5107 = DIRECTION('',(0.,0.,-1.));
#5108 = DIRECTION('',(-0.793353609603,-0.608761078034,-0.));
#5109 = CYLINDRICAL_SURFACE('',#5110,0.499999055405);
#5110 = AXIS2_PLACEMENT_3D('',#5111,#5112,#5113);
#5111 = CARTESIAN_POINT('',(29.718193055404,-11.02619503601,1.51));
#5112 = DIRECTION('',(0.,0.,-1.));
#5113 = DIRECTION('',(-0.793353609603,-0.608761078034,-0.));
#5114 = ADVANCED_FACE('',(#5115),#5140,.T.);
#5115 = FACE_BOUND('',#5116,.T.);
#5116 = EDGE_LOOP('',(#5117,#5118,#5126,#5134));
#5117 = ORIENTED_EDGE('',*,*,#5095,.T.);
#5118 = ORIENTED_EDGE('',*,*,#5119,.T.);
#5119 = EDGE_CURVE('',#5087,#5120,#5122,.T.);
#5120 = VERTEX_POINT('',#5121);
#5121 = CARTESIAN_POINT('',(29.218194,-6.242196,1.545));
#5122 = LINE('',#5123,#5124);
#5123 = CARTESIAN_POINT('',(29.218194,-11.026194,1.545));
#5124 = VECTOR('',#5125,1.);
#5125 = DIRECTION('',(0.,1.,0.));
#5126 = ORIENTED_EDGE('',*,*,#5127,.F.);
#5127 = EDGE_CURVE('',#5128,#5120,#5130,.T.);
#5128 = VERTEX_POINT('',#5129);
#5129 = CARTESIAN_POINT('',(29.218194,-6.242196,1.51));
#5130 = LINE('',#5131,#5132);
#5131 = CARTESIAN_POINT('',(29.218194,-6.242196,1.51));
#5132 = VECTOR('',#5133,1.);
#5133 = DIRECTION('',(0.,0.,1.));
#5134 = ORIENTED_EDGE('',*,*,#5135,.F.);
#5135 = EDGE_CURVE('',#5096,#5128,#5136,.T.);
#5136 = LINE('',#5137,#5138);
#5137 = CARTESIAN_POINT('',(29.218194,-11.026194,1.51));
#5138 = VECTOR('',#5139,1.);
#5139 = DIRECTION('',(0.,1.,0.));
#5140 = PLANE('',#5141);
#5141 = AXIS2_PLACEMENT_3D('',#5142,#5143,#5144);
#5142 = CARTESIAN_POINT('',(29.218194,-11.026194,1.51));
#5143 = DIRECTION('',(-1.,0.,0.));
#5144 = DIRECTION('',(0.,1.,0.));
#5145 = ADVANCED_FACE('',(#5146),#5162,.T.);
#5146 = FACE_BOUND('',#5147,.T.);
#5147 = EDGE_LOOP('',(#5148,#5149,#5155,#5156));
#5148 = ORIENTED_EDGE('',*,*,#5127,.T.);
#5149 = ORIENTED_EDGE('',*,*,#5150,.T.);
#5150 = EDGE_CURVE('',#5120,#4889,#5151,.T.);
#5151 = LINE('',#5152,#5153);
#5152 = CARTESIAN_POINT('',(29.218194,-6.242196,1.545));
#5153 = VECTOR('',#5154,1.);
#5154 = DIRECTION('',(0.5000002896,-0.866025236584,0.));
#5155 = ORIENTED_EDGE('',*,*,#4886,.F.);
#5156 = ORIENTED_EDGE('',*,*,#5157,.F.);
#5157 = EDGE_CURVE('',#5128,#4887,#5158,.T.);
#5158 = LINE('',#5159,#5160);
#5159 = CARTESIAN_POINT('',(29.218194,-6.242196,1.51));
#5160 = VECTOR('',#5161,1.);
#5161 = DIRECTION('',(0.5000002896,-0.866025236584,0.));
#5162 = PLANE('',#5163);
#5163 = AXIS2_PLACEMENT_3D('',#5164,#5165,#5166);
#5164 = CARTESIAN_POINT('',(29.218194,-6.242196,1.51));
#5165 = DIRECTION('',(0.866025236584,0.5000002896,-0.));
#5166 = DIRECTION('',(0.5000002896,-0.866025236584,0.));
#5167 = ADVANCED_FACE('',(#5168),#5179,.F.);
#5168 = FACE_BOUND('',#5169,.T.);
#5169 = EDGE_LOOP('',(#5170,#5171,#5172,#5173,#5174,#5175,#5176,#5177,
    #5178));
#5170 = ORIENTED_EDGE('',*,*,#4913,.T.);
#5171 = ORIENTED_EDGE('',*,*,#4945,.T.);
#5172 = ORIENTED_EDGE('',*,*,#4976,.T.);
#5173 = ORIENTED_EDGE('',*,*,#5007,.T.);
#5174 = ORIENTED_EDGE('',*,*,#5039,.T.);
#5175 = ORIENTED_EDGE('',*,*,#5071,.T.);
#5176 = ORIENTED_EDGE('',*,*,#5103,.T.);
#5177 = ORIENTED_EDGE('',*,*,#5135,.T.);
#5178 = ORIENTED_EDGE('',*,*,#5157,.T.);
#5179 = PLANE('',#5180);
#5180 = AXIS2_PLACEMENT_3D('',#5181,#5182,#5183);
#5181 = CARTESIAN_POINT('',(0.,0.,1.51));
#5182 = DIRECTION('',(0.,0.,1.));
#5183 = DIRECTION('',(1.,0.,-0.));
#5184 = ADVANCED_FACE('',(#5185),#5196,.T.);
#5185 = FACE_BOUND('',#5186,.F.);
#5186 = EDGE_LOOP('',(#5187,#5188,#5189,#5190,#5191,#5192,#5193,#5194,
    #5195));
#5187 = ORIENTED_EDGE('',*,*,#4896,.T.);
#5188 = ORIENTED_EDGE('',*,*,#4929,.T.);
#5189 = ORIENTED_EDGE('',*,*,#4960,.T.);
#5190 = ORIENTED_EDGE('',*,*,#4991,.T.);
#5191 = ORIENTED_EDGE('',*,*,#5022,.T.);
#5192 = ORIENTED_EDGE('',*,*,#5055,.T.);
#5193 = ORIENTED_EDGE('',*,*,#5086,.T.);
#5194 = ORIENTED_EDGE('',*,*,#5119,.T.);
#5195 = ORIENTED_EDGE('',*,*,#5150,.T.);
#5196 = PLANE('',#5197);
#5197 = AXIS2_PLACEMENT_3D('',#5198,#5199,#5200);
#5198 = CARTESIAN_POINT('',(0.,0.,1.545));
#5199 = DIRECTION('',(0.,0.,1.));
#5200 = DIRECTION('',(1.,0.,-0.));
#5201 = MANIFOLD_SOLID_BREP('',#5202);
#5202 = CLOSED_SHELL('',(#5203,#5245,#5276,#5309,#5331,#5364,#5379));
#5203 = ADVANCED_FACE('',(#5204),#5240,.T.);
#5204 = FACE_BOUND('',#5205,.T.);
#5205 = EDGE_LOOP('',(#5206,#5216,#5225,#5233));
#5206 = ORIENTED_EDGE('',*,*,#5207,.T.);
#5207 = EDGE_CURVE('',#5208,#5210,#5212,.T.);
#5208 = VERTEX_POINT('',#5209);
#5209 = CARTESIAN_POINT('',(12.,-6.5,1.51));
#5210 = VERTEX_POINT('',#5211);
#5211 = CARTESIAN_POINT('',(12.,-6.5,1.545));
#5212 = LINE('',#5213,#5214);
#5213 = CARTESIAN_POINT('',(12.,-6.5,1.51));
#5214 = VECTOR('',#5215,1.);
#5215 = DIRECTION('',(0.,0.,1.));
#5216 = ORIENTED_EDGE('',*,*,#5217,.T.);
#5217 = EDGE_CURVE('',#5210,#5218,#5220,.T.);
#5218 = VERTEX_POINT('',#5219);
#5219 = CARTESIAN_POINT('',(12.,-5.5,1.545));
#5220 = CIRCLE('',#5221,0.5);
#5221 = AXIS2_PLACEMENT_3D('',#5222,#5223,#5224);
#5222 = CARTESIAN_POINT('',(12.00000044334,-6.,1.545));
#5223 = DIRECTION('',(0.,0.,-1.));
#5224 = DIRECTION('',(-8.866804357407E-07,-1.,-0.));
#5225 = ORIENTED_EDGE('',*,*,#5226,.F.);
#5226 = EDGE_CURVE('',#5227,#5218,#5229,.T.);
#5227 = VERTEX_POINT('',#5228);
#5228 = CARTESIAN_POINT('',(12.,-5.5,1.51));
#5229 = LINE('',#5230,#5231);
#5230 = CARTESIAN_POINT('',(12.,-5.5,1.51));
#5231 = VECTOR('',#5232,1.);
#5232 = DIRECTION('',(0.,0.,1.));
#5233 = ORIENTED_EDGE('',*,*,#5234,.F.);
#5234 = EDGE_CURVE('',#5208,#5227,#5235,.T.);
#5235 = CIRCLE('',#5236,0.5);
#5236 = AXIS2_PLACEMENT_3D('',#5237,#5238,#5239);
#5237 = CARTESIAN_POINT('',(12.00000044334,-6.,1.51));
#5238 = DIRECTION('',(0.,0.,-1.));
#5239 = DIRECTION('',(-8.866804357407E-07,-1.,-0.));
#5240 = CYLINDRICAL_SURFACE('',#5241,0.5);
#5241 = AXIS2_PLACEMENT_3D('',#5242,#5243,#5244);
#5242 = CARTESIAN_POINT('',(12.00000044334,-6.,1.51));
#5243 = DIRECTION('',(0.,0.,-1.));
#5244 = DIRECTION('',(-8.866804357407E-07,-1.,-0.));
#5245 = ADVANCED_FACE('',(#5246),#5271,.T.);
#5246 = FACE_BOUND('',#5247,.T.);
#5247 = EDGE_LOOP('',(#5248,#5249,#5257,#5265));
#5248 = ORIENTED_EDGE('',*,*,#5226,.T.);
#5249 = ORIENTED_EDGE('',*,*,#5250,.T.);
#5250 = EDGE_CURVE('',#5218,#5251,#5253,.T.);
#5251 = VERTEX_POINT('',#5252);
#5252 = CARTESIAN_POINT('',(15.5875,-5.5,1.545));
#5253 = LINE('',#5254,#5255);
#5254 = CARTESIAN_POINT('',(12.,-5.5,1.545));
#5255 = VECTOR('',#5256,1.);
#5256 = DIRECTION('',(1.,0.,0.));
#5257 = ORIENTED_EDGE('',*,*,#5258,.F.);
#5258 = EDGE_CURVE('',#5259,#5251,#5261,.T.);
#5259 = VERTEX_POINT('',#5260);
#5260 = CARTESIAN_POINT('',(15.5875,-5.5,1.51));
#5261 = LINE('',#5262,#5263);
#5262 = CARTESIAN_POINT('',(15.5875,-5.5,1.51));
#5263 = VECTOR('',#5264,1.);
#5264 = DIRECTION('',(0.,0.,1.));
#5265 = ORIENTED_EDGE('',*,*,#5266,.F.);
#5266 = EDGE_CURVE('',#5227,#5259,#5267,.T.);
#5267 = LINE('',#5268,#5269);
#5268 = CARTESIAN_POINT('',(12.,-5.5,1.51));
#5269 = VECTOR('',#5270,1.);
#5270 = DIRECTION('',(1.,0.,0.));
#5271 = PLANE('',#5272);
#5272 = AXIS2_PLACEMENT_3D('',#5273,#5274,#5275);
#5273 = CARTESIAN_POINT('',(12.,-5.5,1.51));
#5274 = DIRECTION('',(0.,1.,0.));
#5275 = DIRECTION('',(1.,0.,0.));
#5276 = ADVANCED_FACE('',(#5277),#5304,.T.);
#5277 = FACE_BOUND('',#5278,.T.);
#5278 = EDGE_LOOP('',(#5279,#5280,#5289,#5297));
#5279 = ORIENTED_EDGE('',*,*,#5258,.T.);
#5280 = ORIENTED_EDGE('',*,*,#5281,.T.);
#5281 = EDGE_CURVE('',#5251,#5282,#5284,.T.);
#5282 = VERTEX_POINT('',#5283);
#5283 = CARTESIAN_POINT('',(15.5875,-6.5,1.545));
#5284 = CIRCLE('',#5285,0.5);
#5285 = AXIS2_PLACEMENT_3D('',#5286,#5287,#5288);
#5286 = CARTESIAN_POINT('',(15.58749955666,-6.,1.545));
#5287 = DIRECTION('',(0.,0.,-1.));
#5288 = DIRECTION('',(8.866804428461E-07,1.,0.));
#5289 = ORIENTED_EDGE('',*,*,#5290,.F.);
#5290 = EDGE_CURVE('',#5291,#5282,#5293,.T.);
#5291 = VERTEX_POINT('',#5292);
#5292 = CARTESIAN_POINT('',(15.5875,-6.5,1.51));
#5293 = LINE('',#5294,#5295);
#5294 = CARTESIAN_POINT('',(15.5875,-6.5,1.51));
#5295 = VECTOR('',#5296,1.);
#5296 = DIRECTION('',(0.,0.,1.));
#5297 = ORIENTED_EDGE('',*,*,#5298,.F.);
#5298 = EDGE_CURVE('',#5259,#5291,#5299,.T.);
#5299 = CIRCLE('',#5300,0.5);
#5300 = AXIS2_PLACEMENT_3D('',#5301,#5302,#5303);
#5301 = CARTESIAN_POINT('',(15.58749955666,-6.,1.51));
#5302 = DIRECTION('',(0.,0.,-1.));
#5303 = DIRECTION('',(8.866804428461E-07,1.,0.));
#5304 = CYLINDRICAL_SURFACE('',#5305,0.5);
#5305 = AXIS2_PLACEMENT_3D('',#5306,#5307,#5308);
#5306 = CARTESIAN_POINT('',(15.58749955666,-6.,1.51));
#5307 = DIRECTION('',(0.,0.,-1.));
#5308 = DIRECTION('',(8.866804428461E-07,1.,0.));
#5309 = ADVANCED_FACE('',(#5310),#5326,.T.);
#5310 = FACE_BOUND('',#5311,.T.);
#5311 = EDGE_LOOP('',(#5312,#5313,#5319,#5320));
#5312 = ORIENTED_EDGE('',*,*,#5290,.T.);
#5313 = ORIENTED_EDGE('',*,*,#5314,.T.);
#5314 = EDGE_CURVE('',#5282,#5210,#5315,.T.);
#5315 = LINE('',#5316,#5317);
#5316 = CARTESIAN_POINT('',(15.5875,-6.5,1.545));
#5317 = VECTOR('',#5318,1.);
#5318 = DIRECTION('',(-1.,0.,0.));
#5319 = ORIENTED_EDGE('',*,*,#5207,.F.);
#5320 = ORIENTED_EDGE('',*,*,#5321,.F.);
#5321 = EDGE_CURVE('',#5291,#5208,#5322,.T.);
#5322 = LINE('',#5323,#5324);
#5323 = CARTESIAN_POINT('',(15.5875,-6.5,1.51));
#5324 = VECTOR('',#5325,1.);
#5325 = DIRECTION('',(-1.,0.,0.));
#5326 = PLANE('',#5327);
#5327 = AXIS2_PLACEMENT_3D('',#5328,#5329,#5330);
#5328 = CARTESIAN_POINT('',(15.5875,-6.5,1.51));
#5329 = DIRECTION('',(0.,-1.,0.));
#5330 = DIRECTION('',(-1.,0.,0.));
#5331 = ADVANCED_FACE('',(#5332),#5359,.F.);
#5332 = FACE_BOUND('',#5333,.T.);
#5333 = EDGE_LOOP('',(#5334,#5344,#5351,#5352));
#5334 = ORIENTED_EDGE('',*,*,#5335,.T.);
#5335 = EDGE_CURVE('',#5336,#5338,#5340,.T.);
#5336 = VERTEX_POINT('',#5337);
#5337 = CARTESIAN_POINT('',(12.412392,-6.,1.51));
#5338 = VERTEX_POINT('',#5339);
#5339 = CARTESIAN_POINT('',(12.412392,-6.,1.545));
#5340 = LINE('',#5341,#5342);
#5341 = CARTESIAN_POINT('',(12.412392,-6.,1.51));
#5342 = VECTOR('',#5343,1.);
#5343 = DIRECTION('',(0.,0.,1.));
#5344 = ORIENTED_EDGE('',*,*,#5345,.T.);
#5345 = EDGE_CURVE('',#5338,#5338,#5346,.T.);
#5346 = CIRCLE('',#5347,0.412392);
#5347 = AXIS2_PLACEMENT_3D('',#5348,#5349,#5350);
#5348 = CARTESIAN_POINT('',(12.,-6.,1.545));
#5349 = DIRECTION('',(0.,0.,1.));
#5350 = DIRECTION('',(1.,0.,-0.));
#5351 = ORIENTED_EDGE('',*,*,#5335,.F.);
#5352 = ORIENTED_EDGE('',*,*,#5353,.F.);
#5353 = EDGE_CURVE('',#5336,#5336,#5354,.T.);
#5354 = CIRCLE('',#5355,0.412392);
#5355 = AXIS2_PLACEMENT_3D('',#5356,#5357,#5358);
#5356 = CARTESIAN_POINT('',(12.,-6.,1.51));
#5357 = DIRECTION('',(0.,0.,1.));
#5358 = DIRECTION('',(1.,0.,-0.));
#5359 = CYLINDRICAL_SURFACE('',#5360,0.412392);
#5360 = AXIS2_PLACEMENT_3D('',#5361,#5362,#5363);
#5361 = CARTESIAN_POINT('',(12.,-6.,1.51));
#5362 = DIRECTION('',(-0.,-0.,-1.));
#5363 = DIRECTION('',(1.,0.,-0.));
#5364 = ADVANCED_FACE('',(#5365,#5371),#5374,.F.);
#5365 = FACE_BOUND('',#5366,.T.);
#5366 = EDGE_LOOP('',(#5367,#5368,#5369,#5370));
#5367 = ORIENTED_EDGE('',*,*,#5234,.T.);
#5368 = ORIENTED_EDGE('',*,*,#5266,.T.);
#5369 = ORIENTED_EDGE('',*,*,#5298,.T.);
#5370 = ORIENTED_EDGE('',*,*,#5321,.T.);
#5371 = FACE_BOUND('',#5372,.T.);
#5372 = EDGE_LOOP('',(#5373));
#5373 = ORIENTED_EDGE('',*,*,#5353,.T.);
#5374 = PLANE('',#5375);
#5375 = AXIS2_PLACEMENT_3D('',#5376,#5377,#5378);
#5376 = CARTESIAN_POINT('',(0.,0.,1.51));
#5377 = DIRECTION('',(0.,0.,1.));
#5378 = DIRECTION('',(1.,0.,-0.));
#5379 = ADVANCED_FACE('',(#5380,#5386),#5389,.T.);
#5380 = FACE_BOUND('',#5381,.F.);
#5381 = EDGE_LOOP('',(#5382,#5383,#5384,#5385));
#5382 = ORIENTED_EDGE('',*,*,#5217,.T.);
#5383 = ORIENTED_EDGE('',*,*,#5250,.T.);
#5384 = ORIENTED_EDGE('',*,*,#5281,.T.);
#5385 = ORIENTED_EDGE('',*,*,#5314,.T.);
#5386 = FACE_BOUND('',#5387,.F.);
#5387 = EDGE_LOOP('',(#5388));
#5388 = ORIENTED_EDGE('',*,*,#5345,.T.);
#5389 = PLANE('',#5390);
#5390 = AXIS2_PLACEMENT_3D('',#5391,#5392,#5393);
#5391 = CARTESIAN_POINT('',(0.,0.,1.545));
#5392 = DIRECTION('',(0.,0.,1.));
#5393 = DIRECTION('',(1.,0.,-0.));
#5394 = MANIFOLD_SOLID_BREP('',#5395);
#5395 = CLOSED_SHELL('',(#5396,#5436,#5467,#5500,#5531,#5564,#5595,#5628
    ,#5659,#5692,#5714,#5732));
#5396 = ADVANCED_FACE('',(#5397),#5431,.T.);
#5397 = FACE_BOUND('',#5398,.T.);
#5398 = EDGE_LOOP('',(#5399,#5409,#5417,#5425));
#5399 = ORIENTED_EDGE('',*,*,#5400,.T.);
#5400 = EDGE_CURVE('',#5401,#5403,#5405,.T.);
#5401 = VERTEX_POINT('',#5402);
#5402 = CARTESIAN_POINT('',(13.151,-28.832894,1.51));
#5403 = VERTEX_POINT('',#5404);
#5404 = CARTESIAN_POINT('',(13.151,-28.832894,1.545));
#5405 = LINE('',#5406,#5407);
#5406 = CARTESIAN_POINT('',(13.151,-28.832894,1.51));
#5407 = VECTOR('',#5408,1.);
#5408 = DIRECTION('',(0.,0.,1.));
#5409 = ORIENTED_EDGE('',*,*,#5410,.T.);
#5410 = EDGE_CURVE('',#5403,#5411,#5413,.T.);
#5411 = VERTEX_POINT('',#5412);
#5412 = CARTESIAN_POINT('',(20.518106,-36.2,1.545));
#5413 = LINE('',#5414,#5415);
#5414 = CARTESIAN_POINT('',(13.151,-28.832894,1.545));
#5415 = VECTOR('',#5416,1.);
#5416 = DIRECTION('',(0.707106781187,-0.707106781187,0.));
#5417 = ORIENTED_EDGE('',*,*,#5418,.F.);
#5418 = EDGE_CURVE('',#5419,#5411,#5421,.T.);
#5419 = VERTEX_POINT('',#5420);
#5420 = CARTESIAN_POINT('',(20.518106,-36.2,1.51));
#5421 = LINE('',#5422,#5423);
#5422 = CARTESIAN_POINT('',(20.518106,-36.2,1.51));
#5423 = VECTOR('',#5424,1.);
#5424 = DIRECTION('',(0.,0.,1.));
#5425 = ORIENTED_EDGE('',*,*,#5426,.F.);
#5426 = EDGE_CURVE('',#5401,#5419,#5427,.T.);
#5427 = LINE('',#5428,#5429);
#5428 = CARTESIAN_POINT('',(13.151,-28.832894,1.51));
#5429 = VECTOR('',#5430,1.);
#5430 = DIRECTION('',(0.707106781187,-0.707106781187,0.));
#5431 = PLANE('',#5432);
#5432 = AXIS2_PLACEMENT_3D('',#5433,#5434,#5435);
#5433 = CARTESIAN_POINT('',(13.151,-28.832894,1.51));
#5434 = DIRECTION('',(0.707106781187,0.707106781187,-0.));
#5435 = DIRECTION('',(0.707106781187,-0.707106781187,0.));
#5436 = ADVANCED_FACE('',(#5437),#5462,.T.);
#5437 = FACE_BOUND('',#5438,.T.);
#5438 = EDGE_LOOP('',(#5439,#5440,#5448,#5456));
#5439 = ORIENTED_EDGE('',*,*,#5418,.T.);
#5440 = ORIENTED_EDGE('',*,*,#5441,.T.);
#5441 = EDGE_CURVE('',#5411,#5442,#5444,.T.);
#5442 = VERTEX_POINT('',#5443);
#5443 = CARTESIAN_POINT('',(29.484,-36.2,1.545));
#5444 = LINE('',#5445,#5446);
#5445 = CARTESIAN_POINT('',(20.518106,-36.2,1.545));
#5446 = VECTOR('',#5447,1.);
#5447 = DIRECTION('',(1.,0.,0.));
#5448 = ORIENTED_EDGE('',*,*,#5449,.F.);
#5449 = EDGE_CURVE('',#5450,#5442,#5452,.T.);
#5450 = VERTEX_POINT('',#5451);
#5451 = CARTESIAN_POINT('',(29.484,-36.2,1.51));
#5452 = LINE('',#5453,#5454);
#5453 = CARTESIAN_POINT('',(29.484,-36.2,1.51));
#5454 = VECTOR('',#5455,1.);
#5455 = DIRECTION('',(0.,0.,1.));
#5456 = ORIENTED_EDGE('',*,*,#5457,.F.);
#5457 = EDGE_CURVE('',#5419,#5450,#5458,.T.);
#5458 = LINE('',#5459,#5460);
#5459 = CARTESIAN_POINT('',(20.518106,-36.2,1.51));
#5460 = VECTOR('',#5461,1.);
#5461 = DIRECTION('',(1.,0.,0.));
#5462 = PLANE('',#5463);
#5463 = AXIS2_PLACEMENT_3D('',#5464,#5465,#5466);
#5464 = CARTESIAN_POINT('',(20.518106,-36.2,1.51));
#5465 = DIRECTION('',(0.,1.,0.));
#5466 = DIRECTION('',(1.,0.,0.));
#5467 = ADVANCED_FACE('',(#5468),#5495,.T.);
#5468 = FACE_BOUND('',#5469,.T.);
#5469 = EDGE_LOOP('',(#5470,#5471,#5480,#5488));
#5470 = ORIENTED_EDGE('',*,*,#5449,.T.);
#5471 = ORIENTED_EDGE('',*,*,#5472,.T.);
#5472 = EDGE_CURVE('',#5442,#5473,#5475,.T.);
#5473 = VERTEX_POINT('',#5474);
#5474 = CARTESIAN_POINT('',(29.484,-37.2,1.545));
#5475 = CIRCLE('',#5476,0.5);
#5476 = AXIS2_PLACEMENT_3D('',#5477,#5478,#5479);
#5477 = CARTESIAN_POINT('',(29.48399955666,-36.7,1.545));
#5478 = DIRECTION('',(0.,0.,-1.));
#5479 = DIRECTION('',(8.866804392934E-07,1.,0.));
#5480 = ORIENTED_EDGE('',*,*,#5481,.F.);
#5481 = EDGE_CURVE('',#5482,#5473,#5484,.T.);
#5482 = VERTEX_POINT('',#5483);
#5483 = CARTESIAN_POINT('',(29.484,-37.2,1.51));
#5484 = LINE('',#5485,#5486);
#5485 = CARTESIAN_POINT('',(29.484,-37.2,1.51));
#5486 = VECTOR('',#5487,1.);
#5487 = DIRECTION('',(0.,0.,1.));
#5488 = ORIENTED_EDGE('',*,*,#5489,.F.);
#5489 = EDGE_CURVE('',#5450,#5482,#5490,.T.);
#5490 = CIRCLE('',#5491,0.5);
#5491 = AXIS2_PLACEMENT_3D('',#5492,#5493,#5494);
#5492 = CARTESIAN_POINT('',(29.48399955666,-36.7,1.51));
#5493 = DIRECTION('',(0.,0.,-1.));
#5494 = DIRECTION('',(8.866804392934E-07,1.,0.));
#5495 = CYLINDRICAL_SURFACE('',#5496,0.5);
#5496 = AXIS2_PLACEMENT_3D('',#5497,#5498,#5499);
#5497 = CARTESIAN_POINT('',(29.48399955666,-36.7,1.51));
#5498 = DIRECTION('',(0.,0.,-1.));
#5499 = DIRECTION('',(8.866804392934E-07,1.,0.));
#5500 = ADVANCED_FACE('',(#5501),#5526,.T.);
#5501 = FACE_BOUND('',#5502,.T.);
#5502 = EDGE_LOOP('',(#5503,#5504,#5512,#5520));
#5503 = ORIENTED_EDGE('',*,*,#5481,.T.);
#5504 = ORIENTED_EDGE('',*,*,#5505,.T.);
#5505 = EDGE_CURVE('',#5473,#5506,#5508,.T.);
#5506 = VERTEX_POINT('',#5507);
#5507 = CARTESIAN_POINT('',(20.311,-37.2,1.545));
#5508 = LINE('',#5509,#5510);
#5509 = CARTESIAN_POINT('',(29.484,-37.2,1.545));
#5510 = VECTOR('',#5511,1.);
#5511 = DIRECTION('',(-1.,0.,0.));
#5512 = ORIENTED_EDGE('',*,*,#5513,.F.);
#5513 = EDGE_CURVE('',#5514,#5506,#5516,.T.);
#5514 = VERTEX_POINT('',#5515);
#5515 = CARTESIAN_POINT('',(20.311,-37.2,1.51));
#5516 = LINE('',#5517,#5518);
#5517 = CARTESIAN_POINT('',(20.311,-37.2,1.51));
#5518 = VECTOR('',#5519,1.);
#5519 = DIRECTION('',(0.,0.,1.));
#5520 = ORIENTED_EDGE('',*,*,#5521,.F.);
#5521 = EDGE_CURVE('',#5482,#5514,#5522,.T.);
#5522 = LINE('',#5523,#5524);
#5523 = CARTESIAN_POINT('',(29.484,-37.2,1.51));
#5524 = VECTOR('',#5525,1.);
#5525 = DIRECTION('',(-1.,0.,0.));
#5526 = PLANE('',#5527);
#5527 = AXIS2_PLACEMENT_3D('',#5528,#5529,#5530);
#5528 = CARTESIAN_POINT('',(29.484,-37.2,1.51));
#5529 = DIRECTION('',(0.,-1.,0.));
#5530 = DIRECTION('',(-1.,0.,0.));
#5531 = ADVANCED_FACE('',(#5532),#5559,.T.);
#5532 = FACE_BOUND('',#5533,.T.);
#5533 = EDGE_LOOP('',(#5534,#5535,#5544,#5552));
#5534 = ORIENTED_EDGE('',*,*,#5513,.T.);
#5535 = ORIENTED_EDGE('',*,*,#5536,.T.);
#5536 = EDGE_CURVE('',#5506,#5537,#5539,.T.);
#5537 = VERTEX_POINT('',#5538);
#5538 = CARTESIAN_POINT('',(19.957447,-37.053553,1.545));
#5539 = CIRCLE('',#5540,0.499992432518);
#5540 = AXIS2_PLACEMENT_3D('',#5541,#5542,#5543);
#5541 = CARTESIAN_POINT('',(20.310997646619,-36.70000756748,1.545));
#5542 = DIRECTION('',(0.,0.,-1.));
#5543 = DIRECTION('',(4.706832526013E-06,-0.999999999989,0.));
#5544 = ORIENTED_EDGE('',*,*,#5545,.F.);
#5545 = EDGE_CURVE('',#5546,#5537,#5548,.T.);
#5546 = VERTEX_POINT('',#5547);
#5547 = CARTESIAN_POINT('',(19.957447,-37.053553,1.51));
#5548 = LINE('',#5549,#5550);
#5549 = CARTESIAN_POINT('',(19.957447,-37.053553,1.51));
#5550 = VECTOR('',#5551,1.);
#5551 = DIRECTION('',(0.,0.,1.));
#5552 = ORIENTED_EDGE('',*,*,#5553,.F.);
#5553 = EDGE_CURVE('',#5514,#5546,#5554,.T.);
#5554 = CIRCLE('',#5555,0.499992432518);
#5555 = AXIS2_PLACEMENT_3D('',#5556,#5557,#5558);
#5556 = CARTESIAN_POINT('',(20.310997646619,-36.70000756748,1.51));
#5557 = DIRECTION('',(0.,0.,-1.));
#5558 = DIRECTION('',(4.706832526013E-06,-0.999999999989,0.));
#5559 = CYLINDRICAL_SURFACE('',#5560,0.499992432518);
#5560 = AXIS2_PLACEMENT_3D('',#5561,#5562,#5563);
#5561 = CARTESIAN_POINT('',(20.310997646619,-36.70000756748,1.51));
#5562 = DIRECTION('',(0.,0.,-1.));
#5563 = DIRECTION('',(4.706832526013E-06,-0.999999999989,0.));
#5564 = ADVANCED_FACE('',(#5565),#5590,.T.);
#5565 = FACE_BOUND('',#5566,.T.);
#5566 = EDGE_LOOP('',(#5567,#5568,#5576,#5584));
#5567 = ORIENTED_EDGE('',*,*,#5545,.T.);
#5568 = ORIENTED_EDGE('',*,*,#5569,.T.);
#5569 = EDGE_CURVE('',#5537,#5570,#5572,.T.);
#5570 = VERTEX_POINT('',#5571);
#5571 = CARTESIAN_POINT('',(12.297447,-29.393553,1.545));
#5572 = LINE('',#5573,#5574);
#5573 = CARTESIAN_POINT('',(19.957447,-37.053553,1.545));
#5574 = VECTOR('',#5575,1.);
#5575 = DIRECTION('',(-0.707106781187,0.707106781187,0.));
#5576 = ORIENTED_EDGE('',*,*,#5577,.F.);
#5577 = EDGE_CURVE('',#5578,#5570,#5580,.T.);
#5578 = VERTEX_POINT('',#5579);
#5579 = CARTESIAN_POINT('',(12.297447,-29.393553,1.51));
#5580 = LINE('',#5581,#5582);
#5581 = CARTESIAN_POINT('',(12.297447,-29.393553,1.51));
#5582 = VECTOR('',#5583,1.);
#5583 = DIRECTION('',(0.,0.,1.));
#5584 = ORIENTED_EDGE('',*,*,#5585,.F.);
#5585 = EDGE_CURVE('',#5546,#5578,#5586,.T.);
#5586 = LINE('',#5587,#5588);
#5587 = CARTESIAN_POINT('',(19.957447,-37.053553,1.51));
#5588 = VECTOR('',#5589,1.);
#5589 = DIRECTION('',(-0.707106781187,0.707106781187,0.));
#5590 = PLANE('',#5591);
#5591 = AXIS2_PLACEMENT_3D('',#5592,#5593,#5594);
#5592 = CARTESIAN_POINT('',(19.957447,-37.053553,1.51));
#5593 = DIRECTION('',(-0.707106781187,-0.707106781187,0.));
#5594 = DIRECTION('',(-0.707106781187,0.707106781187,0.));
#5595 = ADVANCED_FACE('',(#5596),#5623,.T.);
#5596 = FACE_BOUND('',#5597,.T.);
#5597 = EDGE_LOOP('',(#5598,#5599,#5608,#5616));
#5598 = ORIENTED_EDGE('',*,*,#5577,.T.);
#5599 = ORIENTED_EDGE('',*,*,#5600,.T.);
#5600 = EDGE_CURVE('',#5570,#5601,#5603,.T.);
#5601 = VERTEX_POINT('',#5602);
#5602 = CARTESIAN_POINT('',(12.151,-29.04,1.545));
#5603 = CIRCLE('',#5604,0.499992432518);
#5604 = AXIS2_PLACEMENT_3D('',#5605,#5606,#5607);
#5605 = CARTESIAN_POINT('',(12.650992432513,-29.04000235338,1.545));
#5606 = DIRECTION('',(0.,0.,-1.));
#5607 = DIRECTION('',(-0.707101566982,-0.707111995353,-0.));
#5608 = ORIENTED_EDGE('',*,*,#5609,.F.);
#5609 = EDGE_CURVE('',#5610,#5601,#5612,.T.);
#5610 = VERTEX_POINT('',#5611);
#5611 = CARTESIAN_POINT('',(12.151,-29.04,1.51));
#5612 = LINE('',#5613,#5614);
#5613 = CARTESIAN_POINT('',(12.151,-29.04,1.51));
#5614 = VECTOR('',#5615,1.);
#5615 = DIRECTION('',(0.,0.,1.));
#5616 = ORIENTED_EDGE('',*,*,#5617,.F.);
#5617 = EDGE_CURVE('',#5578,#5610,#5618,.T.);
#5618 = CIRCLE('',#5619,0.499992432518);
#5619 = AXIS2_PLACEMENT_3D('',#5620,#5621,#5622);
#5620 = CARTESIAN_POINT('',(12.650992432513,-29.04000235338,1.51));
#5621 = DIRECTION('',(0.,0.,-1.));
#5622 = DIRECTION('',(-0.707101566982,-0.707111995353,-0.));
#5623 = CYLINDRICAL_SURFACE('',#5624,0.499992432518);
#5624 = AXIS2_PLACEMENT_3D('',#5625,#5626,#5627);
#5625 = CARTESIAN_POINT('',(12.650992432513,-29.04000235338,1.51));
#5626 = DIRECTION('',(0.,0.,-1.));
#5627 = DIRECTION('',(-0.707101566982,-0.707111995353,-0.));
#5628 = ADVANCED_FACE('',(#5629),#5654,.T.);
#5629 = FACE_BOUND('',#5630,.T.);
#5630 = EDGE_LOOP('',(#5631,#5632,#5640,#5648));
#5631 = ORIENTED_EDGE('',*,*,#5609,.T.);
#5632 = ORIENTED_EDGE('',*,*,#5633,.T.);
#5633 = EDGE_CURVE('',#5601,#5634,#5636,.T.);
#5634 = VERTEX_POINT('',#5635);
#5635 = CARTESIAN_POINT('',(12.151,-25.3,1.545));
#5636 = LINE('',#5637,#5638);
#5637 = CARTESIAN_POINT('',(12.151,-29.04,1.545));
#5638 = VECTOR('',#5639,1.);
#5639 = DIRECTION('',(0.,1.,0.));
#5640 = ORIENTED_EDGE('',*,*,#5641,.F.);
#5641 = EDGE_CURVE('',#5642,#5634,#5644,.T.);
#5642 = VERTEX_POINT('',#5643);
#5643 = CARTESIAN_POINT('',(12.151,-25.3,1.51));
#5644 = LINE('',#5645,#5646);
#5645 = CARTESIAN_POINT('',(12.151,-25.3,1.51));
#5646 = VECTOR('',#5647,1.);
#5647 = DIRECTION('',(0.,0.,1.));
#5648 = ORIENTED_EDGE('',*,*,#5649,.F.);
#5649 = EDGE_CURVE('',#5610,#5642,#5650,.T.);
#5650 = LINE('',#5651,#5652);
#5651 = CARTESIAN_POINT('',(12.151,-29.04,1.51));
#5652 = VECTOR('',#5653,1.);
#5653 = DIRECTION('',(0.,1.,0.));
#5654 = PLANE('',#5655);
#5655 = AXIS2_PLACEMENT_3D('',#5656,#5657,#5658);
#5656 = CARTESIAN_POINT('',(12.151,-29.04,1.51));
#5657 = DIRECTION('',(-1.,0.,0.));
#5658 = DIRECTION('',(0.,1.,0.));
#5659 = ADVANCED_FACE('',(#5660),#5687,.T.);
#5660 = FACE_BOUND('',#5661,.T.);
#5661 = EDGE_LOOP('',(#5662,#5663,#5672,#5680));
#5662 = ORIENTED_EDGE('',*,*,#5641,.T.);
#5663 = ORIENTED_EDGE('',*,*,#5664,.T.);
#5664 = EDGE_CURVE('',#5634,#5665,#5667,.T.);
#5665 = VERTEX_POINT('',#5666);
#5666 = CARTESIAN_POINT('',(13.151,-25.3,1.545));
#5667 = CIRCLE('',#5668,0.500000000001);
#5668 = AXIS2_PLACEMENT_3D('',#5669,#5670,#5671);
#5669 = CARTESIAN_POINT('',(12.651,-25.29999915187,1.545));
#5670 = DIRECTION('',(0.,0.,-1.));
#5671 = DIRECTION('',(-0.999999999999,-1.696250691905E-06,-0.));
#5672 = ORIENTED_EDGE('',*,*,#5673,.F.);
#5673 = EDGE_CURVE('',#5674,#5665,#5676,.T.);
#5674 = VERTEX_POINT('',#5675);
#5675 = CARTESIAN_POINT('',(13.151,-25.3,1.51));
#5676 = LINE('',#5677,#5678);
#5677 = CARTESIAN_POINT('',(13.151,-25.3,1.51));
#5678 = VECTOR('',#5679,1.);
#5679 = DIRECTION('',(0.,0.,1.));
#5680 = ORIENTED_EDGE('',*,*,#5681,.F.);
#5681 = EDGE_CURVE('',#5642,#5674,#5682,.T.);
#5682 = CIRCLE('',#5683,0.500000000001);
#5683 = AXIS2_PLACEMENT_3D('',#5684,#5685,#5686);
#5684 = CARTESIAN_POINT('',(12.651,-25.29999915187,1.51));
#5685 = DIRECTION('',(0.,0.,-1.));
#5686 = DIRECTION('',(-0.999999999999,-1.696250691905E-06,-0.));
#5687 = CYLINDRICAL_SURFACE('',#5688,0.500000000001);
#5688 = AXIS2_PLACEMENT_3D('',#5689,#5690,#5691);
#5689 = CARTESIAN_POINT('',(12.651,-25.29999915187,1.51));
#5690 = DIRECTION('',(0.,0.,-1.));
#5691 = DIRECTION('',(-0.999999999999,-1.696250691905E-06,-0.));
#5692 = ADVANCED_FACE('',(#5693),#5709,.T.);
#5693 = FACE_BOUND('',#5694,.T.);
#5694 = EDGE_LOOP('',(#5695,#5696,#5702,#5703));
#5695 = ORIENTED_EDGE('',*,*,#5673,.T.);
#5696 = ORIENTED_EDGE('',*,*,#5697,.T.);
#5697 = EDGE_CURVE('',#5665,#5403,#5698,.T.);
#5698 = LINE('',#5699,#5700);
#5699 = CARTESIAN_POINT('',(13.151,-25.3,1.545));
#5700 = VECTOR('',#5701,1.);
#5701 = DIRECTION('',(0.,-1.,0.));
#5702 = ORIENTED_EDGE('',*,*,#5400,.F.);
#5703 = ORIENTED_EDGE('',*,*,#5704,.F.);
#5704 = EDGE_CURVE('',#5674,#5401,#5705,.T.);
#5705 = LINE('',#5706,#5707);
#5706 = CARTESIAN_POINT('',(13.151,-25.3,1.51));
#5707 = VECTOR('',#5708,1.);
#5708 = DIRECTION('',(0.,-1.,0.));
#5709 = PLANE('',#5710);
#5710 = AXIS2_PLACEMENT_3D('',#5711,#5712,#5713);
#5711 = CARTESIAN_POINT('',(13.151,-25.3,1.51));
#5712 = DIRECTION('',(1.,0.,-0.));
#5713 = DIRECTION('',(0.,-1.,0.));
#5714 = ADVANCED_FACE('',(#5715),#5727,.F.);
#5715 = FACE_BOUND('',#5716,.T.);
#5716 = EDGE_LOOP('',(#5717,#5718,#5719,#5720,#5721,#5722,#5723,#5724,
    #5725,#5726));
#5717 = ORIENTED_EDGE('',*,*,#5426,.T.);
#5718 = ORIENTED_EDGE('',*,*,#5457,.T.);
#5719 = ORIENTED_EDGE('',*,*,#5489,.T.);
#5720 = ORIENTED_EDGE('',*,*,#5521,.T.);
#5721 = ORIENTED_EDGE('',*,*,#5553,.T.);
#5722 = ORIENTED_EDGE('',*,*,#5585,.T.);
#5723 = ORIENTED_EDGE('',*,*,#5617,.T.);
#5724 = ORIENTED_EDGE('',*,*,#5649,.T.);
#5725 = ORIENTED_EDGE('',*,*,#5681,.T.);
#5726 = ORIENTED_EDGE('',*,*,#5704,.T.);
#5727 = PLANE('',#5728);
#5728 = AXIS2_PLACEMENT_3D('',#5729,#5730,#5731);
#5729 = CARTESIAN_POINT('',(0.,0.,1.51));
#5730 = DIRECTION('',(0.,0.,1.));
#5731 = DIRECTION('',(1.,0.,-0.));
#5732 = ADVANCED_FACE('',(#5733),#5745,.T.);
#5733 = FACE_BOUND('',#5734,.F.);
#5734 = EDGE_LOOP('',(#5735,#5736,#5737,#5738,#5739,#5740,#5741,#5742,
    #5743,#5744));
#5735 = ORIENTED_EDGE('',*,*,#5410,.T.);
#5736 = ORIENTED_EDGE('',*,*,#5441,.T.);
#5737 = ORIENTED_EDGE('',*,*,#5472,.T.);
#5738 = ORIENTED_EDGE('',*,*,#5505,.T.);
#5739 = ORIENTED_EDGE('',*,*,#5536,.T.);
#5740 = ORIENTED_EDGE('',*,*,#5569,.T.);
#5741 = ORIENTED_EDGE('',*,*,#5600,.T.);
#5742 = ORIENTED_EDGE('',*,*,#5633,.T.);
#5743 = ORIENTED_EDGE('',*,*,#5664,.T.);
#5744 = ORIENTED_EDGE('',*,*,#5697,.T.);
#5745 = PLANE('',#5746);
#5746 = AXIS2_PLACEMENT_3D('',#5747,#5748,#5749);
#5747 = CARTESIAN_POINT('',(0.,0.,1.545));
#5748 = DIRECTION('',(0.,0.,1.));
#5749 = DIRECTION('',(1.,0.,-0.));
#5750 = MANIFOLD_SOLID_BREP('',#5751);
#5751 = CLOSED_SHELL('',(#5752,#5794,#5825,#5856,#5887,#5920,#5951,#5982
    ,#6013,#6044,#6075,#6106,#6137,#6170,#6201,#6234,#6265,#6298,#6329,
    #6351,#6378));
#5752 = ADVANCED_FACE('',(#5753),#5789,.F.);
#5753 = FACE_BOUND('',#5754,.T.);
#5754 = EDGE_LOOP('',(#5755,#5765,#5774,#5782));
#5755 = ORIENTED_EDGE('',*,*,#5756,.T.);
#5756 = EDGE_CURVE('',#5757,#5759,#5761,.T.);
#5757 = VERTEX_POINT('',#5758);
#5758 = CARTESIAN_POINT('',(2.533989,-25.660877,1.51));
#5759 = VERTEX_POINT('',#5760);
#5760 = CARTESIAN_POINT('',(2.533989,-25.660877,1.545));
#5761 = LINE('',#5762,#5763);
#5762 = CARTESIAN_POINT('',(2.533989,-25.660877,1.51));
#5763 = VECTOR('',#5764,1.);
#5764 = DIRECTION('',(0.,0.,1.));
#5765 = ORIENTED_EDGE('',*,*,#5766,.T.);
#5766 = EDGE_CURVE('',#5759,#5767,#5769,.T.);
#5767 = VERTEX_POINT('',#5768);
#5768 = CARTESIAN_POINT('',(3.35758,-24.837286,1.545));
#5769 = CIRCLE('',#5770,0.587392202953);
#5770 = AXIS2_PLACEMENT_3D('',#5771,#5772,#5773);
#5771 = CARTESIAN_POINT('',(2.9999995,-25.3032965,1.545));
#5772 = DIRECTION('',(0.,0.,1.));
#5773 = DIRECTION('',(-0.793354929904,-0.60875935738,0.));
#5774 = ORIENTED_EDGE('',*,*,#5775,.F.);
#5775 = EDGE_CURVE('',#5776,#5767,#5778,.T.);
#5776 = VERTEX_POINT('',#5777);
#5777 = CARTESIAN_POINT('',(3.35758,-24.837286,1.51));
#5778 = LINE('',#5779,#5780);
#5779 = CARTESIAN_POINT('',(3.35758,-24.837286,1.51));
#5780 = VECTOR('',#5781,1.);
#5781 = DIRECTION('',(0.,0.,1.));
#5782 = ORIENTED_EDGE('',*,*,#5783,.F.);
#5783 = EDGE_CURVE('',#5757,#5776,#5784,.T.);
#5784 = CIRCLE('',#5785,0.587392202953);
#5785 = AXIS2_PLACEMENT_3D('',#5786,#5787,#5788);
#5786 = CARTESIAN_POINT('',(2.9999995,-25.3032965,1.51));
#5787 = DIRECTION('',(0.,0.,1.));
#5788 = DIRECTION('',(-0.793354929904,-0.60875935738,0.));
#5789 = CYLINDRICAL_SURFACE('',#5790,0.587392202953);
#5790 = AXIS2_PLACEMENT_3D('',#5791,#5792,#5793);
#5791 = CARTESIAN_POINT('',(2.9999995,-25.3032965,1.51));
#5792 = DIRECTION('',(-0.,-0.,-1.));
#5793 = DIRECTION('',(-0.793354929904,-0.60875935738,0.));
#5794 = ADVANCED_FACE('',(#5795),#5820,.T.);
#5795 = FACE_BOUND('',#5796,.T.);
#5796 = EDGE_LOOP('',(#5797,#5798,#5806,#5814));
#5797 = ORIENTED_EDGE('',*,*,#5775,.T.);
#5798 = ORIENTED_EDGE('',*,*,#5799,.T.);
#5799 = EDGE_CURVE('',#5767,#5800,#5802,.T.);
#5800 = VERTEX_POINT('',#5801);
#5801 = CARTESIAN_POINT('',(3.298819,-24.80336,1.545));
#5802 = LINE('',#5803,#5804);
#5803 = CARTESIAN_POINT('',(3.35758,-24.837286,1.545));
#5804 = VECTOR('',#5805,1.);
#5805 = DIRECTION('',(-0.866023356301,0.500003546329,0.));
#5806 = ORIENTED_EDGE('',*,*,#5807,.F.);
#5807 = EDGE_CURVE('',#5808,#5800,#5810,.T.);
#5808 = VERTEX_POINT('',#5809);
#5809 = CARTESIAN_POINT('',(3.298819,-24.80336,1.51));
#5810 = LINE('',#5811,#5812);
#5811 = CARTESIAN_POINT('',(3.298819,-24.80336,1.51));
#5812 = VECTOR('',#5813,1.);
#5813 = DIRECTION('',(0.,0.,1.));
#5814 = ORIENTED_EDGE('',*,*,#5815,.F.);
#5815 = EDGE_CURVE('',#5776,#5808,#5816,.T.);
#5816 = LINE('',#5817,#5818);
#5817 = CARTESIAN_POINT('',(3.35758,-24.837286,1.51));
#5818 = VECTOR('',#5819,1.);
#5819 = DIRECTION('',(-0.866023356301,0.500003546329,0.));
#5820 = PLANE('',#5821);
#5821 = AXIS2_PLACEMENT_3D('',#5822,#5823,#5824);
#5822 = CARTESIAN_POINT('',(3.35758,-24.837286,1.51));
#5823 = DIRECTION('',(-0.500003546329,-0.866023356301,0.));
#5824 = DIRECTION('',(-0.866023356301,0.500003546329,0.));
#5825 = ADVANCED_FACE('',(#5826),#5851,.T.);
#5826 = FACE_BOUND('',#5827,.T.);
#5827 = EDGE_LOOP('',(#5828,#5829,#5837,#5845));
#5828 = ORIENTED_EDGE('',*,*,#5807,.T.);
#5829 = ORIENTED_EDGE('',*,*,#5830,.T.);
#5830 = EDGE_CURVE('',#5800,#5831,#5833,.T.);
#5831 = VERTEX_POINT('',#5832);
#5832 = CARTESIAN_POINT('',(7.582653,-24.804277,1.545));
#5833 = LINE('',#5834,#5835);
#5834 = CARTESIAN_POINT('',(3.298819,-24.80336,1.545));
#5835 = VECTOR('',#5836,1.);
#5836 = DIRECTION('',(0.999999977089,-2.140605772745E-04,0.));
#5837 = ORIENTED_EDGE('',*,*,#5838,.F.);
#5838 = EDGE_CURVE('',#5839,#5831,#5841,.T.);
#5839 = VERTEX_POINT('',#5840);
#5840 = CARTESIAN_POINT('',(7.582653,-24.804277,1.51));
#5841 = LINE('',#5842,#5843);
#5842 = CARTESIAN_POINT('',(7.582653,-24.804277,1.51));
#5843 = VECTOR('',#5844,1.);
#5844 = DIRECTION('',(0.,0.,1.));
#5845 = ORIENTED_EDGE('',*,*,#5846,.F.);
#5846 = EDGE_CURVE('',#5808,#5839,#5847,.T.);
#5847 = LINE('',#5848,#5849);
#5848 = CARTESIAN_POINT('',(3.298819,-24.80336,1.51));
#5849 = VECTOR('',#5850,1.);
#5850 = DIRECTION('',(0.999999977089,-2.140605772745E-04,0.));
#5851 = PLANE('',#5852);
#5852 = AXIS2_PLACEMENT_3D('',#5853,#5854,#5855);
#5853 = CARTESIAN_POINT('',(3.298819,-24.80336,1.51));
#5854 = DIRECTION('',(2.140605772745E-04,0.999999977089,-0.));
#5855 = DIRECTION('',(0.999999977089,-2.140605772745E-04,0.));
#5856 = ADVANCED_FACE('',(#5857),#5882,.T.);
#5857 = FACE_BOUND('',#5858,.T.);
#5858 = EDGE_LOOP('',(#5859,#5860,#5868,#5876));
#5859 = ORIENTED_EDGE('',*,*,#5838,.T.);
#5860 = ORIENTED_EDGE('',*,*,#5861,.T.);
#5861 = EDGE_CURVE('',#5831,#5862,#5864,.T.);
#5862 = VERTEX_POINT('',#5863);
#5863 = CARTESIAN_POINT('',(7.636263,-24.804277,1.545));
#5864 = LINE('',#5865,#5866);
#5865 = CARTESIAN_POINT('',(7.582653,-24.804277,1.545));
#5866 = VECTOR('',#5867,1.);
#5867 = DIRECTION('',(1.,0.,0.));
#5868 = ORIENTED_EDGE('',*,*,#5869,.F.);
#5869 = EDGE_CURVE('',#5870,#5862,#5872,.T.);
#5870 = VERTEX_POINT('',#5871);
#5871 = CARTESIAN_POINT('',(7.636263,-24.804277,1.51));
#5872 = LINE('',#5873,#5874);
#5873 = CARTESIAN_POINT('',(7.636263,-24.804277,1.51));
#5874 = VECTOR('',#5875,1.);
#5875 = DIRECTION('',(0.,0.,1.));
#5876 = ORIENTED_EDGE('',*,*,#5877,.F.);
#5877 = EDGE_CURVE('',#5839,#5870,#5878,.T.);
#5878 = LINE('',#5879,#5880);
#5879 = CARTESIAN_POINT('',(7.582653,-24.804277,1.51));
#5880 = VECTOR('',#5881,1.);
#5881 = DIRECTION('',(1.,0.,0.));
#5882 = PLANE('',#5883);
#5883 = AXIS2_PLACEMENT_3D('',#5884,#5885,#5886);
#5884 = CARTESIAN_POINT('',(7.582653,-24.804277,1.51));
#5885 = DIRECTION('',(0.,1.,0.));
#5886 = DIRECTION('',(1.,0.,0.));
#5887 = ADVANCED_FACE('',(#5888),#5915,.T.);
#5888 = FACE_BOUND('',#5889,.T.);
#5889 = EDGE_LOOP('',(#5890,#5891,#5900,#5908));
#5890 = ORIENTED_EDGE('',*,*,#5869,.T.);
#5891 = ORIENTED_EDGE('',*,*,#5892,.T.);
#5892 = EDGE_CURVE('',#5862,#5893,#5895,.T.);
#5893 = VERTEX_POINT('',#5894);
#5894 = CARTESIAN_POINT('',(7.872084,-25.699974,1.545));
#5895 = CIRCLE('',#5896,0.500536497694);
#5896 = AXIS2_PLACEMENT_3D('',#5897,#5898,#5899);
#5897 = CARTESIAN_POINT('',(7.570522467983,-25.30047753201,1.545));
#5898 = DIRECTION('',(0.,0.,-1.));
#5899 = DIRECTION('',(0.131340136672,0.991337363615,0.));
#5900 = ORIENTED_EDGE('',*,*,#5901,.F.);
#5901 = EDGE_CURVE('',#5902,#5893,#5904,.T.);
#5902 = VERTEX_POINT('',#5903);
#5903 = CARTESIAN_POINT('',(7.872084,-25.699974,1.51));
#5904 = LINE('',#5905,#5906);
#5905 = CARTESIAN_POINT('',(7.872084,-25.699974,1.51));
#5906 = VECTOR('',#5907,1.);
#5907 = DIRECTION('',(0.,0.,1.));
#5908 = ORIENTED_EDGE('',*,*,#5909,.F.);
#5909 = EDGE_CURVE('',#5870,#5902,#5910,.T.);
#5910 = CIRCLE('',#5911,0.500536497694);
#5911 = AXIS2_PLACEMENT_3D('',#5912,#5913,#5914);
#5912 = CARTESIAN_POINT('',(7.570522467983,-25.30047753201,1.51));
#5913 = DIRECTION('',(0.,0.,-1.));
#5914 = DIRECTION('',(0.131340136672,0.991337363615,0.));
#5915 = CYLINDRICAL_SURFACE('',#5916,0.500536497694);
#5916 = AXIS2_PLACEMENT_3D('',#5917,#5918,#5919);
#5917 = CARTESIAN_POINT('',(7.570522467983,-25.30047753201,1.51));
#5918 = DIRECTION('',(0.,0.,-1.));
#5919 = DIRECTION('',(0.131340136672,0.991337363615,0.));
#5920 = ADVANCED_FACE('',(#5921),#5946,.T.);
#5921 = FACE_BOUND('',#5922,.T.);
#5922 = EDGE_LOOP('',(#5923,#5924,#5932,#5940));
#5923 = ORIENTED_EDGE('',*,*,#5901,.T.);
#5924 = ORIENTED_EDGE('',*,*,#5925,.T.);
#5925 = EDGE_CURVE('',#5893,#5926,#5928,.T.);
#5926 = VERTEX_POINT('',#5927);
#5927 = CARTESIAN_POINT('',(7.759045,-25.765237,1.545));
#5928 = LINE('',#5929,#5930);
#5929 = CARTESIAN_POINT('',(7.872084,-25.699974,1.545));
#5930 = VECTOR('',#5931,1.);
#5931 = DIRECTION('',(-0.866025725838,-0.499999442187,0.));
#5932 = ORIENTED_EDGE('',*,*,#5933,.F.);
#5933 = EDGE_CURVE('',#5934,#5926,#5936,.T.);
#5934 = VERTEX_POINT('',#5935);
#5935 = CARTESIAN_POINT('',(7.759045,-25.765237,1.51));
#5936 = LINE('',#5937,#5938);
#5937 = CARTESIAN_POINT('',(7.759045,-25.765237,1.51));
#5938 = VECTOR('',#5939,1.);
#5939 = DIRECTION('',(0.,0.,1.));
#5940 = ORIENTED_EDGE('',*,*,#5941,.F.);
#5941 = EDGE_CURVE('',#5902,#5934,#5942,.T.);
#5942 = LINE('',#5943,#5944);
#5943 = CARTESIAN_POINT('',(7.872084,-25.699974,1.51));
#5944 = VECTOR('',#5945,1.);
#5945 = DIRECTION('',(-0.866025725838,-0.499999442187,0.));
#5946 = PLANE('',#5947);
#5947 = AXIS2_PLACEMENT_3D('',#5948,#5949,#5950);
#5948 = CARTESIAN_POINT('',(7.872084,-25.699974,1.51));
#5949 = DIRECTION('',(0.499999442187,-0.866025725838,0.));
#5950 = DIRECTION('',(-0.866025725838,-0.499999442187,0.));
#5951 = ADVANCED_FACE('',(#5952),#5977,.T.);
#5952 = FACE_BOUND('',#5953,.T.);
#5953 = EDGE_LOOP('',(#5954,#5955,#5963,#5971));
#5954 = ORIENTED_EDGE('',*,*,#5933,.T.);
#5955 = ORIENTED_EDGE('',*,*,#5956,.T.);
#5956 = EDGE_CURVE('',#5926,#5957,#5959,.T.);
#5957 = VERTEX_POINT('',#5958);
#5958 = CARTESIAN_POINT('',(7.632951,-25.79902,1.545));
#5959 = LINE('',#5960,#5961);
#5960 = CARTESIAN_POINT('',(7.759045,-25.765237,1.545));
#5961 = VECTOR('',#5962,1.);
#5962 = DIRECTION('',(-0.965933075484,-0.258791989223,0.));
#5963 = ORIENTED_EDGE('',*,*,#5964,.F.);
#5964 = EDGE_CURVE('',#5965,#5957,#5967,.T.);
#5965 = VERTEX_POINT('',#5966);
#5966 = CARTESIAN_POINT('',(7.632951,-25.79902,1.51));
#5967 = LINE('',#5968,#5969);
#5968 = CARTESIAN_POINT('',(7.632951,-25.79902,1.51));
#5969 = VECTOR('',#5970,1.);
#5970 = DIRECTION('',(0.,0.,1.));
#5971 = ORIENTED_EDGE('',*,*,#5972,.F.);
#5972 = EDGE_CURVE('',#5934,#5965,#5973,.T.);
#5973 = LINE('',#5974,#5975);
#5974 = CARTESIAN_POINT('',(7.759045,-25.765237,1.51));
#5975 = VECTOR('',#5976,1.);
#5976 = DIRECTION('',(-0.965933075484,-0.258791989223,0.));
#5977 = PLANE('',#5978);
#5978 = AXIS2_PLACEMENT_3D('',#5979,#5980,#5981);
#5979 = CARTESIAN_POINT('',(7.759045,-25.765237,1.51));
#5980 = DIRECTION('',(0.258791989223,-0.965933075484,0.));
#5981 = DIRECTION('',(-0.965933075484,-0.258791989223,0.));
#5982 = ADVANCED_FACE('',(#5983),#6008,.T.);
#5983 = FACE_BOUND('',#5984,.T.);
#5984 = EDGE_LOOP('',(#5985,#5986,#5994,#6002));
#5985 = ORIENTED_EDGE('',*,*,#5964,.T.);
#5986 = ORIENTED_EDGE('',*,*,#5987,.T.);
#5987 = EDGE_CURVE('',#5957,#5988,#5990,.T.);
#5988 = VERTEX_POINT('',#5989);
#5989 = CARTESIAN_POINT('',(7.567703,-25.803297,1.545));
#5990 = LINE('',#5991,#5992);
#5991 = CARTESIAN_POINT('',(7.632951,-25.79902,1.545));
#5992 = VECTOR('',#5993,1.);
#5993 = DIRECTION('',(-0.997858503883,-6.540952705229E-02,0.));
#5994 = ORIENTED_EDGE('',*,*,#5995,.F.);
#5995 = EDGE_CURVE('',#5996,#5988,#5998,.T.);
#5996 = VERTEX_POINT('',#5997);
#5997 = CARTESIAN_POINT('',(7.567703,-25.803297,1.51));
#5998 = LINE('',#5999,#6000);
#5999 = CARTESIAN_POINT('',(7.567703,-25.803297,1.51));
#6000 = VECTOR('',#6001,1.);
#6001 = DIRECTION('',(0.,0.,1.));
#6002 = ORIENTED_EDGE('',*,*,#6003,.F.);
#6003 = EDGE_CURVE('',#5965,#5996,#6004,.T.);
#6004 = LINE('',#6005,#6006);
#6005 = CARTESIAN_POINT('',(7.632951,-25.79902,1.51));
#6006 = VECTOR('',#6007,1.);
#6007 = DIRECTION('',(-0.997858503883,-6.540952705229E-02,0.));
#6008 = PLANE('',#6009);
#6009 = AXIS2_PLACEMENT_3D('',#6010,#6011,#6012);
#6010 = CARTESIAN_POINT('',(7.632951,-25.79902,1.51));
#6011 = DIRECTION('',(6.540952705229E-02,-0.997858503883,0.));
#6012 = DIRECTION('',(-0.997858503883,-6.540952705229E-02,0.));
#6013 = ADVANCED_FACE('',(#6014),#6039,.T.);
#6014 = FACE_BOUND('',#6015,.T.);
#6015 = EDGE_LOOP('',(#6016,#6017,#6025,#6033));
#6016 = ORIENTED_EDGE('',*,*,#5995,.T.);
#6017 = ORIENTED_EDGE('',*,*,#6018,.T.);
#6018 = EDGE_CURVE('',#5988,#6019,#6021,.T.);
#6019 = VERTEX_POINT('',#6020);
#6020 = CARTESIAN_POINT('',(3.5,-25.803297,1.545));
#6021 = LINE('',#6022,#6023);
#6022 = CARTESIAN_POINT('',(7.567703,-25.803297,1.545));
#6023 = VECTOR('',#6024,1.);
#6024 = DIRECTION('',(-1.,0.,0.));
#6025 = ORIENTED_EDGE('',*,*,#6026,.F.);
#6026 = EDGE_CURVE('',#6027,#6019,#6029,.T.);
#6027 = VERTEX_POINT('',#6028);
#6028 = CARTESIAN_POINT('',(3.5,-25.803297,1.51));
#6029 = LINE('',#6030,#6031);
#6030 = CARTESIAN_POINT('',(3.5,-25.803297,1.51));
#6031 = VECTOR('',#6032,1.);
#6032 = DIRECTION('',(0.,0.,1.));
#6033 = ORIENTED_EDGE('',*,*,#6034,.F.);
#6034 = EDGE_CURVE('',#5996,#6027,#6035,.T.);
#6035 = LINE('',#6036,#6037);
#6036 = CARTESIAN_POINT('',(7.567703,-25.803297,1.51));
#6037 = VECTOR('',#6038,1.);
#6038 = DIRECTION('',(-1.,0.,0.));
#6039 = PLANE('',#6040);
#6040 = AXIS2_PLACEMENT_3D('',#6041,#6042,#6043);
#6041 = CARTESIAN_POINT('',(7.567703,-25.803297,1.51));
#6042 = DIRECTION('',(0.,-1.,0.));
#6043 = DIRECTION('',(-1.,0.,0.));
#6044 = ADVANCED_FACE('',(#6045),#6070,.T.);
#6045 = FACE_BOUND('',#6046,.T.);
#6046 = EDGE_LOOP('',(#6047,#6048,#6056,#6064));
#6047 = ORIENTED_EDGE('',*,*,#6026,.T.);
#6048 = ORIENTED_EDGE('',*,*,#6049,.T.);
#6049 = EDGE_CURVE('',#6019,#6050,#6052,.T.);
#6050 = VERTEX_POINT('',#6051);
#6051 = CARTESIAN_POINT('',(3.5,-28.792894,1.545));
#6052 = LINE('',#6053,#6054);
#6053 = CARTESIAN_POINT('',(3.5,-25.803297,1.545));
#6054 = VECTOR('',#6055,1.);
#6055 = DIRECTION('',(0.,-1.,0.));
#6056 = ORIENTED_EDGE('',*,*,#6057,.F.);
#6057 = EDGE_CURVE('',#6058,#6050,#6060,.T.);
#6058 = VERTEX_POINT('',#6059);
#6059 = CARTESIAN_POINT('',(3.5,-28.792894,1.51));
#6060 = LINE('',#6061,#6062);
#6061 = CARTESIAN_POINT('',(3.5,-28.792894,1.51));
#6062 = VECTOR('',#6063,1.);
#6063 = DIRECTION('',(0.,0.,1.));
#6064 = ORIENTED_EDGE('',*,*,#6065,.F.);
#6065 = EDGE_CURVE('',#6027,#6058,#6066,.T.);
#6066 = LINE('',#6067,#6068);
#6067 = CARTESIAN_POINT('',(3.5,-25.803297,1.51));
#6068 = VECTOR('',#6069,1.);
#6069 = DIRECTION('',(0.,-1.,0.));
#6070 = PLANE('',#6071);
#6071 = AXIS2_PLACEMENT_3D('',#6072,#6073,#6074);
#6072 = CARTESIAN_POINT('',(3.5,-25.803297,1.51));
#6073 = DIRECTION('',(1.,0.,-0.));
#6074 = DIRECTION('',(0.,-1.,0.));
#6075 = ADVANCED_FACE('',(#6076),#6101,.T.);
#6076 = FACE_BOUND('',#6077,.T.);
#6077 = EDGE_LOOP('',(#6078,#6079,#6087,#6095));
#6078 = ORIENTED_EDGE('',*,*,#6057,.T.);
#6079 = ORIENTED_EDGE('',*,*,#6080,.T.);
#6080 = EDGE_CURVE('',#6050,#6081,#6083,.T.);
#6081 = VERTEX_POINT('',#6082);
#6082 = CARTESIAN_POINT('',(4.087106,-29.38,1.545));
#6083 = LINE('',#6084,#6085);
#6084 = CARTESIAN_POINT('',(3.5,-28.792894,1.545));
#6085 = VECTOR('',#6086,1.);
#6086 = DIRECTION('',(0.707106781187,-0.707106781187,0.));
#6087 = ORIENTED_EDGE('',*,*,#6088,.F.);
#6088 = EDGE_CURVE('',#6089,#6081,#6091,.T.);
#6089 = VERTEX_POINT('',#6090);
#6090 = CARTESIAN_POINT('',(4.087106,-29.38,1.51));
#6091 = LINE('',#6092,#6093);
#6092 = CARTESIAN_POINT('',(4.087106,-29.38,1.51));
#6093 = VECTOR('',#6094,1.);
#6094 = DIRECTION('',(0.,0.,1.));
#6095 = ORIENTED_EDGE('',*,*,#6096,.F.);
#6096 = EDGE_CURVE('',#6058,#6089,#6097,.T.);
#6097 = LINE('',#6098,#6099);
#6098 = CARTESIAN_POINT('',(3.5,-28.792894,1.51));
#6099 = VECTOR('',#6100,1.);
#6100 = DIRECTION('',(0.707106781187,-0.707106781187,0.));
#6101 = PLANE('',#6102);
#6102 = AXIS2_PLACEMENT_3D('',#6103,#6104,#6105);
#6103 = CARTESIAN_POINT('',(3.5,-28.792894,1.51));
#6104 = DIRECTION('',(0.707106781187,0.707106781187,-0.));
#6105 = DIRECTION('',(0.707106781187,-0.707106781187,0.));
#6106 = ADVANCED_FACE('',(#6107),#6132,.T.);
#6107 = FACE_BOUND('',#6108,.T.);
#6108 = EDGE_LOOP('',(#6109,#6110,#6118,#6126));
#6109 = ORIENTED_EDGE('',*,*,#6088,.T.);
#6110 = ORIENTED_EDGE('',*,*,#6111,.T.);
#6111 = EDGE_CURVE('',#6081,#6112,#6114,.T.);
#6112 = VERTEX_POINT('',#6113);
#6113 = CARTESIAN_POINT('',(6.611,-29.38,1.545));
#6114 = LINE('',#6115,#6116);
#6115 = CARTESIAN_POINT('',(4.087106,-29.38,1.545));
#6116 = VECTOR('',#6117,1.);
#6117 = DIRECTION('',(1.,0.,0.));
#6118 = ORIENTED_EDGE('',*,*,#6119,.F.);
#6119 = EDGE_CURVE('',#6120,#6112,#6122,.T.);
#6120 = VERTEX_POINT('',#6121);
#6121 = CARTESIAN_POINT('',(6.611,-29.38,1.51));
#6122 = LINE('',#6123,#6124);
#6123 = CARTESIAN_POINT('',(6.611,-29.38,1.51));
#6124 = VECTOR('',#6125,1.);
#6125 = DIRECTION('',(0.,0.,1.));
#6126 = ORIENTED_EDGE('',*,*,#6127,.F.);
#6127 = EDGE_CURVE('',#6089,#6120,#6128,.T.);
#6128 = LINE('',#6129,#6130);
#6129 = CARTESIAN_POINT('',(4.087106,-29.38,1.51));
#6130 = VECTOR('',#6131,1.);
#6131 = DIRECTION('',(1.,0.,0.));
#6132 = PLANE('',#6133);
#6133 = AXIS2_PLACEMENT_3D('',#6134,#6135,#6136);
#6134 = CARTESIAN_POINT('',(4.087106,-29.38,1.51));
#6135 = DIRECTION('',(0.,1.,0.));
#6136 = DIRECTION('',(1.,0.,0.));
#6137 = ADVANCED_FACE('',(#6138),#6165,.T.);
#6138 = FACE_BOUND('',#6139,.T.);
#6139 = EDGE_LOOP('',(#6140,#6141,#6150,#6158));
#6140 = ORIENTED_EDGE('',*,*,#6119,.T.);
#6141 = ORIENTED_EDGE('',*,*,#6142,.T.);
#6142 = EDGE_CURVE('',#6112,#6143,#6145,.T.);
#6143 = VERTEX_POINT('',#6144);
#6144 = CARTESIAN_POINT('',(6.611,-30.38,1.545));
#6145 = CIRCLE('',#6146,0.5);
#6146 = AXIS2_PLACEMENT_3D('',#6147,#6148,#6149);
#6147 = CARTESIAN_POINT('',(6.61099955666,-29.88,1.545));
#6148 = DIRECTION('',(0.,0.,-1.));
#6149 = DIRECTION('',(8.86680437517E-07,1.,0.));
#6150 = ORIENTED_EDGE('',*,*,#6151,.F.);
#6151 = EDGE_CURVE('',#6152,#6143,#6154,.T.);
#6152 = VERTEX_POINT('',#6153);
#6153 = CARTESIAN_POINT('',(6.611,-30.38,1.51));
#6154 = LINE('',#6155,#6156);
#6155 = CARTESIAN_POINT('',(6.611,-30.38,1.51));
#6156 = VECTOR('',#6157,1.);
#6157 = DIRECTION('',(0.,0.,1.));
#6158 = ORIENTED_EDGE('',*,*,#6159,.F.);
#6159 = EDGE_CURVE('',#6120,#6152,#6160,.T.);
#6160 = CIRCLE('',#6161,0.5);
#6161 = AXIS2_PLACEMENT_3D('',#6162,#6163,#6164);
#6162 = CARTESIAN_POINT('',(6.61099955666,-29.88,1.51));
#6163 = DIRECTION('',(0.,0.,-1.));
#6164 = DIRECTION('',(8.86680437517E-07,1.,0.));
#6165 = CYLINDRICAL_SURFACE('',#6166,0.5);
#6166 = AXIS2_PLACEMENT_3D('',#6167,#6168,#6169);
#6167 = CARTESIAN_POINT('',(6.61099955666,-29.88,1.51));
#6168 = DIRECTION('',(0.,0.,-1.));
#6169 = DIRECTION('',(8.86680437517E-07,1.,0.));
#6170 = ADVANCED_FACE('',(#6171),#6196,.T.);
#6171 = FACE_BOUND('',#6172,.T.);
#6172 = EDGE_LOOP('',(#6173,#6174,#6182,#6190));
#6173 = ORIENTED_EDGE('',*,*,#6151,.T.);
#6174 = ORIENTED_EDGE('',*,*,#6175,.T.);
#6175 = EDGE_CURVE('',#6143,#6176,#6178,.T.);
#6176 = VERTEX_POINT('',#6177);
#6177 = CARTESIAN_POINT('',(3.88,-30.38,1.545));
#6178 = LINE('',#6179,#6180);
#6179 = CARTESIAN_POINT('',(6.611,-30.38,1.545));
#6180 = VECTOR('',#6181,1.);
#6181 = DIRECTION('',(-1.,0.,0.));
#6182 = ORIENTED_EDGE('',*,*,#6183,.F.);
#6183 = EDGE_CURVE('',#6184,#6176,#6186,.T.);
#6184 = VERTEX_POINT('',#6185);
#6185 = CARTESIAN_POINT('',(3.88,-30.38,1.51));
#6186 = LINE('',#6187,#6188);
#6187 = CARTESIAN_POINT('',(3.88,-30.38,1.51));
#6188 = VECTOR('',#6189,1.);
#6189 = DIRECTION('',(0.,0.,1.));
#6190 = ORIENTED_EDGE('',*,*,#6191,.F.);
#6191 = EDGE_CURVE('',#6152,#6184,#6192,.T.);
#6192 = LINE('',#6193,#6194);
#6193 = CARTESIAN_POINT('',(6.611,-30.38,1.51));
#6194 = VECTOR('',#6195,1.);
#6195 = DIRECTION('',(-1.,0.,0.));
#6196 = PLANE('',#6197);
#6197 = AXIS2_PLACEMENT_3D('',#6198,#6199,#6200);
#6198 = CARTESIAN_POINT('',(6.611,-30.38,1.51));
#6199 = DIRECTION('',(0.,-1.,0.));
#6200 = DIRECTION('',(-1.,0.,0.));
#6201 = ADVANCED_FACE('',(#6202),#6229,.T.);
#6202 = FACE_BOUND('',#6203,.T.);
#6203 = EDGE_LOOP('',(#6204,#6205,#6214,#6222));
#6204 = ORIENTED_EDGE('',*,*,#6183,.T.);
#6205 = ORIENTED_EDGE('',*,*,#6206,.T.);
#6206 = EDGE_CURVE('',#6176,#6207,#6209,.T.);
#6207 = VERTEX_POINT('',#6208);
#6208 = CARTESIAN_POINT('',(3.526447,-30.233553,1.545));
#6209 = CIRCLE('',#6210,0.499992432518);
#6210 = AXIS2_PLACEMENT_3D('',#6211,#6212,#6213);
#6211 = CARTESIAN_POINT('',(3.879997646619,-29.88000756748,1.545));
#6212 = DIRECTION('',(0.,0.,-1.));
#6213 = DIRECTION('',(4.706832554435E-06,-0.999999999989,0.));
#6214 = ORIENTED_EDGE('',*,*,#6215,.F.);
#6215 = EDGE_CURVE('',#6216,#6207,#6218,.T.);
#6216 = VERTEX_POINT('',#6217);
#6217 = CARTESIAN_POINT('',(3.526447,-30.233553,1.51));
#6218 = LINE('',#6219,#6220);
#6219 = CARTESIAN_POINT('',(3.526447,-30.233553,1.51));
#6220 = VECTOR('',#6221,1.);
#6221 = DIRECTION('',(0.,0.,1.));
#6222 = ORIENTED_EDGE('',*,*,#6223,.F.);
#6223 = EDGE_CURVE('',#6184,#6216,#6224,.T.);
#6224 = CIRCLE('',#6225,0.499992432518);
#6225 = AXIS2_PLACEMENT_3D('',#6226,#6227,#6228);
#6226 = CARTESIAN_POINT('',(3.879997646619,-29.88000756748,1.51));
#6227 = DIRECTION('',(0.,0.,-1.));
#6228 = DIRECTION('',(4.706832554435E-06,-0.999999999989,0.));
#6229 = CYLINDRICAL_SURFACE('',#6230,0.499992432518);
#6230 = AXIS2_PLACEMENT_3D('',#6231,#6232,#6233);
#6231 = CARTESIAN_POINT('',(3.879997646619,-29.88000756748,1.51));
#6232 = DIRECTION('',(0.,0.,-1.));
#6233 = DIRECTION('',(4.706832554435E-06,-0.999999999989,0.));
#6234 = ADVANCED_FACE('',(#6235),#6260,.T.);
#6235 = FACE_BOUND('',#6236,.T.);
#6236 = EDGE_LOOP('',(#6237,#6238,#6246,#6254));
#6237 = ORIENTED_EDGE('',*,*,#6215,.T.);
#6238 = ORIENTED_EDGE('',*,*,#6239,.T.);
#6239 = EDGE_CURVE('',#6207,#6240,#6242,.T.);
#6240 = VERTEX_POINT('',#6241);
#6241 = CARTESIAN_POINT('',(2.646447,-29.353553,1.545));
#6242 = LINE('',#6243,#6244);
#6243 = CARTESIAN_POINT('',(3.526447,-30.233553,1.545));
#6244 = VECTOR('',#6245,1.);
#6245 = DIRECTION('',(-0.707106781187,0.707106781187,0.));
#6246 = ORIENTED_EDGE('',*,*,#6247,.F.);
#6247 = EDGE_CURVE('',#6248,#6240,#6250,.T.);
#6248 = VERTEX_POINT('',#6249);
#6249 = CARTESIAN_POINT('',(2.646447,-29.353553,1.51));
#6250 = LINE('',#6251,#6252);
#6251 = CARTESIAN_POINT('',(2.646447,-29.353553,1.51));
#6252 = VECTOR('',#6253,1.);
#6253 = DIRECTION('',(0.,0.,1.));
#6254 = ORIENTED_EDGE('',*,*,#6255,.F.);
#6255 = EDGE_CURVE('',#6216,#6248,#6256,.T.);
#6256 = LINE('',#6257,#6258);
#6257 = CARTESIAN_POINT('',(3.526447,-30.233553,1.51));
#6258 = VECTOR('',#6259,1.);
#6259 = DIRECTION('',(-0.707106781187,0.707106781187,0.));
#6260 = PLANE('',#6261);
#6261 = AXIS2_PLACEMENT_3D('',#6262,#6263,#6264);
#6262 = CARTESIAN_POINT('',(3.526447,-30.233553,1.51));
#6263 = DIRECTION('',(-0.707106781187,-0.707106781187,0.));
#6264 = DIRECTION('',(-0.707106781187,0.707106781187,0.));
#6265 = ADVANCED_FACE('',(#6266),#6293,.T.);
#6266 = FACE_BOUND('',#6267,.T.);
#6267 = EDGE_LOOP('',(#6268,#6269,#6278,#6286));
#6268 = ORIENTED_EDGE('',*,*,#6247,.T.);
#6269 = ORIENTED_EDGE('',*,*,#6270,.T.);
#6270 = EDGE_CURVE('',#6240,#6271,#6273,.T.);
#6271 = VERTEX_POINT('',#6272);
#6272 = CARTESIAN_POINT('',(2.5,-29.,1.545));
#6273 = CIRCLE('',#6274,0.499992432518);
#6274 = AXIS2_PLACEMENT_3D('',#6275,#6276,#6277);
#6275 = CARTESIAN_POINT('',(2.999992432513,-29.00000235338,1.545));
#6276 = DIRECTION('',(0.,0.,-1.));
#6277 = DIRECTION('',(-0.707101566982,-0.707111995353,-0.));
#6278 = ORIENTED_EDGE('',*,*,#6279,.F.);
#6279 = EDGE_CURVE('',#6280,#6271,#6282,.T.);
#6280 = VERTEX_POINT('',#6281);
#6281 = CARTESIAN_POINT('',(2.5,-29.,1.51));
#6282 = LINE('',#6283,#6284);
#6283 = CARTESIAN_POINT('',(2.5,-29.,1.51));
#6284 = VECTOR('',#6285,1.);
#6285 = DIRECTION('',(0.,0.,1.));
#6286 = ORIENTED_EDGE('',*,*,#6287,.F.);
#6287 = EDGE_CURVE('',#6248,#6280,#6288,.T.);
#6288 = CIRCLE('',#6289,0.499992432518);
#6289 = AXIS2_PLACEMENT_3D('',#6290,#6291,#6292);
#6290 = CARTESIAN_POINT('',(2.999992432513,-29.00000235338,1.51));
#6291 = DIRECTION('',(0.,0.,-1.));
#6292 = DIRECTION('',(-0.707101566982,-0.707111995353,-0.));
#6293 = CYLINDRICAL_SURFACE('',#6294,0.499992432518);
#6294 = AXIS2_PLACEMENT_3D('',#6295,#6296,#6297);
#6295 = CARTESIAN_POINT('',(2.999992432513,-29.00000235338,1.51));
#6296 = DIRECTION('',(0.,0.,-1.));
#6297 = DIRECTION('',(-0.707101566982,-0.707111995353,-0.));
#6298 = ADVANCED_FACE('',(#6299),#6324,.T.);
#6299 = FACE_BOUND('',#6300,.T.);
#6300 = EDGE_LOOP('',(#6301,#6302,#6310,#6318));
#6301 = ORIENTED_EDGE('',*,*,#6279,.T.);
#6302 = ORIENTED_EDGE('',*,*,#6303,.T.);
#6303 = EDGE_CURVE('',#6271,#6304,#6306,.T.);
#6304 = VERTEX_POINT('',#6305);
#6305 = CARTESIAN_POINT('',(2.5,-25.602006,1.545));
#6306 = LINE('',#6307,#6308);
#6307 = CARTESIAN_POINT('',(2.5,-29.,1.545));
#6308 = VECTOR('',#6309,1.);
#6309 = DIRECTION('',(0.,1.,0.));
#6310 = ORIENTED_EDGE('',*,*,#6311,.F.);
#6311 = EDGE_CURVE('',#6312,#6304,#6314,.T.);
#6312 = VERTEX_POINT('',#6313);
#6313 = CARTESIAN_POINT('',(2.5,-25.602006,1.51));
#6314 = LINE('',#6315,#6316);
#6315 = CARTESIAN_POINT('',(2.5,-25.602006,1.51));
#6316 = VECTOR('',#6317,1.);
#6317 = DIRECTION('',(0.,0.,1.));
#6318 = ORIENTED_EDGE('',*,*,#6319,.F.);
#6319 = EDGE_CURVE('',#6280,#6312,#6320,.T.);
#6320 = LINE('',#6321,#6322);
#6321 = CARTESIAN_POINT('',(2.5,-29.,1.51));
#6322 = VECTOR('',#6323,1.);
#6323 = DIRECTION('',(0.,1.,0.));
#6324 = PLANE('',#6325);
#6325 = AXIS2_PLACEMENT_3D('',#6326,#6327,#6328);
#6326 = CARTESIAN_POINT('',(2.5,-29.,1.51));
#6327 = DIRECTION('',(-1.,0.,0.));
#6328 = DIRECTION('',(0.,1.,0.));
#6329 = ADVANCED_FACE('',(#6330),#6346,.T.);
#6330 = FACE_BOUND('',#6331,.T.);
#6331 = EDGE_LOOP('',(#6332,#6333,#6339,#6340));
#6332 = ORIENTED_EDGE('',*,*,#6311,.T.);
#6333 = ORIENTED_EDGE('',*,*,#6334,.T.);
#6334 = EDGE_CURVE('',#6304,#5759,#6335,.T.);
#6335 = LINE('',#6336,#6337);
#6336 = CARTESIAN_POINT('',(2.5,-25.602006,1.545));
#6337 = VECTOR('',#6338,1.);
#6338 = DIRECTION('',(0.499997929145,-0.86602659939,0.));
#6339 = ORIENTED_EDGE('',*,*,#5756,.F.);
#6340 = ORIENTED_EDGE('',*,*,#6341,.F.);
#6341 = EDGE_CURVE('',#6312,#5757,#6342,.T.);
#6342 = LINE('',#6343,#6344);
#6343 = CARTESIAN_POINT('',(2.5,-25.602006,1.51));
#6344 = VECTOR('',#6345,1.);
#6345 = DIRECTION('',(0.499997929145,-0.86602659939,0.));
#6346 = PLANE('',#6347);
#6347 = AXIS2_PLACEMENT_3D('',#6348,#6349,#6350);
#6348 = CARTESIAN_POINT('',(2.5,-25.602006,1.51));
#6349 = DIRECTION('',(0.86602659939,0.499997929145,-0.));
#6350 = DIRECTION('',(0.499997929145,-0.86602659939,0.));
#6351 = ADVANCED_FACE('',(#6352),#6373,.F.);
#6352 = FACE_BOUND('',#6353,.T.);
#6353 = EDGE_LOOP('',(#6354,#6355,#6356,#6357,#6358,#6359,#6360,#6361,
    #6362,#6363,#6364,#6365,#6366,#6367,#6368,#6369,#6370,#6371,#6372));
#6354 = ORIENTED_EDGE('',*,*,#5783,.T.);
#6355 = ORIENTED_EDGE('',*,*,#5815,.T.);
#6356 = ORIENTED_EDGE('',*,*,#5846,.T.);
#6357 = ORIENTED_EDGE('',*,*,#5877,.T.);
#6358 = ORIENTED_EDGE('',*,*,#5909,.T.);
#6359 = ORIENTED_EDGE('',*,*,#5941,.T.);
#6360 = ORIENTED_EDGE('',*,*,#5972,.T.);
#6361 = ORIENTED_EDGE('',*,*,#6003,.T.);
#6362 = ORIENTED_EDGE('',*,*,#6034,.T.);
#6363 = ORIENTED_EDGE('',*,*,#6065,.T.);
#6364 = ORIENTED_EDGE('',*,*,#6096,.T.);
#6365 = ORIENTED_EDGE('',*,*,#6127,.T.);
#6366 = ORIENTED_EDGE('',*,*,#6159,.T.);
#6367 = ORIENTED_EDGE('',*,*,#6191,.T.);
#6368 = ORIENTED_EDGE('',*,*,#6223,.T.);
#6369 = ORIENTED_EDGE('',*,*,#6255,.T.);
#6370 = ORIENTED_EDGE('',*,*,#6287,.T.);
#6371 = ORIENTED_EDGE('',*,*,#6319,.T.);
#6372 = ORIENTED_EDGE('',*,*,#6341,.T.);
#6373 = PLANE('',#6374);
#6374 = AXIS2_PLACEMENT_3D('',#6375,#6376,#6377);
#6375 = CARTESIAN_POINT('',(0.,0.,1.51));
#6376 = DIRECTION('',(0.,0.,1.));
#6377 = DIRECTION('',(1.,0.,-0.));
#6378 = ADVANCED_FACE('',(#6379),#6400,.T.);
#6379 = FACE_BOUND('',#6380,.F.);
#6380 = EDGE_LOOP('',(#6381,#6382,#6383,#6384,#6385,#6386,#6387,#6388,
    #6389,#6390,#6391,#6392,#6393,#6394,#6395,#6396,#6397,#6398,#6399));
#6381 = ORIENTED_EDGE('',*,*,#5766,.T.);
#6382 = ORIENTED_EDGE('',*,*,#5799,.T.);
#6383 = ORIENTED_EDGE('',*,*,#5830,.T.);
#6384 = ORIENTED_EDGE('',*,*,#5861,.T.);
#6385 = ORIENTED_EDGE('',*,*,#5892,.T.);
#6386 = ORIENTED_EDGE('',*,*,#5925,.T.);
#6387 = ORIENTED_EDGE('',*,*,#5956,.T.);
#6388 = ORIENTED_EDGE('',*,*,#5987,.T.);
#6389 = ORIENTED_EDGE('',*,*,#6018,.T.);
#6390 = ORIENTED_EDGE('',*,*,#6049,.T.);
#6391 = ORIENTED_EDGE('',*,*,#6080,.T.);
#6392 = ORIENTED_EDGE('',*,*,#6111,.T.);
#6393 = ORIENTED_EDGE('',*,*,#6142,.T.);
#6394 = ORIENTED_EDGE('',*,*,#6175,.T.);
#6395 = ORIENTED_EDGE('',*,*,#6206,.T.);
#6396 = ORIENTED_EDGE('',*,*,#6239,.T.);
#6397 = ORIENTED_EDGE('',*,*,#6270,.T.);
#6398 = ORIENTED_EDGE('',*,*,#6303,.T.);
#6399 = ORIENTED_EDGE('',*,*,#6334,.T.);
#6400 = PLANE('',#6401);
#6401 = AXIS2_PLACEMENT_3D('',#6402,#6403,#6404);
#6402 = CARTESIAN_POINT('',(0.,0.,1.545));
#6403 = DIRECTION('',(0.,0.,1.));
#6404 = DIRECTION('',(1.,0.,-0.));
#6405 = ( GEOMETRIC_REPRESENTATION_CONTEXT(3) 
GLOBAL_UNCERTAINTY_ASSIGNED_CONTEXT((#6409)) 
GLOBAL_UNIT_ASSIGNED_CONTEXT((#6406,#6407,#6408)) REPRESENTATION_CONTEXT
('Context #1','3D Context with UNIT and UNCERTAINTY') );
#6406 = ( LENGTH_UNIT() NAMED_UNIT(*) SI_UNIT(.MILLI.,.METRE.) );
#6407 = ( NAMED_UNIT(*) PLANE_ANGLE_UNIT() SI_UNIT($,.RADIAN.) );
#6408 = ( NAMED_UNIT(*) SI_UNIT($,.STERADIAN.) SOLID_ANGLE_UNIT() );
#6409 = UNCERTAINTY_MEASURE_WITH_UNIT(LENGTH_MEASURE(1.E-07),#6406,
  'distance_accuracy_value','confusion accuracy');
#6410 = CONTEXT_DEPENDENT_SHAPE_REPRESENTATION(#6411,#6413);
#6411 = ( REPRESENTATION_RELATIONSHIP('','',#2077,#10) 
REPRESENTATION_RELATIONSHIP_WITH_TRANSFORMATION(#6412) 
SHAPE_REPRESENTATION_RELATIONSHIP() );
#6412 = ITEM_DEFINED_TRANSFORMATION('','',#11,#27);
#6413 = PRODUCT_DEFINITION_SHAPE('Placement','Placement of an item',
  #6414);
#6414 = NEXT_ASSEMBLY_USAGE_OCCURRENCE('4','=>[0:1:1:4]','',#5,#2072,$);
#6415 = PRODUCT_RELATED_PRODUCT_CATEGORY('part',$,(#2074));
#6416 = SHAPE_DEFINITION_REPRESENTATION(#6417,#6423);
#6417 = PRODUCT_DEFINITION_SHAPE('','',#6418);
#6418 = PRODUCT_DEFINITION('design','',#6419,#6422);
#6419 = PRODUCT_DEFINITION_FORMATION('','',#6420);
#6420 = PRODUCT('Excite_V1_pad','Excite_V1_pad','',(#6421));
#6421 = PRODUCT_CONTEXT('',#2,'mechanical');
#6422 = PRODUCT_DEFINITION_CONTEXT('part definition',#2,'design');
#6423 = SHAPE_REPRESENTATION('',(#11,#6424,#6574,#6864,#6956,#7048,#7140
    ,#7232,#7324,#7416,#7566,#7658,#7750,#7842,#7934,#8026,#8118,#8447,
    #8776,#8868,#9158,#9448,#9540,#9632,#9724,#9913,#10102,#10194,#10484
    ,#10576,#10668,#10760,#11050,#11379,#11708,#11800,#12090,#12380,
    #12530,#12820,#12970,#13260,#13589,#13918),#14010);
#6424 = MANIFOLD_SOLID_BREP('',#6425);
#6425 = CLOSED_SHELL('',(#6426,#6466,#6497,#6528,#6550,#6562));
#6426 = ADVANCED_FACE('',(#6427),#6461,.T.);
#6427 = FACE_BOUND('',#6428,.T.);
#6428 = EDGE_LOOP('',(#6429,#6439,#6447,#6455));
#6429 = ORIENTED_EDGE('',*,*,#6430,.T.);
#6430 = EDGE_CURVE('',#6431,#6433,#6435,.T.);
#6431 = VERTEX_POINT('',#6432);
#6432 = CARTESIAN_POINT('',(4.736,-19.375,1.51));
#6433 = VERTEX_POINT('',#6434);
#6434 = CARTESIAN_POINT('',(4.736,-19.375,1.55));
#6435 = LINE('',#6436,#6437);
#6436 = CARTESIAN_POINT('',(4.736,-19.375,1.51));
#6437 = VECTOR('',#6438,1.);
#6438 = DIRECTION('',(0.,0.,1.));
#6439 = ORIENTED_EDGE('',*,*,#6440,.T.);
#6440 = EDGE_CURVE('',#6433,#6441,#6443,.T.);
#6441 = VERTEX_POINT('',#6442);
#6442 = CARTESIAN_POINT('',(4.736,-10.625,1.55));
#6443 = LINE('',#6444,#6445);
#6444 = CARTESIAN_POINT('',(4.736,-19.375,1.55));
#6445 = VECTOR('',#6446,1.);
#6446 = DIRECTION('',(0.,1.,0.));
#6447 = ORIENTED_EDGE('',*,*,#6448,.F.);
#6448 = EDGE_CURVE('',#6449,#6441,#6451,.T.);
#6449 = VERTEX_POINT('',#6450);
#6450 = CARTESIAN_POINT('',(4.736,-10.625,1.51));
#6451 = LINE('',#6452,#6453);
#6452 = CARTESIAN_POINT('',(4.736,-10.625,1.51));
#6453 = VECTOR('',#6454,1.);
#6454 = DIRECTION('',(0.,0.,1.));
#6455 = ORIENTED_EDGE('',*,*,#6456,.F.);
#6456 = EDGE_CURVE('',#6431,#6449,#6457,.T.);
#6457 = LINE('',#6458,#6459);
#6458 = CARTESIAN_POINT('',(4.736,-19.375,1.51));
#6459 = VECTOR('',#6460,1.);
#6460 = DIRECTION('',(0.,1.,0.));
#6461 = PLANE('',#6462);
#6462 = AXIS2_PLACEMENT_3D('',#6463,#6464,#6465);
#6463 = CARTESIAN_POINT('',(4.736,-19.375,1.51));
#6464 = DIRECTION('',(-1.,0.,0.));
#6465 = DIRECTION('',(0.,1.,0.));
#6466 = ADVANCED_FACE('',(#6467),#6492,.T.);
#6467 = FACE_BOUND('',#6468,.T.);
#6468 = EDGE_LOOP('',(#6469,#6470,#6478,#6486));
#6469 = ORIENTED_EDGE('',*,*,#6448,.T.);
#6470 = ORIENTED_EDGE('',*,*,#6471,.T.);
#6471 = EDGE_CURVE('',#6441,#6472,#6474,.T.);
#6472 = VERTEX_POINT('',#6473);
#6473 = CARTESIAN_POINT('',(15.486,-10.625,1.55));
#6474 = LINE('',#6475,#6476);
#6475 = CARTESIAN_POINT('',(4.736,-10.625,1.55));
#6476 = VECTOR('',#6477,1.);
#6477 = DIRECTION('',(1.,0.,0.));
#6478 = ORIENTED_EDGE('',*,*,#6479,.F.);
#6479 = EDGE_CURVE('',#6480,#6472,#6482,.T.);
#6480 = VERTEX_POINT('',#6481);
#6481 = CARTESIAN_POINT('',(15.486,-10.625,1.51));
#6482 = LINE('',#6483,#6484);
#6483 = CARTESIAN_POINT('',(15.486,-10.625,1.51));
#6484 = VECTOR('',#6485,1.);
#6485 = DIRECTION('',(0.,0.,1.));
#6486 = ORIENTED_EDGE('',*,*,#6487,.F.);
#6487 = EDGE_CURVE('',#6449,#6480,#6488,.T.);
#6488 = LINE('',#6489,#6490);
#6489 = CARTESIAN_POINT('',(4.736,-10.625,1.51));
#6490 = VECTOR('',#6491,1.);
#6491 = DIRECTION('',(1.,0.,0.));
#6492 = PLANE('',#6493);
#6493 = AXIS2_PLACEMENT_3D('',#6494,#6495,#6496);
#6494 = CARTESIAN_POINT('',(4.736,-10.625,1.51));
#6495 = DIRECTION('',(0.,1.,0.));
#6496 = DIRECTION('',(1.,0.,0.));
#6497 = ADVANCED_FACE('',(#6498),#6523,.T.);
#6498 = FACE_BOUND('',#6499,.T.);
#6499 = EDGE_LOOP('',(#6500,#6501,#6509,#6517));
#6500 = ORIENTED_EDGE('',*,*,#6479,.T.);
#6501 = ORIENTED_EDGE('',*,*,#6502,.T.);
#6502 = EDGE_CURVE('',#6472,#6503,#6505,.T.);
#6503 = VERTEX_POINT('',#6504);
#6504 = CARTESIAN_POINT('',(15.486,-19.375,1.55));
#6505 = LINE('',#6506,#6507);
#6506 = CARTESIAN_POINT('',(15.486,-10.625,1.55));
#6507 = VECTOR('',#6508,1.);
#6508 = DIRECTION('',(0.,-1.,0.));
#6509 = ORIENTED_EDGE('',*,*,#6510,.F.);
#6510 = EDGE_CURVE('',#6511,#6503,#6513,.T.);
#6511 = VERTEX_POINT('',#6512);
#6512 = CARTESIAN_POINT('',(15.486,-19.375,1.51));
#6513 = LINE('',#6514,#6515);
#6514 = CARTESIAN_POINT('',(15.486,-19.375,1.51));
#6515 = VECTOR('',#6516,1.);
#6516 = DIRECTION('',(0.,0.,1.));
#6517 = ORIENTED_EDGE('',*,*,#6518,.F.);
#6518 = EDGE_CURVE('',#6480,#6511,#6519,.T.);
#6519 = LINE('',#6520,#6521);
#6520 = CARTESIAN_POINT('',(15.486,-10.625,1.51));
#6521 = VECTOR('',#6522,1.);
#6522 = DIRECTION('',(0.,-1.,0.));
#6523 = PLANE('',#6524);
#6524 = AXIS2_PLACEMENT_3D('',#6525,#6526,#6527);
#6525 = CARTESIAN_POINT('',(15.486,-10.625,1.51));
#6526 = DIRECTION('',(1.,0.,-0.));
#6527 = DIRECTION('',(0.,-1.,0.));
#6528 = ADVANCED_FACE('',(#6529),#6545,.T.);
#6529 = FACE_BOUND('',#6530,.T.);
#6530 = EDGE_LOOP('',(#6531,#6532,#6538,#6539));
#6531 = ORIENTED_EDGE('',*,*,#6510,.T.);
#6532 = ORIENTED_EDGE('',*,*,#6533,.T.);
#6533 = EDGE_CURVE('',#6503,#6433,#6534,.T.);
#6534 = LINE('',#6535,#6536);
#6535 = CARTESIAN_POINT('',(15.486,-19.375,1.55));
#6536 = VECTOR('',#6537,1.);
#6537 = DIRECTION('',(-1.,0.,0.));
#6538 = ORIENTED_EDGE('',*,*,#6430,.F.);
#6539 = ORIENTED_EDGE('',*,*,#6540,.F.);
#6540 = EDGE_CURVE('',#6511,#6431,#6541,.T.);
#6541 = LINE('',#6542,#6543);
#6542 = CARTESIAN_POINT('',(15.486,-19.375,1.51));
#6543 = VECTOR('',#6544,1.);
#6544 = DIRECTION('',(-1.,0.,0.));
#6545 = PLANE('',#6546);
#6546 = AXIS2_PLACEMENT_3D('',#6547,#6548,#6549);
#6547 = CARTESIAN_POINT('',(15.486,-19.375,1.51));
#6548 = DIRECTION('',(0.,-1.,0.));
#6549 = DIRECTION('',(-1.,0.,0.));
#6550 = ADVANCED_FACE('',(#6551),#6557,.F.);
#6551 = FACE_BOUND('',#6552,.T.);
#6552 = EDGE_LOOP('',(#6553,#6554,#6555,#6556));
#6553 = ORIENTED_EDGE('',*,*,#6456,.T.);
#6554 = ORIENTED_EDGE('',*,*,#6487,.T.);
#6555 = ORIENTED_EDGE('',*,*,#6518,.T.);
#6556 = ORIENTED_EDGE('',*,*,#6540,.T.);
#6557 = PLANE('',#6558);
#6558 = AXIS2_PLACEMENT_3D('',#6559,#6560,#6561);
#6559 = CARTESIAN_POINT('',(0.,0.,1.51));
#6560 = DIRECTION('',(0.,0.,1.));
#6561 = DIRECTION('',(1.,0.,-0.));
#6562 = ADVANCED_FACE('',(#6563),#6569,.T.);
#6563 = FACE_BOUND('',#6564,.F.);
#6564 = EDGE_LOOP('',(#6565,#6566,#6567,#6568));
#6565 = ORIENTED_EDGE('',*,*,#6440,.T.);
#6566 = ORIENTED_EDGE('',*,*,#6471,.T.);
#6567 = ORIENTED_EDGE('',*,*,#6502,.T.);
#6568 = ORIENTED_EDGE('',*,*,#6533,.T.);
#6569 = PLANE('',#6570);
#6570 = AXIS2_PLACEMENT_3D('',#6571,#6572,#6573);
#6571 = CARTESIAN_POINT('',(0.,0.,1.55));
#6572 = DIRECTION('',(0.,0.,1.));
#6573 = DIRECTION('',(1.,0.,-0.));
#6574 = MANIFOLD_SOLID_BREP('',#6575);
#6575 = CLOSED_SHELL('',(#6576,#6618,#6649,#6682,#6713,#6746,#6777,#6810
    ,#6832,#6848));
#6576 = ADVANCED_FACE('',(#6577),#6613,.T.);
#6577 = FACE_BOUND('',#6578,.T.);
#6578 = EDGE_LOOP('',(#6579,#6589,#6598,#6606));
#6579 = ORIENTED_EDGE('',*,*,#6580,.T.);
#6580 = EDGE_CURVE('',#6581,#6583,#6585,.T.);
#6581 = VERTEX_POINT('',#6582);
#6582 = CARTESIAN_POINT('',(12.316,-35.455,1.51));
#6583 = VERTEX_POINT('',#6584);
#6584 = CARTESIAN_POINT('',(12.316,-35.455,1.55));
#6585 = LINE('',#6586,#6587);
#6586 = CARTESIAN_POINT('',(12.316,-35.455,1.51));
#6587 = VECTOR('',#6588,1.);
#6588 = DIRECTION('',(0.,0.,1.));
#6589 = ORIENTED_EDGE('',*,*,#6590,.T.);
#6590 = EDGE_CURVE('',#6583,#6591,#6593,.T.);
#6591 = VERTEX_POINT('',#6592);
#6592 = CARTESIAN_POINT('',(12.566,-35.205,1.55));
#6593 = CIRCLE('',#6594,0.249998959685);
#6594 = AXIS2_PLACEMENT_3D('',#6595,#6596,#6597);
#6595 = CARTESIAN_POINT('',(12.565998959683,-35.45499895968,1.55));
#6596 = DIRECTION('',(0.,0.,-1.));
#6597 = DIRECTION('',(-0.999999999991,-4.161285837067E-06,-0.));
#6598 = ORIENTED_EDGE('',*,*,#6599,.F.);
#6599 = EDGE_CURVE('',#6600,#6591,#6602,.T.);
#6600 = VERTEX_POINT('',#6601);
#6601 = CARTESIAN_POINT('',(12.566,-35.205,1.51));
#6602 = LINE('',#6603,#6604);
#6603 = CARTESIAN_POINT('',(12.566,-35.205,1.51));
#6604 = VECTOR('',#6605,1.);
#6605 = DIRECTION('',(0.,0.,1.));
#6606 = ORIENTED_EDGE('',*,*,#6607,.F.);
#6607 = EDGE_CURVE('',#6581,#6600,#6608,.T.);
#6608 = CIRCLE('',#6609,0.249998959685);
#6609 = AXIS2_PLACEMENT_3D('',#6610,#6611,#6612);
#6610 = CARTESIAN_POINT('',(12.565998959683,-35.45499895968,1.51));
#6611 = DIRECTION('',(0.,0.,-1.));
#6612 = DIRECTION('',(-0.999999999991,-4.161285837067E-06,-0.));
#6613 = CYLINDRICAL_SURFACE('',#6614,0.249998959685);
#6614 = AXIS2_PLACEMENT_3D('',#6615,#6616,#6617);
#6615 = CARTESIAN_POINT('',(12.565998959683,-35.45499895968,1.51));
#6616 = DIRECTION('',(0.,0.,-1.));
#6617 = DIRECTION('',(-0.999999999991,-4.161285837067E-06,-0.));
#6618 = ADVANCED_FACE('',(#6619),#6644,.T.);
#6619 = FACE_BOUND('',#6620,.T.);
#6620 = EDGE_LOOP('',(#6621,#6622,#6630,#6638));
#6621 = ORIENTED_EDGE('',*,*,#6599,.T.);
#6622 = ORIENTED_EDGE('',*,*,#6623,.T.);
#6623 = EDGE_CURVE('',#6591,#6624,#6626,.T.);
#6624 = VERTEX_POINT('',#6625);
#6625 = CARTESIAN_POINT('',(14.656,-35.205,1.55));
#6626 = LINE('',#6627,#6628);
#6627 = CARTESIAN_POINT('',(12.566,-35.205,1.55));
#6628 = VECTOR('',#6629,1.);
#6629 = DIRECTION('',(1.,0.,0.));
#6630 = ORIENTED_EDGE('',*,*,#6631,.F.);
#6631 = EDGE_CURVE('',#6632,#6624,#6634,.T.);
#6632 = VERTEX_POINT('',#6633);
#6633 = CARTESIAN_POINT('',(14.656,-35.205,1.51));
#6634 = LINE('',#6635,#6636);
#6635 = CARTESIAN_POINT('',(14.656,-35.205,1.51));
#6636 = VECTOR('',#6637,1.);
#6637 = DIRECTION('',(0.,0.,1.));
#6638 = ORIENTED_EDGE('',*,*,#6639,.F.);
#6639 = EDGE_CURVE('',#6600,#6632,#6640,.T.);
#6640 = LINE('',#6641,#6642);
#6641 = CARTESIAN_POINT('',(12.566,-35.205,1.51));
#6642 = VECTOR('',#6643,1.);
#6643 = DIRECTION('',(1.,0.,0.));
#6644 = PLANE('',#6645);
#6645 = AXIS2_PLACEMENT_3D('',#6646,#6647,#6648);
#6646 = CARTESIAN_POINT('',(12.566,-35.205,1.51));
#6647 = DIRECTION('',(0.,1.,0.));
#6648 = DIRECTION('',(1.,0.,0.));
#6649 = ADVANCED_FACE('',(#6650),#6677,.T.);
#6650 = FACE_BOUND('',#6651,.T.);
#6651 = EDGE_LOOP('',(#6652,#6653,#6662,#6670));
#6652 = ORIENTED_EDGE('',*,*,#6631,.T.);
#6653 = ORIENTED_EDGE('',*,*,#6654,.T.);
#6654 = EDGE_CURVE('',#6624,#6655,#6657,.T.);
#6655 = VERTEX_POINT('',#6656);
#6656 = CARTESIAN_POINT('',(14.906,-35.455,1.55));
#6657 = CIRCLE('',#6658,0.249998959685);
#6658 = AXIS2_PLACEMENT_3D('',#6659,#6660,#6661);
#6659 = CARTESIAN_POINT('',(14.656001040317,-35.45499895968,1.55));
#6660 = DIRECTION('',(0.,0.,-1.));
#6661 = DIRECTION('',(-4.161285837066E-06,0.999999999991,0.));
#6662 = ORIENTED_EDGE('',*,*,#6663,.F.);
#6663 = EDGE_CURVE('',#6664,#6655,#6666,.T.);
#6664 = VERTEX_POINT('',#6665);
#6665 = CARTESIAN_POINT('',(14.906,-35.455,1.51));
#6666 = LINE('',#6667,#6668);
#6667 = CARTESIAN_POINT('',(14.906,-35.455,1.51));
#6668 = VECTOR('',#6669,1.);
#6669 = DIRECTION('',(0.,0.,1.));
#6670 = ORIENTED_EDGE('',*,*,#6671,.F.);
#6671 = EDGE_CURVE('',#6632,#6664,#6672,.T.);
#6672 = CIRCLE('',#6673,0.249998959685);
#6673 = AXIS2_PLACEMENT_3D('',#6674,#6675,#6676);
#6674 = CARTESIAN_POINT('',(14.656001040317,-35.45499895968,1.51));
#6675 = DIRECTION('',(0.,0.,-1.));
#6676 = DIRECTION('',(-4.161285837066E-06,0.999999999991,0.));
#6677 = CYLINDRICAL_SURFACE('',#6678,0.249998959685);
#6678 = AXIS2_PLACEMENT_3D('',#6679,#6680,#6681);
#6679 = CARTESIAN_POINT('',(14.656001040317,-35.45499895968,1.51));
#6680 = DIRECTION('',(0.,0.,-1.));
#6681 = DIRECTION('',(-4.161285837066E-06,0.999999999991,0.));
#6682 = ADVANCED_FACE('',(#6683),#6708,.T.);
#6683 = FACE_BOUND('',#6684,.T.);
#6684 = EDGE_LOOP('',(#6685,#6686,#6694,#6702));
#6685 = ORIENTED_EDGE('',*,*,#6663,.T.);
#6686 = ORIENTED_EDGE('',*,*,#6687,.T.);
#6687 = EDGE_CURVE('',#6655,#6688,#6690,.T.);
#6688 = VERTEX_POINT('',#6689);
#6689 = CARTESIAN_POINT('',(14.906,-37.025,1.55));
#6690 = LINE('',#6691,#6692);
#6691 = CARTESIAN_POINT('',(14.906,-35.455,1.55));
#6692 = VECTOR('',#6693,1.);
#6693 = DIRECTION('',(0.,-1.,0.));
#6694 = ORIENTED_EDGE('',*,*,#6695,.F.);
#6695 = EDGE_CURVE('',#6696,#6688,#6698,.T.);
#6696 = VERTEX_POINT('',#6697);
#6697 = CARTESIAN_POINT('',(14.906,-37.025,1.51));
#6698 = LINE('',#6699,#6700);
#6699 = CARTESIAN_POINT('',(14.906,-37.025,1.51));
#6700 = VECTOR('',#6701,1.);
#6701 = DIRECTION('',(0.,0.,1.));
#6702 = ORIENTED_EDGE('',*,*,#6703,.F.);
#6703 = EDGE_CURVE('',#6664,#6696,#6704,.T.);
#6704 = LINE('',#6705,#6706);
#6705 = CARTESIAN_POINT('',(14.906,-35.455,1.51));
#6706 = VECTOR('',#6707,1.);
#6707 = DIRECTION('',(0.,-1.,0.));
#6708 = PLANE('',#6709);
#6709 = AXIS2_PLACEMENT_3D('',#6710,#6711,#6712);
#6710 = CARTESIAN_POINT('',(14.906,-35.455,1.51));
#6711 = DIRECTION('',(1.,0.,-0.));
#6712 = DIRECTION('',(0.,-1.,0.));
#6713 = ADVANCED_FACE('',(#6714),#6741,.T.);
#6714 = FACE_BOUND('',#6715,.T.);
#6715 = EDGE_LOOP('',(#6716,#6717,#6726,#6734));
#6716 = ORIENTED_EDGE('',*,*,#6695,.T.);
#6717 = ORIENTED_EDGE('',*,*,#6718,.T.);
#6718 = EDGE_CURVE('',#6688,#6719,#6721,.T.);
#6719 = VERTEX_POINT('',#6720);
#6720 = CARTESIAN_POINT('',(14.656,-37.275,1.55));
#6721 = CIRCLE('',#6722,0.249998959685);
#6722 = AXIS2_PLACEMENT_3D('',#6723,#6724,#6725);
#6723 = CARTESIAN_POINT('',(14.656001040317,-37.02500104031,1.55));
#6724 = DIRECTION('',(0.,0.,-1.));
#6725 = DIRECTION('',(0.999999999991,4.161285837066E-06,0.));
#6726 = ORIENTED_EDGE('',*,*,#6727,.F.);
#6727 = EDGE_CURVE('',#6728,#6719,#6730,.T.);
#6728 = VERTEX_POINT('',#6729);
#6729 = CARTESIAN_POINT('',(14.656,-37.275,1.51));
#6730 = LINE('',#6731,#6732);
#6731 = CARTESIAN_POINT('',(14.656,-37.275,1.51));
#6732 = VECTOR('',#6733,1.);
#6733 = DIRECTION('',(0.,0.,1.));
#6734 = ORIENTED_EDGE('',*,*,#6735,.F.);
#6735 = EDGE_CURVE('',#6696,#6728,#6736,.T.);
#6736 = CIRCLE('',#6737,0.249998959685);
#6737 = AXIS2_PLACEMENT_3D('',#6738,#6739,#6740);
#6738 = CARTESIAN_POINT('',(14.656001040317,-37.02500104031,1.51));
#6739 = DIRECTION('',(0.,0.,-1.));
#6740 = DIRECTION('',(0.999999999991,4.161285837066E-06,0.));
#6741 = CYLINDRICAL_SURFACE('',#6742,0.249998959685);
#6742 = AXIS2_PLACEMENT_3D('',#6743,#6744,#6745);
#6743 = CARTESIAN_POINT('',(14.656001040317,-37.02500104031,1.51));
#6744 = DIRECTION('',(0.,0.,-1.));
#6745 = DIRECTION('',(0.999999999991,4.161285837066E-06,0.));
#6746 = ADVANCED_FACE('',(#6747),#6772,.T.);
#6747 = FACE_BOUND('',#6748,.T.);
#6748 = EDGE_LOOP('',(#6749,#6750,#6758,#6766));
#6749 = ORIENTED_EDGE('',*,*,#6727,.T.);
#6750 = ORIENTED_EDGE('',*,*,#6751,.T.);
#6751 = EDGE_CURVE('',#6719,#6752,#6754,.T.);
#6752 = VERTEX_POINT('',#6753);
#6753 = CARTESIAN_POINT('',(12.566,-37.275,1.55));
#6754 = LINE('',#6755,#6756);
#6755 = CARTESIAN_POINT('',(14.656,-37.275,1.55));
#6756 = VECTOR('',#6757,1.);
#6757 = DIRECTION('',(-1.,0.,0.));
#6758 = ORIENTED_EDGE('',*,*,#6759,.F.);
#6759 = EDGE_CURVE('',#6760,#6752,#6762,.T.);
#6760 = VERTEX_POINT('',#6761);
#6761 = CARTESIAN_POINT('',(12.566,-37.275,1.51));
#6762 = LINE('',#6763,#6764);
#6763 = CARTESIAN_POINT('',(12.566,-37.275,1.51));
#6764 = VECTOR('',#6765,1.);
#6765 = DIRECTION('',(0.,0.,1.));
#6766 = ORIENTED_EDGE('',*,*,#6767,.F.);
#6767 = EDGE_CURVE('',#6728,#6760,#6768,.T.);
#6768 = LINE('',#6769,#6770);
#6769 = CARTESIAN_POINT('',(14.656,-37.275,1.51));
#6770 = VECTOR('',#6771,1.);
#6771 = DIRECTION('',(-1.,0.,0.));
#6772 = PLANE('',#6773);
#6773 = AXIS2_PLACEMENT_3D('',#6774,#6775,#6776);
#6774 = CARTESIAN_POINT('',(14.656,-37.275,1.51));
#6775 = DIRECTION('',(0.,-1.,0.));
#6776 = DIRECTION('',(-1.,0.,0.));
#6777 = ADVANCED_FACE('',(#6778),#6805,.T.);
#6778 = FACE_BOUND('',#6779,.T.);
#6779 = EDGE_LOOP('',(#6780,#6781,#6790,#6798));
#6780 = ORIENTED_EDGE('',*,*,#6759,.T.);
#6781 = ORIENTED_EDGE('',*,*,#6782,.T.);
#6782 = EDGE_CURVE('',#6752,#6783,#6785,.T.);
#6783 = VERTEX_POINT('',#6784);
#6784 = CARTESIAN_POINT('',(12.316,-37.025,1.55));
#6785 = CIRCLE('',#6786,0.249998959685);
#6786 = AXIS2_PLACEMENT_3D('',#6787,#6788,#6789);
#6787 = CARTESIAN_POINT('',(12.565998959683,-37.02500104031,1.55));
#6788 = DIRECTION('',(0.,0.,-1.));
#6789 = DIRECTION('',(4.161285851277E-06,-0.999999999991,0.));
#6790 = ORIENTED_EDGE('',*,*,#6791,.F.);
#6791 = EDGE_CURVE('',#6792,#6783,#6794,.T.);
#6792 = VERTEX_POINT('',#6793);
#6793 = CARTESIAN_POINT('',(12.316,-37.025,1.51));
#6794 = LINE('',#6795,#6796);
#6795 = CARTESIAN_POINT('',(12.316,-37.025,1.51));
#6796 = VECTOR('',#6797,1.);
#6797 = DIRECTION('',(0.,0.,1.));
#6798 = ORIENTED_EDGE('',*,*,#6799,.F.);
#6799 = EDGE_CURVE('',#6760,#6792,#6800,.T.);
#6800 = CIRCLE('',#6801,0.249998959685);
#6801 = AXIS2_PLACEMENT_3D('',#6802,#6803,#6804);
#6802 = CARTESIAN_POINT('',(12.565998959683,-37.02500104031,1.51));
#6803 = DIRECTION('',(0.,0.,-1.));
#6804 = DIRECTION('',(4.161285851277E-06,-0.999999999991,0.));
#6805 = CYLINDRICAL_SURFACE('',#6806,0.249998959685);
#6806 = AXIS2_PLACEMENT_3D('',#6807,#6808,#6809);
#6807 = CARTESIAN_POINT('',(12.565998959683,-37.02500104031,1.51));
#6808 = DIRECTION('',(0.,0.,-1.));
#6809 = DIRECTION('',(4.161285851277E-06,-0.999999999991,0.));
#6810 = ADVANCED_FACE('',(#6811),#6827,.T.);
#6811 = FACE_BOUND('',#6812,.T.);
#6812 = EDGE_LOOP('',(#6813,#6814,#6820,#6821));
#6813 = ORIENTED_EDGE('',*,*,#6791,.T.);
#6814 = ORIENTED_EDGE('',*,*,#6815,.T.);
#6815 = EDGE_CURVE('',#6783,#6583,#6816,.T.);
#6816 = LINE('',#6817,#6818);
#6817 = CARTESIAN_POINT('',(12.316,-37.025,1.55));
#6818 = VECTOR('',#6819,1.);
#6819 = DIRECTION('',(0.,1.,0.));
#6820 = ORIENTED_EDGE('',*,*,#6580,.F.);
#6821 = ORIENTED_EDGE('',*,*,#6822,.F.);
#6822 = EDGE_CURVE('',#6792,#6581,#6823,.T.);
#6823 = LINE('',#6824,#6825);
#6824 = CARTESIAN_POINT('',(12.316,-37.025,1.51));
#6825 = VECTOR('',#6826,1.);
#6826 = DIRECTION('',(0.,1.,0.));
#6827 = PLANE('',#6828);
#6828 = AXIS2_PLACEMENT_3D('',#6829,#6830,#6831);
#6829 = CARTESIAN_POINT('',(12.316,-37.025,1.51));
#6830 = DIRECTION('',(-1.,0.,0.));
#6831 = DIRECTION('',(0.,1.,0.));
#6832 = ADVANCED_FACE('',(#6833),#6843,.F.);
#6833 = FACE_BOUND('',#6834,.T.);
#6834 = EDGE_LOOP('',(#6835,#6836,#6837,#6838,#6839,#6840,#6841,#6842));
#6835 = ORIENTED_EDGE('',*,*,#6607,.T.);
#6836 = ORIENTED_EDGE('',*,*,#6639,.T.);
#6837 = ORIENTED_EDGE('',*,*,#6671,.T.);
#6838 = ORIENTED_EDGE('',*,*,#6703,.T.);
#6839 = ORIENTED_EDGE('',*,*,#6735,.T.);
#6840 = ORIENTED_EDGE('',*,*,#6767,.T.);
#6841 = ORIENTED_EDGE('',*,*,#6799,.T.);
#6842 = ORIENTED_EDGE('',*,*,#6822,.T.);
#6843 = PLANE('',#6844);
#6844 = AXIS2_PLACEMENT_3D('',#6845,#6846,#6847);
#6845 = CARTESIAN_POINT('',(0.,0.,1.51));
#6846 = DIRECTION('',(0.,0.,1.));
#6847 = DIRECTION('',(1.,0.,-0.));
#6848 = ADVANCED_FACE('',(#6849),#6859,.T.);
#6849 = FACE_BOUND('',#6850,.F.);
#6850 = EDGE_LOOP('',(#6851,#6852,#6853,#6854,#6855,#6856,#6857,#6858));
#6851 = ORIENTED_EDGE('',*,*,#6590,.T.);
#6852 = ORIENTED_EDGE('',*,*,#6623,.T.);
#6853 = ORIENTED_EDGE('',*,*,#6654,.T.);
#6854 = ORIENTED_EDGE('',*,*,#6687,.T.);
#6855 = ORIENTED_EDGE('',*,*,#6718,.T.);
#6856 = ORIENTED_EDGE('',*,*,#6751,.T.);
#6857 = ORIENTED_EDGE('',*,*,#6782,.T.);
#6858 = ORIENTED_EDGE('',*,*,#6815,.T.);
#6859 = PLANE('',#6860);
#6860 = AXIS2_PLACEMENT_3D('',#6861,#6862,#6863);
#6861 = CARTESIAN_POINT('',(0.,0.,1.55));
#6862 = DIRECTION('',(0.,0.,1.));
#6863 = DIRECTION('',(1.,0.,-0.));
#6864 = MANIFOLD_SOLID_BREP('',#6865);
#6865 = CLOSED_SHELL('',(#6866,#6899,#6919,#6939));
#6866 = ADVANCED_FACE('',(#6867),#6894,.T.);
#6867 = FACE_BOUND('',#6868,.F.);
#6868 = EDGE_LOOP('',(#6869,#6879,#6886,#6887));
#6869 = ORIENTED_EDGE('',*,*,#6870,.T.);
#6870 = EDGE_CURVE('',#6871,#6873,#6875,.T.);
#6871 = VERTEX_POINT('',#6872);
#6872 = CARTESIAN_POINT('',(33.083693,-6.,1.51));
#6873 = VERTEX_POINT('',#6874);
#6874 = CARTESIAN_POINT('',(33.083693,-6.,1.55));
#6875 = LINE('',#6876,#6877);
#6876 = CARTESIAN_POINT('',(33.083693,-6.,1.51));
#6877 = VECTOR('',#6878,1.);
#6878 = DIRECTION('',(0.,0.,1.));
#6879 = ORIENTED_EDGE('',*,*,#6880,.T.);
#6880 = EDGE_CURVE('',#6873,#6873,#6881,.T.);
#6881 = CIRCLE('',#6882,0.825499);
#6882 = AXIS2_PLACEMENT_3D('',#6883,#6884,#6885);
#6883 = CARTESIAN_POINT('',(32.258194,-6.,1.55));
#6884 = DIRECTION('',(0.,0.,1.));
#6885 = DIRECTION('',(1.,0.,-0.));
#6886 = ORIENTED_EDGE('',*,*,#6870,.F.);
#6887 = ORIENTED_EDGE('',*,*,#6888,.F.);
#6888 = EDGE_CURVE('',#6871,#6871,#6889,.T.);
#6889 = CIRCLE('',#6890,0.825499);
#6890 = AXIS2_PLACEMENT_3D('',#6891,#6892,#6893);
#6891 = CARTESIAN_POINT('',(32.258194,-6.,1.51));
#6892 = DIRECTION('',(0.,0.,1.));
#6893 = DIRECTION('',(1.,0.,-0.));
#6894 = CYLINDRICAL_SURFACE('',#6895,0.825499);
#6895 = AXIS2_PLACEMENT_3D('',#6896,#6897,#6898);
#6896 = CARTESIAN_POINT('',(32.258194,-6.,1.51));
#6897 = DIRECTION('',(-0.,-0.,-1.));
#6898 = DIRECTION('',(1.,0.,-0.));
#6899 = ADVANCED_FACE('',(#6900,#6903),#6914,.F.);
#6900 = FACE_BOUND('',#6901,.F.);
#6901 = EDGE_LOOP('',(#6902));
#6902 = ORIENTED_EDGE('',*,*,#6888,.T.);
#6903 = FACE_BOUND('',#6904,.F.);
#6904 = EDGE_LOOP('',(#6905));
#6905 = ORIENTED_EDGE('',*,*,#6906,.T.);
#6906 = EDGE_CURVE('',#6907,#6907,#6909,.T.);
#6907 = VERTEX_POINT('',#6908);
#6908 = CARTESIAN_POINT('',(32.258194,-6.5465,1.51));
#6909 = CIRCLE('',#6910,0.5465);
#6910 = AXIS2_PLACEMENT_3D('',#6911,#6912,#6913);
#6911 = CARTESIAN_POINT('',(32.258194,-6.,1.51));
#6912 = DIRECTION('',(-0.,0.,-1.));
#6913 = DIRECTION('',(-0.,-1.,0.));
#6914 = PLANE('',#6915);
#6915 = AXIS2_PLACEMENT_3D('',#6916,#6917,#6918);
#6916 = CARTESIAN_POINT('',(0.,0.,1.51));
#6917 = DIRECTION('',(0.,0.,1.));
#6918 = DIRECTION('',(1.,0.,-0.));
#6919 = ADVANCED_FACE('',(#6920,#6923),#6934,.T.);
#6920 = FACE_BOUND('',#6921,.T.);
#6921 = EDGE_LOOP('',(#6922));
#6922 = ORIENTED_EDGE('',*,*,#6880,.T.);
#6923 = FACE_BOUND('',#6924,.T.);
#6924 = EDGE_LOOP('',(#6925));
#6925 = ORIENTED_EDGE('',*,*,#6926,.T.);
#6926 = EDGE_CURVE('',#6927,#6927,#6929,.T.);
#6927 = VERTEX_POINT('',#6928);
#6928 = CARTESIAN_POINT('',(32.258194,-6.5465,1.55));
#6929 = CIRCLE('',#6930,0.5465);
#6930 = AXIS2_PLACEMENT_3D('',#6931,#6932,#6933);
#6931 = CARTESIAN_POINT('',(32.258194,-6.,1.55));
#6932 = DIRECTION('',(-0.,0.,-1.));
#6933 = DIRECTION('',(-0.,-1.,0.));
#6934 = PLANE('',#6935);
#6935 = AXIS2_PLACEMENT_3D('',#6936,#6937,#6938);
#6936 = CARTESIAN_POINT('',(0.,0.,1.55));
#6937 = DIRECTION('',(0.,0.,1.));
#6938 = DIRECTION('',(1.,0.,-0.));
#6939 = ADVANCED_FACE('',(#6940),#6951,.F.);
#6940 = FACE_BOUND('',#6941,.T.);
#6941 = EDGE_LOOP('',(#6942,#6943,#6949,#6950));
#6942 = ORIENTED_EDGE('',*,*,#6906,.T.);
#6943 = ORIENTED_EDGE('',*,*,#6944,.T.);
#6944 = EDGE_CURVE('',#6907,#6927,#6945,.T.);
#6945 = LINE('',#6946,#6947);
#6946 = CARTESIAN_POINT('',(32.258194,-6.5465,-4.6E-02));
#6947 = VECTOR('',#6948,1.);
#6948 = DIRECTION('',(0.,0.,1.));
#6949 = ORIENTED_EDGE('',*,*,#6926,.F.);
#6950 = ORIENTED_EDGE('',*,*,#6944,.F.);
#6951 = CYLINDRICAL_SURFACE('',#6952,0.5465);
#6952 = AXIS2_PLACEMENT_3D('',#6953,#6954,#6955);
#6953 = CARTESIAN_POINT('',(32.258194,-6.,-4.6E-02));
#6954 = DIRECTION('',(-0.,-0.,-1.));
#6955 = DIRECTION('',(-0.,-1.,0.));
#6956 = MANIFOLD_SOLID_BREP('',#6957);
#6957 = CLOSED_SHELL('',(#6958,#6991,#7011,#7031));
#6958 = ADVANCED_FACE('',(#6959),#6986,.T.);
#6959 = FACE_BOUND('',#6960,.T.);
#6960 = EDGE_LOOP('',(#6961,#6971,#6978,#6979));
#6961 = ORIENTED_EDGE('',*,*,#6962,.T.);
#6962 = EDGE_CURVE('',#6963,#6965,#6967,.T.);
#6963 = VERTEX_POINT('',#6964);
#6964 = CARTESIAN_POINT('',(33.083693,-6.,0.));
#6965 = VERTEX_POINT('',#6966);
#6966 = CARTESIAN_POINT('',(33.083693,-6.,-4.E-02));
#6967 = LINE('',#6968,#6969);
#6968 = CARTESIAN_POINT('',(33.083693,-6.,0.));
#6969 = VECTOR('',#6970,1.);
#6970 = DIRECTION('',(0.,0.,-1.));
#6971 = ORIENTED_EDGE('',*,*,#6972,.T.);
#6972 = EDGE_CURVE('',#6965,#6965,#6973,.T.);
#6973 = CIRCLE('',#6974,0.825499);
#6974 = AXIS2_PLACEMENT_3D('',#6975,#6976,#6977);
#6975 = CARTESIAN_POINT('',(32.258194,-6.,-4.E-02));
#6976 = DIRECTION('',(0.,0.,1.));
#6977 = DIRECTION('',(1.,0.,-0.));
#6978 = ORIENTED_EDGE('',*,*,#6962,.F.);
#6979 = ORIENTED_EDGE('',*,*,#6980,.F.);
#6980 = EDGE_CURVE('',#6963,#6963,#6981,.T.);
#6981 = CIRCLE('',#6982,0.825499);
#6982 = AXIS2_PLACEMENT_3D('',#6983,#6984,#6985);
#6983 = CARTESIAN_POINT('',(32.258194,-6.,0.));
#6984 = DIRECTION('',(0.,0.,1.));
#6985 = DIRECTION('',(1.,0.,-0.));
#6986 = CYLINDRICAL_SURFACE('',#6987,0.825499);
#6987 = AXIS2_PLACEMENT_3D('',#6988,#6989,#6990);
#6988 = CARTESIAN_POINT('',(32.258194,-6.,0.));
#6989 = DIRECTION('',(0.,0.,1.));
#6990 = DIRECTION('',(1.,0.,-0.));
#6991 = ADVANCED_FACE('',(#6992,#6995),#7006,.F.);
#6992 = FACE_BOUND('',#6993,.F.);
#6993 = EDGE_LOOP('',(#6994));
#6994 = ORIENTED_EDGE('',*,*,#6980,.F.);
#6995 = FACE_BOUND('',#6996,.F.);
#6996 = EDGE_LOOP('',(#6997));
#6997 = ORIENTED_EDGE('',*,*,#6998,.F.);
#6998 = EDGE_CURVE('',#6999,#6999,#7001,.T.);
#6999 = VERTEX_POINT('',#7000);
#7000 = CARTESIAN_POINT('',(32.258194,-6.5465,0.));
#7001 = CIRCLE('',#7002,0.5465);
#7002 = AXIS2_PLACEMENT_3D('',#7003,#7004,#7005);
#7003 = CARTESIAN_POINT('',(32.258194,-6.,0.));
#7004 = DIRECTION('',(-0.,0.,-1.));
#7005 = DIRECTION('',(-0.,-1.,0.));
#7006 = PLANE('',#7007);
#7007 = AXIS2_PLACEMENT_3D('',#7008,#7009,#7010);
#7008 = CARTESIAN_POINT('',(0.,0.,0.));
#7009 = DIRECTION('',(-0.,-0.,-1.));
#7010 = DIRECTION('',(-1.,0.,0.));
#7011 = ADVANCED_FACE('',(#7012,#7015),#7026,.T.);
#7012 = FACE_BOUND('',#7013,.T.);
#7013 = EDGE_LOOP('',(#7014));
#7014 = ORIENTED_EDGE('',*,*,#6972,.F.);
#7015 = FACE_BOUND('',#7016,.T.);
#7016 = EDGE_LOOP('',(#7017));
#7017 = ORIENTED_EDGE('',*,*,#7018,.F.);
#7018 = EDGE_CURVE('',#7019,#7019,#7021,.T.);
#7019 = VERTEX_POINT('',#7020);
#7020 = CARTESIAN_POINT('',(32.258194,-6.5465,-4.E-02));
#7021 = CIRCLE('',#7022,0.5465);
#7022 = AXIS2_PLACEMENT_3D('',#7023,#7024,#7025);
#7023 = CARTESIAN_POINT('',(32.258194,-6.,-4.E-02));
#7024 = DIRECTION('',(-0.,0.,-1.));
#7025 = DIRECTION('',(-0.,-1.,0.));
#7026 = PLANE('',#7027);
#7027 = AXIS2_PLACEMENT_3D('',#7028,#7029,#7030);
#7028 = CARTESIAN_POINT('',(0.,0.,-4.E-02));
#7029 = DIRECTION('',(-0.,-0.,-1.));
#7030 = DIRECTION('',(-1.,0.,0.));
#7031 = ADVANCED_FACE('',(#7032),#7043,.F.);
#7032 = FACE_BOUND('',#7033,.T.);
#7033 = EDGE_LOOP('',(#7034,#7035,#7041,#7042));
#7034 = ORIENTED_EDGE('',*,*,#7018,.T.);
#7035 = ORIENTED_EDGE('',*,*,#7036,.T.);
#7036 = EDGE_CURVE('',#7019,#6999,#7037,.T.);
#7037 = LINE('',#7038,#7039);
#7038 = CARTESIAN_POINT('',(32.258194,-6.5465,-4.6E-02));
#7039 = VECTOR('',#7040,1.);
#7040 = DIRECTION('',(0.,0.,1.));
#7041 = ORIENTED_EDGE('',*,*,#6998,.F.);
#7042 = ORIENTED_EDGE('',*,*,#7036,.F.);
#7043 = CYLINDRICAL_SURFACE('',#7044,0.5465);
#7044 = AXIS2_PLACEMENT_3D('',#7045,#7046,#7047);
#7045 = CARTESIAN_POINT('',(32.258194,-6.,-4.6E-02));
#7046 = DIRECTION('',(-0.,-0.,-1.));
#7047 = DIRECTION('',(-0.,-1.,0.));
#7048 = MANIFOLD_SOLID_BREP('',#7049);
#7049 = CLOSED_SHELL('',(#7050,#7083,#7103,#7123));
#7050 = ADVANCED_FACE('',(#7051),#7078,.T.);
#7051 = FACE_BOUND('',#7052,.F.);
#7052 = EDGE_LOOP('',(#7053,#7063,#7070,#7071));
#7053 = ORIENTED_EDGE('',*,*,#7054,.T.);
#7054 = EDGE_CURVE('',#7055,#7057,#7059,.T.);
#7055 = VERTEX_POINT('',#7056);
#7056 = CARTESIAN_POINT('',(32.258194,-6.5715,-4.E-02));
#7057 = VERTEX_POINT('',#7058);
#7058 = CARTESIAN_POINT('',(32.258194,-6.5715,1.55));
#7059 = LINE('',#7060,#7061);
#7060 = CARTESIAN_POINT('',(32.258194,-6.5715,-4.E-02));
#7061 = VECTOR('',#7062,1.);
#7062 = DIRECTION('',(0.,0.,1.));
#7063 = ORIENTED_EDGE('',*,*,#7064,.T.);
#7064 = EDGE_CURVE('',#7057,#7057,#7065,.T.);
#7065 = CIRCLE('',#7066,0.5715);
#7066 = AXIS2_PLACEMENT_3D('',#7067,#7068,#7069);
#7067 = CARTESIAN_POINT('',(32.258194,-6.,1.55));
#7068 = DIRECTION('',(0.,0.,1.));
#7069 = DIRECTION('',(-0.,-1.,0.));
#7070 = ORIENTED_EDGE('',*,*,#7054,.F.);
#7071 = ORIENTED_EDGE('',*,*,#7072,.F.);
#7072 = EDGE_CURVE('',#7055,#7055,#7073,.T.);
#7073 = CIRCLE('',#7074,0.5715);
#7074 = AXIS2_PLACEMENT_3D('',#7075,#7076,#7077);
#7075 = CARTESIAN_POINT('',(32.258194,-6.,-4.E-02));
#7076 = DIRECTION('',(0.,0.,1.));
#7077 = DIRECTION('',(-0.,-1.,0.));
#7078 = CYLINDRICAL_SURFACE('',#7079,0.5715);
#7079 = AXIS2_PLACEMENT_3D('',#7080,#7081,#7082);
#7080 = CARTESIAN_POINT('',(32.258194,-6.,-4.E-02));
#7081 = DIRECTION('',(-0.,-0.,-1.));
#7082 = DIRECTION('',(-0.,-1.,0.));
#7083 = ADVANCED_FACE('',(#7084,#7087),#7098,.F.);
#7084 = FACE_BOUND('',#7085,.F.);
#7085 = EDGE_LOOP('',(#7086));
#7086 = ORIENTED_EDGE('',*,*,#7072,.T.);
#7087 = FACE_BOUND('',#7088,.F.);
#7088 = EDGE_LOOP('',(#7089));
#7089 = ORIENTED_EDGE('',*,*,#7090,.T.);
#7090 = EDGE_CURVE('',#7091,#7091,#7093,.T.);
#7091 = VERTEX_POINT('',#7092);
#7092 = CARTESIAN_POINT('',(32.258194,-6.5465,-4.E-02));
#7093 = CIRCLE('',#7094,0.5465);
#7094 = AXIS2_PLACEMENT_3D('',#7095,#7096,#7097);
#7095 = CARTESIAN_POINT('',(32.258194,-6.,-4.E-02));
#7096 = DIRECTION('',(-0.,0.,-1.));
#7097 = DIRECTION('',(-0.,-1.,0.));
#7098 = PLANE('',#7099);
#7099 = AXIS2_PLACEMENT_3D('',#7100,#7101,#7102);
#7100 = CARTESIAN_POINT('',(32.258194,-6.5715,-4.E-02));
#7101 = DIRECTION('',(0.,0.,1.));
#7102 = DIRECTION('',(1.,0.,-0.));
#7103 = ADVANCED_FACE('',(#7104,#7107),#7118,.T.);
#7104 = FACE_BOUND('',#7105,.T.);
#7105 = EDGE_LOOP('',(#7106));
#7106 = ORIENTED_EDGE('',*,*,#7064,.T.);
#7107 = FACE_BOUND('',#7108,.T.);
#7108 = EDGE_LOOP('',(#7109));
#7109 = ORIENTED_EDGE('',*,*,#7110,.T.);
#7110 = EDGE_CURVE('',#7111,#7111,#7113,.T.);
#7111 = VERTEX_POINT('',#7112);
#7112 = CARTESIAN_POINT('',(32.258194,-6.5465,1.55));
#7113 = CIRCLE('',#7114,0.5465);
#7114 = AXIS2_PLACEMENT_3D('',#7115,#7116,#7117);
#7115 = CARTESIAN_POINT('',(32.258194,-6.,1.55));
#7116 = DIRECTION('',(-0.,0.,-1.));
#7117 = DIRECTION('',(-0.,-1.,0.));
#7118 = PLANE('',#7119);
#7119 = AXIS2_PLACEMENT_3D('',#7120,#7121,#7122);
#7120 = CARTESIAN_POINT('',(32.258194,-6.5715,1.55));
#7121 = DIRECTION('',(0.,0.,1.));
#7122 = DIRECTION('',(1.,0.,-0.));
#7123 = ADVANCED_FACE('',(#7124),#7135,.F.);
#7124 = FACE_BOUND('',#7125,.T.);
#7125 = EDGE_LOOP('',(#7126,#7127,#7133,#7134));
#7126 = ORIENTED_EDGE('',*,*,#7090,.T.);
#7127 = ORIENTED_EDGE('',*,*,#7128,.T.);
#7128 = EDGE_CURVE('',#7091,#7111,#7129,.T.);
#7129 = LINE('',#7130,#7131);
#7130 = CARTESIAN_POINT('',(32.258194,-6.5465,-4.6E-02));
#7131 = VECTOR('',#7132,1.);
#7132 = DIRECTION('',(0.,0.,1.));
#7133 = ORIENTED_EDGE('',*,*,#7110,.F.);
#7134 = ORIENTED_EDGE('',*,*,#7128,.F.);
#7135 = CYLINDRICAL_SURFACE('',#7136,0.5465);
#7136 = AXIS2_PLACEMENT_3D('',#7137,#7138,#7139);
#7137 = CARTESIAN_POINT('',(32.258194,-6.,-4.6E-02));
#7138 = DIRECTION('',(-0.,-0.,-1.));
#7139 = DIRECTION('',(-0.,-1.,0.));
#7140 = MANIFOLD_SOLID_BREP('',#7141);
#7141 = CLOSED_SHELL('',(#7142,#7175,#7195,#7215));
#7142 = ADVANCED_FACE('',(#7143),#7170,.T.);
#7143 = FACE_BOUND('',#7144,.F.);
#7144 = EDGE_LOOP('',(#7145,#7155,#7162,#7163));
#7145 = ORIENTED_EDGE('',*,*,#7146,.T.);
#7146 = EDGE_CURVE('',#7147,#7149,#7151,.T.);
#7147 = VERTEX_POINT('',#7148);
#7148 = CARTESIAN_POINT('',(6.25,-4.5,1.51));
#7149 = VERTEX_POINT('',#7150);
#7150 = CARTESIAN_POINT('',(6.25,-4.5,1.55));
#7151 = LINE('',#7152,#7153);
#7152 = CARTESIAN_POINT('',(6.25,-4.5,1.51));
#7153 = VECTOR('',#7154,1.);
#7154 = DIRECTION('',(0.,0.,1.));
#7155 = ORIENTED_EDGE('',*,*,#7156,.T.);
#7156 = EDGE_CURVE('',#7149,#7149,#7157,.T.);
#7157 = CIRCLE('',#7158,2.25);
#7158 = AXIS2_PLACEMENT_3D('',#7159,#7160,#7161);
#7159 = CARTESIAN_POINT('',(4.,-4.5,1.55));
#7160 = DIRECTION('',(0.,0.,1.));
#7161 = DIRECTION('',(1.,0.,-0.));
#7162 = ORIENTED_EDGE('',*,*,#7146,.F.);
#7163 = ORIENTED_EDGE('',*,*,#7164,.F.);
#7164 = EDGE_CURVE('',#7147,#7147,#7165,.T.);
#7165 = CIRCLE('',#7166,2.25);
#7166 = AXIS2_PLACEMENT_3D('',#7167,#7168,#7169);
#7167 = CARTESIAN_POINT('',(4.,-4.5,1.51));
#7168 = DIRECTION('',(0.,0.,1.));
#7169 = DIRECTION('',(1.,0.,-0.));
#7170 = CYLINDRICAL_SURFACE('',#7171,2.25);
#7171 = AXIS2_PLACEMENT_3D('',#7172,#7173,#7174);
#7172 = CARTESIAN_POINT('',(4.,-4.5,1.51));
#7173 = DIRECTION('',(-0.,-0.,-1.));
#7174 = DIRECTION('',(1.,0.,-0.));
#7175 = ADVANCED_FACE('',(#7176,#7179),#7190,.F.);
#7176 = FACE_BOUND('',#7177,.F.);
#7177 = EDGE_LOOP('',(#7178));
#7178 = ORIENTED_EDGE('',*,*,#7164,.T.);
#7179 = FACE_BOUND('',#7180,.F.);
#7180 = EDGE_LOOP('',(#7181));
#7181 = ORIENTED_EDGE('',*,*,#7182,.T.);
#7182 = EDGE_CURVE('',#7183,#7183,#7185,.T.);
#7183 = VERTEX_POINT('',#7184);
#7184 = CARTESIAN_POINT('',(4.,-5.825,1.51));
#7185 = CIRCLE('',#7186,1.325);
#7186 = AXIS2_PLACEMENT_3D('',#7187,#7188,#7189);
#7187 = CARTESIAN_POINT('',(4.,-4.5,1.51));
#7188 = DIRECTION('',(-0.,0.,-1.));
#7189 = DIRECTION('',(-0.,-1.,0.));
#7190 = PLANE('',#7191);
#7191 = AXIS2_PLACEMENT_3D('',#7192,#7193,#7194);
#7192 = CARTESIAN_POINT('',(0.,0.,1.51));
#7193 = DIRECTION('',(0.,0.,1.));
#7194 = DIRECTION('',(1.,0.,-0.));
#7195 = ADVANCED_FACE('',(#7196,#7199),#7210,.T.);
#7196 = FACE_BOUND('',#7197,.T.);
#7197 = EDGE_LOOP('',(#7198));
#7198 = ORIENTED_EDGE('',*,*,#7156,.T.);
#7199 = FACE_BOUND('',#7200,.T.);
#7200 = EDGE_LOOP('',(#7201));
#7201 = ORIENTED_EDGE('',*,*,#7202,.T.);
#7202 = EDGE_CURVE('',#7203,#7203,#7205,.T.);
#7203 = VERTEX_POINT('',#7204);
#7204 = CARTESIAN_POINT('',(4.,-5.825,1.55));
#7205 = CIRCLE('',#7206,1.325);
#7206 = AXIS2_PLACEMENT_3D('',#7207,#7208,#7209);
#7207 = CARTESIAN_POINT('',(4.,-4.5,1.55));
#7208 = DIRECTION('',(-0.,0.,-1.));
#7209 = DIRECTION('',(-0.,-1.,0.));
#7210 = PLANE('',#7211);
#7211 = AXIS2_PLACEMENT_3D('',#7212,#7213,#7214);
#7212 = CARTESIAN_POINT('',(0.,0.,1.55));
#7213 = DIRECTION('',(0.,0.,1.));
#7214 = DIRECTION('',(1.,0.,-0.));
#7215 = ADVANCED_FACE('',(#7216),#7227,.F.);
#7216 = FACE_BOUND('',#7217,.T.);
#7217 = EDGE_LOOP('',(#7218,#7219,#7225,#7226));
#7218 = ORIENTED_EDGE('',*,*,#7182,.T.);
#7219 = ORIENTED_EDGE('',*,*,#7220,.T.);
#7220 = EDGE_CURVE('',#7183,#7203,#7221,.T.);
#7221 = LINE('',#7222,#7223);
#7222 = CARTESIAN_POINT('',(4.,-5.825,-4.6E-02));
#7223 = VECTOR('',#7224,1.);
#7224 = DIRECTION('',(0.,0.,1.));
#7225 = ORIENTED_EDGE('',*,*,#7202,.F.);
#7226 = ORIENTED_EDGE('',*,*,#7220,.F.);
#7227 = CYLINDRICAL_SURFACE('',#7228,1.325);
#7228 = AXIS2_PLACEMENT_3D('',#7229,#7230,#7231);
#7229 = CARTESIAN_POINT('',(4.,-4.5,-4.6E-02));
#7230 = DIRECTION('',(-0.,-0.,-1.));
#7231 = DIRECTION('',(-0.,-1.,0.));
#7232 = MANIFOLD_SOLID_BREP('',#7233);
#7233 = CLOSED_SHELL('',(#7234,#7267,#7287,#7307));
#7234 = ADVANCED_FACE('',(#7235),#7262,.T.);
#7235 = FACE_BOUND('',#7236,.T.);
#7236 = EDGE_LOOP('',(#7237,#7247,#7254,#7255));
#7237 = ORIENTED_EDGE('',*,*,#7238,.T.);
#7238 = EDGE_CURVE('',#7239,#7241,#7243,.T.);
#7239 = VERTEX_POINT('',#7240);
#7240 = CARTESIAN_POINT('',(6.25,-4.5,0.));
#7241 = VERTEX_POINT('',#7242);
#7242 = CARTESIAN_POINT('',(6.25,-4.5,-4.E-02));
#7243 = LINE('',#7244,#7245);
#7244 = CARTESIAN_POINT('',(6.25,-4.5,0.));
#7245 = VECTOR('',#7246,1.);
#7246 = DIRECTION('',(0.,0.,-1.));
#7247 = ORIENTED_EDGE('',*,*,#7248,.T.);
#7248 = EDGE_CURVE('',#7241,#7241,#7249,.T.);
#7249 = CIRCLE('',#7250,2.25);
#7250 = AXIS2_PLACEMENT_3D('',#7251,#7252,#7253);
#7251 = CARTESIAN_POINT('',(4.,-4.5,-4.E-02));
#7252 = DIRECTION('',(0.,0.,1.));
#7253 = DIRECTION('',(1.,0.,-0.));
#7254 = ORIENTED_EDGE('',*,*,#7238,.F.);
#7255 = ORIENTED_EDGE('',*,*,#7256,.F.);
#7256 = EDGE_CURVE('',#7239,#7239,#7257,.T.);
#7257 = CIRCLE('',#7258,2.25);
#7258 = AXIS2_PLACEMENT_3D('',#7259,#7260,#7261);
#7259 = CARTESIAN_POINT('',(4.,-4.5,0.));
#7260 = DIRECTION('',(0.,0.,1.));
#7261 = DIRECTION('',(1.,0.,-0.));
#7262 = CYLINDRICAL_SURFACE('',#7263,2.25);
#7263 = AXIS2_PLACEMENT_3D('',#7264,#7265,#7266);
#7264 = CARTESIAN_POINT('',(4.,-4.5,0.));
#7265 = DIRECTION('',(0.,0.,1.));
#7266 = DIRECTION('',(1.,0.,-0.));
#7267 = ADVANCED_FACE('',(#7268,#7271),#7282,.F.);
#7268 = FACE_BOUND('',#7269,.F.);
#7269 = EDGE_LOOP('',(#7270));
#7270 = ORIENTED_EDGE('',*,*,#7256,.F.);
#7271 = FACE_BOUND('',#7272,.F.);
#7272 = EDGE_LOOP('',(#7273));
#7273 = ORIENTED_EDGE('',*,*,#7274,.F.);
#7274 = EDGE_CURVE('',#7275,#7275,#7277,.T.);
#7275 = VERTEX_POINT('',#7276);
#7276 = CARTESIAN_POINT('',(4.,-5.825,0.));
#7277 = CIRCLE('',#7278,1.325);
#7278 = AXIS2_PLACEMENT_3D('',#7279,#7280,#7281);
#7279 = CARTESIAN_POINT('',(4.,-4.5,0.));
#7280 = DIRECTION('',(-0.,0.,-1.));
#7281 = DIRECTION('',(-0.,-1.,0.));
#7282 = PLANE('',#7283);
#7283 = AXIS2_PLACEMENT_3D('',#7284,#7285,#7286);
#7284 = CARTESIAN_POINT('',(0.,0.,0.));
#7285 = DIRECTION('',(-0.,-0.,-1.));
#7286 = DIRECTION('',(-1.,0.,0.));
#7287 = ADVANCED_FACE('',(#7288,#7291),#7302,.T.);
#7288 = FACE_BOUND('',#7289,.T.);
#7289 = EDGE_LOOP('',(#7290));
#7290 = ORIENTED_EDGE('',*,*,#7248,.F.);
#7291 = FACE_BOUND('',#7292,.T.);
#7292 = EDGE_LOOP('',(#7293));
#7293 = ORIENTED_EDGE('',*,*,#7294,.F.);
#7294 = EDGE_CURVE('',#7295,#7295,#7297,.T.);
#7295 = VERTEX_POINT('',#7296);
#7296 = CARTESIAN_POINT('',(4.,-5.825,-4.E-02));
#7297 = CIRCLE('',#7298,1.325);
#7298 = AXIS2_PLACEMENT_3D('',#7299,#7300,#7301);
#7299 = CARTESIAN_POINT('',(4.,-4.5,-4.E-02));
#7300 = DIRECTION('',(-0.,0.,-1.));
#7301 = DIRECTION('',(-0.,-1.,0.));
#7302 = PLANE('',#7303);
#7303 = AXIS2_PLACEMENT_3D('',#7304,#7305,#7306);
#7304 = CARTESIAN_POINT('',(0.,0.,-4.E-02));
#7305 = DIRECTION('',(-0.,-0.,-1.));
#7306 = DIRECTION('',(-1.,0.,0.));
#7307 = ADVANCED_FACE('',(#7308),#7319,.F.);
#7308 = FACE_BOUND('',#7309,.T.);
#7309 = EDGE_LOOP('',(#7310,#7311,#7317,#7318));
#7310 = ORIENTED_EDGE('',*,*,#7294,.T.);
#7311 = ORIENTED_EDGE('',*,*,#7312,.T.);
#7312 = EDGE_CURVE('',#7295,#7275,#7313,.T.);
#7313 = LINE('',#7314,#7315);
#7314 = CARTESIAN_POINT('',(4.,-5.825,-4.6E-02));
#7315 = VECTOR('',#7316,1.);
#7316 = DIRECTION('',(0.,0.,1.));
#7317 = ORIENTED_EDGE('',*,*,#7274,.F.);
#7318 = ORIENTED_EDGE('',*,*,#7312,.F.);
#7319 = CYLINDRICAL_SURFACE('',#7320,1.325);
#7320 = AXIS2_PLACEMENT_3D('',#7321,#7322,#7323);
#7321 = CARTESIAN_POINT('',(4.,-4.5,-4.6E-02));
#7322 = DIRECTION('',(-0.,-0.,-1.));
#7323 = DIRECTION('',(-0.,-1.,0.));
#7324 = MANIFOLD_SOLID_BREP('',#7325);
#7325 = CLOSED_SHELL('',(#7326,#7359,#7379,#7399));
#7326 = ADVANCED_FACE('',(#7327),#7354,.T.);
#7327 = FACE_BOUND('',#7328,.F.);
#7328 = EDGE_LOOP('',(#7329,#7339,#7346,#7347));
#7329 = ORIENTED_EDGE('',*,*,#7330,.T.);
#7330 = EDGE_CURVE('',#7331,#7333,#7335,.T.);
#7331 = VERTEX_POINT('',#7332);
#7332 = CARTESIAN_POINT('',(4.,-5.85,-4.E-02));
#7333 = VERTEX_POINT('',#7334);
#7334 = CARTESIAN_POINT('',(4.,-5.85,1.55));
#7335 = LINE('',#7336,#7337);
#7336 = CARTESIAN_POINT('',(4.,-5.85,-4.E-02));
#7337 = VECTOR('',#7338,1.);
#7338 = DIRECTION('',(0.,0.,1.));
#7339 = ORIENTED_EDGE('',*,*,#7340,.T.);
#7340 = EDGE_CURVE('',#7333,#7333,#7341,.T.);
#7341 = CIRCLE('',#7342,1.35);
#7342 = AXIS2_PLACEMENT_3D('',#7343,#7344,#7345);
#7343 = CARTESIAN_POINT('',(4.,-4.5,1.55));
#7344 = DIRECTION('',(0.,0.,1.));
#7345 = DIRECTION('',(-0.,-1.,0.));
#7346 = ORIENTED_EDGE('',*,*,#7330,.F.);
#7347 = ORIENTED_EDGE('',*,*,#7348,.F.);
#7348 = EDGE_CURVE('',#7331,#7331,#7349,.T.);
#7349 = CIRCLE('',#7350,1.35);
#7350 = AXIS2_PLACEMENT_3D('',#7351,#7352,#7353);
#7351 = CARTESIAN_POINT('',(4.,-4.5,-4.E-02));
#7352 = DIRECTION('',(0.,0.,1.));
#7353 = DIRECTION('',(-0.,-1.,0.));
#7354 = CYLINDRICAL_SURFACE('',#7355,1.35);
#7355 = AXIS2_PLACEMENT_3D('',#7356,#7357,#7358);
#7356 = CARTESIAN_POINT('',(4.,-4.5,-4.E-02));
#7357 = DIRECTION('',(-0.,-0.,-1.));
#7358 = DIRECTION('',(-0.,-1.,0.));
#7359 = ADVANCED_FACE('',(#7360,#7363),#7374,.F.);
#7360 = FACE_BOUND('',#7361,.F.);
#7361 = EDGE_LOOP('',(#7362));
#7362 = ORIENTED_EDGE('',*,*,#7348,.T.);
#7363 = FACE_BOUND('',#7364,.F.);
#7364 = EDGE_LOOP('',(#7365));
#7365 = ORIENTED_EDGE('',*,*,#7366,.T.);
#7366 = EDGE_CURVE('',#7367,#7367,#7369,.T.);
#7367 = VERTEX_POINT('',#7368);
#7368 = CARTESIAN_POINT('',(4.,-5.825,-4.E-02));
#7369 = CIRCLE('',#7370,1.325);
#7370 = AXIS2_PLACEMENT_3D('',#7371,#7372,#7373);
#7371 = CARTESIAN_POINT('',(4.,-4.5,-4.E-02));
#7372 = DIRECTION('',(-0.,0.,-1.));
#7373 = DIRECTION('',(-0.,-1.,0.));
#7374 = PLANE('',#7375);
#7375 = AXIS2_PLACEMENT_3D('',#7376,#7377,#7378);
#7376 = CARTESIAN_POINT('',(4.,-5.85,-4.E-02));
#7377 = DIRECTION('',(0.,0.,1.));
#7378 = DIRECTION('',(1.,0.,-0.));
#7379 = ADVANCED_FACE('',(#7380,#7383),#7394,.T.);
#7380 = FACE_BOUND('',#7381,.T.);
#7381 = EDGE_LOOP('',(#7382));
#7382 = ORIENTED_EDGE('',*,*,#7340,.T.);
#7383 = FACE_BOUND('',#7384,.T.);
#7384 = EDGE_LOOP('',(#7385));
#7385 = ORIENTED_EDGE('',*,*,#7386,.T.);
#7386 = EDGE_CURVE('',#7387,#7387,#7389,.T.);
#7387 = VERTEX_POINT('',#7388);
#7388 = CARTESIAN_POINT('',(4.,-5.825,1.55));
#7389 = CIRCLE('',#7390,1.325);
#7390 = AXIS2_PLACEMENT_3D('',#7391,#7392,#7393);
#7391 = CARTESIAN_POINT('',(4.,-4.5,1.55));
#7392 = DIRECTION('',(-0.,0.,-1.));
#7393 = DIRECTION('',(-0.,-1.,0.));
#7394 = PLANE('',#7395);
#7395 = AXIS2_PLACEMENT_3D('',#7396,#7397,#7398);
#7396 = CARTESIAN_POINT('',(4.,-5.85,1.55));
#7397 = DIRECTION('',(0.,0.,1.));
#7398 = DIRECTION('',(1.,0.,-0.));
#7399 = ADVANCED_FACE('',(#7400),#7411,.F.);
#7400 = FACE_BOUND('',#7401,.T.);
#7401 = EDGE_LOOP('',(#7402,#7403,#7409,#7410));
#7402 = ORIENTED_EDGE('',*,*,#7366,.T.);
#7403 = ORIENTED_EDGE('',*,*,#7404,.T.);
#7404 = EDGE_CURVE('',#7367,#7387,#7405,.T.);
#7405 = LINE('',#7406,#7407);
#7406 = CARTESIAN_POINT('',(4.,-5.825,-4.6E-02));
#7407 = VECTOR('',#7408,1.);
#7408 = DIRECTION('',(0.,0.,1.));
#7409 = ORIENTED_EDGE('',*,*,#7386,.F.);
#7410 = ORIENTED_EDGE('',*,*,#7404,.F.);
#7411 = CYLINDRICAL_SURFACE('',#7412,1.325);
#7412 = AXIS2_PLACEMENT_3D('',#7413,#7414,#7415);
#7413 = CARTESIAN_POINT('',(4.,-4.5,-4.6E-02));
#7414 = DIRECTION('',(-0.,-0.,-1.));
#7415 = DIRECTION('',(-0.,-1.,0.));
#7416 = MANIFOLD_SOLID_BREP('',#7417);
#7417 = CLOSED_SHELL('',(#7418,#7458,#7489,#7520,#7542,#7554));
#7418 = ADVANCED_FACE('',(#7419),#7453,.T.);
#7419 = FACE_BOUND('',#7420,.T.);
#7420 = EDGE_LOOP('',(#7421,#7431,#7439,#7447));
#7421 = ORIENTED_EDGE('',*,*,#7422,.T.);
#7422 = EDGE_CURVE('',#7423,#7425,#7427,.T.);
#7423 = VERTEX_POINT('',#7424);
#7424 = CARTESIAN_POINT('',(9.386,-27.26,1.51));
#7425 = VERTEX_POINT('',#7426);
#7426 = CARTESIAN_POINT('',(9.386,-27.26,1.55));
#7427 = LINE('',#7428,#7429);
#7428 = CARTESIAN_POINT('',(9.386,-27.26,1.51));
#7429 = VECTOR('',#7430,1.);
#7430 = DIRECTION('',(0.,0.,1.));
#7431 = ORIENTED_EDGE('',*,*,#7432,.T.);
#7432 = EDGE_CURVE('',#7425,#7433,#7435,.T.);
#7433 = VERTEX_POINT('',#7434);
#7434 = CARTESIAN_POINT('',(9.386,-23.34,1.55));
#7435 = LINE('',#7436,#7437);
#7436 = CARTESIAN_POINT('',(9.386,-27.26,1.55));
#7437 = VECTOR('',#7438,1.);
#7438 = DIRECTION('',(0.,1.,0.));
#7439 = ORIENTED_EDGE('',*,*,#7440,.F.);
#7440 = EDGE_CURVE('',#7441,#7433,#7443,.T.);
#7441 = VERTEX_POINT('',#7442);
#7442 = CARTESIAN_POINT('',(9.386,-23.34,1.51));
#7443 = LINE('',#7444,#7445);
#7444 = CARTESIAN_POINT('',(9.386,-23.34,1.51));
#7445 = VECTOR('',#7446,1.);
#7446 = DIRECTION('',(0.,0.,1.));
#7447 = ORIENTED_EDGE('',*,*,#7448,.F.);
#7448 = EDGE_CURVE('',#7423,#7441,#7449,.T.);
#7449 = LINE('',#7450,#7451);
#7450 = CARTESIAN_POINT('',(9.386,-27.26,1.51));
#7451 = VECTOR('',#7452,1.);
#7452 = DIRECTION('',(0.,1.,0.));
#7453 = PLANE('',#7454);
#7454 = AXIS2_PLACEMENT_3D('',#7455,#7456,#7457);
#7455 = CARTESIAN_POINT('',(9.386,-27.26,1.51));
#7456 = DIRECTION('',(-1.,0.,0.));
#7457 = DIRECTION('',(0.,1.,0.));
#7458 = ADVANCED_FACE('',(#7459),#7484,.T.);
#7459 = FACE_BOUND('',#7460,.T.);
#7460 = EDGE_LOOP('',(#7461,#7462,#7470,#7478));
#7461 = ORIENTED_EDGE('',*,*,#7440,.T.);
#7462 = ORIENTED_EDGE('',*,*,#7463,.T.);
#7463 = EDGE_CURVE('',#7433,#7464,#7466,.T.);
#7464 = VERTEX_POINT('',#7465);
#7465 = CARTESIAN_POINT('',(10.836,-23.34,1.55));
#7466 = LINE('',#7467,#7468);
#7467 = CARTESIAN_POINT('',(9.386,-23.34,1.55));
#7468 = VECTOR('',#7469,1.);
#7469 = DIRECTION('',(1.,0.,0.));
#7470 = ORIENTED_EDGE('',*,*,#7471,.F.);
#7471 = EDGE_CURVE('',#7472,#7464,#7474,.T.);
#7472 = VERTEX_POINT('',#7473);
#7473 = CARTESIAN_POINT('',(10.836,-23.34,1.51));
#7474 = LINE('',#7475,#7476);
#7475 = CARTESIAN_POINT('',(10.836,-23.34,1.51));
#7476 = VECTOR('',#7477,1.);
#7477 = DIRECTION('',(0.,0.,1.));
#7478 = ORIENTED_EDGE('',*,*,#7479,.F.);
#7479 = EDGE_CURVE('',#7441,#7472,#7480,.T.);
#7480 = LINE('',#7481,#7482);
#7481 = CARTESIAN_POINT('',(9.386,-23.34,1.51));
#7482 = VECTOR('',#7483,1.);
#7483 = DIRECTION('',(1.,0.,0.));
#7484 = PLANE('',#7485);
#7485 = AXIS2_PLACEMENT_3D('',#7486,#7487,#7488);
#7486 = CARTESIAN_POINT('',(9.386,-23.34,1.51));
#7487 = DIRECTION('',(0.,1.,0.));
#7488 = DIRECTION('',(1.,0.,0.));
#7489 = ADVANCED_FACE('',(#7490),#7515,.T.);
#7490 = FACE_BOUND('',#7491,.T.);
#7491 = EDGE_LOOP('',(#7492,#7493,#7501,#7509));
#7492 = ORIENTED_EDGE('',*,*,#7471,.T.);
#7493 = ORIENTED_EDGE('',*,*,#7494,.T.);
#7494 = EDGE_CURVE('',#7464,#7495,#7497,.T.);
#7495 = VERTEX_POINT('',#7496);
#7496 = CARTESIAN_POINT('',(10.836,-27.26,1.55));
#7497 = LINE('',#7498,#7499);
#7498 = CARTESIAN_POINT('',(10.836,-23.34,1.55));
#7499 = VECTOR('',#7500,1.);
#7500 = DIRECTION('',(0.,-1.,0.));
#7501 = ORIENTED_EDGE('',*,*,#7502,.F.);
#7502 = EDGE_CURVE('',#7503,#7495,#7505,.T.);
#7503 = VERTEX_POINT('',#7504);
#7504 = CARTESIAN_POINT('',(10.836,-27.26,1.51));
#7505 = LINE('',#7506,#7507);
#7506 = CARTESIAN_POINT('',(10.836,-27.26,1.51));
#7507 = VECTOR('',#7508,1.);
#7508 = DIRECTION('',(0.,0.,1.));
#7509 = ORIENTED_EDGE('',*,*,#7510,.F.);
#7510 = EDGE_CURVE('',#7472,#7503,#7511,.T.);
#7511 = LINE('',#7512,#7513);
#7512 = CARTESIAN_POINT('',(10.836,-23.34,1.51));
#7513 = VECTOR('',#7514,1.);
#7514 = DIRECTION('',(0.,-1.,0.));
#7515 = PLANE('',#7516);
#7516 = AXIS2_PLACEMENT_3D('',#7517,#7518,#7519);
#7517 = CARTESIAN_POINT('',(10.836,-23.34,1.51));
#7518 = DIRECTION('',(1.,0.,-0.));
#7519 = DIRECTION('',(0.,-1.,0.));
#7520 = ADVANCED_FACE('',(#7521),#7537,.T.);
#7521 = FACE_BOUND('',#7522,.T.);
#7522 = EDGE_LOOP('',(#7523,#7524,#7530,#7531));
#7523 = ORIENTED_EDGE('',*,*,#7502,.T.);
#7524 = ORIENTED_EDGE('',*,*,#7525,.T.);
#7525 = EDGE_CURVE('',#7495,#7425,#7526,.T.);
#7526 = LINE('',#7527,#7528);
#7527 = CARTESIAN_POINT('',(10.836,-27.26,1.55));
#7528 = VECTOR('',#7529,1.);
#7529 = DIRECTION('',(-1.,0.,0.));
#7530 = ORIENTED_EDGE('',*,*,#7422,.F.);
#7531 = ORIENTED_EDGE('',*,*,#7532,.F.);
#7532 = EDGE_CURVE('',#7503,#7423,#7533,.T.);
#7533 = LINE('',#7534,#7535);
#7534 = CARTESIAN_POINT('',(10.836,-27.26,1.51));
#7535 = VECTOR('',#7536,1.);
#7536 = DIRECTION('',(-1.,0.,0.));
#7537 = PLANE('',#7538);
#7538 = AXIS2_PLACEMENT_3D('',#7539,#7540,#7541);
#7539 = CARTESIAN_POINT('',(10.836,-27.26,1.51));
#7540 = DIRECTION('',(0.,-1.,0.));
#7541 = DIRECTION('',(-1.,0.,0.));
#7542 = ADVANCED_FACE('',(#7543),#7549,.F.);
#7543 = FACE_BOUND('',#7544,.T.);
#7544 = EDGE_LOOP('',(#7545,#7546,#7547,#7548));
#7545 = ORIENTED_EDGE('',*,*,#7448,.T.);
#7546 = ORIENTED_EDGE('',*,*,#7479,.T.);
#7547 = ORIENTED_EDGE('',*,*,#7510,.T.);
#7548 = ORIENTED_EDGE('',*,*,#7532,.T.);
#7549 = PLANE('',#7550);
#7550 = AXIS2_PLACEMENT_3D('',#7551,#7552,#7553);
#7551 = CARTESIAN_POINT('',(0.,0.,1.51));
#7552 = DIRECTION('',(0.,0.,1.));
#7553 = DIRECTION('',(1.,0.,-0.));
#7554 = ADVANCED_FACE('',(#7555),#7561,.T.);
#7555 = FACE_BOUND('',#7556,.F.);
#7556 = EDGE_LOOP('',(#7557,#7558,#7559,#7560));
#7557 = ORIENTED_EDGE('',*,*,#7432,.T.);
#7558 = ORIENTED_EDGE('',*,*,#7463,.T.);
#7559 = ORIENTED_EDGE('',*,*,#7494,.T.);
#7560 = ORIENTED_EDGE('',*,*,#7525,.T.);
#7561 = PLANE('',#7562);
#7562 = AXIS2_PLACEMENT_3D('',#7563,#7564,#7565);
#7563 = CARTESIAN_POINT('',(0.,0.,1.55));
#7564 = DIRECTION('',(0.,0.,1.));
#7565 = DIRECTION('',(1.,0.,-0.));
#7566 = MANIFOLD_SOLID_BREP('',#7567);
#7567 = CLOSED_SHELL('',(#7568,#7601,#7621,#7641));
#7568 = ADVANCED_FACE('',(#7569),#7596,.T.);
#7569 = FACE_BOUND('',#7570,.F.);
#7570 = EDGE_LOOP('',(#7571,#7581,#7588,#7589));
#7571 = ORIENTED_EDGE('',*,*,#7572,.T.);
#7572 = EDGE_CURVE('',#7573,#7575,#7577,.T.);
#7573 = VERTEX_POINT('',#7574);
#7574 = CARTESIAN_POINT('',(6.25,-41.5,1.51));
#7575 = VERTEX_POINT('',#7576);
#7576 = CARTESIAN_POINT('',(6.25,-41.5,1.55));
#7577 = LINE('',#7578,#7579);
#7578 = CARTESIAN_POINT('',(6.25,-41.5,1.51));
#7579 = VECTOR('',#7580,1.);
#7580 = DIRECTION('',(0.,0.,1.));
#7581 = ORIENTED_EDGE('',*,*,#7582,.T.);
#7582 = EDGE_CURVE('',#7575,#7575,#7583,.T.);
#7583 = CIRCLE('',#7584,2.25);
#7584 = AXIS2_PLACEMENT_3D('',#7585,#7586,#7587);
#7585 = CARTESIAN_POINT('',(4.,-41.5,1.55));
#7586 = DIRECTION('',(0.,0.,1.));
#7587 = DIRECTION('',(1.,0.,-0.));
#7588 = ORIENTED_EDGE('',*,*,#7572,.F.);
#7589 = ORIENTED_EDGE('',*,*,#7590,.F.);
#7590 = EDGE_CURVE('',#7573,#7573,#7591,.T.);
#7591 = CIRCLE('',#7592,2.25);
#7592 = AXIS2_PLACEMENT_3D('',#7593,#7594,#7595);
#7593 = CARTESIAN_POINT('',(4.,-41.5,1.51));
#7594 = DIRECTION('',(0.,0.,1.));
#7595 = DIRECTION('',(1.,0.,-0.));
#7596 = CYLINDRICAL_SURFACE('',#7597,2.25);
#7597 = AXIS2_PLACEMENT_3D('',#7598,#7599,#7600);
#7598 = CARTESIAN_POINT('',(4.,-41.5,1.51));
#7599 = DIRECTION('',(-0.,-0.,-1.));
#7600 = DIRECTION('',(1.,0.,-0.));
#7601 = ADVANCED_FACE('',(#7602,#7605),#7616,.F.);
#7602 = FACE_BOUND('',#7603,.F.);
#7603 = EDGE_LOOP('',(#7604));
#7604 = ORIENTED_EDGE('',*,*,#7590,.T.);
#7605 = FACE_BOUND('',#7606,.F.);
#7606 = EDGE_LOOP('',(#7607));
#7607 = ORIENTED_EDGE('',*,*,#7608,.T.);
#7608 = EDGE_CURVE('',#7609,#7609,#7611,.T.);
#7609 = VERTEX_POINT('',#7610);
#7610 = CARTESIAN_POINT('',(4.,-42.825,1.51));
#7611 = CIRCLE('',#7612,1.325);
#7612 = AXIS2_PLACEMENT_3D('',#7613,#7614,#7615);
#7613 = CARTESIAN_POINT('',(4.,-41.5,1.51));
#7614 = DIRECTION('',(-0.,0.,-1.));
#7615 = DIRECTION('',(-0.,-1.,0.));
#7616 = PLANE('',#7617);
#7617 = AXIS2_PLACEMENT_3D('',#7618,#7619,#7620);
#7618 = CARTESIAN_POINT('',(0.,0.,1.51));
#7619 = DIRECTION('',(0.,0.,1.));
#7620 = DIRECTION('',(1.,0.,-0.));
#7621 = ADVANCED_FACE('',(#7622,#7625),#7636,.T.);
#7622 = FACE_BOUND('',#7623,.T.);
#7623 = EDGE_LOOP('',(#7624));
#7624 = ORIENTED_EDGE('',*,*,#7582,.T.);
#7625 = FACE_BOUND('',#7626,.T.);
#7626 = EDGE_LOOP('',(#7627));
#7627 = ORIENTED_EDGE('',*,*,#7628,.T.);
#7628 = EDGE_CURVE('',#7629,#7629,#7631,.T.);
#7629 = VERTEX_POINT('',#7630);
#7630 = CARTESIAN_POINT('',(4.,-42.825,1.55));
#7631 = CIRCLE('',#7632,1.325);
#7632 = AXIS2_PLACEMENT_3D('',#7633,#7634,#7635);
#7633 = CARTESIAN_POINT('',(4.,-41.5,1.55));
#7634 = DIRECTION('',(-0.,0.,-1.));
#7635 = DIRECTION('',(-0.,-1.,0.));
#7636 = PLANE('',#7637);
#7637 = AXIS2_PLACEMENT_3D('',#7638,#7639,#7640);
#7638 = CARTESIAN_POINT('',(0.,0.,1.55));
#7639 = DIRECTION('',(0.,0.,1.));
#7640 = DIRECTION('',(1.,0.,-0.));
#7641 = ADVANCED_FACE('',(#7642),#7653,.F.);
#7642 = FACE_BOUND('',#7643,.T.);
#7643 = EDGE_LOOP('',(#7644,#7645,#7651,#7652));
#7644 = ORIENTED_EDGE('',*,*,#7608,.T.);
#7645 = ORIENTED_EDGE('',*,*,#7646,.T.);
#7646 = EDGE_CURVE('',#7609,#7629,#7647,.T.);
#7647 = LINE('',#7648,#7649);
#7648 = CARTESIAN_POINT('',(4.,-42.825,-4.6E-02));
#7649 = VECTOR('',#7650,1.);
#7650 = DIRECTION('',(0.,0.,1.));
#7651 = ORIENTED_EDGE('',*,*,#7628,.F.);
#7652 = ORIENTED_EDGE('',*,*,#7646,.F.);
#7653 = CYLINDRICAL_SURFACE('',#7654,1.325);
#7654 = AXIS2_PLACEMENT_3D('',#7655,#7656,#7657);
#7655 = CARTESIAN_POINT('',(4.,-41.5,-4.6E-02));
#7656 = DIRECTION('',(-0.,-0.,-1.));
#7657 = DIRECTION('',(-0.,-1.,0.));
#7658 = MANIFOLD_SOLID_BREP('',#7659);
#7659 = CLOSED_SHELL('',(#7660,#7693,#7713,#7733));
#7660 = ADVANCED_FACE('',(#7661),#7688,.T.);
#7661 = FACE_BOUND('',#7662,.T.);
#7662 = EDGE_LOOP('',(#7663,#7673,#7680,#7681));
#7663 = ORIENTED_EDGE('',*,*,#7664,.T.);
#7664 = EDGE_CURVE('',#7665,#7667,#7669,.T.);
#7665 = VERTEX_POINT('',#7666);
#7666 = CARTESIAN_POINT('',(6.25,-41.5,0.));
#7667 = VERTEX_POINT('',#7668);
#7668 = CARTESIAN_POINT('',(6.25,-41.5,-4.E-02));
#7669 = LINE('',#7670,#7671);
#7670 = CARTESIAN_POINT('',(6.25,-41.5,0.));
#7671 = VECTOR('',#7672,1.);
#7672 = DIRECTION('',(0.,0.,-1.));
#7673 = ORIENTED_EDGE('',*,*,#7674,.T.);
#7674 = EDGE_CURVE('',#7667,#7667,#7675,.T.);
#7675 = CIRCLE('',#7676,2.25);
#7676 = AXIS2_PLACEMENT_3D('',#7677,#7678,#7679);
#7677 = CARTESIAN_POINT('',(4.,-41.5,-4.E-02));
#7678 = DIRECTION('',(0.,0.,1.));
#7679 = DIRECTION('',(1.,0.,-0.));
#7680 = ORIENTED_EDGE('',*,*,#7664,.F.);
#7681 = ORIENTED_EDGE('',*,*,#7682,.F.);
#7682 = EDGE_CURVE('',#7665,#7665,#7683,.T.);
#7683 = CIRCLE('',#7684,2.25);
#7684 = AXIS2_PLACEMENT_3D('',#7685,#7686,#7687);
#7685 = CARTESIAN_POINT('',(4.,-41.5,0.));
#7686 = DIRECTION('',(0.,0.,1.));
#7687 = DIRECTION('',(1.,0.,-0.));
#7688 = CYLINDRICAL_SURFACE('',#7689,2.25);
#7689 = AXIS2_PLACEMENT_3D('',#7690,#7691,#7692);
#7690 = CARTESIAN_POINT('',(4.,-41.5,0.));
#7691 = DIRECTION('',(0.,0.,1.));
#7692 = DIRECTION('',(1.,0.,-0.));
#7693 = ADVANCED_FACE('',(#7694,#7697),#7708,.F.);
#7694 = FACE_BOUND('',#7695,.F.);
#7695 = EDGE_LOOP('',(#7696));
#7696 = ORIENTED_EDGE('',*,*,#7682,.F.);
#7697 = FACE_BOUND('',#7698,.F.);
#7698 = EDGE_LOOP('',(#7699));
#7699 = ORIENTED_EDGE('',*,*,#7700,.F.);
#7700 = EDGE_CURVE('',#7701,#7701,#7703,.T.);
#7701 = VERTEX_POINT('',#7702);
#7702 = CARTESIAN_POINT('',(4.,-42.825,0.));
#7703 = CIRCLE('',#7704,1.325);
#7704 = AXIS2_PLACEMENT_3D('',#7705,#7706,#7707);
#7705 = CARTESIAN_POINT('',(4.,-41.5,0.));
#7706 = DIRECTION('',(-0.,0.,-1.));
#7707 = DIRECTION('',(-0.,-1.,0.));
#7708 = PLANE('',#7709);
#7709 = AXIS2_PLACEMENT_3D('',#7710,#7711,#7712);
#7710 = CARTESIAN_POINT('',(0.,0.,0.));
#7711 = DIRECTION('',(-0.,-0.,-1.));
#7712 = DIRECTION('',(-1.,0.,0.));
#7713 = ADVANCED_FACE('',(#7714,#7717),#7728,.T.);
#7714 = FACE_BOUND('',#7715,.T.);
#7715 = EDGE_LOOP('',(#7716));
#7716 = ORIENTED_EDGE('',*,*,#7674,.F.);
#7717 = FACE_BOUND('',#7718,.T.);
#7718 = EDGE_LOOP('',(#7719));
#7719 = ORIENTED_EDGE('',*,*,#7720,.F.);
#7720 = EDGE_CURVE('',#7721,#7721,#7723,.T.);
#7721 = VERTEX_POINT('',#7722);
#7722 = CARTESIAN_POINT('',(4.,-42.825,-4.E-02));
#7723 = CIRCLE('',#7724,1.325);
#7724 = AXIS2_PLACEMENT_3D('',#7725,#7726,#7727);
#7725 = CARTESIAN_POINT('',(4.,-41.5,-4.E-02));
#7726 = DIRECTION('',(-0.,0.,-1.));
#7727 = DIRECTION('',(-0.,-1.,0.));
#7728 = PLANE('',#7729);
#7729 = AXIS2_PLACEMENT_3D('',#7730,#7731,#7732);
#7730 = CARTESIAN_POINT('',(0.,0.,-4.E-02));
#7731 = DIRECTION('',(-0.,-0.,-1.));
#7732 = DIRECTION('',(-1.,0.,0.));
#7733 = ADVANCED_FACE('',(#7734),#7745,.F.);
#7734 = FACE_BOUND('',#7735,.T.);
#7735 = EDGE_LOOP('',(#7736,#7737,#7743,#7744));
#7736 = ORIENTED_EDGE('',*,*,#7720,.T.);
#7737 = ORIENTED_EDGE('',*,*,#7738,.T.);
#7738 = EDGE_CURVE('',#7721,#7701,#7739,.T.);
#7739 = LINE('',#7740,#7741);
#7740 = CARTESIAN_POINT('',(4.,-42.825,-4.6E-02));
#7741 = VECTOR('',#7742,1.);
#7742 = DIRECTION('',(0.,0.,1.));
#7743 = ORIENTED_EDGE('',*,*,#7700,.F.);
#7744 = ORIENTED_EDGE('',*,*,#7738,.F.);
#7745 = CYLINDRICAL_SURFACE('',#7746,1.325);
#7746 = AXIS2_PLACEMENT_3D('',#7747,#7748,#7749);
#7747 = CARTESIAN_POINT('',(4.,-41.5,-4.6E-02));
#7748 = DIRECTION('',(-0.,-0.,-1.));
#7749 = DIRECTION('',(-0.,-1.,0.));
#7750 = MANIFOLD_SOLID_BREP('',#7751);
#7751 = CLOSED_SHELL('',(#7752,#7785,#7805,#7825));
#7752 = ADVANCED_FACE('',(#7753),#7780,.T.);
#7753 = FACE_BOUND('',#7754,.F.);
#7754 = EDGE_LOOP('',(#7755,#7765,#7772,#7773));
#7755 = ORIENTED_EDGE('',*,*,#7756,.T.);
#7756 = EDGE_CURVE('',#7757,#7759,#7761,.T.);
#7757 = VERTEX_POINT('',#7758);
#7758 = CARTESIAN_POINT('',(4.,-42.85,-4.E-02));
#7759 = VERTEX_POINT('',#7760);
#7760 = CARTESIAN_POINT('',(4.,-42.85,1.55));
#7761 = LINE('',#7762,#7763);
#7762 = CARTESIAN_POINT('',(4.,-42.85,-4.E-02));
#7763 = VECTOR('',#7764,1.);
#7764 = DIRECTION('',(0.,0.,1.));
#7765 = ORIENTED_EDGE('',*,*,#7766,.T.);
#7766 = EDGE_CURVE('',#7759,#7759,#7767,.T.);
#7767 = CIRCLE('',#7768,1.35);
#7768 = AXIS2_PLACEMENT_3D('',#7769,#7770,#7771);
#7769 = CARTESIAN_POINT('',(4.,-41.5,1.55));
#7770 = DIRECTION('',(0.,0.,1.));
#7771 = DIRECTION('',(-0.,-1.,0.));
#7772 = ORIENTED_EDGE('',*,*,#7756,.F.);
#7773 = ORIENTED_EDGE('',*,*,#7774,.F.);
#7774 = EDGE_CURVE('',#7757,#7757,#7775,.T.);
#7775 = CIRCLE('',#7776,1.35);
#7776 = AXIS2_PLACEMENT_3D('',#7777,#7778,#7779);
#7777 = CARTESIAN_POINT('',(4.,-41.5,-4.E-02));
#7778 = DIRECTION('',(0.,0.,1.));
#7779 = DIRECTION('',(-0.,-1.,0.));
#7780 = CYLINDRICAL_SURFACE('',#7781,1.35);
#7781 = AXIS2_PLACEMENT_3D('',#7782,#7783,#7784);
#7782 = CARTESIAN_POINT('',(4.,-41.5,-4.E-02));
#7783 = DIRECTION('',(-0.,-0.,-1.));
#7784 = DIRECTION('',(-0.,-1.,0.));
#7785 = ADVANCED_FACE('',(#7786,#7789),#7800,.F.);
#7786 = FACE_BOUND('',#7787,.F.);
#7787 = EDGE_LOOP('',(#7788));
#7788 = ORIENTED_EDGE('',*,*,#7774,.T.);
#7789 = FACE_BOUND('',#7790,.F.);
#7790 = EDGE_LOOP('',(#7791));
#7791 = ORIENTED_EDGE('',*,*,#7792,.T.);
#7792 = EDGE_CURVE('',#7793,#7793,#7795,.T.);
#7793 = VERTEX_POINT('',#7794);
#7794 = CARTESIAN_POINT('',(4.,-42.825,-4.E-02));
#7795 = CIRCLE('',#7796,1.325);
#7796 = AXIS2_PLACEMENT_3D('',#7797,#7798,#7799);
#7797 = CARTESIAN_POINT('',(4.,-41.5,-4.E-02));
#7798 = DIRECTION('',(-0.,0.,-1.));
#7799 = DIRECTION('',(-0.,-1.,0.));
#7800 = PLANE('',#7801);
#7801 = AXIS2_PLACEMENT_3D('',#7802,#7803,#7804);
#7802 = CARTESIAN_POINT('',(4.,-42.85,-4.E-02));
#7803 = DIRECTION('',(0.,0.,1.));
#7804 = DIRECTION('',(1.,0.,-0.));
#7805 = ADVANCED_FACE('',(#7806,#7809),#7820,.T.);
#7806 = FACE_BOUND('',#7807,.T.);
#7807 = EDGE_LOOP('',(#7808));
#7808 = ORIENTED_EDGE('',*,*,#7766,.T.);
#7809 = FACE_BOUND('',#7810,.T.);
#7810 = EDGE_LOOP('',(#7811));
#7811 = ORIENTED_EDGE('',*,*,#7812,.T.);
#7812 = EDGE_CURVE('',#7813,#7813,#7815,.T.);
#7813 = VERTEX_POINT('',#7814);
#7814 = CARTESIAN_POINT('',(4.,-42.825,1.55));
#7815 = CIRCLE('',#7816,1.325);
#7816 = AXIS2_PLACEMENT_3D('',#7817,#7818,#7819);
#7817 = CARTESIAN_POINT('',(4.,-41.5,1.55));
#7818 = DIRECTION('',(-0.,0.,-1.));
#7819 = DIRECTION('',(-0.,-1.,0.));
#7820 = PLANE('',#7821);
#7821 = AXIS2_PLACEMENT_3D('',#7822,#7823,#7824);
#7822 = CARTESIAN_POINT('',(4.,-42.85,1.55));
#7823 = DIRECTION('',(0.,0.,1.));
#7824 = DIRECTION('',(1.,0.,-0.));
#7825 = ADVANCED_FACE('',(#7826),#7837,.F.);
#7826 = FACE_BOUND('',#7827,.T.);
#7827 = EDGE_LOOP('',(#7828,#7829,#7835,#7836));
#7828 = ORIENTED_EDGE('',*,*,#7792,.T.);
#7829 = ORIENTED_EDGE('',*,*,#7830,.T.);
#7830 = EDGE_CURVE('',#7793,#7813,#7831,.T.);
#7831 = LINE('',#7832,#7833);
#7832 = CARTESIAN_POINT('',(4.,-42.825,-4.6E-02));
#7833 = VECTOR('',#7834,1.);
#7834 = DIRECTION('',(0.,0.,1.));
#7835 = ORIENTED_EDGE('',*,*,#7812,.F.);
#7836 = ORIENTED_EDGE('',*,*,#7830,.F.);
#7837 = CYLINDRICAL_SURFACE('',#7838,1.325);
#7838 = AXIS2_PLACEMENT_3D('',#7839,#7840,#7841);
#7839 = CARTESIAN_POINT('',(4.,-41.5,-4.6E-02));
#7840 = DIRECTION('',(-0.,-0.,-1.));
#7841 = DIRECTION('',(-0.,-1.,0.));
#7842 = MANIFOLD_SOLID_BREP('',#7843);
#7843 = CLOSED_SHELL('',(#7844,#7877,#7897,#7917));
#7844 = ADVANCED_FACE('',(#7845),#7872,.T.);
#7845 = FACE_BOUND('',#7846,.F.);
#7846 = EDGE_LOOP('',(#7847,#7857,#7864,#7865));
#7847 = ORIENTED_EDGE('',*,*,#7848,.T.);
#7848 = EDGE_CURVE('',#7849,#7851,#7853,.T.);
#7849 = VERTEX_POINT('',#7850);
#7850 = CARTESIAN_POINT('',(43.75,-41.5,1.51));
#7851 = VERTEX_POINT('',#7852);
#7852 = CARTESIAN_POINT('',(43.75,-41.5,1.55));
#7853 = LINE('',#7854,#7855);
#7854 = CARTESIAN_POINT('',(43.75,-41.5,1.51));
#7855 = VECTOR('',#7856,1.);
#7856 = DIRECTION('',(0.,0.,1.));
#7857 = ORIENTED_EDGE('',*,*,#7858,.T.);
#7858 = EDGE_CURVE('',#7851,#7851,#7859,.T.);
#7859 = CIRCLE('',#7860,2.25);
#7860 = AXIS2_PLACEMENT_3D('',#7861,#7862,#7863);
#7861 = CARTESIAN_POINT('',(41.5,-41.5,1.55));
#7862 = DIRECTION('',(0.,0.,1.));
#7863 = DIRECTION('',(1.,0.,-0.));
#7864 = ORIENTED_EDGE('',*,*,#7848,.F.);
#7865 = ORIENTED_EDGE('',*,*,#7866,.F.);
#7866 = EDGE_CURVE('',#7849,#7849,#7867,.T.);
#7867 = CIRCLE('',#7868,2.25);
#7868 = AXIS2_PLACEMENT_3D('',#7869,#7870,#7871);
#7869 = CARTESIAN_POINT('',(41.5,-41.5,1.51));
#7870 = DIRECTION('',(0.,0.,1.));
#7871 = DIRECTION('',(1.,0.,-0.));
#7872 = CYLINDRICAL_SURFACE('',#7873,2.25);
#7873 = AXIS2_PLACEMENT_3D('',#7874,#7875,#7876);
#7874 = CARTESIAN_POINT('',(41.5,-41.5,1.51));
#7875 = DIRECTION('',(-0.,-0.,-1.));
#7876 = DIRECTION('',(1.,0.,-0.));
#7877 = ADVANCED_FACE('',(#7878,#7881),#7892,.F.);
#7878 = FACE_BOUND('',#7879,.F.);
#7879 = EDGE_LOOP('',(#7880));
#7880 = ORIENTED_EDGE('',*,*,#7866,.T.);
#7881 = FACE_BOUND('',#7882,.F.);
#7882 = EDGE_LOOP('',(#7883));
#7883 = ORIENTED_EDGE('',*,*,#7884,.T.);
#7884 = EDGE_CURVE('',#7885,#7885,#7887,.T.);
#7885 = VERTEX_POINT('',#7886);
#7886 = CARTESIAN_POINT('',(41.5,-42.825,1.51));
#7887 = CIRCLE('',#7888,1.325);
#7888 = AXIS2_PLACEMENT_3D('',#7889,#7890,#7891);
#7889 = CARTESIAN_POINT('',(41.5,-41.5,1.51));
#7890 = DIRECTION('',(-0.,0.,-1.));
#7891 = DIRECTION('',(-0.,-1.,0.));
#7892 = PLANE('',#7893);
#7893 = AXIS2_PLACEMENT_3D('',#7894,#7895,#7896);
#7894 = CARTESIAN_POINT('',(0.,0.,1.51));
#7895 = DIRECTION('',(0.,0.,1.));
#7896 = DIRECTION('',(1.,0.,-0.));
#7897 = ADVANCED_FACE('',(#7898,#7901),#7912,.T.);
#7898 = FACE_BOUND('',#7899,.T.);
#7899 = EDGE_LOOP('',(#7900));
#7900 = ORIENTED_EDGE('',*,*,#7858,.T.);
#7901 = FACE_BOUND('',#7902,.T.);
#7902 = EDGE_LOOP('',(#7903));
#7903 = ORIENTED_EDGE('',*,*,#7904,.T.);
#7904 = EDGE_CURVE('',#7905,#7905,#7907,.T.);
#7905 = VERTEX_POINT('',#7906);
#7906 = CARTESIAN_POINT('',(41.5,-42.825,1.55));
#7907 = CIRCLE('',#7908,1.325);
#7908 = AXIS2_PLACEMENT_3D('',#7909,#7910,#7911);
#7909 = CARTESIAN_POINT('',(41.5,-41.5,1.55));
#7910 = DIRECTION('',(-0.,0.,-1.));
#7911 = DIRECTION('',(-0.,-1.,0.));
#7912 = PLANE('',#7913);
#7913 = AXIS2_PLACEMENT_3D('',#7914,#7915,#7916);
#7914 = CARTESIAN_POINT('',(0.,0.,1.55));
#7915 = DIRECTION('',(0.,0.,1.));
#7916 = DIRECTION('',(1.,0.,-0.));
#7917 = ADVANCED_FACE('',(#7918),#7929,.F.);
#7918 = FACE_BOUND('',#7919,.T.);
#7919 = EDGE_LOOP('',(#7920,#7921,#7927,#7928));
#7920 = ORIENTED_EDGE('',*,*,#7884,.T.);
#7921 = ORIENTED_EDGE('',*,*,#7922,.T.);
#7922 = EDGE_CURVE('',#7885,#7905,#7923,.T.);
#7923 = LINE('',#7924,#7925);
#7924 = CARTESIAN_POINT('',(41.5,-42.825,-4.6E-02));
#7925 = VECTOR('',#7926,1.);
#7926 = DIRECTION('',(0.,0.,1.));
#7927 = ORIENTED_EDGE('',*,*,#7904,.F.);
#7928 = ORIENTED_EDGE('',*,*,#7922,.F.);
#7929 = CYLINDRICAL_SURFACE('',#7930,1.325);
#7930 = AXIS2_PLACEMENT_3D('',#7931,#7932,#7933);
#7931 = CARTESIAN_POINT('',(41.5,-41.5,-4.6E-02));
#7932 = DIRECTION('',(-0.,-0.,-1.));
#7933 = DIRECTION('',(-0.,-1.,0.));
#7934 = MANIFOLD_SOLID_BREP('',#7935);
#7935 = CLOSED_SHELL('',(#7936,#7969,#7989,#8009));
#7936 = ADVANCED_FACE('',(#7937),#7964,.T.);
#7937 = FACE_BOUND('',#7938,.T.);
#7938 = EDGE_LOOP('',(#7939,#7949,#7956,#7957));
#7939 = ORIENTED_EDGE('',*,*,#7940,.T.);
#7940 = EDGE_CURVE('',#7941,#7943,#7945,.T.);
#7941 = VERTEX_POINT('',#7942);
#7942 = CARTESIAN_POINT('',(43.75,-41.5,0.));
#7943 = VERTEX_POINT('',#7944);
#7944 = CARTESIAN_POINT('',(43.75,-41.5,-4.E-02));
#7945 = LINE('',#7946,#7947);
#7946 = CARTESIAN_POINT('',(43.75,-41.5,0.));
#7947 = VECTOR('',#7948,1.);
#7948 = DIRECTION('',(0.,0.,-1.));
#7949 = ORIENTED_EDGE('',*,*,#7950,.T.);
#7950 = EDGE_CURVE('',#7943,#7943,#7951,.T.);
#7951 = CIRCLE('',#7952,2.25);
#7952 = AXIS2_PLACEMENT_3D('',#7953,#7954,#7955);
#7953 = CARTESIAN_POINT('',(41.5,-41.5,-4.E-02));
#7954 = DIRECTION('',(0.,0.,1.));
#7955 = DIRECTION('',(1.,0.,-0.));
#7956 = ORIENTED_EDGE('',*,*,#7940,.F.);
#7957 = ORIENTED_EDGE('',*,*,#7958,.F.);
#7958 = EDGE_CURVE('',#7941,#7941,#7959,.T.);
#7959 = CIRCLE('',#7960,2.25);
#7960 = AXIS2_PLACEMENT_3D('',#7961,#7962,#7963);
#7961 = CARTESIAN_POINT('',(41.5,-41.5,0.));
#7962 = DIRECTION('',(0.,0.,1.));
#7963 = DIRECTION('',(1.,0.,-0.));
#7964 = CYLINDRICAL_SURFACE('',#7965,2.25);
#7965 = AXIS2_PLACEMENT_3D('',#7966,#7967,#7968);
#7966 = CARTESIAN_POINT('',(41.5,-41.5,0.));
#7967 = DIRECTION('',(0.,0.,1.));
#7968 = DIRECTION('',(1.,0.,-0.));
#7969 = ADVANCED_FACE('',(#7970,#7973),#7984,.F.);
#7970 = FACE_BOUND('',#7971,.F.);
#7971 = EDGE_LOOP('',(#7972));
#7972 = ORIENTED_EDGE('',*,*,#7958,.F.);
#7973 = FACE_BOUND('',#7974,.F.);
#7974 = EDGE_LOOP('',(#7975));
#7975 = ORIENTED_EDGE('',*,*,#7976,.F.);
#7976 = EDGE_CURVE('',#7977,#7977,#7979,.T.);
#7977 = VERTEX_POINT('',#7978);
#7978 = CARTESIAN_POINT('',(41.5,-42.825,0.));
#7979 = CIRCLE('',#7980,1.325);
#7980 = AXIS2_PLACEMENT_3D('',#7981,#7982,#7983);
#7981 = CARTESIAN_POINT('',(41.5,-41.5,0.));
#7982 = DIRECTION('',(-0.,0.,-1.));
#7983 = DIRECTION('',(-0.,-1.,0.));
#7984 = PLANE('',#7985);
#7985 = AXIS2_PLACEMENT_3D('',#7986,#7987,#7988);
#7986 = CARTESIAN_POINT('',(0.,0.,0.));
#7987 = DIRECTION('',(-0.,-0.,-1.));
#7988 = DIRECTION('',(-1.,0.,0.));
#7989 = ADVANCED_FACE('',(#7990,#7993),#8004,.T.);
#7990 = FACE_BOUND('',#7991,.T.);
#7991 = EDGE_LOOP('',(#7992));
#7992 = ORIENTED_EDGE('',*,*,#7950,.F.);
#7993 = FACE_BOUND('',#7994,.T.);
#7994 = EDGE_LOOP('',(#7995));
#7995 = ORIENTED_EDGE('',*,*,#7996,.F.);
#7996 = EDGE_CURVE('',#7997,#7997,#7999,.T.);
#7997 = VERTEX_POINT('',#7998);
#7998 = CARTESIAN_POINT('',(41.5,-42.825,-4.E-02));
#7999 = CIRCLE('',#8000,1.325);
#8000 = AXIS2_PLACEMENT_3D('',#8001,#8002,#8003);
#8001 = CARTESIAN_POINT('',(41.5,-41.5,-4.E-02));
#8002 = DIRECTION('',(-0.,0.,-1.));
#8003 = DIRECTION('',(-0.,-1.,0.));
#8004 = PLANE('',#8005);
#8005 = AXIS2_PLACEMENT_3D('',#8006,#8007,#8008);
#8006 = CARTESIAN_POINT('',(0.,0.,-4.E-02));
#8007 = DIRECTION('',(-0.,-0.,-1.));
#8008 = DIRECTION('',(-1.,0.,0.));
#8009 = ADVANCED_FACE('',(#8010),#8021,.F.);
#8010 = FACE_BOUND('',#8011,.T.);
#8011 = EDGE_LOOP('',(#8012,#8013,#8019,#8020));
#8012 = ORIENTED_EDGE('',*,*,#7996,.T.);
#8013 = ORIENTED_EDGE('',*,*,#8014,.T.);
#8014 = EDGE_CURVE('',#7997,#7977,#8015,.T.);
#8015 = LINE('',#8016,#8017);
#8016 = CARTESIAN_POINT('',(41.5,-42.825,-4.6E-02));
#8017 = VECTOR('',#8018,1.);
#8018 = DIRECTION('',(0.,0.,1.));
#8019 = ORIENTED_EDGE('',*,*,#7976,.F.);
#8020 = ORIENTED_EDGE('',*,*,#8014,.F.);
#8021 = CYLINDRICAL_SURFACE('',#8022,1.325);
#8022 = AXIS2_PLACEMENT_3D('',#8023,#8024,#8025);
#8023 = CARTESIAN_POINT('',(41.5,-41.5,-4.6E-02));
#8024 = DIRECTION('',(-0.,-0.,-1.));
#8025 = DIRECTION('',(-0.,-1.,0.));
#8026 = MANIFOLD_SOLID_BREP('',#8027);
#8027 = CLOSED_SHELL('',(#8028,#8061,#8081,#8101));
#8028 = ADVANCED_FACE('',(#8029),#8056,.T.);
#8029 = FACE_BOUND('',#8030,.F.);
#8030 = EDGE_LOOP('',(#8031,#8041,#8048,#8049));
#8031 = ORIENTED_EDGE('',*,*,#8032,.T.);
#8032 = EDGE_CURVE('',#8033,#8035,#8037,.T.);
#8033 = VERTEX_POINT('',#8034);
#8034 = CARTESIAN_POINT('',(41.5,-42.85,-4.E-02));
#8035 = VERTEX_POINT('',#8036);
#8036 = CARTESIAN_POINT('',(41.5,-42.85,1.55));
#8037 = LINE('',#8038,#8039);
#8038 = CARTESIAN_POINT('',(41.5,-42.85,-4.E-02));
#8039 = VECTOR('',#8040,1.);
#8040 = DIRECTION('',(0.,0.,1.));
#8041 = ORIENTED_EDGE('',*,*,#8042,.T.);
#8042 = EDGE_CURVE('',#8035,#8035,#8043,.T.);
#8043 = CIRCLE('',#8044,1.35);
#8044 = AXIS2_PLACEMENT_3D('',#8045,#8046,#8047);
#8045 = CARTESIAN_POINT('',(41.5,-41.5,1.55));
#8046 = DIRECTION('',(0.,0.,1.));
#8047 = DIRECTION('',(-0.,-1.,0.));
#8048 = ORIENTED_EDGE('',*,*,#8032,.F.);
#8049 = ORIENTED_EDGE('',*,*,#8050,.F.);
#8050 = EDGE_CURVE('',#8033,#8033,#8051,.T.);
#8051 = CIRCLE('',#8052,1.35);
#8052 = AXIS2_PLACEMENT_3D('',#8053,#8054,#8055);
#8053 = CARTESIAN_POINT('',(41.5,-41.5,-4.E-02));
#8054 = DIRECTION('',(0.,0.,1.));
#8055 = DIRECTION('',(-0.,-1.,0.));
#8056 = CYLINDRICAL_SURFACE('',#8057,1.35);
#8057 = AXIS2_PLACEMENT_3D('',#8058,#8059,#8060);
#8058 = CARTESIAN_POINT('',(41.5,-41.5,-4.E-02));
#8059 = DIRECTION('',(-0.,-0.,-1.));
#8060 = DIRECTION('',(-0.,-1.,0.));
#8061 = ADVANCED_FACE('',(#8062,#8065),#8076,.F.);
#8062 = FACE_BOUND('',#8063,.F.);
#8063 = EDGE_LOOP('',(#8064));
#8064 = ORIENTED_EDGE('',*,*,#8050,.T.);
#8065 = FACE_BOUND('',#8066,.F.);
#8066 = EDGE_LOOP('',(#8067));
#8067 = ORIENTED_EDGE('',*,*,#8068,.T.);
#8068 = EDGE_CURVE('',#8069,#8069,#8071,.T.);
#8069 = VERTEX_POINT('',#8070);
#8070 = CARTESIAN_POINT('',(41.5,-42.825,-4.E-02));
#8071 = CIRCLE('',#8072,1.325);
#8072 = AXIS2_PLACEMENT_3D('',#8073,#8074,#8075);
#8073 = CARTESIAN_POINT('',(41.5,-41.5,-4.E-02));
#8074 = DIRECTION('',(-0.,0.,-1.));
#8075 = DIRECTION('',(-0.,-1.,0.));
#8076 = PLANE('',#8077);
#8077 = AXIS2_PLACEMENT_3D('',#8078,#8079,#8080);
#8078 = CARTESIAN_POINT('',(41.5,-42.85,-4.E-02));
#8079 = DIRECTION('',(0.,0.,1.));
#8080 = DIRECTION('',(1.,0.,-0.));
#8081 = ADVANCED_FACE('',(#8082,#8085),#8096,.T.);
#8082 = FACE_BOUND('',#8083,.T.);
#8083 = EDGE_LOOP('',(#8084));
#8084 = ORIENTED_EDGE('',*,*,#8042,.T.);
#8085 = FACE_BOUND('',#8086,.T.);
#8086 = EDGE_LOOP('',(#8087));
#8087 = ORIENTED_EDGE('',*,*,#8088,.T.);
#8088 = EDGE_CURVE('',#8089,#8089,#8091,.T.);
#8089 = VERTEX_POINT('',#8090);
#8090 = CARTESIAN_POINT('',(41.5,-42.825,1.55));
#8091 = CIRCLE('',#8092,1.325);
#8092 = AXIS2_PLACEMENT_3D('',#8093,#8094,#8095);
#8093 = CARTESIAN_POINT('',(41.5,-41.5,1.55));
#8094 = DIRECTION('',(-0.,0.,-1.));
#8095 = DIRECTION('',(-0.,-1.,0.));
#8096 = PLANE('',#8097);
#8097 = AXIS2_PLACEMENT_3D('',#8098,#8099,#8100);
#8098 = CARTESIAN_POINT('',(41.5,-42.85,1.55));
#8099 = DIRECTION('',(0.,0.,1.));
#8100 = DIRECTION('',(1.,0.,-0.));
#8101 = ADVANCED_FACE('',(#8102),#8113,.F.);
#8102 = FACE_BOUND('',#8103,.T.);
#8103 = EDGE_LOOP('',(#8104,#8105,#8111,#8112));
#8104 = ORIENTED_EDGE('',*,*,#8068,.T.);
#8105 = ORIENTED_EDGE('',*,*,#8106,.T.);
#8106 = EDGE_CURVE('',#8069,#8089,#8107,.T.);
#8107 = LINE('',#8108,#8109);
#8108 = CARTESIAN_POINT('',(41.5,-42.825,-4.6E-02));
#8109 = VECTOR('',#8110,1.);
#8110 = DIRECTION('',(0.,0.,1.));
#8111 = ORIENTED_EDGE('',*,*,#8088,.F.);
#8112 = ORIENTED_EDGE('',*,*,#8106,.F.);
#8113 = CYLINDRICAL_SURFACE('',#8114,1.325);
#8114 = AXIS2_PLACEMENT_3D('',#8115,#8116,#8117);
#8115 = CARTESIAN_POINT('',(41.5,-41.5,-4.6E-02));
#8116 = DIRECTION('',(-0.,-0.,-1.));
#8117 = DIRECTION('',(-0.,-1.,0.));
#8118 = MANIFOLD_SOLID_BREP('',#8119);
#8119 = CLOSED_SHELL('',(#8120,#8162,#8193,#8224,#8287,#8350,#8367,#8384
    ,#8401,#8418,#8430));
#8120 = ADVANCED_FACE('',(#8121),#8157,.T.);
#8121 = FACE_BOUND('',#8122,.T.);
#8122 = EDGE_LOOP('',(#8123,#8133,#8142,#8150));
#8123 = ORIENTED_EDGE('',*,*,#8124,.T.);
#8124 = EDGE_CURVE('',#8125,#8127,#8129,.T.);
#8125 = VERTEX_POINT('',#8126);
#8126 = CARTESIAN_POINT('',(11.,-2.25,1.51));
#8127 = VERTEX_POINT('',#8128);
#8128 = CARTESIAN_POINT('',(11.,-2.25,1.55));
#8129 = LINE('',#8130,#8131);
#8130 = CARTESIAN_POINT('',(11.,-2.25,1.51));
#8131 = VECTOR('',#8132,1.);
#8132 = DIRECTION('',(0.,0.,1.));
#8133 = ORIENTED_EDGE('',*,*,#8134,.T.);
#8134 = EDGE_CURVE('',#8127,#8135,#8137,.T.);
#8135 = VERTEX_POINT('',#8136);
#8136 = CARTESIAN_POINT('',(11.25,-2.,1.55));
#8137 = CIRCLE('',#8138,0.249998959685);
#8138 = AXIS2_PLACEMENT_3D('',#8139,#8140,#8141);
#8139 = CARTESIAN_POINT('',(11.249998959683,-2.249998959683,1.55));
#8140 = DIRECTION('',(0.,0.,-1.));
#8141 = DIRECTION('',(-0.999999999991,-4.161285828185E-06,-0.));
#8142 = ORIENTED_EDGE('',*,*,#8143,.F.);
#8143 = EDGE_CURVE('',#8144,#8135,#8146,.T.);
#8144 = VERTEX_POINT('',#8145);
#8145 = CARTESIAN_POINT('',(11.25,-2.,1.51));
#8146 = LINE('',#8147,#8148);
#8147 = CARTESIAN_POINT('',(11.25,-2.,1.51));
#8148 = VECTOR('',#8149,1.);
#8149 = DIRECTION('',(0.,0.,1.));
#8150 = ORIENTED_EDGE('',*,*,#8151,.F.);
#8151 = EDGE_CURVE('',#8125,#8144,#8152,.T.);
#8152 = CIRCLE('',#8153,0.249998959685);
#8153 = AXIS2_PLACEMENT_3D('',#8154,#8155,#8156);
#8154 = CARTESIAN_POINT('',(11.249998959683,-2.249998959683,1.51));
#8155 = DIRECTION('',(0.,0.,-1.));
#8156 = DIRECTION('',(-0.999999999991,-4.161285828185E-06,-0.));
#8157 = CYLINDRICAL_SURFACE('',#8158,0.249998959685);
#8158 = AXIS2_PLACEMENT_3D('',#8159,#8160,#8161);
#8159 = CARTESIAN_POINT('',(11.249998959683,-2.249998959683,1.51));
#8160 = DIRECTION('',(0.,0.,-1.));
#8161 = DIRECTION('',(-0.999999999991,-4.161285828185E-06,-0.));
#8162 = ADVANCED_FACE('',(#8163),#8188,.T.);
#8163 = FACE_BOUND('',#8164,.T.);
#8164 = EDGE_LOOP('',(#8165,#8175,#8181,#8182));
#8165 = ORIENTED_EDGE('',*,*,#8166,.T.);
#8166 = EDGE_CURVE('',#8167,#8169,#8171,.T.);
#8167 = VERTEX_POINT('',#8168);
#8168 = CARTESIAN_POINT('',(11.,-3.75,1.51));
#8169 = VERTEX_POINT('',#8170);
#8170 = CARTESIAN_POINT('',(11.,-3.75,1.55));
#8171 = LINE('',#8172,#8173);
#8172 = CARTESIAN_POINT('',(11.,-3.75,1.51));
#8173 = VECTOR('',#8174,1.);
#8174 = DIRECTION('',(0.,0.,1.));
#8175 = ORIENTED_EDGE('',*,*,#8176,.T.);
#8176 = EDGE_CURVE('',#8169,#8127,#8177,.T.);
#8177 = LINE('',#8178,#8179);
#8178 = CARTESIAN_POINT('',(11.,-3.75,1.55));
#8179 = VECTOR('',#8180,1.);
#8180 = DIRECTION('',(0.,1.,0.));
#8181 = ORIENTED_EDGE('',*,*,#8124,.F.);
#8182 = ORIENTED_EDGE('',*,*,#8183,.F.);
#8183 = EDGE_CURVE('',#8167,#8125,#8184,.T.);
#8184 = LINE('',#8185,#8186);
#8185 = CARTESIAN_POINT('',(11.,-3.75,1.51));
#8186 = VECTOR('',#8187,1.);
#8187 = DIRECTION('',(0.,1.,0.));
#8188 = PLANE('',#8189);
#8189 = AXIS2_PLACEMENT_3D('',#8190,#8191,#8192);
#8190 = CARTESIAN_POINT('',(11.,-3.75,1.51));
#8191 = DIRECTION('',(-1.,0.,0.));
#8192 = DIRECTION('',(0.,1.,0.));
#8193 = ADVANCED_FACE('',(#8194),#8219,.T.);
#8194 = FACE_BOUND('',#8195,.T.);
#8195 = EDGE_LOOP('',(#8196,#8197,#8205,#8213));
#8196 = ORIENTED_EDGE('',*,*,#8143,.T.);
#8197 = ORIENTED_EDGE('',*,*,#8198,.T.);
#8198 = EDGE_CURVE('',#8135,#8199,#8201,.T.);
#8199 = VERTEX_POINT('',#8200);
#8200 = CARTESIAN_POINT('',(12.75,-2.,1.55));
#8201 = LINE('',#8202,#8203);
#8202 = CARTESIAN_POINT('',(11.25,-2.,1.55));
#8203 = VECTOR('',#8204,1.);
#8204 = DIRECTION('',(1.,0.,0.));
#8205 = ORIENTED_EDGE('',*,*,#8206,.F.);
#8206 = EDGE_CURVE('',#8207,#8199,#8209,.T.);
#8207 = VERTEX_POINT('',#8208);
#8208 = CARTESIAN_POINT('',(12.75,-2.,1.51));
#8209 = LINE('',#8210,#8211);
#8210 = CARTESIAN_POINT('',(12.75,-2.,1.51));
#8211 = VECTOR('',#8212,1.);
#8212 = DIRECTION('',(0.,0.,1.));
#8213 = ORIENTED_EDGE('',*,*,#8214,.F.);
#8214 = EDGE_CURVE('',#8144,#8207,#8215,.T.);
#8215 = LINE('',#8216,#8217);
#8216 = CARTESIAN_POINT('',(11.25,-2.,1.51));
#8217 = VECTOR('',#8218,1.);
#8218 = DIRECTION('',(1.,0.,0.));
#8219 = PLANE('',#8220);
#8220 = AXIS2_PLACEMENT_3D('',#8221,#8222,#8223);
#8221 = CARTESIAN_POINT('',(11.25,-2.,1.51));
#8222 = DIRECTION('',(0.,1.,0.));
#8223 = DIRECTION('',(1.,0.,0.));
#8224 = ADVANCED_FACE('',(#8225,#8271),#8282,.F.);
#8225 = FACE_BOUND('',#8226,.F.);
#8226 = EDGE_LOOP('',(#8227,#8228,#8229,#8238,#8246,#8255,#8263,#8270));
#8227 = ORIENTED_EDGE('',*,*,#8151,.F.);
#8228 = ORIENTED_EDGE('',*,*,#8183,.F.);
#8229 = ORIENTED_EDGE('',*,*,#8230,.F.);
#8230 = EDGE_CURVE('',#8231,#8167,#8233,.T.);
#8231 = VERTEX_POINT('',#8232);
#8232 = CARTESIAN_POINT('',(11.25,-4.,1.51));
#8233 = CIRCLE('',#8234,0.249998959685);
#8234 = AXIS2_PLACEMENT_3D('',#8235,#8236,#8237);
#8235 = CARTESIAN_POINT('',(11.249998959683,-3.750001040317,1.51));
#8236 = DIRECTION('',(0.,0.,-1.));
#8237 = DIRECTION('',(4.161285829961E-06,-0.999999999991,0.));
#8238 = ORIENTED_EDGE('',*,*,#8239,.F.);
#8239 = EDGE_CURVE('',#8240,#8231,#8242,.T.);
#8240 = VERTEX_POINT('',#8241);
#8241 = CARTESIAN_POINT('',(12.75,-4.,1.51));
#8242 = LINE('',#8243,#8244);
#8243 = CARTESIAN_POINT('',(12.75,-4.,1.51));
#8244 = VECTOR('',#8245,1.);
#8245 = DIRECTION('',(-1.,0.,0.));
#8246 = ORIENTED_EDGE('',*,*,#8247,.F.);
#8247 = EDGE_CURVE('',#8248,#8240,#8250,.T.);
#8248 = VERTEX_POINT('',#8249);
#8249 = CARTESIAN_POINT('',(13.,-3.75,1.51));
#8250 = CIRCLE('',#8251,0.249998959685);
#8251 = AXIS2_PLACEMENT_3D('',#8252,#8253,#8254);
#8252 = CARTESIAN_POINT('',(12.750001040317,-3.750001040317,1.51));
#8253 = DIRECTION('',(0.,0.,-1.));
#8254 = DIRECTION('',(0.999999999991,4.161285828185E-06,0.));
#8255 = ORIENTED_EDGE('',*,*,#8256,.F.);
#8256 = EDGE_CURVE('',#8257,#8248,#8259,.T.);
#8257 = VERTEX_POINT('',#8258);
#8258 = CARTESIAN_POINT('',(13.,-2.25,1.51));
#8259 = LINE('',#8260,#8261);
#8260 = CARTESIAN_POINT('',(13.,-2.25,1.51));
#8261 = VECTOR('',#8262,1.);
#8262 = DIRECTION('',(0.,-1.,0.));
#8263 = ORIENTED_EDGE('',*,*,#8264,.F.);
#8264 = EDGE_CURVE('',#8207,#8257,#8265,.T.);
#8265 = CIRCLE('',#8266,0.249998959685);
#8266 = AXIS2_PLACEMENT_3D('',#8267,#8268,#8269);
#8267 = CARTESIAN_POINT('',(12.750001040317,-2.249998959683,1.51));
#8268 = DIRECTION('',(0.,0.,-1.));
#8269 = DIRECTION('',(-4.161285829961E-06,0.999999999991,0.));
#8270 = ORIENTED_EDGE('',*,*,#8214,.F.);
#8271 = FACE_BOUND('',#8272,.F.);
#8272 = EDGE_LOOP('',(#8273));
#8273 = ORIENTED_EDGE('',*,*,#8274,.T.);
#8274 = EDGE_CURVE('',#8275,#8275,#8277,.T.);
#8275 = VERTEX_POINT('',#8276);
#8276 = CARTESIAN_POINT('',(12.,-3.4,1.51));
#8277 = CIRCLE('',#8278,0.4);
#8278 = AXIS2_PLACEMENT_3D('',#8279,#8280,#8281);
#8279 = CARTESIAN_POINT('',(12.,-3.,1.51));
#8280 = DIRECTION('',(-0.,0.,-1.));
#8281 = DIRECTION('',(-0.,-1.,0.));
#8282 = PLANE('',#8283);
#8283 = AXIS2_PLACEMENT_3D('',#8284,#8285,#8286);
#8284 = CARTESIAN_POINT('',(0.,0.,1.51));
#8285 = DIRECTION('',(0.,0.,1.));
#8286 = DIRECTION('',(1.,0.,-0.));
#8287 = ADVANCED_FACE('',(#8288,#8334),#8345,.T.);
#8288 = FACE_BOUND('',#8289,.T.);
#8289 = EDGE_LOOP('',(#8290,#8291,#8292,#8301,#8309,#8318,#8326,#8333));
#8290 = ORIENTED_EDGE('',*,*,#8134,.F.);
#8291 = ORIENTED_EDGE('',*,*,#8176,.F.);
#8292 = ORIENTED_EDGE('',*,*,#8293,.F.);
#8293 = EDGE_CURVE('',#8294,#8169,#8296,.T.);
#8294 = VERTEX_POINT('',#8295);
#8295 = CARTESIAN_POINT('',(11.25,-4.,1.55));
#8296 = CIRCLE('',#8297,0.249998959685);
#8297 = AXIS2_PLACEMENT_3D('',#8298,#8299,#8300);
#8298 = CARTESIAN_POINT('',(11.249998959683,-3.750001040317,1.55));
#8299 = DIRECTION('',(0.,0.,-1.));
#8300 = DIRECTION('',(4.161285829961E-06,-0.999999999991,0.));
#8301 = ORIENTED_EDGE('',*,*,#8302,.F.);
#8302 = EDGE_CURVE('',#8303,#8294,#8305,.T.);
#8303 = VERTEX_POINT('',#8304);
#8304 = CARTESIAN_POINT('',(12.75,-4.,1.55));
#8305 = LINE('',#8306,#8307);
#8306 = CARTESIAN_POINT('',(12.75,-4.,1.55));
#8307 = VECTOR('',#8308,1.);
#8308 = DIRECTION('',(-1.,0.,0.));
#8309 = ORIENTED_EDGE('',*,*,#8310,.F.);
#8310 = EDGE_CURVE('',#8311,#8303,#8313,.T.);
#8311 = VERTEX_POINT('',#8312);
#8312 = CARTESIAN_POINT('',(13.,-3.75,1.55));
#8313 = CIRCLE('',#8314,0.249998959685);
#8314 = AXIS2_PLACEMENT_3D('',#8315,#8316,#8317);
#8315 = CARTESIAN_POINT('',(12.750001040317,-3.750001040317,1.55));
#8316 = DIRECTION('',(0.,0.,-1.));
#8317 = DIRECTION('',(0.999999999991,4.161285828185E-06,0.));
#8318 = ORIENTED_EDGE('',*,*,#8319,.F.);
#8319 = EDGE_CURVE('',#8320,#8311,#8322,.T.);
#8320 = VERTEX_POINT('',#8321);
#8321 = CARTESIAN_POINT('',(13.,-2.25,1.55));
#8322 = LINE('',#8323,#8324);
#8323 = CARTESIAN_POINT('',(13.,-2.25,1.55));
#8324 = VECTOR('',#8325,1.);
#8325 = DIRECTION('',(0.,-1.,0.));
#8326 = ORIENTED_EDGE('',*,*,#8327,.F.);
#8327 = EDGE_CURVE('',#8199,#8320,#8328,.T.);
#8328 = CIRCLE('',#8329,0.249998959685);
#8329 = AXIS2_PLACEMENT_3D('',#8330,#8331,#8332);
#8330 = CARTESIAN_POINT('',(12.750001040317,-2.249998959683,1.55));
#8331 = DIRECTION('',(0.,0.,-1.));
#8332 = DIRECTION('',(-4.161285829961E-06,0.999999999991,0.));
#8333 = ORIENTED_EDGE('',*,*,#8198,.F.);
#8334 = FACE_BOUND('',#8335,.T.);
#8335 = EDGE_LOOP('',(#8336));
#8336 = ORIENTED_EDGE('',*,*,#8337,.T.);
#8337 = EDGE_CURVE('',#8338,#8338,#8340,.T.);
#8338 = VERTEX_POINT('',#8339);
#8339 = CARTESIAN_POINT('',(12.,-3.4,1.55));
#8340 = CIRCLE('',#8341,0.4);
#8341 = AXIS2_PLACEMENT_3D('',#8342,#8343,#8344);
#8342 = CARTESIAN_POINT('',(12.,-3.,1.55));
#8343 = DIRECTION('',(-0.,0.,-1.));
#8344 = DIRECTION('',(-0.,-1.,0.));
#8345 = PLANE('',#8346);
#8346 = AXIS2_PLACEMENT_3D('',#8347,#8348,#8349);
#8347 = CARTESIAN_POINT('',(0.,0.,1.55));
#8348 = DIRECTION('',(0.,0.,1.));
#8349 = DIRECTION('',(1.,0.,-0.));
#8350 = ADVANCED_FACE('',(#8351),#8362,.T.);
#8351 = FACE_BOUND('',#8352,.T.);
#8352 = EDGE_LOOP('',(#8353,#8359,#8360,#8361));
#8353 = ORIENTED_EDGE('',*,*,#8354,.T.);
#8354 = EDGE_CURVE('',#8231,#8294,#8355,.T.);
#8355 = LINE('',#8356,#8357);
#8356 = CARTESIAN_POINT('',(11.25,-4.,1.51));
#8357 = VECTOR('',#8358,1.);
#8358 = DIRECTION('',(0.,0.,1.));
#8359 = ORIENTED_EDGE('',*,*,#8293,.T.);
#8360 = ORIENTED_EDGE('',*,*,#8166,.F.);
#8361 = ORIENTED_EDGE('',*,*,#8230,.F.);
#8362 = CYLINDRICAL_SURFACE('',#8363,0.249998959685);
#8363 = AXIS2_PLACEMENT_3D('',#8364,#8365,#8366);
#8364 = CARTESIAN_POINT('',(11.249998959683,-3.750001040317,1.51));
#8365 = DIRECTION('',(0.,0.,-1.));
#8366 = DIRECTION('',(4.161285829961E-06,-0.999999999991,0.));
#8367 = ADVANCED_FACE('',(#8368),#8379,.T.);
#8368 = FACE_BOUND('',#8369,.T.);
#8369 = EDGE_LOOP('',(#8370,#8371,#8372,#8378));
#8370 = ORIENTED_EDGE('',*,*,#8206,.T.);
#8371 = ORIENTED_EDGE('',*,*,#8327,.T.);
#8372 = ORIENTED_EDGE('',*,*,#8373,.F.);
#8373 = EDGE_CURVE('',#8257,#8320,#8374,.T.);
#8374 = LINE('',#8375,#8376);
#8375 = CARTESIAN_POINT('',(13.,-2.25,1.51));
#8376 = VECTOR('',#8377,1.);
#8377 = DIRECTION('',(0.,0.,1.));
#8378 = ORIENTED_EDGE('',*,*,#8264,.F.);
#8379 = CYLINDRICAL_SURFACE('',#8380,0.249998959685);
#8380 = AXIS2_PLACEMENT_3D('',#8381,#8382,#8383);
#8381 = CARTESIAN_POINT('',(12.750001040317,-2.249998959683,1.51));
#8382 = DIRECTION('',(0.,0.,-1.));
#8383 = DIRECTION('',(-4.161285829961E-06,0.999999999991,0.));
#8384 = ADVANCED_FACE('',(#8385),#8396,.T.);
#8385 = FACE_BOUND('',#8386,.T.);
#8386 = EDGE_LOOP('',(#8387,#8393,#8394,#8395));
#8387 = ORIENTED_EDGE('',*,*,#8388,.T.);
#8388 = EDGE_CURVE('',#8240,#8303,#8389,.T.);
#8389 = LINE('',#8390,#8391);
#8390 = CARTESIAN_POINT('',(12.75,-4.,1.51));
#8391 = VECTOR('',#8392,1.);
#8392 = DIRECTION('',(0.,0.,1.));
#8393 = ORIENTED_EDGE('',*,*,#8302,.T.);
#8394 = ORIENTED_EDGE('',*,*,#8354,.F.);
#8395 = ORIENTED_EDGE('',*,*,#8239,.F.);
#8396 = PLANE('',#8397);
#8397 = AXIS2_PLACEMENT_3D('',#8398,#8399,#8400);
#8398 = CARTESIAN_POINT('',(12.75,-4.,1.51));
#8399 = DIRECTION('',(0.,-1.,0.));
#8400 = DIRECTION('',(-1.,0.,0.));
#8401 = ADVANCED_FACE('',(#8402),#8413,.T.);
#8402 = FACE_BOUND('',#8403,.T.);
#8403 = EDGE_LOOP('',(#8404,#8405,#8406,#8412));
#8404 = ORIENTED_EDGE('',*,*,#8373,.T.);
#8405 = ORIENTED_EDGE('',*,*,#8319,.T.);
#8406 = ORIENTED_EDGE('',*,*,#8407,.F.);
#8407 = EDGE_CURVE('',#8248,#8311,#8408,.T.);
#8408 = LINE('',#8409,#8410);
#8409 = CARTESIAN_POINT('',(13.,-3.75,1.51));
#8410 = VECTOR('',#8411,1.);
#8411 = DIRECTION('',(0.,0.,1.));
#8412 = ORIENTED_EDGE('',*,*,#8256,.F.);
#8413 = PLANE('',#8414);
#8414 = AXIS2_PLACEMENT_3D('',#8415,#8416,#8417);
#8415 = CARTESIAN_POINT('',(13.,-2.25,1.51));
#8416 = DIRECTION('',(1.,0.,-0.));
#8417 = DIRECTION('',(0.,-1.,0.));
#8418 = ADVANCED_FACE('',(#8419),#8425,.T.);
#8419 = FACE_BOUND('',#8420,.T.);
#8420 = EDGE_LOOP('',(#8421,#8422,#8423,#8424));
#8421 = ORIENTED_EDGE('',*,*,#8407,.T.);
#8422 = ORIENTED_EDGE('',*,*,#8310,.T.);
#8423 = ORIENTED_EDGE('',*,*,#8388,.F.);
#8424 = ORIENTED_EDGE('',*,*,#8247,.F.);
#8425 = CYLINDRICAL_SURFACE('',#8426,0.249998959685);
#8426 = AXIS2_PLACEMENT_3D('',#8427,#8428,#8429);
#8427 = CARTESIAN_POINT('',(12.750001040317,-3.750001040317,1.51));
#8428 = DIRECTION('',(0.,0.,-1.));
#8429 = DIRECTION('',(0.999999999991,4.161285828185E-06,0.));
#8430 = ADVANCED_FACE('',(#8431),#8442,.F.);
#8431 = FACE_BOUND('',#8432,.T.);
#8432 = EDGE_LOOP('',(#8433,#8434,#8440,#8441));
#8433 = ORIENTED_EDGE('',*,*,#8274,.T.);
#8434 = ORIENTED_EDGE('',*,*,#8435,.T.);
#8435 = EDGE_CURVE('',#8275,#8338,#8436,.T.);
#8436 = LINE('',#8437,#8438);
#8437 = CARTESIAN_POINT('',(12.,-3.4,-4.6E-02));
#8438 = VECTOR('',#8439,1.);
#8439 = DIRECTION('',(0.,0.,1.));
#8440 = ORIENTED_EDGE('',*,*,#8337,.F.);
#8441 = ORIENTED_EDGE('',*,*,#8435,.F.);
#8442 = CYLINDRICAL_SURFACE('',#8443,0.4);
#8443 = AXIS2_PLACEMENT_3D('',#8444,#8445,#8446);
#8444 = CARTESIAN_POINT('',(12.,-3.,-4.6E-02));
#8445 = DIRECTION('',(-0.,-0.,-1.));
#8446 = DIRECTION('',(-0.,-1.,0.));
#8447 = MANIFOLD_SOLID_BREP('',#8448);
#8448 = CLOSED_SHELL('',(#8449,#8491,#8522,#8553,#8616,#8679,#8696,#8713
    ,#8730,#8747,#8759));
#8449 = ADVANCED_FACE('',(#8450),#8486,.T.);
#8450 = FACE_BOUND('',#8451,.F.);
#8451 = EDGE_LOOP('',(#8452,#8462,#8471,#8479));
#8452 = ORIENTED_EDGE('',*,*,#8453,.T.);
#8453 = EDGE_CURVE('',#8454,#8456,#8458,.T.);
#8454 = VERTEX_POINT('',#8455);
#8455 = CARTESIAN_POINT('',(11.,-2.25,0.));
#8456 = VERTEX_POINT('',#8457);
#8457 = CARTESIAN_POINT('',(11.,-2.25,-4.E-02));
#8458 = LINE('',#8459,#8460);
#8459 = CARTESIAN_POINT('',(11.,-2.25,0.));
#8460 = VECTOR('',#8461,1.);
#8461 = DIRECTION('',(0.,0.,-1.));
#8462 = ORIENTED_EDGE('',*,*,#8463,.T.);
#8463 = EDGE_CURVE('',#8456,#8464,#8466,.T.);
#8464 = VERTEX_POINT('',#8465);
#8465 = CARTESIAN_POINT('',(11.25,-2.,-4.E-02));
#8466 = CIRCLE('',#8467,0.249998959685);
#8467 = AXIS2_PLACEMENT_3D('',#8468,#8469,#8470);
#8468 = CARTESIAN_POINT('',(11.249998959683,-2.249998959683,-4.E-02));
#8469 = DIRECTION('',(0.,0.,-1.));
#8470 = DIRECTION('',(-0.999999999991,-4.161285828185E-06,-0.));
#8471 = ORIENTED_EDGE('',*,*,#8472,.F.);
#8472 = EDGE_CURVE('',#8473,#8464,#8475,.T.);
#8473 = VERTEX_POINT('',#8474);
#8474 = CARTESIAN_POINT('',(11.25,-2.,0.));
#8475 = LINE('',#8476,#8477);
#8476 = CARTESIAN_POINT('',(11.25,-2.,0.));
#8477 = VECTOR('',#8478,1.);
#8478 = DIRECTION('',(0.,0.,-1.));
#8479 = ORIENTED_EDGE('',*,*,#8480,.F.);
#8480 = EDGE_CURVE('',#8454,#8473,#8481,.T.);
#8481 = CIRCLE('',#8482,0.249998959685);
#8482 = AXIS2_PLACEMENT_3D('',#8483,#8484,#8485);
#8483 = CARTESIAN_POINT('',(11.249998959683,-2.249998959683,0.));
#8484 = DIRECTION('',(0.,0.,-1.));
#8485 = DIRECTION('',(-0.999999999991,-4.161285828185E-06,-0.));
#8486 = CYLINDRICAL_SURFACE('',#8487,0.249998959685);
#8487 = AXIS2_PLACEMENT_3D('',#8488,#8489,#8490);
#8488 = CARTESIAN_POINT('',(11.249998959683,-2.249998959683,0.));
#8489 = DIRECTION('',(-0.,-0.,1.));
#8490 = DIRECTION('',(-0.999999999991,-4.161285828185E-06,-0.));
#8491 = ADVANCED_FACE('',(#8492),#8517,.F.);
#8492 = FACE_BOUND('',#8493,.F.);
#8493 = EDGE_LOOP('',(#8494,#8504,#8510,#8511));
#8494 = ORIENTED_EDGE('',*,*,#8495,.T.);
#8495 = EDGE_CURVE('',#8496,#8498,#8500,.T.);
#8496 = VERTEX_POINT('',#8497);
#8497 = CARTESIAN_POINT('',(11.,-3.75,0.));
#8498 = VERTEX_POINT('',#8499);
#8499 = CARTESIAN_POINT('',(11.,-3.75,-4.E-02));
#8500 = LINE('',#8501,#8502);
#8501 = CARTESIAN_POINT('',(11.,-3.75,0.));
#8502 = VECTOR('',#8503,1.);
#8503 = DIRECTION('',(0.,0.,-1.));
#8504 = ORIENTED_EDGE('',*,*,#8505,.T.);
#8505 = EDGE_CURVE('',#8498,#8456,#8506,.T.);
#8506 = LINE('',#8507,#8508);
#8507 = CARTESIAN_POINT('',(11.,-3.75,-4.E-02));
#8508 = VECTOR('',#8509,1.);
#8509 = DIRECTION('',(0.,1.,0.));
#8510 = ORIENTED_EDGE('',*,*,#8453,.F.);
#8511 = ORIENTED_EDGE('',*,*,#8512,.F.);
#8512 = EDGE_CURVE('',#8496,#8454,#8513,.T.);
#8513 = LINE('',#8514,#8515);
#8514 = CARTESIAN_POINT('',(11.,-3.75,0.));
#8515 = VECTOR('',#8516,1.);
#8516 = DIRECTION('',(0.,1.,0.));
#8517 = PLANE('',#8518);
#8518 = AXIS2_PLACEMENT_3D('',#8519,#8520,#8521);
#8519 = CARTESIAN_POINT('',(11.,-3.75,0.));
#8520 = DIRECTION('',(1.,-0.,0.));
#8521 = DIRECTION('',(0.,1.,0.));
#8522 = ADVANCED_FACE('',(#8523),#8548,.F.);
#8523 = FACE_BOUND('',#8524,.F.);
#8524 = EDGE_LOOP('',(#8525,#8526,#8534,#8542));
#8525 = ORIENTED_EDGE('',*,*,#8472,.T.);
#8526 = ORIENTED_EDGE('',*,*,#8527,.T.);
#8527 = EDGE_CURVE('',#8464,#8528,#8530,.T.);
#8528 = VERTEX_POINT('',#8529);
#8529 = CARTESIAN_POINT('',(12.75,-2.,-4.E-02));
#8530 = LINE('',#8531,#8532);
#8531 = CARTESIAN_POINT('',(11.25,-2.,-4.E-02));
#8532 = VECTOR('',#8533,1.);
#8533 = DIRECTION('',(1.,0.,0.));
#8534 = ORIENTED_EDGE('',*,*,#8535,.F.);
#8535 = EDGE_CURVE('',#8536,#8528,#8538,.T.);
#8536 = VERTEX_POINT('',#8537);
#8537 = CARTESIAN_POINT('',(12.75,-2.,0.));
#8538 = LINE('',#8539,#8540);
#8539 = CARTESIAN_POINT('',(12.75,-2.,0.));
#8540 = VECTOR('',#8541,1.);
#8541 = DIRECTION('',(0.,0.,-1.));
#8542 = ORIENTED_EDGE('',*,*,#8543,.F.);
#8543 = EDGE_CURVE('',#8473,#8536,#8544,.T.);
#8544 = LINE('',#8545,#8546);
#8545 = CARTESIAN_POINT('',(11.25,-2.,0.));
#8546 = VECTOR('',#8547,1.);
#8547 = DIRECTION('',(1.,0.,0.));
#8548 = PLANE('',#8549);
#8549 = AXIS2_PLACEMENT_3D('',#8550,#8551,#8552);
#8550 = CARTESIAN_POINT('',(11.25,-2.,0.));
#8551 = DIRECTION('',(0.,-1.,0.));
#8552 = DIRECTION('',(1.,0.,0.));
#8553 = ADVANCED_FACE('',(#8554,#8600),#8611,.F.);
#8554 = FACE_BOUND('',#8555,.F.);
#8555 = EDGE_LOOP('',(#8556,#8557,#8558,#8567,#8575,#8584,#8592,#8599));
#8556 = ORIENTED_EDGE('',*,*,#8480,.T.);
#8557 = ORIENTED_EDGE('',*,*,#8543,.T.);
#8558 = ORIENTED_EDGE('',*,*,#8559,.T.);
#8559 = EDGE_CURVE('',#8536,#8560,#8562,.T.);
#8560 = VERTEX_POINT('',#8561);
#8561 = CARTESIAN_POINT('',(13.,-2.25,0.));
#8562 = CIRCLE('',#8563,0.249998959685);
#8563 = AXIS2_PLACEMENT_3D('',#8564,#8565,#8566);
#8564 = CARTESIAN_POINT('',(12.750001040317,-2.249998959683,0.));
#8565 = DIRECTION('',(0.,0.,-1.));
#8566 = DIRECTION('',(-4.161285829961E-06,0.999999999991,0.));
#8567 = ORIENTED_EDGE('',*,*,#8568,.T.);
#8568 = EDGE_CURVE('',#8560,#8569,#8571,.T.);
#8569 = VERTEX_POINT('',#8570);
#8570 = CARTESIAN_POINT('',(13.,-3.75,0.));
#8571 = LINE('',#8572,#8573);
#8572 = CARTESIAN_POINT('',(13.,-2.25,0.));
#8573 = VECTOR('',#8574,1.);
#8574 = DIRECTION('',(0.,-1.,0.));
#8575 = ORIENTED_EDGE('',*,*,#8576,.T.);
#8576 = EDGE_CURVE('',#8569,#8577,#8579,.T.);
#8577 = VERTEX_POINT('',#8578);
#8578 = CARTESIAN_POINT('',(12.75,-4.,0.));
#8579 = CIRCLE('',#8580,0.249998959685);
#8580 = AXIS2_PLACEMENT_3D('',#8581,#8582,#8583);
#8581 = CARTESIAN_POINT('',(12.750001040317,-3.750001040317,0.));
#8582 = DIRECTION('',(0.,0.,-1.));
#8583 = DIRECTION('',(0.999999999991,4.161285828185E-06,0.));
#8584 = ORIENTED_EDGE('',*,*,#8585,.T.);
#8585 = EDGE_CURVE('',#8577,#8586,#8588,.T.);
#8586 = VERTEX_POINT('',#8587);
#8587 = CARTESIAN_POINT('',(11.25,-4.,0.));
#8588 = LINE('',#8589,#8590);
#8589 = CARTESIAN_POINT('',(12.75,-4.,0.));
#8590 = VECTOR('',#8591,1.);
#8591 = DIRECTION('',(-1.,0.,0.));
#8592 = ORIENTED_EDGE('',*,*,#8593,.T.);
#8593 = EDGE_CURVE('',#8586,#8496,#8594,.T.);
#8594 = CIRCLE('',#8595,0.249998959685);
#8595 = AXIS2_PLACEMENT_3D('',#8596,#8597,#8598);
#8596 = CARTESIAN_POINT('',(11.249998959683,-3.750001040317,0.));
#8597 = DIRECTION('',(0.,0.,-1.));
#8598 = DIRECTION('',(4.161285829961E-06,-0.999999999991,0.));
#8599 = ORIENTED_EDGE('',*,*,#8512,.T.);
#8600 = FACE_BOUND('',#8601,.F.);
#8601 = EDGE_LOOP('',(#8602));
#8602 = ORIENTED_EDGE('',*,*,#8603,.F.);
#8603 = EDGE_CURVE('',#8604,#8604,#8606,.T.);
#8604 = VERTEX_POINT('',#8605);
#8605 = CARTESIAN_POINT('',(12.,-3.4,0.));
#8606 = CIRCLE('',#8607,0.4);
#8607 = AXIS2_PLACEMENT_3D('',#8608,#8609,#8610);
#8608 = CARTESIAN_POINT('',(12.,-3.,0.));
#8609 = DIRECTION('',(-0.,0.,-1.));
#8610 = DIRECTION('',(-0.,-1.,0.));
#8611 = PLANE('',#8612);
#8612 = AXIS2_PLACEMENT_3D('',#8613,#8614,#8615);
#8613 = CARTESIAN_POINT('',(0.,0.,0.));
#8614 = DIRECTION('',(-0.,-0.,-1.));
#8615 = DIRECTION('',(-1.,0.,0.));
#8616 = ADVANCED_FACE('',(#8617,#8663),#8674,.T.);
#8617 = FACE_BOUND('',#8618,.T.);
#8618 = EDGE_LOOP('',(#8619,#8620,#8621,#8630,#8638,#8647,#8655,#8662));
#8619 = ORIENTED_EDGE('',*,*,#8463,.T.);
#8620 = ORIENTED_EDGE('',*,*,#8527,.T.);
#8621 = ORIENTED_EDGE('',*,*,#8622,.T.);
#8622 = EDGE_CURVE('',#8528,#8623,#8625,.T.);
#8623 = VERTEX_POINT('',#8624);
#8624 = CARTESIAN_POINT('',(13.,-2.25,-4.E-02));
#8625 = CIRCLE('',#8626,0.249998959685);
#8626 = AXIS2_PLACEMENT_3D('',#8627,#8628,#8629);
#8627 = CARTESIAN_POINT('',(12.750001040317,-2.249998959683,-4.E-02));
#8628 = DIRECTION('',(0.,0.,-1.));
#8629 = DIRECTION('',(-4.161285829961E-06,0.999999999991,0.));
#8630 = ORIENTED_EDGE('',*,*,#8631,.T.);
#8631 = EDGE_CURVE('',#8623,#8632,#8634,.T.);
#8632 = VERTEX_POINT('',#8633);
#8633 = CARTESIAN_POINT('',(13.,-3.75,-4.E-02));
#8634 = LINE('',#8635,#8636);
#8635 = CARTESIAN_POINT('',(13.,-2.25,-4.E-02));
#8636 = VECTOR('',#8637,1.);
#8637 = DIRECTION('',(0.,-1.,0.));
#8638 = ORIENTED_EDGE('',*,*,#8639,.T.);
#8639 = EDGE_CURVE('',#8632,#8640,#8642,.T.);
#8640 = VERTEX_POINT('',#8641);
#8641 = CARTESIAN_POINT('',(12.75,-4.,-4.E-02));
#8642 = CIRCLE('',#8643,0.249998959685);
#8643 = AXIS2_PLACEMENT_3D('',#8644,#8645,#8646);
#8644 = CARTESIAN_POINT('',(12.750001040317,-3.750001040317,-4.E-02));
#8645 = DIRECTION('',(0.,0.,-1.));
#8646 = DIRECTION('',(0.999999999991,4.161285828185E-06,0.));
#8647 = ORIENTED_EDGE('',*,*,#8648,.T.);
#8648 = EDGE_CURVE('',#8640,#8649,#8651,.T.);
#8649 = VERTEX_POINT('',#8650);
#8650 = CARTESIAN_POINT('',(11.25,-4.,-4.E-02));
#8651 = LINE('',#8652,#8653);
#8652 = CARTESIAN_POINT('',(12.75,-4.,-4.E-02));
#8653 = VECTOR('',#8654,1.);
#8654 = DIRECTION('',(-1.,0.,0.));
#8655 = ORIENTED_EDGE('',*,*,#8656,.T.);
#8656 = EDGE_CURVE('',#8649,#8498,#8657,.T.);
#8657 = CIRCLE('',#8658,0.249998959685);
#8658 = AXIS2_PLACEMENT_3D('',#8659,#8660,#8661);
#8659 = CARTESIAN_POINT('',(11.249998959683,-3.750001040317,-4.E-02));
#8660 = DIRECTION('',(0.,0.,-1.));
#8661 = DIRECTION('',(4.161285829961E-06,-0.999999999991,0.));
#8662 = ORIENTED_EDGE('',*,*,#8505,.T.);
#8663 = FACE_BOUND('',#8664,.T.);
#8664 = EDGE_LOOP('',(#8665));
#8665 = ORIENTED_EDGE('',*,*,#8666,.F.);
#8666 = EDGE_CURVE('',#8667,#8667,#8669,.T.);
#8667 = VERTEX_POINT('',#8668);
#8668 = CARTESIAN_POINT('',(12.,-3.4,-4.E-02));
#8669 = CIRCLE('',#8670,0.4);
#8670 = AXIS2_PLACEMENT_3D('',#8671,#8672,#8673);
#8671 = CARTESIAN_POINT('',(12.,-3.,-4.E-02));
#8672 = DIRECTION('',(-0.,0.,-1.));
#8673 = DIRECTION('',(-0.,-1.,0.));
#8674 = PLANE('',#8675);
#8675 = AXIS2_PLACEMENT_3D('',#8676,#8677,#8678);
#8676 = CARTESIAN_POINT('',(0.,0.,-4.E-02));
#8677 = DIRECTION('',(-0.,-0.,-1.));
#8678 = DIRECTION('',(-1.,0.,0.));
#8679 = ADVANCED_FACE('',(#8680),#8691,.T.);
#8680 = FACE_BOUND('',#8681,.F.);
#8681 = EDGE_LOOP('',(#8682,#8688,#8689,#8690));
#8682 = ORIENTED_EDGE('',*,*,#8683,.T.);
#8683 = EDGE_CURVE('',#8586,#8649,#8684,.T.);
#8684 = LINE('',#8685,#8686);
#8685 = CARTESIAN_POINT('',(11.25,-4.,0.));
#8686 = VECTOR('',#8687,1.);
#8687 = DIRECTION('',(0.,0.,-1.));
#8688 = ORIENTED_EDGE('',*,*,#8656,.T.);
#8689 = ORIENTED_EDGE('',*,*,#8495,.F.);
#8690 = ORIENTED_EDGE('',*,*,#8593,.F.);
#8691 = CYLINDRICAL_SURFACE('',#8692,0.249998959685);
#8692 = AXIS2_PLACEMENT_3D('',#8693,#8694,#8695);
#8693 = CARTESIAN_POINT('',(11.249998959683,-3.750001040317,0.));
#8694 = DIRECTION('',(-0.,-0.,1.));
#8695 = DIRECTION('',(4.161285829961E-06,-0.999999999991,0.));
#8696 = ADVANCED_FACE('',(#8697),#8708,.T.);
#8697 = FACE_BOUND('',#8698,.F.);
#8698 = EDGE_LOOP('',(#8699,#8700,#8701,#8707));
#8699 = ORIENTED_EDGE('',*,*,#8535,.T.);
#8700 = ORIENTED_EDGE('',*,*,#8622,.T.);
#8701 = ORIENTED_EDGE('',*,*,#8702,.F.);
#8702 = EDGE_CURVE('',#8560,#8623,#8703,.T.);
#8703 = LINE('',#8704,#8705);
#8704 = CARTESIAN_POINT('',(13.,-2.25,0.));
#8705 = VECTOR('',#8706,1.);
#8706 = DIRECTION('',(0.,0.,-1.));
#8707 = ORIENTED_EDGE('',*,*,#8559,.F.);
#8708 = CYLINDRICAL_SURFACE('',#8709,0.249998959685);
#8709 = AXIS2_PLACEMENT_3D('',#8710,#8711,#8712);
#8710 = CARTESIAN_POINT('',(12.750001040317,-2.249998959683,0.));
#8711 = DIRECTION('',(-0.,-0.,1.));
#8712 = DIRECTION('',(-4.161285829961E-06,0.999999999991,0.));
#8713 = ADVANCED_FACE('',(#8714),#8725,.F.);
#8714 = FACE_BOUND('',#8715,.F.);
#8715 = EDGE_LOOP('',(#8716,#8722,#8723,#8724));
#8716 = ORIENTED_EDGE('',*,*,#8717,.T.);
#8717 = EDGE_CURVE('',#8577,#8640,#8718,.T.);
#8718 = LINE('',#8719,#8720);
#8719 = CARTESIAN_POINT('',(12.75,-4.,0.));
#8720 = VECTOR('',#8721,1.);
#8721 = DIRECTION('',(0.,0.,-1.));
#8722 = ORIENTED_EDGE('',*,*,#8648,.T.);
#8723 = ORIENTED_EDGE('',*,*,#8683,.F.);
#8724 = ORIENTED_EDGE('',*,*,#8585,.F.);
#8725 = PLANE('',#8726);
#8726 = AXIS2_PLACEMENT_3D('',#8727,#8728,#8729);
#8727 = CARTESIAN_POINT('',(12.75,-4.,0.));
#8728 = DIRECTION('',(0.,1.,0.));
#8729 = DIRECTION('',(-1.,0.,0.));
#8730 = ADVANCED_FACE('',(#8731),#8742,.F.);
#8731 = FACE_BOUND('',#8732,.F.);
#8732 = EDGE_LOOP('',(#8733,#8734,#8735,#8741));
#8733 = ORIENTED_EDGE('',*,*,#8702,.T.);
#8734 = ORIENTED_EDGE('',*,*,#8631,.T.);
#8735 = ORIENTED_EDGE('',*,*,#8736,.F.);
#8736 = EDGE_CURVE('',#8569,#8632,#8737,.T.);
#8737 = LINE('',#8738,#8739);
#8738 = CARTESIAN_POINT('',(13.,-3.75,0.));
#8739 = VECTOR('',#8740,1.);
#8740 = DIRECTION('',(0.,0.,-1.));
#8741 = ORIENTED_EDGE('',*,*,#8568,.F.);
#8742 = PLANE('',#8743);
#8743 = AXIS2_PLACEMENT_3D('',#8744,#8745,#8746);
#8744 = CARTESIAN_POINT('',(13.,-2.25,0.));
#8745 = DIRECTION('',(-1.,-0.,-0.));
#8746 = DIRECTION('',(0.,-1.,0.));
#8747 = ADVANCED_FACE('',(#8748),#8754,.T.);
#8748 = FACE_BOUND('',#8749,.F.);
#8749 = EDGE_LOOP('',(#8750,#8751,#8752,#8753));
#8750 = ORIENTED_EDGE('',*,*,#8736,.T.);
#8751 = ORIENTED_EDGE('',*,*,#8639,.T.);
#8752 = ORIENTED_EDGE('',*,*,#8717,.F.);
#8753 = ORIENTED_EDGE('',*,*,#8576,.F.);
#8754 = CYLINDRICAL_SURFACE('',#8755,0.249998959685);
#8755 = AXIS2_PLACEMENT_3D('',#8756,#8757,#8758);
#8756 = CARTESIAN_POINT('',(12.750001040317,-3.750001040317,0.));
#8757 = DIRECTION('',(-0.,-0.,1.));
#8758 = DIRECTION('',(0.999999999991,4.161285828185E-06,0.));
#8759 = ADVANCED_FACE('',(#8760),#8771,.F.);
#8760 = FACE_BOUND('',#8761,.T.);
#8761 = EDGE_LOOP('',(#8762,#8763,#8769,#8770));
#8762 = ORIENTED_EDGE('',*,*,#8666,.T.);
#8763 = ORIENTED_EDGE('',*,*,#8764,.T.);
#8764 = EDGE_CURVE('',#8667,#8604,#8765,.T.);
#8765 = LINE('',#8766,#8767);
#8766 = CARTESIAN_POINT('',(12.,-3.4,-4.6E-02));
#8767 = VECTOR('',#8768,1.);
#8768 = DIRECTION('',(0.,0.,1.));
#8769 = ORIENTED_EDGE('',*,*,#8603,.F.);
#8770 = ORIENTED_EDGE('',*,*,#8764,.F.);
#8771 = CYLINDRICAL_SURFACE('',#8772,0.4);
#8772 = AXIS2_PLACEMENT_3D('',#8773,#8774,#8775);
#8773 = CARTESIAN_POINT('',(12.,-3.,-4.6E-02));
#8774 = DIRECTION('',(-0.,-0.,-1.));
#8775 = DIRECTION('',(-0.,-1.,0.));
#8776 = MANIFOLD_SOLID_BREP('',#8777);
#8777 = CLOSED_SHELL('',(#8778,#8811,#8831,#8851));
#8778 = ADVANCED_FACE('',(#8779),#8806,.T.);
#8779 = FACE_BOUND('',#8780,.F.);
#8780 = EDGE_LOOP('',(#8781,#8791,#8798,#8799));
#8781 = ORIENTED_EDGE('',*,*,#8782,.T.);
#8782 = EDGE_CURVE('',#8783,#8785,#8787,.T.);
#8783 = VERTEX_POINT('',#8784);
#8784 = CARTESIAN_POINT('',(12.,-3.425,-4.E-02));
#8785 = VERTEX_POINT('',#8786);
#8786 = CARTESIAN_POINT('',(12.,-3.425,1.55));
#8787 = LINE('',#8788,#8789);
#8788 = CARTESIAN_POINT('',(12.,-3.425,-4.E-02));
#8789 = VECTOR('',#8790,1.);
#8790 = DIRECTION('',(0.,0.,1.));
#8791 = ORIENTED_EDGE('',*,*,#8792,.T.);
#8792 = EDGE_CURVE('',#8785,#8785,#8793,.T.);
#8793 = CIRCLE('',#8794,0.425);
#8794 = AXIS2_PLACEMENT_3D('',#8795,#8796,#8797);
#8795 = CARTESIAN_POINT('',(12.,-3.,1.55));
#8796 = DIRECTION('',(0.,0.,1.));
#8797 = DIRECTION('',(-0.,-1.,0.));
#8798 = ORIENTED_EDGE('',*,*,#8782,.F.);
#8799 = ORIENTED_EDGE('',*,*,#8800,.F.);
#8800 = EDGE_CURVE('',#8783,#8783,#8801,.T.);
#8801 = CIRCLE('',#8802,0.425);
#8802 = AXIS2_PLACEMENT_3D('',#8803,#8804,#8805);
#8803 = CARTESIAN_POINT('',(12.,-3.,-4.E-02));
#8804 = DIRECTION('',(0.,0.,1.));
#8805 = DIRECTION('',(-0.,-1.,0.));
#8806 = CYLINDRICAL_SURFACE('',#8807,0.425);
#8807 = AXIS2_PLACEMENT_3D('',#8808,#8809,#8810);
#8808 = CARTESIAN_POINT('',(12.,-3.,-4.E-02));
#8809 = DIRECTION('',(-0.,-0.,-1.));
#8810 = DIRECTION('',(-0.,-1.,0.));
#8811 = ADVANCED_FACE('',(#8812,#8815),#8826,.F.);
#8812 = FACE_BOUND('',#8813,.F.);
#8813 = EDGE_LOOP('',(#8814));
#8814 = ORIENTED_EDGE('',*,*,#8800,.T.);
#8815 = FACE_BOUND('',#8816,.F.);
#8816 = EDGE_LOOP('',(#8817));
#8817 = ORIENTED_EDGE('',*,*,#8818,.T.);
#8818 = EDGE_CURVE('',#8819,#8819,#8821,.T.);
#8819 = VERTEX_POINT('',#8820);
#8820 = CARTESIAN_POINT('',(12.,-3.4,-4.E-02));
#8821 = CIRCLE('',#8822,0.4);
#8822 = AXIS2_PLACEMENT_3D('',#8823,#8824,#8825);
#8823 = CARTESIAN_POINT('',(12.,-3.,-4.E-02));
#8824 = DIRECTION('',(-0.,0.,-1.));
#8825 = DIRECTION('',(-0.,-1.,0.));
#8826 = PLANE('',#8827);
#8827 = AXIS2_PLACEMENT_3D('',#8828,#8829,#8830);
#8828 = CARTESIAN_POINT('',(12.,-3.425,-4.E-02));
#8829 = DIRECTION('',(0.,0.,1.));
#8830 = DIRECTION('',(1.,0.,-0.));
#8831 = ADVANCED_FACE('',(#8832,#8835),#8846,.T.);
#8832 = FACE_BOUND('',#8833,.T.);
#8833 = EDGE_LOOP('',(#8834));
#8834 = ORIENTED_EDGE('',*,*,#8792,.T.);
#8835 = FACE_BOUND('',#8836,.T.);
#8836 = EDGE_LOOP('',(#8837));
#8837 = ORIENTED_EDGE('',*,*,#8838,.T.);
#8838 = EDGE_CURVE('',#8839,#8839,#8841,.T.);
#8839 = VERTEX_POINT('',#8840);
#8840 = CARTESIAN_POINT('',(12.,-3.4,1.55));
#8841 = CIRCLE('',#8842,0.4);
#8842 = AXIS2_PLACEMENT_3D('',#8843,#8844,#8845);
#8843 = CARTESIAN_POINT('',(12.,-3.,1.55));
#8844 = DIRECTION('',(-0.,0.,-1.));
#8845 = DIRECTION('',(-0.,-1.,0.));
#8846 = PLANE('',#8847);
#8847 = AXIS2_PLACEMENT_3D('',#8848,#8849,#8850);
#8848 = CARTESIAN_POINT('',(12.,-3.425,1.55));
#8849 = DIRECTION('',(0.,0.,1.));
#8850 = DIRECTION('',(1.,0.,-0.));
#8851 = ADVANCED_FACE('',(#8852),#8863,.F.);
#8852 = FACE_BOUND('',#8853,.T.);
#8853 = EDGE_LOOP('',(#8854,#8855,#8861,#8862));
#8854 = ORIENTED_EDGE('',*,*,#8818,.T.);
#8855 = ORIENTED_EDGE('',*,*,#8856,.T.);
#8856 = EDGE_CURVE('',#8819,#8839,#8857,.T.);
#8857 = LINE('',#8858,#8859);
#8858 = CARTESIAN_POINT('',(12.,-3.4,-4.6E-02));
#8859 = VECTOR('',#8860,1.);
#8860 = DIRECTION('',(0.,0.,1.));
#8861 = ORIENTED_EDGE('',*,*,#8838,.F.);
#8862 = ORIENTED_EDGE('',*,*,#8856,.F.);
#8863 = CYLINDRICAL_SURFACE('',#8864,0.4);
#8864 = AXIS2_PLACEMENT_3D('',#8865,#8866,#8867);
#8865 = CARTESIAN_POINT('',(12.,-3.,-4.6E-02));
#8866 = DIRECTION('',(-0.,-0.,-1.));
#8867 = DIRECTION('',(-0.,-1.,0.));
#8868 = MANIFOLD_SOLID_BREP('',#8869);
#8869 = CLOSED_SHELL('',(#8870,#8912,#8943,#8976,#9007,#9040,#9071,#9104
    ,#9126,#9142));
#8870 = ADVANCED_FACE('',(#8871),#8907,.T.);
#8871 = FACE_BOUND('',#8872,.T.);
#8872 = EDGE_LOOP('',(#8873,#8883,#8892,#8900));
#8873 = ORIENTED_EDGE('',*,*,#8874,.T.);
#8874 = EDGE_CURVE('',#8875,#8877,#8879,.T.);
#8875 = VERTEX_POINT('',#8876);
#8876 = CARTESIAN_POINT('',(5.316,-35.335,1.51));
#8877 = VERTEX_POINT('',#8878);
#8878 = CARTESIAN_POINT('',(5.316,-35.335,1.55));
#8879 = LINE('',#8880,#8881);
#8880 = CARTESIAN_POINT('',(5.316,-35.335,1.51));
#8881 = VECTOR('',#8882,1.);
#8882 = DIRECTION('',(0.,0.,1.));
#8883 = ORIENTED_EDGE('',*,*,#8884,.T.);
#8884 = EDGE_CURVE('',#8877,#8885,#8887,.T.);
#8885 = VERTEX_POINT('',#8886);
#8886 = CARTESIAN_POINT('',(5.566,-35.085,1.55));
#8887 = CIRCLE('',#8888,0.249998959685);
#8888 = AXIS2_PLACEMENT_3D('',#8889,#8890,#8891);
#8889 = CARTESIAN_POINT('',(5.565998959683,-35.33499895968,1.55));
#8890 = DIRECTION('',(0.,0.,-1.));
#8891 = DIRECTION('',(-0.999999999991,-4.161285837066E-06,-0.));
#8892 = ORIENTED_EDGE('',*,*,#8893,.F.);
#8893 = EDGE_CURVE('',#8894,#8885,#8896,.T.);
#8894 = VERTEX_POINT('',#8895);
#8895 = CARTESIAN_POINT('',(5.566,-35.085,1.51));
#8896 = LINE('',#8897,#8898);
#8897 = CARTESIAN_POINT('',(5.566,-35.085,1.51));
#8898 = VECTOR('',#8899,1.);
#8899 = DIRECTION('',(0.,0.,1.));
#8900 = ORIENTED_EDGE('',*,*,#8901,.F.);
#8901 = EDGE_CURVE('',#8875,#8894,#8902,.T.);
#8902 = CIRCLE('',#8903,0.249998959685);
#8903 = AXIS2_PLACEMENT_3D('',#8904,#8905,#8906);
#8904 = CARTESIAN_POINT('',(5.565998959683,-35.33499895968,1.51));
#8905 = DIRECTION('',(0.,0.,-1.));
#8906 = DIRECTION('',(-0.999999999991,-4.161285837066E-06,-0.));
#8907 = CYLINDRICAL_SURFACE('',#8908,0.249998959685);
#8908 = AXIS2_PLACEMENT_3D('',#8909,#8910,#8911);
#8909 = CARTESIAN_POINT('',(5.565998959683,-35.33499895968,1.51));
#8910 = DIRECTION('',(0.,0.,-1.));
#8911 = DIRECTION('',(-0.999999999991,-4.161285837066E-06,-0.));
#8912 = ADVANCED_FACE('',(#8913),#8938,.T.);
#8913 = FACE_BOUND('',#8914,.T.);
#8914 = EDGE_LOOP('',(#8915,#8916,#8924,#8932));
#8915 = ORIENTED_EDGE('',*,*,#8893,.T.);
#8916 = ORIENTED_EDGE('',*,*,#8917,.T.);
#8917 = EDGE_CURVE('',#8885,#8918,#8920,.T.);
#8918 = VERTEX_POINT('',#8919);
#8919 = CARTESIAN_POINT('',(7.656,-35.085,1.55));
#8920 = LINE('',#8921,#8922);
#8921 = CARTESIAN_POINT('',(5.566,-35.085,1.55));
#8922 = VECTOR('',#8923,1.);
#8923 = DIRECTION('',(1.,0.,0.));
#8924 = ORIENTED_EDGE('',*,*,#8925,.F.);
#8925 = EDGE_CURVE('',#8926,#8918,#8928,.T.);
#8926 = VERTEX_POINT('',#8927);
#8927 = CARTESIAN_POINT('',(7.656,-35.085,1.51));
#8928 = LINE('',#8929,#8930);
#8929 = CARTESIAN_POINT('',(7.656,-35.085,1.51));
#8930 = VECTOR('',#8931,1.);
#8931 = DIRECTION('',(0.,0.,1.));
#8932 = ORIENTED_EDGE('',*,*,#8933,.F.);
#8933 = EDGE_CURVE('',#8894,#8926,#8934,.T.);
#8934 = LINE('',#8935,#8936);
#8935 = CARTESIAN_POINT('',(5.566,-35.085,1.51));
#8936 = VECTOR('',#8937,1.);
#8937 = DIRECTION('',(1.,0.,0.));
#8938 = PLANE('',#8939);
#8939 = AXIS2_PLACEMENT_3D('',#8940,#8941,#8942);
#8940 = CARTESIAN_POINT('',(5.566,-35.085,1.51));
#8941 = DIRECTION('',(0.,1.,0.));
#8942 = DIRECTION('',(1.,0.,0.));
#8943 = ADVANCED_FACE('',(#8944),#8971,.T.);
#8944 = FACE_BOUND('',#8945,.T.);
#8945 = EDGE_LOOP('',(#8946,#8947,#8956,#8964));
#8946 = ORIENTED_EDGE('',*,*,#8925,.T.);
#8947 = ORIENTED_EDGE('',*,*,#8948,.T.);
#8948 = EDGE_CURVE('',#8918,#8949,#8951,.T.);
#8949 = VERTEX_POINT('',#8950);
#8950 = CARTESIAN_POINT('',(7.906,-35.335,1.55));
#8951 = CIRCLE('',#8952,0.249998959685);
#8952 = AXIS2_PLACEMENT_3D('',#8953,#8954,#8955);
#8953 = CARTESIAN_POINT('',(7.656001040317,-35.33499895968,1.55));
#8954 = DIRECTION('',(0.,0.,-1.));
#8955 = DIRECTION('',(-4.161285844172E-06,0.999999999991,0.));
#8956 = ORIENTED_EDGE('',*,*,#8957,.F.);
#8957 = EDGE_CURVE('',#8958,#8949,#8960,.T.);
#8958 = VERTEX_POINT('',#8959);
#8959 = CARTESIAN_POINT('',(7.906,-35.335,1.51));
#8960 = LINE('',#8961,#8962);
#8961 = CARTESIAN_POINT('',(7.906,-35.335,1.51));
#8962 = VECTOR('',#8963,1.);
#8963 = DIRECTION('',(0.,0.,1.));
#8964 = ORIENTED_EDGE('',*,*,#8965,.F.);
#8965 = EDGE_CURVE('',#8926,#8958,#8966,.T.);
#8966 = CIRCLE('',#8967,0.249998959685);
#8967 = AXIS2_PLACEMENT_3D('',#8968,#8969,#8970);
#8968 = CARTESIAN_POINT('',(7.656001040317,-35.33499895968,1.51));
#8969 = DIRECTION('',(0.,0.,-1.));
#8970 = DIRECTION('',(-4.161285844172E-06,0.999999999991,0.));
#8971 = CYLINDRICAL_SURFACE('',#8972,0.249998959685);
#8972 = AXIS2_PLACEMENT_3D('',#8973,#8974,#8975);
#8973 = CARTESIAN_POINT('',(7.656001040317,-35.33499895968,1.51));
#8974 = DIRECTION('',(0.,0.,-1.));
#8975 = DIRECTION('',(-4.161285844172E-06,0.999999999991,0.));
#8976 = ADVANCED_FACE('',(#8977),#9002,.T.);
#8977 = FACE_BOUND('',#8978,.T.);
#8978 = EDGE_LOOP('',(#8979,#8980,#8988,#8996));
#8979 = ORIENTED_EDGE('',*,*,#8957,.T.);
#8980 = ORIENTED_EDGE('',*,*,#8981,.T.);
#8981 = EDGE_CURVE('',#8949,#8982,#8984,.T.);
#8982 = VERTEX_POINT('',#8983);
#8983 = CARTESIAN_POINT('',(7.906,-36.905,1.55));
#8984 = LINE('',#8985,#8986);
#8985 = CARTESIAN_POINT('',(7.906,-35.335,1.55));
#8986 = VECTOR('',#8987,1.);
#8987 = DIRECTION('',(0.,-1.,0.));
#8988 = ORIENTED_EDGE('',*,*,#8989,.F.);
#8989 = EDGE_CURVE('',#8990,#8982,#8992,.T.);
#8990 = VERTEX_POINT('',#8991);
#8991 = CARTESIAN_POINT('',(7.906,-36.905,1.51));
#8992 = LINE('',#8993,#8994);
#8993 = CARTESIAN_POINT('',(7.906,-36.905,1.51));
#8994 = VECTOR('',#8995,1.);
#8995 = DIRECTION('',(0.,0.,1.));
#8996 = ORIENTED_EDGE('',*,*,#8997,.F.);
#8997 = EDGE_CURVE('',#8958,#8990,#8998,.T.);
#8998 = LINE('',#8999,#9000);
#8999 = CARTESIAN_POINT('',(7.906,-35.335,1.51));
#9000 = VECTOR('',#9001,1.);
#9001 = DIRECTION('',(0.,-1.,0.));
#9002 = PLANE('',#9003);
#9003 = AXIS2_PLACEMENT_3D('',#9004,#9005,#9006);
#9004 = CARTESIAN_POINT('',(7.906,-35.335,1.51));
#9005 = DIRECTION('',(1.,0.,-0.));
#9006 = DIRECTION('',(0.,-1.,0.));
#9007 = ADVANCED_FACE('',(#9008),#9035,.T.);
#9008 = FACE_BOUND('',#9009,.T.);
#9009 = EDGE_LOOP('',(#9010,#9011,#9020,#9028));
#9010 = ORIENTED_EDGE('',*,*,#8989,.T.);
#9011 = ORIENTED_EDGE('',*,*,#9012,.T.);
#9012 = EDGE_CURVE('',#8982,#9013,#9015,.T.);
#9013 = VERTEX_POINT('',#9014);
#9014 = CARTESIAN_POINT('',(7.656,-37.155,1.55));
#9015 = CIRCLE('',#9016,0.249998959685);
#9016 = AXIS2_PLACEMENT_3D('',#9017,#9018,#9019);
#9017 = CARTESIAN_POINT('',(7.656001040317,-36.90500104031,1.55));
#9018 = DIRECTION('',(0.,0.,-1.));
#9019 = DIRECTION('',(0.999999999991,4.161285837066E-06,0.));
#9020 = ORIENTED_EDGE('',*,*,#9021,.F.);
#9021 = EDGE_CURVE('',#9022,#9013,#9024,.T.);
#9022 = VERTEX_POINT('',#9023);
#9023 = CARTESIAN_POINT('',(7.656,-37.155,1.51));
#9024 = LINE('',#9025,#9026);
#9025 = CARTESIAN_POINT('',(7.656,-37.155,1.51));
#9026 = VECTOR('',#9027,1.);
#9027 = DIRECTION('',(0.,0.,1.));
#9028 = ORIENTED_EDGE('',*,*,#9029,.F.);
#9029 = EDGE_CURVE('',#8990,#9022,#9030,.T.);
#9030 = CIRCLE('',#9031,0.249998959685);
#9031 = AXIS2_PLACEMENT_3D('',#9032,#9033,#9034);
#9032 = CARTESIAN_POINT('',(7.656001040317,-36.90500104031,1.51));
#9033 = DIRECTION('',(0.,0.,-1.));
#9034 = DIRECTION('',(0.999999999991,4.161285837066E-06,0.));
#9035 = CYLINDRICAL_SURFACE('',#9036,0.249998959685);
#9036 = AXIS2_PLACEMENT_3D('',#9037,#9038,#9039);
#9037 = CARTESIAN_POINT('',(7.656001040317,-36.90500104031,1.51));
#9038 = DIRECTION('',(0.,0.,-1.));
#9039 = DIRECTION('',(0.999999999991,4.161285837066E-06,0.));
#9040 = ADVANCED_FACE('',(#9041),#9066,.T.);
#9041 = FACE_BOUND('',#9042,.T.);
#9042 = EDGE_LOOP('',(#9043,#9044,#9052,#9060));
#9043 = ORIENTED_EDGE('',*,*,#9021,.T.);
#9044 = ORIENTED_EDGE('',*,*,#9045,.T.);
#9045 = EDGE_CURVE('',#9013,#9046,#9048,.T.);
#9046 = VERTEX_POINT('',#9047);
#9047 = CARTESIAN_POINT('',(5.566,-37.155,1.55));
#9048 = LINE('',#9049,#9050);
#9049 = CARTESIAN_POINT('',(7.656,-37.155,1.55));
#9050 = VECTOR('',#9051,1.);
#9051 = DIRECTION('',(-1.,0.,0.));
#9052 = ORIENTED_EDGE('',*,*,#9053,.F.);
#9053 = EDGE_CURVE('',#9054,#9046,#9056,.T.);
#9054 = VERTEX_POINT('',#9055);
#9055 = CARTESIAN_POINT('',(5.566,-37.155,1.51));
#9056 = LINE('',#9057,#9058);
#9057 = CARTESIAN_POINT('',(5.566,-37.155,1.51));
#9058 = VECTOR('',#9059,1.);
#9059 = DIRECTION('',(0.,0.,1.));
#9060 = ORIENTED_EDGE('',*,*,#9061,.F.);
#9061 = EDGE_CURVE('',#9022,#9054,#9062,.T.);
#9062 = LINE('',#9063,#9064);
#9063 = CARTESIAN_POINT('',(7.656,-37.155,1.51));
#9064 = VECTOR('',#9065,1.);
#9065 = DIRECTION('',(-1.,0.,0.));
#9066 = PLANE('',#9067);
#9067 = AXIS2_PLACEMENT_3D('',#9068,#9069,#9070);
#9068 = CARTESIAN_POINT('',(7.656,-37.155,1.51));
#9069 = DIRECTION('',(0.,-1.,0.));
#9070 = DIRECTION('',(-1.,0.,0.));
#9071 = ADVANCED_FACE('',(#9072),#9099,.T.);
#9072 = FACE_BOUND('',#9073,.T.);
#9073 = EDGE_LOOP('',(#9074,#9075,#9084,#9092));
#9074 = ORIENTED_EDGE('',*,*,#9053,.T.);
#9075 = ORIENTED_EDGE('',*,*,#9076,.T.);
#9076 = EDGE_CURVE('',#9046,#9077,#9079,.T.);
#9077 = VERTEX_POINT('',#9078);
#9078 = CARTESIAN_POINT('',(5.316,-36.905,1.55));
#9079 = CIRCLE('',#9080,0.249998959685);
#9080 = AXIS2_PLACEMENT_3D('',#9081,#9082,#9083);
#9081 = CARTESIAN_POINT('',(5.565998959683,-36.90500104031,1.55));
#9082 = DIRECTION('',(0.,0.,-1.));
#9083 = DIRECTION('',(4.161285837066E-06,-0.999999999991,0.));
#9084 = ORIENTED_EDGE('',*,*,#9085,.F.);
#9085 = EDGE_CURVE('',#9086,#9077,#9088,.T.);
#9086 = VERTEX_POINT('',#9087);
#9087 = CARTESIAN_POINT('',(5.316,-36.905,1.51));
#9088 = LINE('',#9089,#9090);
#9089 = CARTESIAN_POINT('',(5.316,-36.905,1.51));
#9090 = VECTOR('',#9091,1.);
#9091 = DIRECTION('',(0.,0.,1.));
#9092 = ORIENTED_EDGE('',*,*,#9093,.F.);
#9093 = EDGE_CURVE('',#9054,#9086,#9094,.T.);
#9094 = CIRCLE('',#9095,0.249998959685);
#9095 = AXIS2_PLACEMENT_3D('',#9096,#9097,#9098);
#9096 = CARTESIAN_POINT('',(5.565998959683,-36.90500104031,1.51));
#9097 = DIRECTION('',(0.,0.,-1.));
#9098 = DIRECTION('',(4.161285837066E-06,-0.999999999991,0.));
#9099 = CYLINDRICAL_SURFACE('',#9100,0.249998959685);
#9100 = AXIS2_PLACEMENT_3D('',#9101,#9102,#9103);
#9101 = CARTESIAN_POINT('',(5.565998959683,-36.90500104031,1.51));
#9102 = DIRECTION('',(0.,0.,-1.));
#9103 = DIRECTION('',(4.161285837066E-06,-0.999999999991,0.));
#9104 = ADVANCED_FACE('',(#9105),#9121,.T.);
#9105 = FACE_BOUND('',#9106,.T.);
#9106 = EDGE_LOOP('',(#9107,#9108,#9114,#9115));
#9107 = ORIENTED_EDGE('',*,*,#9085,.T.);
#9108 = ORIENTED_EDGE('',*,*,#9109,.T.);
#9109 = EDGE_CURVE('',#9077,#8877,#9110,.T.);
#9110 = LINE('',#9111,#9112);
#9111 = CARTESIAN_POINT('',(5.316,-36.905,1.55));
#9112 = VECTOR('',#9113,1.);
#9113 = DIRECTION('',(0.,1.,0.));
#9114 = ORIENTED_EDGE('',*,*,#8874,.F.);
#9115 = ORIENTED_EDGE('',*,*,#9116,.F.);
#9116 = EDGE_CURVE('',#9086,#8875,#9117,.T.);
#9117 = LINE('',#9118,#9119);
#9118 = CARTESIAN_POINT('',(5.316,-36.905,1.51));
#9119 = VECTOR('',#9120,1.);
#9120 = DIRECTION('',(0.,1.,0.));
#9121 = PLANE('',#9122);
#9122 = AXIS2_PLACEMENT_3D('',#9123,#9124,#9125);
#9123 = CARTESIAN_POINT('',(5.316,-36.905,1.51));
#9124 = DIRECTION('',(-1.,0.,0.));
#9125 = DIRECTION('',(0.,1.,0.));
#9126 = ADVANCED_FACE('',(#9127),#9137,.F.);
#9127 = FACE_BOUND('',#9128,.T.);
#9128 = EDGE_LOOP('',(#9129,#9130,#9131,#9132,#9133,#9134,#9135,#9136));
#9129 = ORIENTED_EDGE('',*,*,#8901,.T.);
#9130 = ORIENTED_EDGE('',*,*,#8933,.T.);
#9131 = ORIENTED_EDGE('',*,*,#8965,.T.);
#9132 = ORIENTED_EDGE('',*,*,#8997,.T.);
#9133 = ORIENTED_EDGE('',*,*,#9029,.T.);
#9134 = ORIENTED_EDGE('',*,*,#9061,.T.);
#9135 = ORIENTED_EDGE('',*,*,#9093,.T.);
#9136 = ORIENTED_EDGE('',*,*,#9116,.T.);
#9137 = PLANE('',#9138);
#9138 = AXIS2_PLACEMENT_3D('',#9139,#9140,#9141);
#9139 = CARTESIAN_POINT('',(0.,0.,1.51));
#9140 = DIRECTION('',(0.,0.,1.));
#9141 = DIRECTION('',(1.,0.,-0.));
#9142 = ADVANCED_FACE('',(#9143),#9153,.T.);
#9143 = FACE_BOUND('',#9144,.F.);
#9144 = EDGE_LOOP('',(#9145,#9146,#9147,#9148,#9149,#9150,#9151,#9152));
#9145 = ORIENTED_EDGE('',*,*,#8884,.T.);
#9146 = ORIENTED_EDGE('',*,*,#8917,.T.);
#9147 = ORIENTED_EDGE('',*,*,#8948,.T.);
#9148 = ORIENTED_EDGE('',*,*,#8981,.T.);
#9149 = ORIENTED_EDGE('',*,*,#9012,.T.);
#9150 = ORIENTED_EDGE('',*,*,#9045,.T.);
#9151 = ORIENTED_EDGE('',*,*,#9076,.T.);
#9152 = ORIENTED_EDGE('',*,*,#9109,.T.);
#9153 = PLANE('',#9154);
#9154 = AXIS2_PLACEMENT_3D('',#9155,#9156,#9157);
#9155 = CARTESIAN_POINT('',(0.,0.,1.55));
#9156 = DIRECTION('',(0.,0.,1.));
#9157 = DIRECTION('',(1.,0.,-0.));
#9158 = MANIFOLD_SOLID_BREP('',#9159);
#9159 = CLOSED_SHELL('',(#9160,#9202,#9233,#9266,#9297,#9330,#9361,#9394
    ,#9416,#9432));
#9160 = ADVANCED_FACE('',(#9161),#9197,.T.);
#9161 = FACE_BOUND('',#9162,.T.);
#9162 = EDGE_LOOP('',(#9163,#9173,#9182,#9190));
#9163 = ORIENTED_EDGE('',*,*,#9164,.T.);
#9164 = EDGE_CURVE('',#9165,#9167,#9169,.T.);
#9165 = VERTEX_POINT('',#9166);
#9166 = CARTESIAN_POINT('',(20.34,-19.682,1.51));
#9167 = VERTEX_POINT('',#9168);
#9168 = CARTESIAN_POINT('',(20.34,-19.682,1.55));
#9169 = LINE('',#9170,#9171);
#9170 = CARTESIAN_POINT('',(20.34,-19.682,1.51));
#9171 = VECTOR('',#9172,1.);
#9172 = DIRECTION('',(0.,0.,1.));
#9173 = ORIENTED_EDGE('',*,*,#9174,.T.);
#9174 = EDGE_CURVE('',#9167,#9175,#9177,.T.);
#9175 = VERTEX_POINT('',#9176);
#9176 = CARTESIAN_POINT('',(24.658,-15.364,1.55));
#9177 = CIRCLE('',#9178,4.318000137376);
#9178 = AXIS2_PLACEMENT_3D('',#9179,#9180,#9181);
#9179 = CARTESIAN_POINT('',(24.658000137376,-19.68200013737,1.55));
#9180 = DIRECTION('',(0.,0.,-1.));
#9181 = DIRECTION('',(-1.,3.181472769944E-08,0.));
#9182 = ORIENTED_EDGE('',*,*,#9183,.F.);
#9183 = EDGE_CURVE('',#9184,#9175,#9186,.T.);
#9184 = VERTEX_POINT('',#9185);
#9185 = CARTESIAN_POINT('',(24.658,-15.364,1.51));
#9186 = LINE('',#9187,#9188);
#9187 = CARTESIAN_POINT('',(24.658,-15.364,1.51));
#9188 = VECTOR('',#9189,1.);
#9189 = DIRECTION('',(0.,0.,1.));
#9190 = ORIENTED_EDGE('',*,*,#9191,.F.);
#9191 = EDGE_CURVE('',#9165,#9184,#9192,.T.);
#9192 = CIRCLE('',#9193,4.318000137376);
#9193 = AXIS2_PLACEMENT_3D('',#9194,#9195,#9196);
#9194 = CARTESIAN_POINT('',(24.658000137376,-19.68200013737,1.51));
#9195 = DIRECTION('',(0.,0.,-1.));
#9196 = DIRECTION('',(-1.,3.181472769944E-08,0.));
#9197 = CYLINDRICAL_SURFACE('',#9198,4.318000137376);
#9198 = AXIS2_PLACEMENT_3D('',#9199,#9200,#9201);
#9199 = CARTESIAN_POINT('',(24.658000137376,-19.68200013737,1.51));
#9200 = DIRECTION('',(0.,0.,-1.));
#9201 = DIRECTION('',(-1.,3.181472769944E-08,0.));
#9202 = ADVANCED_FACE('',(#9203),#9228,.T.);
#9203 = FACE_BOUND('',#9204,.T.);
#9204 = EDGE_LOOP('',(#9205,#9206,#9214,#9222));
#9205 = ORIENTED_EDGE('',*,*,#9183,.T.);
#9206 = ORIENTED_EDGE('',*,*,#9207,.T.);
#9207 = EDGE_CURVE('',#9175,#9208,#9210,.T.);
#9208 = VERTEX_POINT('',#9209);
#9209 = CARTESIAN_POINT('',(34.564,-15.364,1.55));
#9210 = LINE('',#9211,#9212);
#9211 = CARTESIAN_POINT('',(24.658,-15.364,1.55));
#9212 = VECTOR('',#9213,1.);
#9213 = DIRECTION('',(1.,0.,0.));
#9214 = ORIENTED_EDGE('',*,*,#9215,.F.);
#9215 = EDGE_CURVE('',#9216,#9208,#9218,.T.);
#9216 = VERTEX_POINT('',#9217);
#9217 = CARTESIAN_POINT('',(34.564,-15.364,1.51));
#9218 = LINE('',#9219,#9220);
#9219 = CARTESIAN_POINT('',(34.564,-15.364,1.51));
#9220 = VECTOR('',#9221,1.);
#9221 = DIRECTION('',(0.,0.,1.));
#9222 = ORIENTED_EDGE('',*,*,#9223,.F.);
#9223 = EDGE_CURVE('',#9184,#9216,#9224,.T.);
#9224 = LINE('',#9225,#9226);
#9225 = CARTESIAN_POINT('',(24.658,-15.364,1.51));
#9226 = VECTOR('',#9227,1.);
#9227 = DIRECTION('',(1.,0.,0.));
#9228 = PLANE('',#9229);
#9229 = AXIS2_PLACEMENT_3D('',#9230,#9231,#9232);
#9230 = CARTESIAN_POINT('',(24.658,-15.364,1.51));
#9231 = DIRECTION('',(0.,1.,0.));
#9232 = DIRECTION('',(1.,0.,0.));
#9233 = ADVANCED_FACE('',(#9234),#9261,.T.);
#9234 = FACE_BOUND('',#9235,.T.);
#9235 = EDGE_LOOP('',(#9236,#9237,#9246,#9254));
#9236 = ORIENTED_EDGE('',*,*,#9215,.T.);
#9237 = ORIENTED_EDGE('',*,*,#9238,.T.);
#9238 = EDGE_CURVE('',#9208,#9239,#9241,.T.);
#9239 = VERTEX_POINT('',#9240);
#9240 = CARTESIAN_POINT('',(38.882,-19.682,1.55));
#9241 = CIRCLE('',#9242,4.318000137376);
#9242 = AXIS2_PLACEMENT_3D('',#9243,#9244,#9245);
#9243 = CARTESIAN_POINT('',(34.563999862624,-19.68200013737,1.55));
#9244 = DIRECTION('',(0.,0.,-1.));
#9245 = DIRECTION('',(3.181472769944E-08,1.,0.));
#9246 = ORIENTED_EDGE('',*,*,#9247,.F.);
#9247 = EDGE_CURVE('',#9248,#9239,#9250,.T.);
#9248 = VERTEX_POINT('',#9249);
#9249 = CARTESIAN_POINT('',(38.882,-19.682,1.51));
#9250 = LINE('',#9251,#9252);
#9251 = CARTESIAN_POINT('',(38.882,-19.682,1.51));
#9252 = VECTOR('',#9253,1.);
#9253 = DIRECTION('',(0.,0.,1.));
#9254 = ORIENTED_EDGE('',*,*,#9255,.F.);
#9255 = EDGE_CURVE('',#9216,#9248,#9256,.T.);
#9256 = CIRCLE('',#9257,4.318000137376);
#9257 = AXIS2_PLACEMENT_3D('',#9258,#9259,#9260);
#9258 = CARTESIAN_POINT('',(34.563999862624,-19.68200013737,1.51));
#9259 = DIRECTION('',(0.,0.,-1.));
#9260 = DIRECTION('',(3.181472769944E-08,1.,0.));
#9261 = CYLINDRICAL_SURFACE('',#9262,4.318000137376);
#9262 = AXIS2_PLACEMENT_3D('',#9263,#9264,#9265);
#9263 = CARTESIAN_POINT('',(34.563999862624,-19.68200013737,1.51));
#9264 = DIRECTION('',(0.,0.,-1.));
#9265 = DIRECTION('',(3.181472769944E-08,1.,0.));
#9266 = ADVANCED_FACE('',(#9267),#9292,.T.);
#9267 = FACE_BOUND('',#9268,.T.);
#9268 = EDGE_LOOP('',(#9269,#9270,#9278,#9286));
#9269 = ORIENTED_EDGE('',*,*,#9247,.T.);
#9270 = ORIENTED_EDGE('',*,*,#9271,.T.);
#9271 = EDGE_CURVE('',#9239,#9272,#9274,.T.);
#9272 = VERTEX_POINT('',#9273);
#9273 = CARTESIAN_POINT('',(38.882,-28.318,1.55));
#9274 = LINE('',#9275,#9276);
#9275 = CARTESIAN_POINT('',(38.882,-19.682,1.55));
#9276 = VECTOR('',#9277,1.);
#9277 = DIRECTION('',(0.,-1.,0.));
#9278 = ORIENTED_EDGE('',*,*,#9279,.F.);
#9279 = EDGE_CURVE('',#9280,#9272,#9282,.T.);
#9280 = VERTEX_POINT('',#9281);
#9281 = CARTESIAN_POINT('',(38.882,-28.318,1.51));
#9282 = LINE('',#9283,#9284);
#9283 = CARTESIAN_POINT('',(38.882,-28.318,1.51));
#9284 = VECTOR('',#9285,1.);
#9285 = DIRECTION('',(0.,0.,1.));
#9286 = ORIENTED_EDGE('',*,*,#9287,.F.);
#9287 = EDGE_CURVE('',#9248,#9280,#9288,.T.);
#9288 = LINE('',#9289,#9290);
#9289 = CARTESIAN_POINT('',(38.882,-19.682,1.51));
#9290 = VECTOR('',#9291,1.);
#9291 = DIRECTION('',(0.,-1.,0.));
#9292 = PLANE('',#9293);
#9293 = AXIS2_PLACEMENT_3D('',#9294,#9295,#9296);
#9294 = CARTESIAN_POINT('',(38.882,-19.682,1.51));
#9295 = DIRECTION('',(1.,0.,-0.));
#9296 = DIRECTION('',(0.,-1.,0.));
#9297 = ADVANCED_FACE('',(#9298),#9325,.T.);
#9298 = FACE_BOUND('',#9299,.T.);
#9299 = EDGE_LOOP('',(#9300,#9301,#9310,#9318));
#9300 = ORIENTED_EDGE('',*,*,#9279,.T.);
#9301 = ORIENTED_EDGE('',*,*,#9302,.T.);
#9302 = EDGE_CURVE('',#9272,#9303,#9305,.T.);
#9303 = VERTEX_POINT('',#9304);
#9304 = CARTESIAN_POINT('',(34.564,-32.636,1.55));
#9305 = CIRCLE('',#9306,4.318000137376);
#9306 = AXIS2_PLACEMENT_3D('',#9307,#9308,#9309);
#9307 = CARTESIAN_POINT('',(34.563999862624,-28.31799986262,1.55));
#9308 = DIRECTION('',(0.,0.,-1.));
#9309 = DIRECTION('',(1.,-3.181472852221E-08,0.));
#9310 = ORIENTED_EDGE('',*,*,#9311,.F.);
#9311 = EDGE_CURVE('',#9312,#9303,#9314,.T.);
#9312 = VERTEX_POINT('',#9313);
#9313 = CARTESIAN_POINT('',(34.564,-32.636,1.51));
#9314 = LINE('',#9315,#9316);
#9315 = CARTESIAN_POINT('',(34.564,-32.636,1.51));
#9316 = VECTOR('',#9317,1.);
#9317 = DIRECTION('',(0.,0.,1.));
#9318 = ORIENTED_EDGE('',*,*,#9319,.F.);
#9319 = EDGE_CURVE('',#9280,#9312,#9320,.T.);
#9320 = CIRCLE('',#9321,4.318000137376);
#9321 = AXIS2_PLACEMENT_3D('',#9322,#9323,#9324);
#9322 = CARTESIAN_POINT('',(34.563999862624,-28.31799986262,1.51));
#9323 = DIRECTION('',(0.,0.,-1.));
#9324 = DIRECTION('',(1.,-3.181472852221E-08,0.));
#9325 = CYLINDRICAL_SURFACE('',#9326,4.318000137376);
#9326 = AXIS2_PLACEMENT_3D('',#9327,#9328,#9329);
#9327 = CARTESIAN_POINT('',(34.563999862624,-28.31799986262,1.51));
#9328 = DIRECTION('',(0.,0.,-1.));
#9329 = DIRECTION('',(1.,-3.181472852221E-08,0.));
#9330 = ADVANCED_FACE('',(#9331),#9356,.T.);
#9331 = FACE_BOUND('',#9332,.T.);
#9332 = EDGE_LOOP('',(#9333,#9334,#9342,#9350));
#9333 = ORIENTED_EDGE('',*,*,#9311,.T.);
#9334 = ORIENTED_EDGE('',*,*,#9335,.T.);
#9335 = EDGE_CURVE('',#9303,#9336,#9338,.T.);
#9336 = VERTEX_POINT('',#9337);
#9337 = CARTESIAN_POINT('',(24.658,-32.636,1.55));
#9338 = LINE('',#9339,#9340);
#9339 = CARTESIAN_POINT('',(34.564,-32.636,1.55));
#9340 = VECTOR('',#9341,1.);
#9341 = DIRECTION('',(-1.,0.,0.));
#9342 = ORIENTED_EDGE('',*,*,#9343,.F.);
#9343 = EDGE_CURVE('',#9344,#9336,#9346,.T.);
#9344 = VERTEX_POINT('',#9345);
#9345 = CARTESIAN_POINT('',(24.658,-32.636,1.51));
#9346 = LINE('',#9347,#9348);
#9347 = CARTESIAN_POINT('',(24.658,-32.636,1.51));
#9348 = VECTOR('',#9349,1.);
#9349 = DIRECTION('',(0.,0.,1.));
#9350 = ORIENTED_EDGE('',*,*,#9351,.F.);
#9351 = EDGE_CURVE('',#9312,#9344,#9352,.T.);
#9352 = LINE('',#9353,#9354);
#9353 = CARTESIAN_POINT('',(34.564,-32.636,1.51));
#9354 = VECTOR('',#9355,1.);
#9355 = DIRECTION('',(-1.,0.,0.));
#9356 = PLANE('',#9357);
#9357 = AXIS2_PLACEMENT_3D('',#9358,#9359,#9360);
#9358 = CARTESIAN_POINT('',(34.564,-32.636,1.51));
#9359 = DIRECTION('',(0.,-1.,0.));
#9360 = DIRECTION('',(-1.,0.,0.));
#9361 = ADVANCED_FACE('',(#9362),#9389,.T.);
#9362 = FACE_BOUND('',#9363,.T.);
#9363 = EDGE_LOOP('',(#9364,#9365,#9374,#9382));
#9364 = ORIENTED_EDGE('',*,*,#9343,.T.);
#9365 = ORIENTED_EDGE('',*,*,#9366,.T.);
#9366 = EDGE_CURVE('',#9336,#9367,#9369,.T.);
#9367 = VERTEX_POINT('',#9368);
#9368 = CARTESIAN_POINT('',(20.34,-28.318,1.55));
#9369 = CIRCLE('',#9370,4.318000137376);
#9370 = AXIS2_PLACEMENT_3D('',#9371,#9372,#9373);
#9371 = CARTESIAN_POINT('',(24.658000137376,-28.31799986262,1.55));
#9372 = DIRECTION('',(0.,0.,-1.));
#9373 = DIRECTION('',(-3.181472769944E-08,-1.,-0.));
#9374 = ORIENTED_EDGE('',*,*,#9375,.F.);
#9375 = EDGE_CURVE('',#9376,#9367,#9378,.T.);
#9376 = VERTEX_POINT('',#9377);
#9377 = CARTESIAN_POINT('',(20.34,-28.318,1.51));
#9378 = LINE('',#9379,#9380);
#9379 = CARTESIAN_POINT('',(20.34,-28.318,1.51));
#9380 = VECTOR('',#9381,1.);
#9381 = DIRECTION('',(0.,0.,1.));
#9382 = ORIENTED_EDGE('',*,*,#9383,.F.);
#9383 = EDGE_CURVE('',#9344,#9376,#9384,.T.);
#9384 = CIRCLE('',#9385,4.318000137376);
#9385 = AXIS2_PLACEMENT_3D('',#9386,#9387,#9388);
#9386 = CARTESIAN_POINT('',(24.658000137376,-28.31799986262,1.51));
#9387 = DIRECTION('',(0.,0.,-1.));
#9388 = DIRECTION('',(-3.181472769944E-08,-1.,-0.));
#9389 = CYLINDRICAL_SURFACE('',#9390,4.318000137376);
#9390 = AXIS2_PLACEMENT_3D('',#9391,#9392,#9393);
#9391 = CARTESIAN_POINT('',(24.658000137376,-28.31799986262,1.51));
#9392 = DIRECTION('',(0.,0.,-1.));
#9393 = DIRECTION('',(-3.181472769944E-08,-1.,-0.));
#9394 = ADVANCED_FACE('',(#9395),#9411,.T.);
#9395 = FACE_BOUND('',#9396,.T.);
#9396 = EDGE_LOOP('',(#9397,#9398,#9404,#9405));
#9397 = ORIENTED_EDGE('',*,*,#9375,.T.);
#9398 = ORIENTED_EDGE('',*,*,#9399,.T.);
#9399 = EDGE_CURVE('',#9367,#9167,#9400,.T.);
#9400 = LINE('',#9401,#9402);
#9401 = CARTESIAN_POINT('',(20.34,-28.318,1.55));
#9402 = VECTOR('',#9403,1.);
#9403 = DIRECTION('',(0.,1.,0.));
#9404 = ORIENTED_EDGE('',*,*,#9164,.F.);
#9405 = ORIENTED_EDGE('',*,*,#9406,.F.);
#9406 = EDGE_CURVE('',#9376,#9165,#9407,.T.);
#9407 = LINE('',#9408,#9409);
#9408 = CARTESIAN_POINT('',(20.34,-28.318,1.51));
#9409 = VECTOR('',#9410,1.);
#9410 = DIRECTION('',(0.,1.,0.));
#9411 = PLANE('',#9412);
#9412 = AXIS2_PLACEMENT_3D('',#9413,#9414,#9415);
#9413 = CARTESIAN_POINT('',(20.34,-28.318,1.51));
#9414 = DIRECTION('',(-1.,0.,0.));
#9415 = DIRECTION('',(0.,1.,0.));
#9416 = ADVANCED_FACE('',(#9417),#9427,.F.);
#9417 = FACE_BOUND('',#9418,.T.);
#9418 = EDGE_LOOP('',(#9419,#9420,#9421,#9422,#9423,#9424,#9425,#9426));
#9419 = ORIENTED_EDGE('',*,*,#9191,.T.);
#9420 = ORIENTED_EDGE('',*,*,#9223,.T.);
#9421 = ORIENTED_EDGE('',*,*,#9255,.T.);
#9422 = ORIENTED_EDGE('',*,*,#9287,.T.);
#9423 = ORIENTED_EDGE('',*,*,#9319,.T.);
#9424 = ORIENTED_EDGE('',*,*,#9351,.T.);
#9425 = ORIENTED_EDGE('',*,*,#9383,.T.);
#9426 = ORIENTED_EDGE('',*,*,#9406,.T.);
#9427 = PLANE('',#9428);
#9428 = AXIS2_PLACEMENT_3D('',#9429,#9430,#9431);
#9429 = CARTESIAN_POINT('',(0.,0.,1.51));
#9430 = DIRECTION('',(0.,0.,1.));
#9431 = DIRECTION('',(1.,0.,-0.));
#9432 = ADVANCED_FACE('',(#9433),#9443,.T.);
#9433 = FACE_BOUND('',#9434,.F.);
#9434 = EDGE_LOOP('',(#9435,#9436,#9437,#9438,#9439,#9440,#9441,#9442));
#9435 = ORIENTED_EDGE('',*,*,#9174,.T.);
#9436 = ORIENTED_EDGE('',*,*,#9207,.T.);
#9437 = ORIENTED_EDGE('',*,*,#9238,.T.);
#9438 = ORIENTED_EDGE('',*,*,#9271,.T.);
#9439 = ORIENTED_EDGE('',*,*,#9302,.T.);
#9440 = ORIENTED_EDGE('',*,*,#9335,.T.);
#9441 = ORIENTED_EDGE('',*,*,#9366,.T.);
#9442 = ORIENTED_EDGE('',*,*,#9399,.T.);
#9443 = PLANE('',#9444);
#9444 = AXIS2_PLACEMENT_3D('',#9445,#9446,#9447);
#9445 = CARTESIAN_POINT('',(0.,0.,1.55));
#9446 = DIRECTION('',(0.,0.,1.));
#9447 = DIRECTION('',(1.,0.,-0.));
#9448 = MANIFOLD_SOLID_BREP('',#9449);
#9449 = CLOSED_SHELL('',(#9450,#9483,#9503,#9523));
#9450 = ADVANCED_FACE('',(#9451),#9478,.T.);
#9451 = FACE_BOUND('',#9452,.F.);
#9452 = EDGE_LOOP('',(#9453,#9463,#9470,#9471));
#9453 = ORIENTED_EDGE('',*,*,#9454,.T.);
#9454 = EDGE_CURVE('',#9455,#9457,#9459,.T.);
#9455 = VERTEX_POINT('',#9456);
#9456 = CARTESIAN_POINT('',(43.75,-4.5,1.51));
#9457 = VERTEX_POINT('',#9458);
#9458 = CARTESIAN_POINT('',(43.75,-4.5,1.55));
#9459 = LINE('',#9460,#9461);
#9460 = CARTESIAN_POINT('',(43.75,-4.5,1.51));
#9461 = VECTOR('',#9462,1.);
#9462 = DIRECTION('',(0.,0.,1.));
#9463 = ORIENTED_EDGE('',*,*,#9464,.T.);
#9464 = EDGE_CURVE('',#9457,#9457,#9465,.T.);
#9465 = CIRCLE('',#9466,2.25);
#9466 = AXIS2_PLACEMENT_3D('',#9467,#9468,#9469);
#9467 = CARTESIAN_POINT('',(41.5,-4.5,1.55));
#9468 = DIRECTION('',(0.,0.,1.));
#9469 = DIRECTION('',(1.,0.,-0.));
#9470 = ORIENTED_EDGE('',*,*,#9454,.F.);
#9471 = ORIENTED_EDGE('',*,*,#9472,.F.);
#9472 = EDGE_CURVE('',#9455,#9455,#9473,.T.);
#9473 = CIRCLE('',#9474,2.25);
#9474 = AXIS2_PLACEMENT_3D('',#9475,#9476,#9477);
#9475 = CARTESIAN_POINT('',(41.5,-4.5,1.51));
#9476 = DIRECTION('',(0.,0.,1.));
#9477 = DIRECTION('',(1.,0.,-0.));
#9478 = CYLINDRICAL_SURFACE('',#9479,2.25);
#9479 = AXIS2_PLACEMENT_3D('',#9480,#9481,#9482);
#9480 = CARTESIAN_POINT('',(41.5,-4.5,1.51));
#9481 = DIRECTION('',(-0.,-0.,-1.));
#9482 = DIRECTION('',(1.,0.,-0.));
#9483 = ADVANCED_FACE('',(#9484,#9487),#9498,.F.);
#9484 = FACE_BOUND('',#9485,.F.);
#9485 = EDGE_LOOP('',(#9486));
#9486 = ORIENTED_EDGE('',*,*,#9472,.T.);
#9487 = FACE_BOUND('',#9488,.F.);
#9488 = EDGE_LOOP('',(#9489));
#9489 = ORIENTED_EDGE('',*,*,#9490,.T.);
#9490 = EDGE_CURVE('',#9491,#9491,#9493,.T.);
#9491 = VERTEX_POINT('',#9492);
#9492 = CARTESIAN_POINT('',(41.5,-5.825,1.51));
#9493 = CIRCLE('',#9494,1.325);
#9494 = AXIS2_PLACEMENT_3D('',#9495,#9496,#9497);
#9495 = CARTESIAN_POINT('',(41.5,-4.5,1.51));
#9496 = DIRECTION('',(-0.,0.,-1.));
#9497 = DIRECTION('',(-0.,-1.,0.));
#9498 = PLANE('',#9499);
#9499 = AXIS2_PLACEMENT_3D('',#9500,#9501,#9502);
#9500 = CARTESIAN_POINT('',(0.,0.,1.51));
#9501 = DIRECTION('',(0.,0.,1.));
#9502 = DIRECTION('',(1.,0.,-0.));
#9503 = ADVANCED_FACE('',(#9504,#9507),#9518,.T.);
#9504 = FACE_BOUND('',#9505,.T.);
#9505 = EDGE_LOOP('',(#9506));
#9506 = ORIENTED_EDGE('',*,*,#9464,.T.);
#9507 = FACE_BOUND('',#9508,.T.);
#9508 = EDGE_LOOP('',(#9509));
#9509 = ORIENTED_EDGE('',*,*,#9510,.T.);
#9510 = EDGE_CURVE('',#9511,#9511,#9513,.T.);
#9511 = VERTEX_POINT('',#9512);
#9512 = CARTESIAN_POINT('',(41.5,-5.825,1.55));
#9513 = CIRCLE('',#9514,1.325);
#9514 = AXIS2_PLACEMENT_3D('',#9515,#9516,#9517);
#9515 = CARTESIAN_POINT('',(41.5,-4.5,1.55));
#9516 = DIRECTION('',(-0.,0.,-1.));
#9517 = DIRECTION('',(-0.,-1.,0.));
#9518 = PLANE('',#9519);
#9519 = AXIS2_PLACEMENT_3D('',#9520,#9521,#9522);
#9520 = CARTESIAN_POINT('',(0.,0.,1.55));
#9521 = DIRECTION('',(0.,0.,1.));
#9522 = DIRECTION('',(1.,0.,-0.));
#9523 = ADVANCED_FACE('',(#9524),#9535,.F.);
#9524 = FACE_BOUND('',#9525,.T.);
#9525 = EDGE_LOOP('',(#9526,#9527,#9533,#9534));
#9526 = ORIENTED_EDGE('',*,*,#9490,.T.);
#9527 = ORIENTED_EDGE('',*,*,#9528,.T.);
#9528 = EDGE_CURVE('',#9491,#9511,#9529,.T.);
#9529 = LINE('',#9530,#9531);
#9530 = CARTESIAN_POINT('',(41.5,-5.825,-4.6E-02));
#9531 = VECTOR('',#9532,1.);
#9532 = DIRECTION('',(0.,0.,1.));
#9533 = ORIENTED_EDGE('',*,*,#9510,.F.);
#9534 = ORIENTED_EDGE('',*,*,#9528,.F.);
#9535 = CYLINDRICAL_SURFACE('',#9536,1.325);
#9536 = AXIS2_PLACEMENT_3D('',#9537,#9538,#9539);
#9537 = CARTESIAN_POINT('',(41.5,-4.5,-4.6E-02));
#9538 = DIRECTION('',(-0.,-0.,-1.));
#9539 = DIRECTION('',(-0.,-1.,0.));
#9540 = MANIFOLD_SOLID_BREP('',#9541);
#9541 = CLOSED_SHELL('',(#9542,#9575,#9595,#9615));
#9542 = ADVANCED_FACE('',(#9543),#9570,.T.);
#9543 = FACE_BOUND('',#9544,.T.);
#9544 = EDGE_LOOP('',(#9545,#9555,#9562,#9563));
#9545 = ORIENTED_EDGE('',*,*,#9546,.T.);
#9546 = EDGE_CURVE('',#9547,#9549,#9551,.T.);
#9547 = VERTEX_POINT('',#9548);
#9548 = CARTESIAN_POINT('',(43.75,-4.5,0.));
#9549 = VERTEX_POINT('',#9550);
#9550 = CARTESIAN_POINT('',(43.75,-4.5,-4.E-02));
#9551 = LINE('',#9552,#9553);
#9552 = CARTESIAN_POINT('',(43.75,-4.5,0.));
#9553 = VECTOR('',#9554,1.);
#9554 = DIRECTION('',(0.,0.,-1.));
#9555 = ORIENTED_EDGE('',*,*,#9556,.T.);
#9556 = EDGE_CURVE('',#9549,#9549,#9557,.T.);
#9557 = CIRCLE('',#9558,2.25);
#9558 = AXIS2_PLACEMENT_3D('',#9559,#9560,#9561);
#9559 = CARTESIAN_POINT('',(41.5,-4.5,-4.E-02));
#9560 = DIRECTION('',(0.,0.,1.));
#9561 = DIRECTION('',(1.,0.,-0.));
#9562 = ORIENTED_EDGE('',*,*,#9546,.F.);
#9563 = ORIENTED_EDGE('',*,*,#9564,.F.);
#9564 = EDGE_CURVE('',#9547,#9547,#9565,.T.);
#9565 = CIRCLE('',#9566,2.25);
#9566 = AXIS2_PLACEMENT_3D('',#9567,#9568,#9569);
#9567 = CARTESIAN_POINT('',(41.5,-4.5,0.));
#9568 = DIRECTION('',(0.,0.,1.));
#9569 = DIRECTION('',(1.,0.,-0.));
#9570 = CYLINDRICAL_SURFACE('',#9571,2.25);
#9571 = AXIS2_PLACEMENT_3D('',#9572,#9573,#9574);
#9572 = CARTESIAN_POINT('',(41.5,-4.5,0.));
#9573 = DIRECTION('',(0.,0.,1.));
#9574 = DIRECTION('',(1.,0.,-0.));
#9575 = ADVANCED_FACE('',(#9576,#9579),#9590,.F.);
#9576 = FACE_BOUND('',#9577,.F.);
#9577 = EDGE_LOOP('',(#9578));
#9578 = ORIENTED_EDGE('',*,*,#9564,.F.);
#9579 = FACE_BOUND('',#9580,.F.);
#9580 = EDGE_LOOP('',(#9581));
#9581 = ORIENTED_EDGE('',*,*,#9582,.F.);
#9582 = EDGE_CURVE('',#9583,#9583,#9585,.T.);
#9583 = VERTEX_POINT('',#9584);
#9584 = CARTESIAN_POINT('',(41.5,-5.825,0.));
#9585 = CIRCLE('',#9586,1.325);
#9586 = AXIS2_PLACEMENT_3D('',#9587,#9588,#9589);
#9587 = CARTESIAN_POINT('',(41.5,-4.5,0.));
#9588 = DIRECTION('',(-0.,0.,-1.));
#9589 = DIRECTION('',(-0.,-1.,0.));
#9590 = PLANE('',#9591);
#9591 = AXIS2_PLACEMENT_3D('',#9592,#9593,#9594);
#9592 = CARTESIAN_POINT('',(0.,0.,0.));
#9593 = DIRECTION('',(-0.,-0.,-1.));
#9594 = DIRECTION('',(-1.,0.,0.));
#9595 = ADVANCED_FACE('',(#9596,#9599),#9610,.T.);
#9596 = FACE_BOUND('',#9597,.T.);
#9597 = EDGE_LOOP('',(#9598));
#9598 = ORIENTED_EDGE('',*,*,#9556,.F.);
#9599 = FACE_BOUND('',#9600,.T.);
#9600 = EDGE_LOOP('',(#9601));
#9601 = ORIENTED_EDGE('',*,*,#9602,.F.);
#9602 = EDGE_CURVE('',#9603,#9603,#9605,.T.);
#9603 = VERTEX_POINT('',#9604);
#9604 = CARTESIAN_POINT('',(41.5,-5.825,-4.E-02));
#9605 = CIRCLE('',#9606,1.325);
#9606 = AXIS2_PLACEMENT_3D('',#9607,#9608,#9609);
#9607 = CARTESIAN_POINT('',(41.5,-4.5,-4.E-02));
#9608 = DIRECTION('',(-0.,0.,-1.));
#9609 = DIRECTION('',(-0.,-1.,0.));
#9610 = PLANE('',#9611);
#9611 = AXIS2_PLACEMENT_3D('',#9612,#9613,#9614);
#9612 = CARTESIAN_POINT('',(0.,0.,-4.E-02));
#9613 = DIRECTION('',(-0.,-0.,-1.));
#9614 = DIRECTION('',(-1.,0.,0.));
#9615 = ADVANCED_FACE('',(#9616),#9627,.F.);
#9616 = FACE_BOUND('',#9617,.T.);
#9617 = EDGE_LOOP('',(#9618,#9619,#9625,#9626));
#9618 = ORIENTED_EDGE('',*,*,#9602,.T.);
#9619 = ORIENTED_EDGE('',*,*,#9620,.T.);
#9620 = EDGE_CURVE('',#9603,#9583,#9621,.T.);
#9621 = LINE('',#9622,#9623);
#9622 = CARTESIAN_POINT('',(41.5,-5.825,-4.6E-02));
#9623 = VECTOR('',#9624,1.);
#9624 = DIRECTION('',(0.,0.,1.));
#9625 = ORIENTED_EDGE('',*,*,#9582,.F.);
#9626 = ORIENTED_EDGE('',*,*,#9620,.F.);
#9627 = CYLINDRICAL_SURFACE('',#9628,1.325);
#9628 = AXIS2_PLACEMENT_3D('',#9629,#9630,#9631);
#9629 = CARTESIAN_POINT('',(41.5,-4.5,-4.6E-02));
#9630 = DIRECTION('',(-0.,-0.,-1.));
#9631 = DIRECTION('',(-0.,-1.,0.));
#9632 = MANIFOLD_SOLID_BREP('',#9633);
#9633 = CLOSED_SHELL('',(#9634,#9667,#9687,#9707));
#9634 = ADVANCED_FACE('',(#9635),#9662,.T.);
#9635 = FACE_BOUND('',#9636,.F.);
#9636 = EDGE_LOOP('',(#9637,#9647,#9654,#9655));
#9637 = ORIENTED_EDGE('',*,*,#9638,.T.);
#9638 = EDGE_CURVE('',#9639,#9641,#9643,.T.);
#9639 = VERTEX_POINT('',#9640);
#9640 = CARTESIAN_POINT('',(41.5,-5.85,-4.E-02));
#9641 = VERTEX_POINT('',#9642);
#9642 = CARTESIAN_POINT('',(41.5,-5.85,1.55));
#9643 = LINE('',#9644,#9645);
#9644 = CARTESIAN_POINT('',(41.5,-5.85,-4.E-02));
#9645 = VECTOR('',#9646,1.);
#9646 = DIRECTION('',(0.,0.,1.));
#9647 = ORIENTED_EDGE('',*,*,#9648,.T.);
#9648 = EDGE_CURVE('',#9641,#9641,#9649,.T.);
#9649 = CIRCLE('',#9650,1.35);
#9650 = AXIS2_PLACEMENT_3D('',#9651,#9652,#9653);
#9651 = CARTESIAN_POINT('',(41.5,-4.5,1.55));
#9652 = DIRECTION('',(0.,0.,1.));
#9653 = DIRECTION('',(-0.,-1.,0.));
#9654 = ORIENTED_EDGE('',*,*,#9638,.F.);
#9655 = ORIENTED_EDGE('',*,*,#9656,.F.);
#9656 = EDGE_CURVE('',#9639,#9639,#9657,.T.);
#9657 = CIRCLE('',#9658,1.35);
#9658 = AXIS2_PLACEMENT_3D('',#9659,#9660,#9661);
#9659 = CARTESIAN_POINT('',(41.5,-4.5,-4.E-02));
#9660 = DIRECTION('',(0.,0.,1.));
#9661 = DIRECTION('',(-0.,-1.,0.));
#9662 = CYLINDRICAL_SURFACE('',#9663,1.35);
#9663 = AXIS2_PLACEMENT_3D('',#9664,#9665,#9666);
#9664 = CARTESIAN_POINT('',(41.5,-4.5,-4.E-02));
#9665 = DIRECTION('',(-0.,-0.,-1.));
#9666 = DIRECTION('',(-0.,-1.,0.));
#9667 = ADVANCED_FACE('',(#9668,#9671),#9682,.F.);
#9668 = FACE_BOUND('',#9669,.F.);
#9669 = EDGE_LOOP('',(#9670));
#9670 = ORIENTED_EDGE('',*,*,#9656,.T.);
#9671 = FACE_BOUND('',#9672,.F.);
#9672 = EDGE_LOOP('',(#9673));
#9673 = ORIENTED_EDGE('',*,*,#9674,.T.);
#9674 = EDGE_CURVE('',#9675,#9675,#9677,.T.);
#9675 = VERTEX_POINT('',#9676);
#9676 = CARTESIAN_POINT('',(41.5,-5.825,-4.E-02));
#9677 = CIRCLE('',#9678,1.325);
#9678 = AXIS2_PLACEMENT_3D('',#9679,#9680,#9681);
#9679 = CARTESIAN_POINT('',(41.5,-4.5,-4.E-02));
#9680 = DIRECTION('',(-0.,0.,-1.));
#9681 = DIRECTION('',(-0.,-1.,0.));
#9682 = PLANE('',#9683);
#9683 = AXIS2_PLACEMENT_3D('',#9684,#9685,#9686);
#9684 = CARTESIAN_POINT('',(41.5,-5.85,-4.E-02));
#9685 = DIRECTION('',(0.,0.,1.));
#9686 = DIRECTION('',(1.,0.,-0.));
#9687 = ADVANCED_FACE('',(#9688,#9691),#9702,.T.);
#9688 = FACE_BOUND('',#9689,.T.);
#9689 = EDGE_LOOP('',(#9690));
#9690 = ORIENTED_EDGE('',*,*,#9648,.T.);
#9691 = FACE_BOUND('',#9692,.T.);
#9692 = EDGE_LOOP('',(#9693));
#9693 = ORIENTED_EDGE('',*,*,#9694,.T.);
#9694 = EDGE_CURVE('',#9695,#9695,#9697,.T.);
#9695 = VERTEX_POINT('',#9696);
#9696 = CARTESIAN_POINT('',(41.5,-5.825,1.55));
#9697 = CIRCLE('',#9698,1.325);
#9698 = AXIS2_PLACEMENT_3D('',#9699,#9700,#9701);
#9699 = CARTESIAN_POINT('',(41.5,-4.5,1.55));
#9700 = DIRECTION('',(-0.,0.,-1.));
#9701 = DIRECTION('',(-0.,-1.,0.));
#9702 = PLANE('',#9703);
#9703 = AXIS2_PLACEMENT_3D('',#9704,#9705,#9706);
#9704 = CARTESIAN_POINT('',(41.5,-5.85,1.55));
#9705 = DIRECTION('',(0.,0.,1.));
#9706 = DIRECTION('',(1.,0.,-0.));
#9707 = ADVANCED_FACE('',(#9708),#9719,.F.);
#9708 = FACE_BOUND('',#9709,.T.);
#9709 = EDGE_LOOP('',(#9710,#9711,#9717,#9718));
#9710 = ORIENTED_EDGE('',*,*,#9674,.T.);
#9711 = ORIENTED_EDGE('',*,*,#9712,.T.);
#9712 = EDGE_CURVE('',#9675,#9695,#9713,.T.);
#9713 = LINE('',#9714,#9715);
#9714 = CARTESIAN_POINT('',(41.5,-5.825,-4.6E-02));
#9715 = VECTOR('',#9716,1.);
#9716 = DIRECTION('',(0.,0.,1.));
#9717 = ORIENTED_EDGE('',*,*,#9694,.F.);
#9718 = ORIENTED_EDGE('',*,*,#9712,.F.);
#9719 = CYLINDRICAL_SURFACE('',#9720,1.325);
#9720 = AXIS2_PLACEMENT_3D('',#9721,#9722,#9723);
#9721 = CARTESIAN_POINT('',(41.5,-4.5,-4.6E-02));
#9722 = DIRECTION('',(-0.,-0.,-1.));
#9723 = DIRECTION('',(-0.,-1.,0.));
#9724 = MANIFOLD_SOLID_BREP('',#9725);
#9725 = CLOSED_SHELL('',(#9726,#9766,#9797,#9828,#9856,#9884,#9896));
#9726 = ADVANCED_FACE('',(#9727),#9761,.T.);
#9727 = FACE_BOUND('',#9728,.T.);
#9728 = EDGE_LOOP('',(#9729,#9739,#9747,#9755));
#9729 = ORIENTED_EDGE('',*,*,#9730,.T.);
#9730 = EDGE_CURVE('',#9731,#9733,#9735,.T.);
#9731 = VERTEX_POINT('',#9732);
#9732 = CARTESIAN_POINT('',(26.352694,-6.8255,1.51));
#9733 = VERTEX_POINT('',#9734);
#9734 = CARTESIAN_POINT('',(26.352694,-6.8255,1.55));
#9735 = LINE('',#9736,#9737);
#9736 = CARTESIAN_POINT('',(26.352694,-6.8255,1.51));
#9737 = VECTOR('',#9738,1.);
#9738 = DIRECTION('',(0.,0.,1.));
#9739 = ORIENTED_EDGE('',*,*,#9740,.T.);
#9740 = EDGE_CURVE('',#9733,#9741,#9743,.T.);
#9741 = VERTEX_POINT('',#9742);
#9742 = CARTESIAN_POINT('',(26.352694,-5.1745,1.55));
#9743 = LINE('',#9744,#9745);
#9744 = CARTESIAN_POINT('',(26.352694,-6.8255,1.55));
#9745 = VECTOR('',#9746,1.);
#9746 = DIRECTION('',(0.,1.,0.));
#9747 = ORIENTED_EDGE('',*,*,#9748,.F.);
#9748 = EDGE_CURVE('',#9749,#9741,#9751,.T.);
#9749 = VERTEX_POINT('',#9750);
#9750 = CARTESIAN_POINT('',(26.352694,-5.1745,1.51));
#9751 = LINE('',#9752,#9753);
#9752 = CARTESIAN_POINT('',(26.352694,-5.1745,1.51));
#9753 = VECTOR('',#9754,1.);
#9754 = DIRECTION('',(0.,0.,1.));
#9755 = ORIENTED_EDGE('',*,*,#9756,.F.);
#9756 = EDGE_CURVE('',#9731,#9749,#9757,.T.);
#9757 = LINE('',#9758,#9759);
#9758 = CARTESIAN_POINT('',(26.352694,-6.8255,1.51));
#9759 = VECTOR('',#9760,1.);
#9760 = DIRECTION('',(0.,1.,0.));
#9761 = PLANE('',#9762);
#9762 = AXIS2_PLACEMENT_3D('',#9763,#9764,#9765);
#9763 = CARTESIAN_POINT('',(26.352694,-6.8255,1.51));
#9764 = DIRECTION('',(-1.,0.,0.));
#9765 = DIRECTION('',(0.,1.,0.));
#9766 = ADVANCED_FACE('',(#9767),#9792,.T.);
#9767 = FACE_BOUND('',#9768,.T.);
#9768 = EDGE_LOOP('',(#9769,#9779,#9785,#9786));
#9769 = ORIENTED_EDGE('',*,*,#9770,.T.);
#9770 = EDGE_CURVE('',#9771,#9773,#9775,.T.);
#9771 = VERTEX_POINT('',#9772);
#9772 = CARTESIAN_POINT('',(28.003694,-6.8255,1.51));
#9773 = VERTEX_POINT('',#9774);
#9774 = CARTESIAN_POINT('',(28.003694,-6.8255,1.55));
#9775 = LINE('',#9776,#9777);
#9776 = CARTESIAN_POINT('',(28.003694,-6.8255,1.51));
#9777 = VECTOR('',#9778,1.);
#9778 = DIRECTION('',(0.,0.,1.));
#9779 = ORIENTED_EDGE('',*,*,#9780,.T.);
#9780 = EDGE_CURVE('',#9773,#9733,#9781,.T.);
#9781 = LINE('',#9782,#9783);
#9782 = CARTESIAN_POINT('',(28.003694,-6.8255,1.55));
#9783 = VECTOR('',#9784,1.);
#9784 = DIRECTION('',(-1.,0.,0.));
#9785 = ORIENTED_EDGE('',*,*,#9730,.F.);
#9786 = ORIENTED_EDGE('',*,*,#9787,.F.);
#9787 = EDGE_CURVE('',#9771,#9731,#9788,.T.);
#9788 = LINE('',#9789,#9790);
#9789 = CARTESIAN_POINT('',(28.003694,-6.8255,1.51));
#9790 = VECTOR('',#9791,1.);
#9791 = DIRECTION('',(-1.,0.,0.));
#9792 = PLANE('',#9793);
#9793 = AXIS2_PLACEMENT_3D('',#9794,#9795,#9796);
#9794 = CARTESIAN_POINT('',(28.003694,-6.8255,1.51));
#9795 = DIRECTION('',(0.,-1.,0.));
#9796 = DIRECTION('',(-1.,0.,0.));
#9797 = ADVANCED_FACE('',(#9798),#9823,.T.);
#9798 = FACE_BOUND('',#9799,.T.);
#9799 = EDGE_LOOP('',(#9800,#9801,#9809,#9817));
#9800 = ORIENTED_EDGE('',*,*,#9748,.T.);
#9801 = ORIENTED_EDGE('',*,*,#9802,.T.);
#9802 = EDGE_CURVE('',#9741,#9803,#9805,.T.);
#9803 = VERTEX_POINT('',#9804);
#9804 = CARTESIAN_POINT('',(28.003694,-5.1745,1.55));
#9805 = LINE('',#9806,#9807);
#9806 = CARTESIAN_POINT('',(26.352694,-5.1745,1.55));
#9807 = VECTOR('',#9808,1.);
#9808 = DIRECTION('',(1.,0.,0.));
#9809 = ORIENTED_EDGE('',*,*,#9810,.F.);
#9810 = EDGE_CURVE('',#9811,#9803,#9813,.T.);
#9811 = VERTEX_POINT('',#9812);
#9812 = CARTESIAN_POINT('',(28.003694,-5.1745,1.51));
#9813 = LINE('',#9814,#9815);
#9814 = CARTESIAN_POINT('',(28.003694,-5.1745,1.51));
#9815 = VECTOR('',#9816,1.);
#9816 = DIRECTION('',(0.,0.,1.));
#9817 = ORIENTED_EDGE('',*,*,#9818,.F.);
#9818 = EDGE_CURVE('',#9749,#9811,#9819,.T.);
#9819 = LINE('',#9820,#9821);
#9820 = CARTESIAN_POINT('',(26.352694,-5.1745,1.51));
#9821 = VECTOR('',#9822,1.);
#9822 = DIRECTION('',(1.,0.,0.));
#9823 = PLANE('',#9824);
#9824 = AXIS2_PLACEMENT_3D('',#9825,#9826,#9827);
#9825 = CARTESIAN_POINT('',(26.352694,-5.1745,1.51));
#9826 = DIRECTION('',(0.,1.,0.));
#9827 = DIRECTION('',(1.,0.,0.));
#9828 = ADVANCED_FACE('',(#9829,#9840),#9851,.F.);
#9829 = FACE_BOUND('',#9830,.F.);
#9830 = EDGE_LOOP('',(#9831,#9832,#9833,#9839));
#9831 = ORIENTED_EDGE('',*,*,#9756,.F.);
#9832 = ORIENTED_EDGE('',*,*,#9787,.F.);
#9833 = ORIENTED_EDGE('',*,*,#9834,.F.);
#9834 = EDGE_CURVE('',#9811,#9771,#9835,.T.);
#9835 = LINE('',#9836,#9837);
#9836 = CARTESIAN_POINT('',(28.003694,-5.1745,1.51));
#9837 = VECTOR('',#9838,1.);
#9838 = DIRECTION('',(0.,-1.,0.));
#9839 = ORIENTED_EDGE('',*,*,#9818,.F.);
#9840 = FACE_BOUND('',#9841,.F.);
#9841 = EDGE_LOOP('',(#9842));
#9842 = ORIENTED_EDGE('',*,*,#9843,.T.);
#9843 = EDGE_CURVE('',#9844,#9844,#9846,.T.);
#9844 = VERTEX_POINT('',#9845);
#9845 = CARTESIAN_POINT('',(27.178194,-6.5465,1.51));
#9846 = CIRCLE('',#9847,0.5465);
#9847 = AXIS2_PLACEMENT_3D('',#9848,#9849,#9850);
#9848 = CARTESIAN_POINT('',(27.178194,-6.,1.51));
#9849 = DIRECTION('',(-0.,0.,-1.));
#9850 = DIRECTION('',(6.500848451602E-15,-1.,-0.));
#9851 = PLANE('',#9852);
#9852 = AXIS2_PLACEMENT_3D('',#9853,#9854,#9855);
#9853 = CARTESIAN_POINT('',(0.,0.,1.51));
#9854 = DIRECTION('',(0.,0.,1.));
#9855 = DIRECTION('',(1.,0.,-0.));
#9856 = ADVANCED_FACE('',(#9857,#9868),#9879,.T.);
#9857 = FACE_BOUND('',#9858,.T.);
#9858 = EDGE_LOOP('',(#9859,#9860,#9861,#9867));
#9859 = ORIENTED_EDGE('',*,*,#9740,.F.);
#9860 = ORIENTED_EDGE('',*,*,#9780,.F.);
#9861 = ORIENTED_EDGE('',*,*,#9862,.F.);
#9862 = EDGE_CURVE('',#9803,#9773,#9863,.T.);
#9863 = LINE('',#9864,#9865);
#9864 = CARTESIAN_POINT('',(28.003694,-5.1745,1.55));
#9865 = VECTOR('',#9866,1.);
#9866 = DIRECTION('',(0.,-1.,0.));
#9867 = ORIENTED_EDGE('',*,*,#9802,.F.);
#9868 = FACE_BOUND('',#9869,.T.);
#9869 = EDGE_LOOP('',(#9870));
#9870 = ORIENTED_EDGE('',*,*,#9871,.T.);
#9871 = EDGE_CURVE('',#9872,#9872,#9874,.T.);
#9872 = VERTEX_POINT('',#9873);
#9873 = CARTESIAN_POINT('',(27.178194,-6.5465,1.55));
#9874 = CIRCLE('',#9875,0.5465);
#9875 = AXIS2_PLACEMENT_3D('',#9876,#9877,#9878);
#9876 = CARTESIAN_POINT('',(27.178194,-6.,1.55));
#9877 = DIRECTION('',(-0.,0.,-1.));
#9878 = DIRECTION('',(6.500848451602E-15,-1.,-0.));
#9879 = PLANE('',#9880);
#9880 = AXIS2_PLACEMENT_3D('',#9881,#9882,#9883);
#9881 = CARTESIAN_POINT('',(0.,0.,1.55));
#9882 = DIRECTION('',(0.,0.,1.));
#9883 = DIRECTION('',(1.,0.,-0.));
#9884 = ADVANCED_FACE('',(#9885),#9891,.T.);
#9885 = FACE_BOUND('',#9886,.T.);
#9886 = EDGE_LOOP('',(#9887,#9888,#9889,#9890));
#9887 = ORIENTED_EDGE('',*,*,#9810,.T.);
#9888 = ORIENTED_EDGE('',*,*,#9862,.T.);
#9889 = ORIENTED_EDGE('',*,*,#9770,.F.);
#9890 = ORIENTED_EDGE('',*,*,#9834,.F.);
#9891 = PLANE('',#9892);
#9892 = AXIS2_PLACEMENT_3D('',#9893,#9894,#9895);
#9893 = CARTESIAN_POINT('',(28.003694,-5.1745,1.51));
#9894 = DIRECTION('',(1.,0.,-0.));
#9895 = DIRECTION('',(0.,-1.,0.));
#9896 = ADVANCED_FACE('',(#9897),#9908,.F.);
#9897 = FACE_BOUND('',#9898,.T.);
#9898 = EDGE_LOOP('',(#9899,#9900,#9906,#9907));
#9899 = ORIENTED_EDGE('',*,*,#9843,.T.);
#9900 = ORIENTED_EDGE('',*,*,#9901,.T.);
#9901 = EDGE_CURVE('',#9844,#9872,#9902,.T.);
#9902 = LINE('',#9903,#9904);
#9903 = CARTESIAN_POINT('',(27.178194,-6.5465,-4.6E-02));
#9904 = VECTOR('',#9905,1.);
#9905 = DIRECTION('',(0.,0.,1.));
#9906 = ORIENTED_EDGE('',*,*,#9871,.F.);
#9907 = ORIENTED_EDGE('',*,*,#9901,.F.);
#9908 = CYLINDRICAL_SURFACE('',#9909,0.5465);
#9909 = AXIS2_PLACEMENT_3D('',#9910,#9911,#9912);
#9910 = CARTESIAN_POINT('',(27.178194,-6.,-4.6E-02));
#9911 = DIRECTION('',(-0.,0.,-1.));
#9912 = DIRECTION('',(6.500848451602E-15,-1.,-0.));
#9913 = MANIFOLD_SOLID_BREP('',#9914);
#9914 = CLOSED_SHELL('',(#9915,#9955,#9986,#10017,#10045,#10073,#10085)
  );
#9915 = ADVANCED_FACE('',(#9916),#9950,.F.);
#9916 = FACE_BOUND('',#9917,.F.);
#9917 = EDGE_LOOP('',(#9918,#9928,#9936,#9944));
#9918 = ORIENTED_EDGE('',*,*,#9919,.T.);
#9919 = EDGE_CURVE('',#9920,#9922,#9924,.T.);
#9920 = VERTEX_POINT('',#9921);
#9921 = CARTESIAN_POINT('',(26.352694,-6.8255,0.));
#9922 = VERTEX_POINT('',#9923);
#9923 = CARTESIAN_POINT('',(26.352694,-6.8255,-4.E-02));
#9924 = LINE('',#9925,#9926);
#9925 = CARTESIAN_POINT('',(26.352694,-6.8255,0.));
#9926 = VECTOR('',#9927,1.);
#9927 = DIRECTION('',(0.,0.,-1.));
#9928 = ORIENTED_EDGE('',*,*,#9929,.T.);
#9929 = EDGE_CURVE('',#9922,#9930,#9932,.T.);
#9930 = VERTEX_POINT('',#9931);
#9931 = CARTESIAN_POINT('',(26.352694,-5.1745,-4.E-02));
#9932 = LINE('',#9933,#9934);
#9933 = CARTESIAN_POINT('',(26.352694,-6.8255,-4.E-02));
#9934 = VECTOR('',#9935,1.);
#9935 = DIRECTION('',(0.,1.,0.));
#9936 = ORIENTED_EDGE('',*,*,#9937,.F.);
#9937 = EDGE_CURVE('',#9938,#9930,#9940,.T.);
#9938 = VERTEX_POINT('',#9939);
#9939 = CARTESIAN_POINT('',(26.352694,-5.1745,0.));
#9940 = LINE('',#9941,#9942);
#9941 = CARTESIAN_POINT('',(26.352694,-5.1745,0.));
#9942 = VECTOR('',#9943,1.);
#9943 = DIRECTION('',(0.,0.,-1.));
#9944 = ORIENTED_EDGE('',*,*,#9945,.F.);
#9945 = EDGE_CURVE('',#9920,#9938,#9946,.T.);
#9946 = LINE('',#9947,#9948);
#9947 = CARTESIAN_POINT('',(26.352694,-6.8255,0.));
#9948 = VECTOR('',#9949,1.);
#9949 = DIRECTION('',(0.,1.,0.));
#9950 = PLANE('',#9951);
#9951 = AXIS2_PLACEMENT_3D('',#9952,#9953,#9954);
#9952 = CARTESIAN_POINT('',(26.352694,-6.8255,0.));
#9953 = DIRECTION('',(1.,-0.,0.));
#9954 = DIRECTION('',(0.,1.,0.));
#9955 = ADVANCED_FACE('',(#9956),#9981,.F.);
#9956 = FACE_BOUND('',#9957,.F.);
#9957 = EDGE_LOOP('',(#9958,#9968,#9974,#9975));
#9958 = ORIENTED_EDGE('',*,*,#9959,.T.);
#9959 = EDGE_CURVE('',#9960,#9962,#9964,.T.);
#9960 = VERTEX_POINT('',#9961);
#9961 = CARTESIAN_POINT('',(28.003694,-6.8255,0.));
#9962 = VERTEX_POINT('',#9963);
#9963 = CARTESIAN_POINT('',(28.003694,-6.8255,-4.E-02));
#9964 = LINE('',#9965,#9966);
#9965 = CARTESIAN_POINT('',(28.003694,-6.8255,0.));
#9966 = VECTOR('',#9967,1.);
#9967 = DIRECTION('',(0.,0.,-1.));
#9968 = ORIENTED_EDGE('',*,*,#9969,.T.);
#9969 = EDGE_CURVE('',#9962,#9922,#9970,.T.);
#9970 = LINE('',#9971,#9972);
#9971 = CARTESIAN_POINT('',(28.003694,-6.8255,-4.E-02));
#9972 = VECTOR('',#9973,1.);
#9973 = DIRECTION('',(-1.,0.,0.));
#9974 = ORIENTED_EDGE('',*,*,#9919,.F.);
#9975 = ORIENTED_EDGE('',*,*,#9976,.F.);
#9976 = EDGE_CURVE('',#9960,#9920,#9977,.T.);
#9977 = LINE('',#9978,#9979);
#9978 = CARTESIAN_POINT('',(28.003694,-6.8255,0.));
#9979 = VECTOR('',#9980,1.);
#9980 = DIRECTION('',(-1.,0.,0.));
#9981 = PLANE('',#9982);
#9982 = AXIS2_PLACEMENT_3D('',#9983,#9984,#9985);
#9983 = CARTESIAN_POINT('',(28.003694,-6.8255,0.));
#9984 = DIRECTION('',(0.,1.,0.));
#9985 = DIRECTION('',(-1.,0.,0.));
#9986 = ADVANCED_FACE('',(#9987),#10012,.F.);
#9987 = FACE_BOUND('',#9988,.F.);
#9988 = EDGE_LOOP('',(#9989,#9990,#9998,#10006));
#9989 = ORIENTED_EDGE('',*,*,#9937,.T.);
#9990 = ORIENTED_EDGE('',*,*,#9991,.T.);
#9991 = EDGE_CURVE('',#9930,#9992,#9994,.T.);
#9992 = VERTEX_POINT('',#9993);
#9993 = CARTESIAN_POINT('',(28.003694,-5.1745,-4.E-02));
#9994 = LINE('',#9995,#9996);
#9995 = CARTESIAN_POINT('',(26.352694,-5.1745,-4.E-02));
#9996 = VECTOR('',#9997,1.);
#9997 = DIRECTION('',(1.,0.,0.));
#9998 = ORIENTED_EDGE('',*,*,#9999,.F.);
#9999 = EDGE_CURVE('',#10000,#9992,#10002,.T.);
#10000 = VERTEX_POINT('',#10001);
#10001 = CARTESIAN_POINT('',(28.003694,-5.1745,0.));
#10002 = LINE('',#10003,#10004);
#10003 = CARTESIAN_POINT('',(28.003694,-5.1745,0.));
#10004 = VECTOR('',#10005,1.);
#10005 = DIRECTION('',(0.,0.,-1.));
#10006 = ORIENTED_EDGE('',*,*,#10007,.F.);
#10007 = EDGE_CURVE('',#9938,#10000,#10008,.T.);
#10008 = LINE('',#10009,#10010);
#10009 = CARTESIAN_POINT('',(26.352694,-5.1745,0.));
#10010 = VECTOR('',#10011,1.);
#10011 = DIRECTION('',(1.,0.,0.));
#10012 = PLANE('',#10013);
#10013 = AXIS2_PLACEMENT_3D('',#10014,#10015,#10016);
#10014 = CARTESIAN_POINT('',(26.352694,-5.1745,0.));
#10015 = DIRECTION('',(0.,-1.,0.));
#10016 = DIRECTION('',(1.,0.,0.));
#10017 = ADVANCED_FACE('',(#10018,#10029),#10040,.F.);
#10018 = FACE_BOUND('',#10019,.F.);
#10019 = EDGE_LOOP('',(#10020,#10021,#10022,#10028));
#10020 = ORIENTED_EDGE('',*,*,#9945,.T.);
#10021 = ORIENTED_EDGE('',*,*,#10007,.T.);
#10022 = ORIENTED_EDGE('',*,*,#10023,.T.);
#10023 = EDGE_CURVE('',#10000,#9960,#10024,.T.);
#10024 = LINE('',#10025,#10026);
#10025 = CARTESIAN_POINT('',(28.003694,-5.1745,0.));
#10026 = VECTOR('',#10027,1.);
#10027 = DIRECTION('',(0.,-1.,0.));
#10028 = ORIENTED_EDGE('',*,*,#9976,.T.);
#10029 = FACE_BOUND('',#10030,.F.);
#10030 = EDGE_LOOP('',(#10031));
#10031 = ORIENTED_EDGE('',*,*,#10032,.F.);
#10032 = EDGE_CURVE('',#10033,#10033,#10035,.T.);
#10033 = VERTEX_POINT('',#10034);
#10034 = CARTESIAN_POINT('',(27.178194,-6.5465,0.));
#10035 = CIRCLE('',#10036,0.5465);
#10036 = AXIS2_PLACEMENT_3D('',#10037,#10038,#10039);
#10037 = CARTESIAN_POINT('',(27.178194,-6.,0.));
#10038 = DIRECTION('',(-0.,0.,-1.));
#10039 = DIRECTION('',(6.500848451602E-15,-1.,-0.));
#10040 = PLANE('',#10041);
#10041 = AXIS2_PLACEMENT_3D('',#10042,#10043,#10044);
#10042 = CARTESIAN_POINT('',(0.,0.,0.));
#10043 = DIRECTION('',(-0.,-0.,-1.));
#10044 = DIRECTION('',(-1.,0.,0.));
#10045 = ADVANCED_FACE('',(#10046,#10057),#10068,.T.);
#10046 = FACE_BOUND('',#10047,.T.);
#10047 = EDGE_LOOP('',(#10048,#10049,#10050,#10056));
#10048 = ORIENTED_EDGE('',*,*,#9929,.T.);
#10049 = ORIENTED_EDGE('',*,*,#9991,.T.);
#10050 = ORIENTED_EDGE('',*,*,#10051,.T.);
#10051 = EDGE_CURVE('',#9992,#9962,#10052,.T.);
#10052 = LINE('',#10053,#10054);
#10053 = CARTESIAN_POINT('',(28.003694,-5.1745,-4.E-02));
#10054 = VECTOR('',#10055,1.);
#10055 = DIRECTION('',(0.,-1.,0.));
#10056 = ORIENTED_EDGE('',*,*,#9969,.T.);
#10057 = FACE_BOUND('',#10058,.T.);
#10058 = EDGE_LOOP('',(#10059));
#10059 = ORIENTED_EDGE('',*,*,#10060,.F.);
#10060 = EDGE_CURVE('',#10061,#10061,#10063,.T.);
#10061 = VERTEX_POINT('',#10062);
#10062 = CARTESIAN_POINT('',(27.178194,-6.5465,-4.E-02));
#10063 = CIRCLE('',#10064,0.5465);
#10064 = AXIS2_PLACEMENT_3D('',#10065,#10066,#10067);
#10065 = CARTESIAN_POINT('',(27.178194,-6.,-4.E-02));
#10066 = DIRECTION('',(-0.,0.,-1.));
#10067 = DIRECTION('',(6.500848451602E-15,-1.,-0.));
#10068 = PLANE('',#10069);
#10069 = AXIS2_PLACEMENT_3D('',#10070,#10071,#10072);
#10070 = CARTESIAN_POINT('',(0.,0.,-4.E-02));
#10071 = DIRECTION('',(-0.,-0.,-1.));
#10072 = DIRECTION('',(-1.,0.,0.));
#10073 = ADVANCED_FACE('',(#10074),#10080,.F.);
#10074 = FACE_BOUND('',#10075,.F.);
#10075 = EDGE_LOOP('',(#10076,#10077,#10078,#10079));
#10076 = ORIENTED_EDGE('',*,*,#9999,.T.);
#10077 = ORIENTED_EDGE('',*,*,#10051,.T.);
#10078 = ORIENTED_EDGE('',*,*,#9959,.F.);
#10079 = ORIENTED_EDGE('',*,*,#10023,.F.);
#10080 = PLANE('',#10081);
#10081 = AXIS2_PLACEMENT_3D('',#10082,#10083,#10084);
#10082 = CARTESIAN_POINT('',(28.003694,-5.1745,0.));
#10083 = DIRECTION('',(-1.,-0.,-0.));
#10084 = DIRECTION('',(0.,-1.,0.));
#10085 = ADVANCED_FACE('',(#10086),#10097,.F.);
#10086 = FACE_BOUND('',#10087,.T.);
#10087 = EDGE_LOOP('',(#10088,#10089,#10095,#10096));
#10088 = ORIENTED_EDGE('',*,*,#10060,.T.);
#10089 = ORIENTED_EDGE('',*,*,#10090,.T.);
#10090 = EDGE_CURVE('',#10061,#10033,#10091,.T.);
#10091 = LINE('',#10092,#10093);
#10092 = CARTESIAN_POINT('',(27.178194,-6.5465,-4.6E-02));
#10093 = VECTOR('',#10094,1.);
#10094 = DIRECTION('',(0.,0.,1.));
#10095 = ORIENTED_EDGE('',*,*,#10032,.F.);
#10096 = ORIENTED_EDGE('',*,*,#10090,.F.);
#10097 = CYLINDRICAL_SURFACE('',#10098,0.5465);
#10098 = AXIS2_PLACEMENT_3D('',#10099,#10100,#10101);
#10099 = CARTESIAN_POINT('',(27.178194,-6.,-4.6E-02));
#10100 = DIRECTION('',(-0.,0.,-1.));
#10101 = DIRECTION('',(6.500848451602E-15,-1.,-0.));
#10102 = MANIFOLD_SOLID_BREP('',#10103);
#10103 = CLOSED_SHELL('',(#10104,#10137,#10157,#10177));
#10104 = ADVANCED_FACE('',(#10105),#10132,.T.);
#10105 = FACE_BOUND('',#10106,.F.);
#10106 = EDGE_LOOP('',(#10107,#10117,#10124,#10125));
#10107 = ORIENTED_EDGE('',*,*,#10108,.T.);
#10108 = EDGE_CURVE('',#10109,#10111,#10113,.T.);
#10109 = VERTEX_POINT('',#10110);
#10110 = CARTESIAN_POINT('',(27.178194,-6.5715,-4.E-02));
#10111 = VERTEX_POINT('',#10112);
#10112 = CARTESIAN_POINT('',(27.178194,-6.5715,1.55));
#10113 = LINE('',#10114,#10115);
#10114 = CARTESIAN_POINT('',(27.178194,-6.5715,-4.E-02));
#10115 = VECTOR('',#10116,1.);
#10116 = DIRECTION('',(0.,0.,1.));
#10117 = ORIENTED_EDGE('',*,*,#10118,.T.);
#10118 = EDGE_CURVE('',#10111,#10111,#10119,.T.);
#10119 = CIRCLE('',#10120,0.5715);
#10120 = AXIS2_PLACEMENT_3D('',#10121,#10122,#10123);
#10121 = CARTESIAN_POINT('',(27.178194,-6.,1.55));
#10122 = DIRECTION('',(0.,0.,1.));
#10123 = DIRECTION('',(-0.,-1.,0.));
#10124 = ORIENTED_EDGE('',*,*,#10108,.F.);
#10125 = ORIENTED_EDGE('',*,*,#10126,.F.);
#10126 = EDGE_CURVE('',#10109,#10109,#10127,.T.);
#10127 = CIRCLE('',#10128,0.5715);
#10128 = AXIS2_PLACEMENT_3D('',#10129,#10130,#10131);
#10129 = CARTESIAN_POINT('',(27.178194,-6.,-4.E-02));
#10130 = DIRECTION('',(0.,0.,1.));
#10131 = DIRECTION('',(-0.,-1.,0.));
#10132 = CYLINDRICAL_SURFACE('',#10133,0.5715);
#10133 = AXIS2_PLACEMENT_3D('',#10134,#10135,#10136);
#10134 = CARTESIAN_POINT('',(27.178194,-6.,-4.E-02));
#10135 = DIRECTION('',(-0.,-0.,-1.));
#10136 = DIRECTION('',(-0.,-1.,0.));
#10137 = ADVANCED_FACE('',(#10138,#10141),#10152,.F.);
#10138 = FACE_BOUND('',#10139,.F.);
#10139 = EDGE_LOOP('',(#10140));
#10140 = ORIENTED_EDGE('',*,*,#10126,.T.);
#10141 = FACE_BOUND('',#10142,.F.);
#10142 = EDGE_LOOP('',(#10143));
#10143 = ORIENTED_EDGE('',*,*,#10144,.T.);
#10144 = EDGE_CURVE('',#10145,#10145,#10147,.T.);
#10145 = VERTEX_POINT('',#10146);
#10146 = CARTESIAN_POINT('',(27.178194,-6.5465,-4.E-02));
#10147 = CIRCLE('',#10148,0.5465);
#10148 = AXIS2_PLACEMENT_3D('',#10149,#10150,#10151);
#10149 = CARTESIAN_POINT('',(27.178194,-6.,-4.E-02));
#10150 = DIRECTION('',(-0.,0.,-1.));
#10151 = DIRECTION('',(6.500848451602E-15,-1.,-0.));
#10152 = PLANE('',#10153);
#10153 = AXIS2_PLACEMENT_3D('',#10154,#10155,#10156);
#10154 = CARTESIAN_POINT('',(27.178194,-6.5715,-4.E-02));
#10155 = DIRECTION('',(0.,0.,1.));
#10156 = DIRECTION('',(1.,0.,-0.));
#10157 = ADVANCED_FACE('',(#10158,#10161),#10172,.T.);
#10158 = FACE_BOUND('',#10159,.T.);
#10159 = EDGE_LOOP('',(#10160));
#10160 = ORIENTED_EDGE('',*,*,#10118,.T.);
#10161 = FACE_BOUND('',#10162,.T.);
#10162 = EDGE_LOOP('',(#10163));
#10163 = ORIENTED_EDGE('',*,*,#10164,.T.);
#10164 = EDGE_CURVE('',#10165,#10165,#10167,.T.);
#10165 = VERTEX_POINT('',#10166);
#10166 = CARTESIAN_POINT('',(27.178194,-6.5465,1.55));
#10167 = CIRCLE('',#10168,0.5465);
#10168 = AXIS2_PLACEMENT_3D('',#10169,#10170,#10171);
#10169 = CARTESIAN_POINT('',(27.178194,-6.,1.55));
#10170 = DIRECTION('',(-0.,0.,-1.));
#10171 = DIRECTION('',(6.500848451602E-15,-1.,-0.));
#10172 = PLANE('',#10173);
#10173 = AXIS2_PLACEMENT_3D('',#10174,#10175,#10176);
#10174 = CARTESIAN_POINT('',(27.178194,-6.5715,1.55));
#10175 = DIRECTION('',(0.,0.,1.));
#10176 = DIRECTION('',(1.,0.,-0.));
#10177 = ADVANCED_FACE('',(#10178),#10189,.F.);
#10178 = FACE_BOUND('',#10179,.T.);
#10179 = EDGE_LOOP('',(#10180,#10181,#10187,#10188));
#10180 = ORIENTED_EDGE('',*,*,#10144,.T.);
#10181 = ORIENTED_EDGE('',*,*,#10182,.T.);
#10182 = EDGE_CURVE('',#10145,#10165,#10183,.T.);
#10183 = LINE('',#10184,#10185);
#10184 = CARTESIAN_POINT('',(27.178194,-6.5465,-4.6E-02));
#10185 = VECTOR('',#10186,1.);
#10186 = DIRECTION('',(0.,0.,1.));
#10187 = ORIENTED_EDGE('',*,*,#10164,.F.);
#10188 = ORIENTED_EDGE('',*,*,#10182,.F.);
#10189 = CYLINDRICAL_SURFACE('',#10190,0.5465);
#10190 = AXIS2_PLACEMENT_3D('',#10191,#10192,#10193);
#10191 = CARTESIAN_POINT('',(27.178194,-6.,-4.6E-02));
#10192 = DIRECTION('',(-0.,0.,-1.));
#10193 = DIRECTION('',(6.500848451602E-15,-1.,-0.));
#10194 = MANIFOLD_SOLID_BREP('',#10195);
#10195 = CLOSED_SHELL('',(#10196,#10238,#10269,#10302,#10333,#10366,
    #10397,#10430,#10452,#10468));
#10196 = ADVANCED_FACE('',(#10197),#10233,.T.);
#10197 = FACE_BOUND('',#10198,.T.);
#10198 = EDGE_LOOP('',(#10199,#10209,#10218,#10226));
#10199 = ORIENTED_EDGE('',*,*,#10200,.T.);
#10200 = EDGE_CURVE('',#10201,#10203,#10205,.T.);
#10201 = VERTEX_POINT('',#10202);
#10202 = CARTESIAN_POINT('',(16.9,-5.55,1.51));
#10203 = VERTEX_POINT('',#10204);
#10204 = CARTESIAN_POINT('',(16.9,-5.55,1.55));
#10205 = LINE('',#10206,#10207);
#10206 = CARTESIAN_POINT('',(16.9,-5.55,1.51));
#10207 = VECTOR('',#10208,1.);
#10208 = DIRECTION('',(0.,0.,1.));
#10209 = ORIENTED_EDGE('',*,*,#10210,.T.);
#10210 = EDGE_CURVE('',#10203,#10211,#10213,.T.);
#10211 = VERTEX_POINT('',#10212);
#10212 = CARTESIAN_POINT('',(17.15,-5.3,1.55));
#10213 = CIRCLE('',#10214,0.249998959685);
#10214 = AXIS2_PLACEMENT_3D('',#10215,#10216,#10217);
#10215 = CARTESIAN_POINT('',(17.149998959683,-5.549998959683,1.55));
#10216 = DIRECTION('',(0.,0.,-1.));
#10217 = DIRECTION('',(-0.999999999991,-4.16128581575E-06,-0.));
#10218 = ORIENTED_EDGE('',*,*,#10219,.F.);
#10219 = EDGE_CURVE('',#10220,#10211,#10222,.T.);
#10220 = VERTEX_POINT('',#10221);
#10221 = CARTESIAN_POINT('',(17.15,-5.3,1.51));
#10222 = LINE('',#10223,#10224);
#10223 = CARTESIAN_POINT('',(17.15,-5.3,1.51));
#10224 = VECTOR('',#10225,1.);
#10225 = DIRECTION('',(0.,0.,1.));
#10226 = ORIENTED_EDGE('',*,*,#10227,.F.);
#10227 = EDGE_CURVE('',#10201,#10220,#10228,.T.);
#10228 = CIRCLE('',#10229,0.249998959685);
#10229 = AXIS2_PLACEMENT_3D('',#10230,#10231,#10232);
#10230 = CARTESIAN_POINT('',(17.149998959683,-5.549998959683,1.51));
#10231 = DIRECTION('',(0.,0.,-1.));
#10232 = DIRECTION('',(-0.999999999991,-4.16128581575E-06,-0.));
#10233 = CYLINDRICAL_SURFACE('',#10234,0.249998959685);
#10234 = AXIS2_PLACEMENT_3D('',#10235,#10236,#10237);
#10235 = CARTESIAN_POINT('',(17.149998959683,-5.549998959683,1.51));
#10236 = DIRECTION('',(0.,0.,-1.));
#10237 = DIRECTION('',(-0.999999999991,-4.16128581575E-06,-0.));
#10238 = ADVANCED_FACE('',(#10239),#10264,.T.);
#10239 = FACE_BOUND('',#10240,.T.);
#10240 = EDGE_LOOP('',(#10241,#10242,#10250,#10258));
#10241 = ORIENTED_EDGE('',*,*,#10219,.T.);
#10242 = ORIENTED_EDGE('',*,*,#10243,.T.);
#10243 = EDGE_CURVE('',#10211,#10244,#10246,.T.);
#10244 = VERTEX_POINT('',#10245);
#10245 = CARTESIAN_POINT('',(17.675,-5.3,1.55));
#10246 = LINE('',#10247,#10248);
#10247 = CARTESIAN_POINT('',(17.15,-5.3,1.55));
#10248 = VECTOR('',#10249,1.);
#10249 = DIRECTION('',(1.,0.,0.));
#10250 = ORIENTED_EDGE('',*,*,#10251,.F.);
#10251 = EDGE_CURVE('',#10252,#10244,#10254,.T.);
#10252 = VERTEX_POINT('',#10253);
#10253 = CARTESIAN_POINT('',(17.675,-5.3,1.51));
#10254 = LINE('',#10255,#10256);
#10255 = CARTESIAN_POINT('',(17.675,-5.3,1.51));
#10256 = VECTOR('',#10257,1.);
#10257 = DIRECTION('',(0.,0.,1.));
#10258 = ORIENTED_EDGE('',*,*,#10259,.F.);
#10259 = EDGE_CURVE('',#10220,#10252,#10260,.T.);
#10260 = LINE('',#10261,#10262);
#10261 = CARTESIAN_POINT('',(17.15,-5.3,1.51));
#10262 = VECTOR('',#10263,1.);
#10263 = DIRECTION('',(1.,0.,0.));
#10264 = PLANE('',#10265);
#10265 = AXIS2_PLACEMENT_3D('',#10266,#10267,#10268);
#10266 = CARTESIAN_POINT('',(17.15,-5.3,1.51));
#10267 = DIRECTION('',(0.,1.,0.));
#10268 = DIRECTION('',(1.,0.,0.));
#10269 = ADVANCED_FACE('',(#10270),#10297,.T.);
#10270 = FACE_BOUND('',#10271,.T.);
#10271 = EDGE_LOOP('',(#10272,#10273,#10282,#10290));
#10272 = ORIENTED_EDGE('',*,*,#10251,.T.);
#10273 = ORIENTED_EDGE('',*,*,#10274,.T.);
#10274 = EDGE_CURVE('',#10244,#10275,#10277,.T.);
#10275 = VERTEX_POINT('',#10276);
#10276 = CARTESIAN_POINT('',(17.925,-5.55,1.55));
#10277 = CIRCLE('',#10278,0.249998959685);
#10278 = AXIS2_PLACEMENT_3D('',#10279,#10280,#10281);
#10279 = CARTESIAN_POINT('',(17.675001040317,-5.549998959683,1.55));
#10280 = DIRECTION('',(0.,0.,-1.));
#10281 = DIRECTION('',(-4.161285808645E-06,0.999999999991,0.));
#10282 = ORIENTED_EDGE('',*,*,#10283,.F.);
#10283 = EDGE_CURVE('',#10284,#10275,#10286,.T.);
#10284 = VERTEX_POINT('',#10285);
#10285 = CARTESIAN_POINT('',(17.925,-5.55,1.51));
#10286 = LINE('',#10287,#10288);
#10287 = CARTESIAN_POINT('',(17.925,-5.55,1.51));
#10288 = VECTOR('',#10289,1.);
#10289 = DIRECTION('',(0.,0.,1.));
#10290 = ORIENTED_EDGE('',*,*,#10291,.F.);
#10291 = EDGE_CURVE('',#10252,#10284,#10292,.T.);
#10292 = CIRCLE('',#10293,0.249998959685);
#10293 = AXIS2_PLACEMENT_3D('',#10294,#10295,#10296);
#10294 = CARTESIAN_POINT('',(17.675001040317,-5.549998959683,1.51));
#10295 = DIRECTION('',(0.,0.,-1.));
#10296 = DIRECTION('',(-4.161285808645E-06,0.999999999991,0.));
#10297 = CYLINDRICAL_SURFACE('',#10298,0.249998959685);
#10298 = AXIS2_PLACEMENT_3D('',#10299,#10300,#10301);
#10299 = CARTESIAN_POINT('',(17.675001040317,-5.549998959683,1.51));
#10300 = DIRECTION('',(0.,0.,-1.));
#10301 = DIRECTION('',(-4.161285808645E-06,0.999999999991,0.));
#10302 = ADVANCED_FACE('',(#10303),#10328,.T.);
#10303 = FACE_BOUND('',#10304,.T.);
#10304 = EDGE_LOOP('',(#10305,#10306,#10314,#10322));
#10305 = ORIENTED_EDGE('',*,*,#10283,.T.);
#10306 = ORIENTED_EDGE('',*,*,#10307,.T.);
#10307 = EDGE_CURVE('',#10275,#10308,#10310,.T.);
#10308 = VERTEX_POINT('',#10309);
#10309 = CARTESIAN_POINT('',(17.925,-6.45,1.55));
#10310 = LINE('',#10311,#10312);
#10311 = CARTESIAN_POINT('',(17.925,-5.55,1.55));
#10312 = VECTOR('',#10313,1.);
#10313 = DIRECTION('',(0.,-1.,0.));
#10314 = ORIENTED_EDGE('',*,*,#10315,.F.);
#10315 = EDGE_CURVE('',#10316,#10308,#10318,.T.);
#10316 = VERTEX_POINT('',#10317);
#10317 = CARTESIAN_POINT('',(17.925,-6.45,1.51));
#10318 = LINE('',#10319,#10320);
#10319 = CARTESIAN_POINT('',(17.925,-6.45,1.51));
#10320 = VECTOR('',#10321,1.);
#10321 = DIRECTION('',(0.,0.,1.));
#10322 = ORIENTED_EDGE('',*,*,#10323,.F.);
#10323 = EDGE_CURVE('',#10284,#10316,#10324,.T.);
#10324 = LINE('',#10325,#10326);
#10325 = CARTESIAN_POINT('',(17.925,-5.55,1.51));
#10326 = VECTOR('',#10327,1.);
#10327 = DIRECTION('',(0.,-1.,0.));
#10328 = PLANE('',#10329);
#10329 = AXIS2_PLACEMENT_3D('',#10330,#10331,#10332);
#10330 = CARTESIAN_POINT('',(17.925,-5.55,1.51));
#10331 = DIRECTION('',(1.,0.,-0.));
#10332 = DIRECTION('',(0.,-1.,0.));
#10333 = ADVANCED_FACE('',(#10334),#10361,.T.);
#10334 = FACE_BOUND('',#10335,.T.);
#10335 = EDGE_LOOP('',(#10336,#10337,#10346,#10354));
#10336 = ORIENTED_EDGE('',*,*,#10315,.T.);
#10337 = ORIENTED_EDGE('',*,*,#10338,.T.);
#10338 = EDGE_CURVE('',#10308,#10339,#10341,.T.);
#10339 = VERTEX_POINT('',#10340);
#10340 = CARTESIAN_POINT('',(17.675,-6.7,1.55));
#10341 = CIRCLE('',#10342,0.249998959685);
#10342 = AXIS2_PLACEMENT_3D('',#10343,#10344,#10345);
#10343 = CARTESIAN_POINT('',(17.675001040317,-6.450001040317,1.55));
#10344 = DIRECTION('',(0.,0.,-1.));
#10345 = DIRECTION('',(0.999999999991,4.16128581575E-06,0.));
#10346 = ORIENTED_EDGE('',*,*,#10347,.F.);
#10347 = EDGE_CURVE('',#10348,#10339,#10350,.T.);
#10348 = VERTEX_POINT('',#10349);
#10349 = CARTESIAN_POINT('',(17.675,-6.7,1.51));
#10350 = LINE('',#10351,#10352);
#10351 = CARTESIAN_POINT('',(17.675,-6.7,1.51));
#10352 = VECTOR('',#10353,1.);
#10353 = DIRECTION('',(0.,0.,1.));
#10354 = ORIENTED_EDGE('',*,*,#10355,.F.);
#10355 = EDGE_CURVE('',#10316,#10348,#10356,.T.);
#10356 = CIRCLE('',#10357,0.249998959685);
#10357 = AXIS2_PLACEMENT_3D('',#10358,#10359,#10360);
#10358 = CARTESIAN_POINT('',(17.675001040317,-6.450001040317,1.51));
#10359 = DIRECTION('',(0.,0.,-1.));
#10360 = DIRECTION('',(0.999999999991,4.16128581575E-06,0.));
#10361 = CYLINDRICAL_SURFACE('',#10362,0.249998959685);
#10362 = AXIS2_PLACEMENT_3D('',#10363,#10364,#10365);
#10363 = CARTESIAN_POINT('',(17.675001040317,-6.450001040317,1.51));
#10364 = DIRECTION('',(0.,0.,-1.));
#10365 = DIRECTION('',(0.999999999991,4.16128581575E-06,0.));
#10366 = ADVANCED_FACE('',(#10367),#10392,.T.);
#10367 = FACE_BOUND('',#10368,.T.);
#10368 = EDGE_LOOP('',(#10369,#10370,#10378,#10386));
#10369 = ORIENTED_EDGE('',*,*,#10347,.T.);
#10370 = ORIENTED_EDGE('',*,*,#10371,.T.);
#10371 = EDGE_CURVE('',#10339,#10372,#10374,.T.);
#10372 = VERTEX_POINT('',#10373);
#10373 = CARTESIAN_POINT('',(17.15,-6.7,1.55));
#10374 = LINE('',#10375,#10376);
#10375 = CARTESIAN_POINT('',(17.675,-6.7,1.55));
#10376 = VECTOR('',#10377,1.);
#10377 = DIRECTION('',(-1.,0.,0.));
#10378 = ORIENTED_EDGE('',*,*,#10379,.F.);
#10379 = EDGE_CURVE('',#10380,#10372,#10382,.T.);
#10380 = VERTEX_POINT('',#10381);
#10381 = CARTESIAN_POINT('',(17.15,-6.7,1.51));
#10382 = LINE('',#10383,#10384);
#10383 = CARTESIAN_POINT('',(17.15,-6.7,1.51));
#10384 = VECTOR('',#10385,1.);
#10385 = DIRECTION('',(0.,0.,1.));
#10386 = ORIENTED_EDGE('',*,*,#10387,.F.);
#10387 = EDGE_CURVE('',#10348,#10380,#10388,.T.);
#10388 = LINE('',#10389,#10390);
#10389 = CARTESIAN_POINT('',(17.675,-6.7,1.51));
#10390 = VECTOR('',#10391,1.);
#10391 = DIRECTION('',(-1.,0.,0.));
#10392 = PLANE('',#10393);
#10393 = AXIS2_PLACEMENT_3D('',#10394,#10395,#10396);
#10394 = CARTESIAN_POINT('',(17.675,-6.7,1.51));
#10395 = DIRECTION('',(0.,-1.,0.));
#10396 = DIRECTION('',(-1.,0.,0.));
#10397 = ADVANCED_FACE('',(#10398),#10425,.T.);
#10398 = FACE_BOUND('',#10399,.T.);
#10399 = EDGE_LOOP('',(#10400,#10401,#10410,#10418));
#10400 = ORIENTED_EDGE('',*,*,#10379,.T.);
#10401 = ORIENTED_EDGE('',*,*,#10402,.T.);
#10402 = EDGE_CURVE('',#10372,#10403,#10405,.T.);
#10403 = VERTEX_POINT('',#10404);
#10404 = CARTESIAN_POINT('',(16.9,-6.45,1.55));
#10405 = CIRCLE('',#10406,0.249998959685);
#10406 = AXIS2_PLACEMENT_3D('',#10407,#10408,#10409);
#10407 = CARTESIAN_POINT('',(17.149998959683,-6.450001040317,1.55));
#10408 = DIRECTION('',(0.,0.,-1.));
#10409 = DIRECTION('',(4.161285822855E-06,-0.999999999991,0.));
#10410 = ORIENTED_EDGE('',*,*,#10411,.F.);
#10411 = EDGE_CURVE('',#10412,#10403,#10414,.T.);
#10412 = VERTEX_POINT('',#10413);
#10413 = CARTESIAN_POINT('',(16.9,-6.45,1.51));
#10414 = LINE('',#10415,#10416);
#10415 = CARTESIAN_POINT('',(16.9,-6.45,1.51));
#10416 = VECTOR('',#10417,1.);
#10417 = DIRECTION('',(0.,0.,1.));
#10418 = ORIENTED_EDGE('',*,*,#10419,.F.);
#10419 = EDGE_CURVE('',#10380,#10412,#10420,.T.);
#10420 = CIRCLE('',#10421,0.249998959685);
#10421 = AXIS2_PLACEMENT_3D('',#10422,#10423,#10424);
#10422 = CARTESIAN_POINT('',(17.149998959683,-6.450001040317,1.51));
#10423 = DIRECTION('',(0.,0.,-1.));
#10424 = DIRECTION('',(4.161285822855E-06,-0.999999999991,0.));
#10425 = CYLINDRICAL_SURFACE('',#10426,0.249998959685);
#10426 = AXIS2_PLACEMENT_3D('',#10427,#10428,#10429);
#10427 = CARTESIAN_POINT('',(17.149998959683,-6.450001040317,1.51));
#10428 = DIRECTION('',(0.,0.,-1.));
#10429 = DIRECTION('',(4.161285822855E-06,-0.999999999991,0.));
#10430 = ADVANCED_FACE('',(#10431),#10447,.T.);
#10431 = FACE_BOUND('',#10432,.T.);
#10432 = EDGE_LOOP('',(#10433,#10434,#10440,#10441));
#10433 = ORIENTED_EDGE('',*,*,#10411,.T.);
#10434 = ORIENTED_EDGE('',*,*,#10435,.T.);
#10435 = EDGE_CURVE('',#10403,#10203,#10436,.T.);
#10436 = LINE('',#10437,#10438);
#10437 = CARTESIAN_POINT('',(16.9,-6.45,1.55));
#10438 = VECTOR('',#10439,1.);
#10439 = DIRECTION('',(0.,1.,0.));
#10440 = ORIENTED_EDGE('',*,*,#10200,.F.);
#10441 = ORIENTED_EDGE('',*,*,#10442,.F.);
#10442 = EDGE_CURVE('',#10412,#10201,#10443,.T.);
#10443 = LINE('',#10444,#10445);
#10444 = CARTESIAN_POINT('',(16.9,-6.45,1.51));
#10445 = VECTOR('',#10446,1.);
#10446 = DIRECTION('',(0.,1.,0.));
#10447 = PLANE('',#10448);
#10448 = AXIS2_PLACEMENT_3D('',#10449,#10450,#10451);
#10449 = CARTESIAN_POINT('',(16.9,-6.45,1.51));
#10450 = DIRECTION('',(-1.,0.,0.));
#10451 = DIRECTION('',(0.,1.,0.));
#10452 = ADVANCED_FACE('',(#10453),#10463,.F.);
#10453 = FACE_BOUND('',#10454,.T.);
#10454 = EDGE_LOOP('',(#10455,#10456,#10457,#10458,#10459,#10460,#10461,
    #10462));
#10455 = ORIENTED_EDGE('',*,*,#10227,.T.);
#10456 = ORIENTED_EDGE('',*,*,#10259,.T.);
#10457 = ORIENTED_EDGE('',*,*,#10291,.T.);
#10458 = ORIENTED_EDGE('',*,*,#10323,.T.);
#10459 = ORIENTED_EDGE('',*,*,#10355,.T.);
#10460 = ORIENTED_EDGE('',*,*,#10387,.T.);
#10461 = ORIENTED_EDGE('',*,*,#10419,.T.);
#10462 = ORIENTED_EDGE('',*,*,#10442,.T.);
#10463 = PLANE('',#10464);
#10464 = AXIS2_PLACEMENT_3D('',#10465,#10466,#10467);
#10465 = CARTESIAN_POINT('',(0.,0.,1.51));
#10466 = DIRECTION('',(0.,0.,1.));
#10467 = DIRECTION('',(1.,0.,-0.));
#10468 = ADVANCED_FACE('',(#10469),#10479,.T.);
#10469 = FACE_BOUND('',#10470,.F.);
#10470 = EDGE_LOOP('',(#10471,#10472,#10473,#10474,#10475,#10476,#10477,
    #10478));
#10471 = ORIENTED_EDGE('',*,*,#10210,.T.);
#10472 = ORIENTED_EDGE('',*,*,#10243,.T.);
#10473 = ORIENTED_EDGE('',*,*,#10274,.T.);
#10474 = ORIENTED_EDGE('',*,*,#10307,.T.);
#10475 = ORIENTED_EDGE('',*,*,#10338,.T.);
#10476 = ORIENTED_EDGE('',*,*,#10371,.T.);
#10477 = ORIENTED_EDGE('',*,*,#10402,.T.);
#10478 = ORIENTED_EDGE('',*,*,#10435,.T.);
#10479 = PLANE('',#10480);
#10480 = AXIS2_PLACEMENT_3D('',#10481,#10482,#10483);
#10481 = CARTESIAN_POINT('',(0.,0.,1.55));
#10482 = DIRECTION('',(0.,0.,1.));
#10483 = DIRECTION('',(1.,0.,-0.));
#10484 = MANIFOLD_SOLID_BREP('',#10485);
#10485 = CLOSED_SHELL('',(#10486,#10519,#10539,#10559));
#10486 = ADVANCED_FACE('',(#10487),#10514,.T.);
#10487 = FACE_BOUND('',#10488,.F.);
#10488 = EDGE_LOOP('',(#10489,#10499,#10506,#10507));
#10489 = ORIENTED_EDGE('',*,*,#10490,.T.);
#10490 = EDGE_CURVE('',#10491,#10493,#10495,.T.);
#10491 = VERTEX_POINT('',#10492);
#10492 = CARTESIAN_POINT('',(30.543693,-6.,1.51));
#10493 = VERTEX_POINT('',#10494);
#10494 = CARTESIAN_POINT('',(30.543693,-6.,1.55));
#10495 = LINE('',#10496,#10497);
#10496 = CARTESIAN_POINT('',(30.543693,-6.,1.51));
#10497 = VECTOR('',#10498,1.);
#10498 = DIRECTION('',(0.,0.,1.));
#10499 = ORIENTED_EDGE('',*,*,#10500,.T.);
#10500 = EDGE_CURVE('',#10493,#10493,#10501,.T.);
#10501 = CIRCLE('',#10502,0.825499);
#10502 = AXIS2_PLACEMENT_3D('',#10503,#10504,#10505);
#10503 = CARTESIAN_POINT('',(29.718194,-6.,1.55));
#10504 = DIRECTION('',(0.,0.,1.));
#10505 = DIRECTION('',(1.,0.,-0.));
#10506 = ORIENTED_EDGE('',*,*,#10490,.F.);
#10507 = ORIENTED_EDGE('',*,*,#10508,.F.);
#10508 = EDGE_CURVE('',#10491,#10491,#10509,.T.);
#10509 = CIRCLE('',#10510,0.825499);
#10510 = AXIS2_PLACEMENT_3D('',#10511,#10512,#10513);
#10511 = CARTESIAN_POINT('',(29.718194,-6.,1.51));
#10512 = DIRECTION('',(0.,0.,1.));
#10513 = DIRECTION('',(1.,0.,-0.));
#10514 = CYLINDRICAL_SURFACE('',#10515,0.825499);
#10515 = AXIS2_PLACEMENT_3D('',#10516,#10517,#10518);
#10516 = CARTESIAN_POINT('',(29.718194,-6.,1.51));
#10517 = DIRECTION('',(-0.,-0.,-1.));
#10518 = DIRECTION('',(1.,0.,-0.));
#10519 = ADVANCED_FACE('',(#10520,#10523),#10534,.F.);
#10520 = FACE_BOUND('',#10521,.F.);
#10521 = EDGE_LOOP('',(#10522));
#10522 = ORIENTED_EDGE('',*,*,#10508,.T.);
#10523 = FACE_BOUND('',#10524,.F.);
#10524 = EDGE_LOOP('',(#10525));
#10525 = ORIENTED_EDGE('',*,*,#10526,.T.);
#10526 = EDGE_CURVE('',#10527,#10527,#10529,.T.);
#10527 = VERTEX_POINT('',#10528);
#10528 = CARTESIAN_POINT('',(29.718194,-6.5465,1.51));
#10529 = CIRCLE('',#10530,0.5465);
#10530 = AXIS2_PLACEMENT_3D('',#10531,#10532,#10533);
#10531 = CARTESIAN_POINT('',(29.718194,-6.,1.51));
#10532 = DIRECTION('',(-0.,0.,-1.));
#10533 = DIRECTION('',(6.500848451602E-15,-1.,-0.));
#10534 = PLANE('',#10535);
#10535 = AXIS2_PLACEMENT_3D('',#10536,#10537,#10538);
#10536 = CARTESIAN_POINT('',(0.,0.,1.51));
#10537 = DIRECTION('',(0.,0.,1.));
#10538 = DIRECTION('',(1.,0.,-0.));
#10539 = ADVANCED_FACE('',(#10540,#10543),#10554,.T.);
#10540 = FACE_BOUND('',#10541,.T.);
#10541 = EDGE_LOOP('',(#10542));
#10542 = ORIENTED_EDGE('',*,*,#10500,.T.);
#10543 = FACE_BOUND('',#10544,.T.);
#10544 = EDGE_LOOP('',(#10545));
#10545 = ORIENTED_EDGE('',*,*,#10546,.T.);
#10546 = EDGE_CURVE('',#10547,#10547,#10549,.T.);
#10547 = VERTEX_POINT('',#10548);
#10548 = CARTESIAN_POINT('',(29.718194,-6.5465,1.55));
#10549 = CIRCLE('',#10550,0.5465);
#10550 = AXIS2_PLACEMENT_3D('',#10551,#10552,#10553);
#10551 = CARTESIAN_POINT('',(29.718194,-6.,1.55));
#10552 = DIRECTION('',(-0.,0.,-1.));
#10553 = DIRECTION('',(6.500848451602E-15,-1.,-0.));
#10554 = PLANE('',#10555);
#10555 = AXIS2_PLACEMENT_3D('',#10556,#10557,#10558);
#10556 = CARTESIAN_POINT('',(0.,0.,1.55));
#10557 = DIRECTION('',(0.,0.,1.));
#10558 = DIRECTION('',(1.,0.,-0.));
#10559 = ADVANCED_FACE('',(#10560),#10571,.F.);
#10560 = FACE_BOUND('',#10561,.T.);
#10561 = EDGE_LOOP('',(#10562,#10563,#10569,#10570));
#10562 = ORIENTED_EDGE('',*,*,#10526,.T.);
#10563 = ORIENTED_EDGE('',*,*,#10564,.T.);
#10564 = EDGE_CURVE('',#10527,#10547,#10565,.T.);
#10565 = LINE('',#10566,#10567);
#10566 = CARTESIAN_POINT('',(29.718194,-6.5465,-4.6E-02));
#10567 = VECTOR('',#10568,1.);
#10568 = DIRECTION('',(0.,0.,1.));
#10569 = ORIENTED_EDGE('',*,*,#10546,.F.);
#10570 = ORIENTED_EDGE('',*,*,#10564,.F.);
#10571 = CYLINDRICAL_SURFACE('',#10572,0.5465);
#10572 = AXIS2_PLACEMENT_3D('',#10573,#10574,#10575);
#10573 = CARTESIAN_POINT('',(29.718194,-6.,-4.6E-02));
#10574 = DIRECTION('',(-0.,0.,-1.));
#10575 = DIRECTION('',(6.500848451602E-15,-1.,-0.));
#10576 = MANIFOLD_SOLID_BREP('',#10577);
#10577 = CLOSED_SHELL('',(#10578,#10611,#10631,#10651));
#10578 = ADVANCED_FACE('',(#10579),#10606,.T.);
#10579 = FACE_BOUND('',#10580,.T.);
#10580 = EDGE_LOOP('',(#10581,#10591,#10598,#10599));
#10581 = ORIENTED_EDGE('',*,*,#10582,.T.);
#10582 = EDGE_CURVE('',#10583,#10585,#10587,.T.);
#10583 = VERTEX_POINT('',#10584);
#10584 = CARTESIAN_POINT('',(30.543693,-6.,0.));
#10585 = VERTEX_POINT('',#10586);
#10586 = CARTESIAN_POINT('',(30.543693,-6.,-4.E-02));
#10587 = LINE('',#10588,#10589);
#10588 = CARTESIAN_POINT('',(30.543693,-6.,0.));
#10589 = VECTOR('',#10590,1.);
#10590 = DIRECTION('',(0.,0.,-1.));
#10591 = ORIENTED_EDGE('',*,*,#10592,.T.);
#10592 = EDGE_CURVE('',#10585,#10585,#10593,.T.);
#10593 = CIRCLE('',#10594,0.825499);
#10594 = AXIS2_PLACEMENT_3D('',#10595,#10596,#10597);
#10595 = CARTESIAN_POINT('',(29.718194,-6.,-4.E-02));
#10596 = DIRECTION('',(0.,0.,1.));
#10597 = DIRECTION('',(1.,0.,-0.));
#10598 = ORIENTED_EDGE('',*,*,#10582,.F.);
#10599 = ORIENTED_EDGE('',*,*,#10600,.F.);
#10600 = EDGE_CURVE('',#10583,#10583,#10601,.T.);
#10601 = CIRCLE('',#10602,0.825499);
#10602 = AXIS2_PLACEMENT_3D('',#10603,#10604,#10605);
#10603 = CARTESIAN_POINT('',(29.718194,-6.,0.));
#10604 = DIRECTION('',(0.,0.,1.));
#10605 = DIRECTION('',(1.,0.,-0.));
#10606 = CYLINDRICAL_SURFACE('',#10607,0.825499);
#10607 = AXIS2_PLACEMENT_3D('',#10608,#10609,#10610);
#10608 = CARTESIAN_POINT('',(29.718194,-6.,0.));
#10609 = DIRECTION('',(0.,0.,1.));
#10610 = DIRECTION('',(1.,0.,-0.));
#10611 = ADVANCED_FACE('',(#10612,#10615),#10626,.F.);
#10612 = FACE_BOUND('',#10613,.F.);
#10613 = EDGE_LOOP('',(#10614));
#10614 = ORIENTED_EDGE('',*,*,#10600,.F.);
#10615 = FACE_BOUND('',#10616,.F.);
#10616 = EDGE_LOOP('',(#10617));
#10617 = ORIENTED_EDGE('',*,*,#10618,.F.);
#10618 = EDGE_CURVE('',#10619,#10619,#10621,.T.);
#10619 = VERTEX_POINT('',#10620);
#10620 = CARTESIAN_POINT('',(29.718194,-6.5465,0.));
#10621 = CIRCLE('',#10622,0.5465);
#10622 = AXIS2_PLACEMENT_3D('',#10623,#10624,#10625);
#10623 = CARTESIAN_POINT('',(29.718194,-6.,0.));
#10624 = DIRECTION('',(-0.,0.,-1.));
#10625 = DIRECTION('',(6.500848451602E-15,-1.,-0.));
#10626 = PLANE('',#10627);
#10627 = AXIS2_PLACEMENT_3D('',#10628,#10629,#10630);
#10628 = CARTESIAN_POINT('',(0.,0.,0.));
#10629 = DIRECTION('',(-0.,-0.,-1.));
#10630 = DIRECTION('',(-1.,0.,0.));
#10631 = ADVANCED_FACE('',(#10632,#10635),#10646,.T.);
#10632 = FACE_BOUND('',#10633,.T.);
#10633 = EDGE_LOOP('',(#10634));
#10634 = ORIENTED_EDGE('',*,*,#10592,.F.);
#10635 = FACE_BOUND('',#10636,.T.);
#10636 = EDGE_LOOP('',(#10637));
#10637 = ORIENTED_EDGE('',*,*,#10638,.F.);
#10638 = EDGE_CURVE('',#10639,#10639,#10641,.T.);
#10639 = VERTEX_POINT('',#10640);
#10640 = CARTESIAN_POINT('',(29.718194,-6.5465,-4.E-02));
#10641 = CIRCLE('',#10642,0.5465);
#10642 = AXIS2_PLACEMENT_3D('',#10643,#10644,#10645);
#10643 = CARTESIAN_POINT('',(29.718194,-6.,-4.E-02));
#10644 = DIRECTION('',(-0.,0.,-1.));
#10645 = DIRECTION('',(6.500848451602E-15,-1.,-0.));
#10646 = PLANE('',#10647);
#10647 = AXIS2_PLACEMENT_3D('',#10648,#10649,#10650);
#10648 = CARTESIAN_POINT('',(0.,0.,-4.E-02));
#10649 = DIRECTION('',(-0.,-0.,-1.));
#10650 = DIRECTION('',(-1.,0.,0.));
#10651 = ADVANCED_FACE('',(#10652),#10663,.F.);
#10652 = FACE_BOUND('',#10653,.T.);
#10653 = EDGE_LOOP('',(#10654,#10655,#10661,#10662));
#10654 = ORIENTED_EDGE('',*,*,#10638,.T.);
#10655 = ORIENTED_EDGE('',*,*,#10656,.T.);
#10656 = EDGE_CURVE('',#10639,#10619,#10657,.T.);
#10657 = LINE('',#10658,#10659);
#10658 = CARTESIAN_POINT('',(29.718194,-6.5465,-4.6E-02));
#10659 = VECTOR('',#10660,1.);
#10660 = DIRECTION('',(0.,0.,1.));
#10661 = ORIENTED_EDGE('',*,*,#10618,.F.);
#10662 = ORIENTED_EDGE('',*,*,#10656,.F.);
#10663 = CYLINDRICAL_SURFACE('',#10664,0.5465);
#10664 = AXIS2_PLACEMENT_3D('',#10665,#10666,#10667);
#10665 = CARTESIAN_POINT('',(29.718194,-6.,-4.6E-02));
#10666 = DIRECTION('',(-0.,0.,-1.));
#10667 = DIRECTION('',(6.500848451602E-15,-1.,-0.));
#10668 = MANIFOLD_SOLID_BREP('',#10669);
#10669 = CLOSED_SHELL('',(#10670,#10703,#10723,#10743));
#10670 = ADVANCED_FACE('',(#10671),#10698,.T.);
#10671 = FACE_BOUND('',#10672,.F.);
#10672 = EDGE_LOOP('',(#10673,#10683,#10690,#10691));
#10673 = ORIENTED_EDGE('',*,*,#10674,.T.);
#10674 = EDGE_CURVE('',#10675,#10677,#10679,.T.);
#10675 = VERTEX_POINT('',#10676);
#10676 = CARTESIAN_POINT('',(29.718194,-6.5715,-4.E-02));
#10677 = VERTEX_POINT('',#10678);
#10678 = CARTESIAN_POINT('',(29.718194,-6.5715,1.55));
#10679 = LINE('',#10680,#10681);
#10680 = CARTESIAN_POINT('',(29.718194,-6.5715,-4.E-02));
#10681 = VECTOR('',#10682,1.);
#10682 = DIRECTION('',(0.,0.,1.));
#10683 = ORIENTED_EDGE('',*,*,#10684,.T.);
#10684 = EDGE_CURVE('',#10677,#10677,#10685,.T.);
#10685 = CIRCLE('',#10686,0.5715);
#10686 = AXIS2_PLACEMENT_3D('',#10687,#10688,#10689);
#10687 = CARTESIAN_POINT('',(29.718194,-6.,1.55));
#10688 = DIRECTION('',(0.,0.,1.));
#10689 = DIRECTION('',(-0.,-1.,0.));
#10690 = ORIENTED_EDGE('',*,*,#10674,.F.);
#10691 = ORIENTED_EDGE('',*,*,#10692,.F.);
#10692 = EDGE_CURVE('',#10675,#10675,#10693,.T.);
#10693 = CIRCLE('',#10694,0.5715);
#10694 = AXIS2_PLACEMENT_3D('',#10695,#10696,#10697);
#10695 = CARTESIAN_POINT('',(29.718194,-6.,-4.E-02));
#10696 = DIRECTION('',(0.,0.,1.));
#10697 = DIRECTION('',(-0.,-1.,0.));
#10698 = CYLINDRICAL_SURFACE('',#10699,0.5715);
#10699 = AXIS2_PLACEMENT_3D('',#10700,#10701,#10702);
#10700 = CARTESIAN_POINT('',(29.718194,-6.,-4.E-02));
#10701 = DIRECTION('',(-0.,-0.,-1.));
#10702 = DIRECTION('',(-0.,-1.,0.));
#10703 = ADVANCED_FACE('',(#10704,#10707),#10718,.F.);
#10704 = FACE_BOUND('',#10705,.F.);
#10705 = EDGE_LOOP('',(#10706));
#10706 = ORIENTED_EDGE('',*,*,#10692,.T.);
#10707 = FACE_BOUND('',#10708,.F.);
#10708 = EDGE_LOOP('',(#10709));
#10709 = ORIENTED_EDGE('',*,*,#10710,.T.);
#10710 = EDGE_CURVE('',#10711,#10711,#10713,.T.);
#10711 = VERTEX_POINT('',#10712);
#10712 = CARTESIAN_POINT('',(29.718194,-6.5465,-4.E-02));
#10713 = CIRCLE('',#10714,0.5465);
#10714 = AXIS2_PLACEMENT_3D('',#10715,#10716,#10717);
#10715 = CARTESIAN_POINT('',(29.718194,-6.,-4.E-02));
#10716 = DIRECTION('',(-0.,0.,-1.));
#10717 = DIRECTION('',(6.500848451602E-15,-1.,-0.));
#10718 = PLANE('',#10719);
#10719 = AXIS2_PLACEMENT_3D('',#10720,#10721,#10722);
#10720 = CARTESIAN_POINT('',(29.718194,-6.5715,-4.E-02));
#10721 = DIRECTION('',(0.,0.,1.));
#10722 = DIRECTION('',(1.,0.,-0.));
#10723 = ADVANCED_FACE('',(#10724,#10727),#10738,.T.);
#10724 = FACE_BOUND('',#10725,.T.);
#10725 = EDGE_LOOP('',(#10726));
#10726 = ORIENTED_EDGE('',*,*,#10684,.T.);
#10727 = FACE_BOUND('',#10728,.T.);
#10728 = EDGE_LOOP('',(#10729));
#10729 = ORIENTED_EDGE('',*,*,#10730,.T.);
#10730 = EDGE_CURVE('',#10731,#10731,#10733,.T.);
#10731 = VERTEX_POINT('',#10732);
#10732 = CARTESIAN_POINT('',(29.718194,-6.5465,1.55));
#10733 = CIRCLE('',#10734,0.5465);
#10734 = AXIS2_PLACEMENT_3D('',#10735,#10736,#10737);
#10735 = CARTESIAN_POINT('',(29.718194,-6.,1.55));
#10736 = DIRECTION('',(-0.,0.,-1.));
#10737 = DIRECTION('',(6.500848451602E-15,-1.,-0.));
#10738 = PLANE('',#10739);
#10739 = AXIS2_PLACEMENT_3D('',#10740,#10741,#10742);
#10740 = CARTESIAN_POINT('',(29.718194,-6.5715,1.55));
#10741 = DIRECTION('',(0.,0.,1.));
#10742 = DIRECTION('',(1.,0.,-0.));
#10743 = ADVANCED_FACE('',(#10744),#10755,.F.);
#10744 = FACE_BOUND('',#10745,.T.);
#10745 = EDGE_LOOP('',(#10746,#10747,#10753,#10754));
#10746 = ORIENTED_EDGE('',*,*,#10710,.T.);
#10747 = ORIENTED_EDGE('',*,*,#10748,.T.);
#10748 = EDGE_CURVE('',#10711,#10731,#10749,.T.);
#10749 = LINE('',#10750,#10751);
#10750 = CARTESIAN_POINT('',(29.718194,-6.5465,-4.6E-02));
#10751 = VECTOR('',#10752,1.);
#10752 = DIRECTION('',(0.,0.,1.));
#10753 = ORIENTED_EDGE('',*,*,#10730,.F.);
#10754 = ORIENTED_EDGE('',*,*,#10748,.F.);
#10755 = CYLINDRICAL_SURFACE('',#10756,0.5465);
#10756 = AXIS2_PLACEMENT_3D('',#10757,#10758,#10759);
#10757 = CARTESIAN_POINT('',(29.718194,-6.,-4.6E-02));
#10758 = DIRECTION('',(-0.,0.,-1.));
#10759 = DIRECTION('',(6.500848451602E-15,-1.,-0.));
#10760 = MANIFOLD_SOLID_BREP('',#10761);
#10761 = CLOSED_SHELL('',(#10762,#10804,#10835,#10868,#10899,#10932,
    #10963,#10996,#11018,#11034));
#10762 = ADVANCED_FACE('',(#10763),#10799,.T.);
#10763 = FACE_BOUND('',#10764,.T.);
#10764 = EDGE_LOOP('',(#10765,#10775,#10784,#10792));
#10765 = ORIENTED_EDGE('',*,*,#10766,.T.);
#10766 = EDGE_CURVE('',#10767,#10769,#10771,.T.);
#10767 = VERTEX_POINT('',#10768);
#10768 = CARTESIAN_POINT('',(26.488,-9.796,1.51));
#10769 = VERTEX_POINT('',#10770);
#10770 = CARTESIAN_POINT('',(26.488,-9.796,1.55));
#10771 = LINE('',#10772,#10773);
#10772 = CARTESIAN_POINT('',(26.488,-9.796,1.51));
#10773 = VECTOR('',#10774,1.);
#10774 = DIRECTION('',(0.,0.,1.));
#10775 = ORIENTED_EDGE('',*,*,#10776,.T.);
#10776 = EDGE_CURVE('',#10769,#10777,#10779,.T.);
#10777 = VERTEX_POINT('',#10778);
#10778 = CARTESIAN_POINT('',(27.738,-8.546,1.55));
#10779 = CIRCLE('',#10780,1.249999102948);
#10780 = AXIS2_PLACEMENT_3D('',#10781,#10782,#10783);
#10781 = CARTESIAN_POINT('',(27.737999102948,-9.795999102948,1.55));
#10782 = DIRECTION('',(0.,0.,-1.));
#10783 = DIRECTION('',(-1.,-7.176421127125E-07,-0.));
#10784 = ORIENTED_EDGE('',*,*,#10785,.F.);
#10785 = EDGE_CURVE('',#10786,#10777,#10788,.T.);
#10786 = VERTEX_POINT('',#10787);
#10787 = CARTESIAN_POINT('',(27.738,-8.546,1.51));
#10788 = LINE('',#10789,#10790);
#10789 = CARTESIAN_POINT('',(27.738,-8.546,1.51));
#10790 = VECTOR('',#10791,1.);
#10791 = DIRECTION('',(0.,0.,1.));
#10792 = ORIENTED_EDGE('',*,*,#10793,.F.);
#10793 = EDGE_CURVE('',#10767,#10786,#10794,.T.);
#10794 = CIRCLE('',#10795,1.249999102948);
#10795 = AXIS2_PLACEMENT_3D('',#10796,#10797,#10798);
#10796 = CARTESIAN_POINT('',(27.737999102948,-9.795999102948,1.51));
#10797 = DIRECTION('',(0.,0.,-1.));
#10798 = DIRECTION('',(-1.,-7.176421127125E-07,-0.));
#10799 = CYLINDRICAL_SURFACE('',#10800,1.249999102948);
#10800 = AXIS2_PLACEMENT_3D('',#10801,#10802,#10803);
#10801 = CARTESIAN_POINT('',(27.737999102948,-9.795999102948,1.51));
#10802 = DIRECTION('',(0.,0.,-1.));
#10803 = DIRECTION('',(-1.,-7.176421127125E-07,-0.));
#10804 = ADVANCED_FACE('',(#10805),#10830,.T.);
#10805 = FACE_BOUND('',#10806,.T.);
#10806 = EDGE_LOOP('',(#10807,#10808,#10816,#10824));
#10807 = ORIENTED_EDGE('',*,*,#10785,.T.);
#10808 = ORIENTED_EDGE('',*,*,#10809,.T.);
#10809 = EDGE_CURVE('',#10777,#10810,#10812,.T.);
#10810 = VERTEX_POINT('',#10811);
#10811 = CARTESIAN_POINT('',(31.738,-8.546,1.55));
#10812 = LINE('',#10813,#10814);
#10813 = CARTESIAN_POINT('',(27.738,-8.546,1.55));
#10814 = VECTOR('',#10815,1.);
#10815 = DIRECTION('',(1.,0.,0.));
#10816 = ORIENTED_EDGE('',*,*,#10817,.F.);
#10817 = EDGE_CURVE('',#10818,#10810,#10820,.T.);
#10818 = VERTEX_POINT('',#10819);
#10819 = CARTESIAN_POINT('',(31.738,-8.546,1.51));
#10820 = LINE('',#10821,#10822);
#10821 = CARTESIAN_POINT('',(31.738,-8.546,1.51));
#10822 = VECTOR('',#10823,1.);
#10823 = DIRECTION('',(0.,0.,1.));
#10824 = ORIENTED_EDGE('',*,*,#10825,.F.);
#10825 = EDGE_CURVE('',#10786,#10818,#10826,.T.);
#10826 = LINE('',#10827,#10828);
#10827 = CARTESIAN_POINT('',(27.738,-8.546,1.51));
#10828 = VECTOR('',#10829,1.);
#10829 = DIRECTION('',(1.,0.,0.));
#10830 = PLANE('',#10831);
#10831 = AXIS2_PLACEMENT_3D('',#10832,#10833,#10834);
#10832 = CARTESIAN_POINT('',(27.738,-8.546,1.51));
#10833 = DIRECTION('',(0.,1.,0.));
#10834 = DIRECTION('',(1.,0.,0.));
#10835 = ADVANCED_FACE('',(#10836),#10863,.T.);
#10836 = FACE_BOUND('',#10837,.T.);
#10837 = EDGE_LOOP('',(#10838,#10839,#10848,#10856));
#10838 = ORIENTED_EDGE('',*,*,#10817,.T.);
#10839 = ORIENTED_EDGE('',*,*,#10840,.T.);
#10840 = EDGE_CURVE('',#10810,#10841,#10843,.T.);
#10841 = VERTEX_POINT('',#10842);
#10842 = CARTESIAN_POINT('',(32.988,-9.796,1.55));
#10843 = CIRCLE('',#10844,1.249999102948);
#10844 = AXIS2_PLACEMENT_3D('',#10845,#10846,#10847);
#10845 = CARTESIAN_POINT('',(31.738000897052,-9.795999102948,1.55));
#10846 = DIRECTION('',(0.,0.,-1.));
#10847 = DIRECTION('',(-7.176421183968E-07,1.,0.));
#10848 = ORIENTED_EDGE('',*,*,#10849,.F.);
#10849 = EDGE_CURVE('',#10850,#10841,#10852,.T.);
#10850 = VERTEX_POINT('',#10851);
#10851 = CARTESIAN_POINT('',(32.988,-9.796,1.51));
#10852 = LINE('',#10853,#10854);
#10853 = CARTESIAN_POINT('',(32.988,-9.796,1.51));
#10854 = VECTOR('',#10855,1.);
#10855 = DIRECTION('',(0.,0.,1.));
#10856 = ORIENTED_EDGE('',*,*,#10857,.F.);
#10857 = EDGE_CURVE('',#10818,#10850,#10858,.T.);
#10858 = CIRCLE('',#10859,1.249999102948);
#10859 = AXIS2_PLACEMENT_3D('',#10860,#10861,#10862);
#10860 = CARTESIAN_POINT('',(31.738000897052,-9.795999102948,1.51));
#10861 = DIRECTION('',(0.,0.,-1.));
#10862 = DIRECTION('',(-7.176421183968E-07,1.,0.));
#10863 = CYLINDRICAL_SURFACE('',#10864,1.249999102948);
#10864 = AXIS2_PLACEMENT_3D('',#10865,#10866,#10867);
#10865 = CARTESIAN_POINT('',(31.738000897052,-9.795999102948,1.51));
#10866 = DIRECTION('',(0.,0.,-1.));
#10867 = DIRECTION('',(-7.176421183968E-07,1.,0.));
#10868 = ADVANCED_FACE('',(#10869),#10894,.T.);
#10869 = FACE_BOUND('',#10870,.T.);
#10870 = EDGE_LOOP('',(#10871,#10872,#10880,#10888));
#10871 = ORIENTED_EDGE('',*,*,#10849,.T.);
#10872 = ORIENTED_EDGE('',*,*,#10873,.T.);
#10873 = EDGE_CURVE('',#10841,#10874,#10876,.T.);
#10874 = VERTEX_POINT('',#10875);
#10875 = CARTESIAN_POINT('',(32.988,-12.296,1.55));
#10876 = LINE('',#10877,#10878);
#10877 = CARTESIAN_POINT('',(32.988,-9.796,1.55));
#10878 = VECTOR('',#10879,1.);
#10879 = DIRECTION('',(0.,-1.,0.));
#10880 = ORIENTED_EDGE('',*,*,#10881,.F.);
#10881 = EDGE_CURVE('',#10882,#10874,#10884,.T.);
#10882 = VERTEX_POINT('',#10883);
#10883 = CARTESIAN_POINT('',(32.988,-12.296,1.51));
#10884 = LINE('',#10885,#10886);
#10885 = CARTESIAN_POINT('',(32.988,-12.296,1.51));
#10886 = VECTOR('',#10887,1.);
#10887 = DIRECTION('',(0.,0.,1.));
#10888 = ORIENTED_EDGE('',*,*,#10889,.F.);
#10889 = EDGE_CURVE('',#10850,#10882,#10890,.T.);
#10890 = LINE('',#10891,#10892);
#10891 = CARTESIAN_POINT('',(32.988,-9.796,1.51));
#10892 = VECTOR('',#10893,1.);
#10893 = DIRECTION('',(0.,-1.,0.));
#10894 = PLANE('',#10895);
#10895 = AXIS2_PLACEMENT_3D('',#10896,#10897,#10898);
#10896 = CARTESIAN_POINT('',(32.988,-9.796,1.51));
#10897 = DIRECTION('',(1.,0.,-0.));
#10898 = DIRECTION('',(0.,-1.,0.));
#10899 = ADVANCED_FACE('',(#10900),#10927,.T.);
#10900 = FACE_BOUND('',#10901,.T.);
#10901 = EDGE_LOOP('',(#10902,#10903,#10912,#10920));
#10902 = ORIENTED_EDGE('',*,*,#10881,.T.);
#10903 = ORIENTED_EDGE('',*,*,#10904,.T.);
#10904 = EDGE_CURVE('',#10874,#10905,#10907,.T.);
#10905 = VERTEX_POINT('',#10906);
#10906 = CARTESIAN_POINT('',(31.738,-13.546,1.55));
#10907 = CIRCLE('',#10908,1.249999102948);
#10908 = AXIS2_PLACEMENT_3D('',#10909,#10910,#10911);
#10909 = CARTESIAN_POINT('',(31.738000897052,-12.29600089705,1.55));
#10910 = DIRECTION('',(0.,0.,-1.));
#10911 = DIRECTION('',(1.,7.176421127125E-07,0.));
#10912 = ORIENTED_EDGE('',*,*,#10913,.F.);
#10913 = EDGE_CURVE('',#10914,#10905,#10916,.T.);
#10914 = VERTEX_POINT('',#10915);
#10915 = CARTESIAN_POINT('',(31.738,-13.546,1.51));
#10916 = LINE('',#10917,#10918);
#10917 = CARTESIAN_POINT('',(31.738,-13.546,1.51));
#10918 = VECTOR('',#10919,1.);
#10919 = DIRECTION('',(0.,0.,1.));
#10920 = ORIENTED_EDGE('',*,*,#10921,.F.);
#10921 = EDGE_CURVE('',#10882,#10914,#10922,.T.);
#10922 = CIRCLE('',#10923,1.249999102948);
#10923 = AXIS2_PLACEMENT_3D('',#10924,#10925,#10926);
#10924 = CARTESIAN_POINT('',(31.738000897052,-12.29600089705,1.51));
#10925 = DIRECTION('',(0.,0.,-1.));
#10926 = DIRECTION('',(1.,7.176421127125E-07,0.));
#10927 = CYLINDRICAL_SURFACE('',#10928,1.249999102948);
#10928 = AXIS2_PLACEMENT_3D('',#10929,#10930,#10931);
#10929 = CARTESIAN_POINT('',(31.738000897052,-12.29600089705,1.51));
#10930 = DIRECTION('',(0.,0.,-1.));
#10931 = DIRECTION('',(1.,7.176421127125E-07,0.));
#10932 = ADVANCED_FACE('',(#10933),#10958,.T.);
#10933 = FACE_BOUND('',#10934,.T.);
#10934 = EDGE_LOOP('',(#10935,#10936,#10944,#10952));
#10935 = ORIENTED_EDGE('',*,*,#10913,.T.);
#10936 = ORIENTED_EDGE('',*,*,#10937,.T.);
#10937 = EDGE_CURVE('',#10905,#10938,#10940,.T.);
#10938 = VERTEX_POINT('',#10939);
#10939 = CARTESIAN_POINT('',(27.738,-13.546,1.55));
#10940 = LINE('',#10941,#10942);
#10941 = CARTESIAN_POINT('',(31.738,-13.546,1.55));
#10942 = VECTOR('',#10943,1.);
#10943 = DIRECTION('',(-1.,0.,0.));
#10944 = ORIENTED_EDGE('',*,*,#10945,.F.);
#10945 = EDGE_CURVE('',#10946,#10938,#10948,.T.);
#10946 = VERTEX_POINT('',#10947);
#10947 = CARTESIAN_POINT('',(27.738,-13.546,1.51));
#10948 = LINE('',#10949,#10950);
#10949 = CARTESIAN_POINT('',(27.738,-13.546,1.51));
#10950 = VECTOR('',#10951,1.);
#10951 = DIRECTION('',(0.,0.,1.));
#10952 = ORIENTED_EDGE('',*,*,#10953,.F.);
#10953 = EDGE_CURVE('',#10914,#10946,#10954,.T.);
#10954 = LINE('',#10955,#10956);
#10955 = CARTESIAN_POINT('',(31.738,-13.546,1.51));
#10956 = VECTOR('',#10957,1.);
#10957 = DIRECTION('',(-1.,0.,0.));
#10958 = PLANE('',#10959);
#10959 = AXIS2_PLACEMENT_3D('',#10960,#10961,#10962);
#10960 = CARTESIAN_POINT('',(31.738,-13.546,1.51));
#10961 = DIRECTION('',(0.,-1.,0.));
#10962 = DIRECTION('',(-1.,0.,0.));
#10963 = ADVANCED_FACE('',(#10964),#10991,.T.);
#10964 = FACE_BOUND('',#10965,.T.);
#10965 = EDGE_LOOP('',(#10966,#10967,#10976,#10984));
#10966 = ORIENTED_EDGE('',*,*,#10945,.T.);
#10967 = ORIENTED_EDGE('',*,*,#10968,.T.);
#10968 = EDGE_CURVE('',#10938,#10969,#10971,.T.);
#10969 = VERTEX_POINT('',#10970);
#10970 = CARTESIAN_POINT('',(26.488,-12.296,1.55));
#10971 = CIRCLE('',#10972,1.249999102948);
#10972 = AXIS2_PLACEMENT_3D('',#10973,#10974,#10975);
#10973 = CARTESIAN_POINT('',(27.737999102948,-12.29600089705,1.55));
#10974 = DIRECTION('',(0.,0.,-1.));
#10975 = DIRECTION('',(7.176421155546E-07,-1.,0.));
#10976 = ORIENTED_EDGE('',*,*,#10977,.F.);
#10977 = EDGE_CURVE('',#10978,#10969,#10980,.T.);
#10978 = VERTEX_POINT('',#10979);
#10979 = CARTESIAN_POINT('',(26.488,-12.296,1.51));
#10980 = LINE('',#10981,#10982);
#10981 = CARTESIAN_POINT('',(26.488,-12.296,1.51));
#10982 = VECTOR('',#10983,1.);
#10983 = DIRECTION('',(0.,0.,1.));
#10984 = ORIENTED_EDGE('',*,*,#10985,.F.);
#10985 = EDGE_CURVE('',#10946,#10978,#10986,.T.);
#10986 = CIRCLE('',#10987,1.249999102948);
#10987 = AXIS2_PLACEMENT_3D('',#10988,#10989,#10990);
#10988 = CARTESIAN_POINT('',(27.737999102948,-12.29600089705,1.51));
#10989 = DIRECTION('',(0.,0.,-1.));
#10990 = DIRECTION('',(7.176421155546E-07,-1.,0.));
#10991 = CYLINDRICAL_SURFACE('',#10992,1.249999102948);
#10992 = AXIS2_PLACEMENT_3D('',#10993,#10994,#10995);
#10993 = CARTESIAN_POINT('',(27.737999102948,-12.29600089705,1.51));
#10994 = DIRECTION('',(0.,0.,-1.));
#10995 = DIRECTION('',(7.176421155546E-07,-1.,0.));
#10996 = ADVANCED_FACE('',(#10997),#11013,.T.);
#10997 = FACE_BOUND('',#10998,.T.);
#10998 = EDGE_LOOP('',(#10999,#11000,#11006,#11007));
#10999 = ORIENTED_EDGE('',*,*,#10977,.T.);
#11000 = ORIENTED_EDGE('',*,*,#11001,.T.);
#11001 = EDGE_CURVE('',#10969,#10769,#11002,.T.);
#11002 = LINE('',#11003,#11004);
#11003 = CARTESIAN_POINT('',(26.488,-12.296,1.55));
#11004 = VECTOR('',#11005,1.);
#11005 = DIRECTION('',(0.,1.,0.));
#11006 = ORIENTED_EDGE('',*,*,#10766,.F.);
#11007 = ORIENTED_EDGE('',*,*,#11008,.F.);
#11008 = EDGE_CURVE('',#10978,#10767,#11009,.T.);
#11009 = LINE('',#11010,#11011);
#11010 = CARTESIAN_POINT('',(26.488,-12.296,1.51));
#11011 = VECTOR('',#11012,1.);
#11012 = DIRECTION('',(0.,1.,0.));
#11013 = PLANE('',#11014);
#11014 = AXIS2_PLACEMENT_3D('',#11015,#11016,#11017);
#11015 = CARTESIAN_POINT('',(26.488,-12.296,1.51));
#11016 = DIRECTION('',(-1.,0.,0.));
#11017 = DIRECTION('',(0.,1.,0.));
#11018 = ADVANCED_FACE('',(#11019),#11029,.F.);
#11019 = FACE_BOUND('',#11020,.T.);
#11020 = EDGE_LOOP('',(#11021,#11022,#11023,#11024,#11025,#11026,#11027,
    #11028));
#11021 = ORIENTED_EDGE('',*,*,#10793,.T.);
#11022 = ORIENTED_EDGE('',*,*,#10825,.T.);
#11023 = ORIENTED_EDGE('',*,*,#10857,.T.);
#11024 = ORIENTED_EDGE('',*,*,#10889,.T.);
#11025 = ORIENTED_EDGE('',*,*,#10921,.T.);
#11026 = ORIENTED_EDGE('',*,*,#10953,.T.);
#11027 = ORIENTED_EDGE('',*,*,#10985,.T.);
#11028 = ORIENTED_EDGE('',*,*,#11008,.T.);
#11029 = PLANE('',#11030);
#11030 = AXIS2_PLACEMENT_3D('',#11031,#11032,#11033);
#11031 = CARTESIAN_POINT('',(0.,0.,1.51));
#11032 = DIRECTION('',(0.,0.,1.));
#11033 = DIRECTION('',(1.,0.,-0.));
#11034 = ADVANCED_FACE('',(#11035),#11045,.T.);
#11035 = FACE_BOUND('',#11036,.F.);
#11036 = EDGE_LOOP('',(#11037,#11038,#11039,#11040,#11041,#11042,#11043,
    #11044));
#11037 = ORIENTED_EDGE('',*,*,#10776,.T.);
#11038 = ORIENTED_EDGE('',*,*,#10809,.T.);
#11039 = ORIENTED_EDGE('',*,*,#10840,.T.);
#11040 = ORIENTED_EDGE('',*,*,#10873,.T.);
#11041 = ORIENTED_EDGE('',*,*,#10904,.T.);
#11042 = ORIENTED_EDGE('',*,*,#10937,.T.);
#11043 = ORIENTED_EDGE('',*,*,#10968,.T.);
#11044 = ORIENTED_EDGE('',*,*,#11001,.T.);
#11045 = PLANE('',#11046);
#11046 = AXIS2_PLACEMENT_3D('',#11047,#11048,#11049);
#11047 = CARTESIAN_POINT('',(0.,0.,1.55));
#11048 = DIRECTION('',(0.,0.,1.));
#11049 = DIRECTION('',(1.,0.,-0.));
#11050 = MANIFOLD_SOLID_BREP('',#11051);
#11051 = CLOSED_SHELL('',(#11052,#11094,#11125,#11156,#11219,#11282,
    #11299,#11316,#11333,#11350,#11362));
#11052 = ADVANCED_FACE('',(#11053),#11089,.T.);
#11053 = FACE_BOUND('',#11054,.T.);
#11054 = EDGE_LOOP('',(#11055,#11065,#11074,#11082));
#11055 = ORIENTED_EDGE('',*,*,#11056,.T.);
#11056 = EDGE_CURVE('',#11057,#11059,#11061,.T.);
#11057 = VERTEX_POINT('',#11058);
#11058 = CARTESIAN_POINT('',(11.,-5.25,1.51));
#11059 = VERTEX_POINT('',#11060);
#11060 = CARTESIAN_POINT('',(11.,-5.25,1.55));
#11061 = LINE('',#11062,#11063);
#11062 = CARTESIAN_POINT('',(11.,-5.25,1.51));
#11063 = VECTOR('',#11064,1.);
#11064 = DIRECTION('',(0.,0.,1.));
#11065 = ORIENTED_EDGE('',*,*,#11066,.T.);
#11066 = EDGE_CURVE('',#11059,#11067,#11069,.T.);
#11067 = VERTEX_POINT('',#11068);
#11068 = CARTESIAN_POINT('',(11.25,-5.,1.55));
#11069 = CIRCLE('',#11070,0.249998959685);
#11070 = AXIS2_PLACEMENT_3D('',#11071,#11072,#11073);
#11071 = CARTESIAN_POINT('',(11.249998959683,-5.249998959683,1.55));
#11072 = DIRECTION('',(0.,0.,-1.));
#11073 = DIRECTION('',(-0.999999999991,-4.161285833514E-06,-0.));
#11074 = ORIENTED_EDGE('',*,*,#11075,.F.);
#11075 = EDGE_CURVE('',#11076,#11067,#11078,.T.);
#11076 = VERTEX_POINT('',#11077);
#11077 = CARTESIAN_POINT('',(11.25,-5.,1.51));
#11078 = LINE('',#11079,#11080);
#11079 = CARTESIAN_POINT('',(11.25,-5.,1.51));
#11080 = VECTOR('',#11081,1.);
#11081 = DIRECTION('',(0.,0.,1.));
#11082 = ORIENTED_EDGE('',*,*,#11083,.F.);
#11083 = EDGE_CURVE('',#11057,#11076,#11084,.T.);
#11084 = CIRCLE('',#11085,0.249998959685);
#11085 = AXIS2_PLACEMENT_3D('',#11086,#11087,#11088);
#11086 = CARTESIAN_POINT('',(11.249998959683,-5.249998959683,1.51));
#11087 = DIRECTION('',(0.,0.,-1.));
#11088 = DIRECTION('',(-0.999999999991,-4.161285833514E-06,-0.));
#11089 = CYLINDRICAL_SURFACE('',#11090,0.249998959685);
#11090 = AXIS2_PLACEMENT_3D('',#11091,#11092,#11093);
#11091 = CARTESIAN_POINT('',(11.249998959683,-5.249998959683,1.51));
#11092 = DIRECTION('',(0.,0.,-1.));
#11093 = DIRECTION('',(-0.999999999991,-4.161285833514E-06,-0.));
#11094 = ADVANCED_FACE('',(#11095),#11120,.T.);
#11095 = FACE_BOUND('',#11096,.T.);
#11096 = EDGE_LOOP('',(#11097,#11107,#11113,#11114));
#11097 = ORIENTED_EDGE('',*,*,#11098,.T.);
#11098 = EDGE_CURVE('',#11099,#11101,#11103,.T.);
#11099 = VERTEX_POINT('',#11100);
#11100 = CARTESIAN_POINT('',(11.,-6.75,1.51));
#11101 = VERTEX_POINT('',#11102);
#11102 = CARTESIAN_POINT('',(11.,-6.75,1.55));
#11103 = LINE('',#11104,#11105);
#11104 = CARTESIAN_POINT('',(11.,-6.75,1.51));
#11105 = VECTOR('',#11106,1.);
#11106 = DIRECTION('',(0.,0.,1.));
#11107 = ORIENTED_EDGE('',*,*,#11108,.T.);
#11108 = EDGE_CURVE('',#11101,#11059,#11109,.T.);
#11109 = LINE('',#11110,#11111);
#11110 = CARTESIAN_POINT('',(11.,-6.75,1.55));
#11111 = VECTOR('',#11112,1.);
#11112 = DIRECTION('',(0.,1.,0.));
#11113 = ORIENTED_EDGE('',*,*,#11056,.F.);
#11114 = ORIENTED_EDGE('',*,*,#11115,.F.);
#11115 = EDGE_CURVE('',#11099,#11057,#11116,.T.);
#11116 = LINE('',#11117,#11118);
#11117 = CARTESIAN_POINT('',(11.,-6.75,1.51));
#11118 = VECTOR('',#11119,1.);
#11119 = DIRECTION('',(0.,1.,0.));
#11120 = PLANE('',#11121);
#11121 = AXIS2_PLACEMENT_3D('',#11122,#11123,#11124);
#11122 = CARTESIAN_POINT('',(11.,-6.75,1.51));
#11123 = DIRECTION('',(-1.,0.,0.));
#11124 = DIRECTION('',(0.,1.,0.));
#11125 = ADVANCED_FACE('',(#11126),#11151,.T.);
#11126 = FACE_BOUND('',#11127,.T.);
#11127 = EDGE_LOOP('',(#11128,#11129,#11137,#11145));
#11128 = ORIENTED_EDGE('',*,*,#11075,.T.);
#11129 = ORIENTED_EDGE('',*,*,#11130,.T.);
#11130 = EDGE_CURVE('',#11067,#11131,#11133,.T.);
#11131 = VERTEX_POINT('',#11132);
#11132 = CARTESIAN_POINT('',(12.75,-5.,1.55));
#11133 = LINE('',#11134,#11135);
#11134 = CARTESIAN_POINT('',(11.25,-5.,1.55));
#11135 = VECTOR('',#11136,1.);
#11136 = DIRECTION('',(1.,0.,0.));
#11137 = ORIENTED_EDGE('',*,*,#11138,.F.);
#11138 = EDGE_CURVE('',#11139,#11131,#11141,.T.);
#11139 = VERTEX_POINT('',#11140);
#11140 = CARTESIAN_POINT('',(12.75,-5.,1.51));
#11141 = LINE('',#11142,#11143);
#11142 = CARTESIAN_POINT('',(12.75,-5.,1.51));
#11143 = VECTOR('',#11144,1.);
#11144 = DIRECTION('',(0.,0.,1.));
#11145 = ORIENTED_EDGE('',*,*,#11146,.F.);
#11146 = EDGE_CURVE('',#11076,#11139,#11147,.T.);
#11147 = LINE('',#11148,#11149);
#11148 = CARTESIAN_POINT('',(11.25,-5.,1.51));
#11149 = VECTOR('',#11150,1.);
#11150 = DIRECTION('',(1.,0.,0.));
#11151 = PLANE('',#11152);
#11152 = AXIS2_PLACEMENT_3D('',#11153,#11154,#11155);
#11153 = CARTESIAN_POINT('',(11.25,-5.,1.51));
#11154 = DIRECTION('',(0.,1.,0.));
#11155 = DIRECTION('',(1.,0.,0.));
#11156 = ADVANCED_FACE('',(#11157,#11203),#11214,.F.);
#11157 = FACE_BOUND('',#11158,.F.);
#11158 = EDGE_LOOP('',(#11159,#11160,#11161,#11170,#11178,#11187,#11195,
    #11202));
#11159 = ORIENTED_EDGE('',*,*,#11083,.F.);
#11160 = ORIENTED_EDGE('',*,*,#11115,.F.);
#11161 = ORIENTED_EDGE('',*,*,#11162,.F.);
#11162 = EDGE_CURVE('',#11163,#11099,#11165,.T.);
#11163 = VERTEX_POINT('',#11164);
#11164 = CARTESIAN_POINT('',(11.25,-7.,1.51));
#11165 = CIRCLE('',#11166,0.249998959685);
#11166 = AXIS2_PLACEMENT_3D('',#11167,#11168,#11169);
#11167 = CARTESIAN_POINT('',(11.249998959683,-6.750001040317,1.51));
#11168 = DIRECTION('',(0.,0.,-1.));
#11169 = DIRECTION('',(4.161285837066E-06,-0.999999999991,0.));
#11170 = ORIENTED_EDGE('',*,*,#11171,.F.);
#11171 = EDGE_CURVE('',#11172,#11163,#11174,.T.);
#11172 = VERTEX_POINT('',#11173);
#11173 = CARTESIAN_POINT('',(12.75,-7.,1.51));
#11174 = LINE('',#11175,#11176);
#11175 = CARTESIAN_POINT('',(12.75,-7.,1.51));
#11176 = VECTOR('',#11177,1.);
#11177 = DIRECTION('',(-1.,0.,0.));
#11178 = ORIENTED_EDGE('',*,*,#11179,.F.);
#11179 = EDGE_CURVE('',#11180,#11172,#11182,.T.);
#11180 = VERTEX_POINT('',#11181);
#11181 = CARTESIAN_POINT('',(13.,-6.75,1.51));
#11182 = CIRCLE('',#11183,0.249998959685);
#11183 = AXIS2_PLACEMENT_3D('',#11184,#11185,#11186);
#11184 = CARTESIAN_POINT('',(12.750001040317,-6.750001040317,1.51));
#11185 = DIRECTION('',(0.,0.,-1.));
#11186 = DIRECTION('',(0.999999999991,4.161285833514E-06,0.));
#11187 = ORIENTED_EDGE('',*,*,#11188,.F.);
#11188 = EDGE_CURVE('',#11189,#11180,#11191,.T.);
#11189 = VERTEX_POINT('',#11190);
#11190 = CARTESIAN_POINT('',(13.,-5.25,1.51));
#11191 = LINE('',#11192,#11193);
#11192 = CARTESIAN_POINT('',(13.,-5.25,1.51));
#11193 = VECTOR('',#11194,1.);
#11194 = DIRECTION('',(0.,-1.,0.));
#11195 = ORIENTED_EDGE('',*,*,#11196,.F.);
#11196 = EDGE_CURVE('',#11139,#11189,#11197,.T.);
#11197 = CIRCLE('',#11198,0.249998959685);
#11198 = AXIS2_PLACEMENT_3D('',#11199,#11200,#11201);
#11199 = CARTESIAN_POINT('',(12.750001040317,-5.249998959683,1.51));
#11200 = DIRECTION('',(0.,0.,-1.));
#11201 = DIRECTION('',(-4.161285837066E-06,0.999999999991,0.));
#11202 = ORIENTED_EDGE('',*,*,#11146,.F.);
#11203 = FACE_BOUND('',#11204,.F.);
#11204 = EDGE_LOOP('',(#11205));
#11205 = ORIENTED_EDGE('',*,*,#11206,.T.);
#11206 = EDGE_CURVE('',#11207,#11207,#11209,.T.);
#11207 = VERTEX_POINT('',#11208);
#11208 = CARTESIAN_POINT('',(12.,-6.4,1.51));
#11209 = CIRCLE('',#11210,0.4);
#11210 = AXIS2_PLACEMENT_3D('',#11211,#11212,#11213);
#11211 = CARTESIAN_POINT('',(12.,-6.,1.51));
#11212 = DIRECTION('',(-0.,0.,-1.));
#11213 = DIRECTION('',(-0.,-1.,0.));
#11214 = PLANE('',#11215);
#11215 = AXIS2_PLACEMENT_3D('',#11216,#11217,#11218);
#11216 = CARTESIAN_POINT('',(0.,0.,1.51));
#11217 = DIRECTION('',(0.,0.,1.));
#11218 = DIRECTION('',(1.,0.,-0.));
#11219 = ADVANCED_FACE('',(#11220,#11266),#11277,.T.);
#11220 = FACE_BOUND('',#11221,.T.);
#11221 = EDGE_LOOP('',(#11222,#11223,#11224,#11233,#11241,#11250,#11258,
    #11265));
#11222 = ORIENTED_EDGE('',*,*,#11066,.F.);
#11223 = ORIENTED_EDGE('',*,*,#11108,.F.);
#11224 = ORIENTED_EDGE('',*,*,#11225,.F.);
#11225 = EDGE_CURVE('',#11226,#11101,#11228,.T.);
#11226 = VERTEX_POINT('',#11227);
#11227 = CARTESIAN_POINT('',(11.25,-7.,1.55));
#11228 = CIRCLE('',#11229,0.249998959685);
#11229 = AXIS2_PLACEMENT_3D('',#11230,#11231,#11232);
#11230 = CARTESIAN_POINT('',(11.249998959683,-6.750001040317,1.55));
#11231 = DIRECTION('',(0.,0.,-1.));
#11232 = DIRECTION('',(4.161285837066E-06,-0.999999999991,0.));
#11233 = ORIENTED_EDGE('',*,*,#11234,.F.);
#11234 = EDGE_CURVE('',#11235,#11226,#11237,.T.);
#11235 = VERTEX_POINT('',#11236);
#11236 = CARTESIAN_POINT('',(12.75,-7.,1.55));
#11237 = LINE('',#11238,#11239);
#11238 = CARTESIAN_POINT('',(12.75,-7.,1.55));
#11239 = VECTOR('',#11240,1.);
#11240 = DIRECTION('',(-1.,0.,0.));
#11241 = ORIENTED_EDGE('',*,*,#11242,.F.);
#11242 = EDGE_CURVE('',#11243,#11235,#11245,.T.);
#11243 = VERTEX_POINT('',#11244);
#11244 = CARTESIAN_POINT('',(13.,-6.75,1.55));
#11245 = CIRCLE('',#11246,0.249998959685);
#11246 = AXIS2_PLACEMENT_3D('',#11247,#11248,#11249);
#11247 = CARTESIAN_POINT('',(12.750001040317,-6.750001040317,1.55));
#11248 = DIRECTION('',(0.,0.,-1.));
#11249 = DIRECTION('',(0.999999999991,4.161285833514E-06,0.));
#11250 = ORIENTED_EDGE('',*,*,#11251,.F.);
#11251 = EDGE_CURVE('',#11252,#11243,#11254,.T.);
#11252 = VERTEX_POINT('',#11253);
#11253 = CARTESIAN_POINT('',(13.,-5.25,1.55));
#11254 = LINE('',#11255,#11256);
#11255 = CARTESIAN_POINT('',(13.,-5.25,1.55));
#11256 = VECTOR('',#11257,1.);
#11257 = DIRECTION('',(0.,-1.,0.));
#11258 = ORIENTED_EDGE('',*,*,#11259,.F.);
#11259 = EDGE_CURVE('',#11131,#11252,#11260,.T.);
#11260 = CIRCLE('',#11261,0.249998959685);
#11261 = AXIS2_PLACEMENT_3D('',#11262,#11263,#11264);
#11262 = CARTESIAN_POINT('',(12.750001040317,-5.249998959683,1.55));
#11263 = DIRECTION('',(0.,0.,-1.));
#11264 = DIRECTION('',(-4.161285837066E-06,0.999999999991,0.));
#11265 = ORIENTED_EDGE('',*,*,#11130,.F.);
#11266 = FACE_BOUND('',#11267,.T.);
#11267 = EDGE_LOOP('',(#11268));
#11268 = ORIENTED_EDGE('',*,*,#11269,.T.);
#11269 = EDGE_CURVE('',#11270,#11270,#11272,.T.);
#11270 = VERTEX_POINT('',#11271);
#11271 = CARTESIAN_POINT('',(12.,-6.4,1.55));
#11272 = CIRCLE('',#11273,0.4);
#11273 = AXIS2_PLACEMENT_3D('',#11274,#11275,#11276);
#11274 = CARTESIAN_POINT('',(12.,-6.,1.55));
#11275 = DIRECTION('',(-0.,0.,-1.));
#11276 = DIRECTION('',(-0.,-1.,0.));
#11277 = PLANE('',#11278);
#11278 = AXIS2_PLACEMENT_3D('',#11279,#11280,#11281);
#11279 = CARTESIAN_POINT('',(0.,0.,1.55));
#11280 = DIRECTION('',(0.,0.,1.));
#11281 = DIRECTION('',(1.,0.,-0.));
#11282 = ADVANCED_FACE('',(#11283),#11294,.T.);
#11283 = FACE_BOUND('',#11284,.T.);
#11284 = EDGE_LOOP('',(#11285,#11291,#11292,#11293));
#11285 = ORIENTED_EDGE('',*,*,#11286,.T.);
#11286 = EDGE_CURVE('',#11163,#11226,#11287,.T.);
#11287 = LINE('',#11288,#11289);
#11288 = CARTESIAN_POINT('',(11.25,-7.,1.51));
#11289 = VECTOR('',#11290,1.);
#11290 = DIRECTION('',(0.,0.,1.));
#11291 = ORIENTED_EDGE('',*,*,#11225,.T.);
#11292 = ORIENTED_EDGE('',*,*,#11098,.F.);
#11293 = ORIENTED_EDGE('',*,*,#11162,.F.);
#11294 = CYLINDRICAL_SURFACE('',#11295,0.249998959685);
#11295 = AXIS2_PLACEMENT_3D('',#11296,#11297,#11298);
#11296 = CARTESIAN_POINT('',(11.249998959683,-6.750001040317,1.51));
#11297 = DIRECTION('',(0.,0.,-1.));
#11298 = DIRECTION('',(4.161285837066E-06,-0.999999999991,0.));
#11299 = ADVANCED_FACE('',(#11300),#11311,.T.);
#11300 = FACE_BOUND('',#11301,.T.);
#11301 = EDGE_LOOP('',(#11302,#11303,#11304,#11310));
#11302 = ORIENTED_EDGE('',*,*,#11138,.T.);
#11303 = ORIENTED_EDGE('',*,*,#11259,.T.);
#11304 = ORIENTED_EDGE('',*,*,#11305,.F.);
#11305 = EDGE_CURVE('',#11189,#11252,#11306,.T.);
#11306 = LINE('',#11307,#11308);
#11307 = CARTESIAN_POINT('',(13.,-5.25,1.51));
#11308 = VECTOR('',#11309,1.);
#11309 = DIRECTION('',(0.,0.,1.));
#11310 = ORIENTED_EDGE('',*,*,#11196,.F.);
#11311 = CYLINDRICAL_SURFACE('',#11312,0.249998959685);
#11312 = AXIS2_PLACEMENT_3D('',#11313,#11314,#11315);
#11313 = CARTESIAN_POINT('',(12.750001040317,-5.249998959683,1.51));
#11314 = DIRECTION('',(0.,0.,-1.));
#11315 = DIRECTION('',(-4.161285837066E-06,0.999999999991,0.));
#11316 = ADVANCED_FACE('',(#11317),#11328,.T.);
#11317 = FACE_BOUND('',#11318,.T.);
#11318 = EDGE_LOOP('',(#11319,#11325,#11326,#11327));
#11319 = ORIENTED_EDGE('',*,*,#11320,.T.);
#11320 = EDGE_CURVE('',#11172,#11235,#11321,.T.);
#11321 = LINE('',#11322,#11323);
#11322 = CARTESIAN_POINT('',(12.75,-7.,1.51));
#11323 = VECTOR('',#11324,1.);
#11324 = DIRECTION('',(0.,0.,1.));
#11325 = ORIENTED_EDGE('',*,*,#11234,.T.);
#11326 = ORIENTED_EDGE('',*,*,#11286,.F.);
#11327 = ORIENTED_EDGE('',*,*,#11171,.F.);
#11328 = PLANE('',#11329);
#11329 = AXIS2_PLACEMENT_3D('',#11330,#11331,#11332);
#11330 = CARTESIAN_POINT('',(12.75,-7.,1.51));
#11331 = DIRECTION('',(0.,-1.,0.));
#11332 = DIRECTION('',(-1.,0.,0.));
#11333 = ADVANCED_FACE('',(#11334),#11345,.T.);
#11334 = FACE_BOUND('',#11335,.T.);
#11335 = EDGE_LOOP('',(#11336,#11337,#11338,#11344));
#11336 = ORIENTED_EDGE('',*,*,#11305,.T.);
#11337 = ORIENTED_EDGE('',*,*,#11251,.T.);
#11338 = ORIENTED_EDGE('',*,*,#11339,.F.);
#11339 = EDGE_CURVE('',#11180,#11243,#11340,.T.);
#11340 = LINE('',#11341,#11342);
#11341 = CARTESIAN_POINT('',(13.,-6.75,1.51));
#11342 = VECTOR('',#11343,1.);
#11343 = DIRECTION('',(0.,0.,1.));
#11344 = ORIENTED_EDGE('',*,*,#11188,.F.);
#11345 = PLANE('',#11346);
#11346 = AXIS2_PLACEMENT_3D('',#11347,#11348,#11349);
#11347 = CARTESIAN_POINT('',(13.,-5.25,1.51));
#11348 = DIRECTION('',(1.,0.,-0.));
#11349 = DIRECTION('',(0.,-1.,0.));
#11350 = ADVANCED_FACE('',(#11351),#11357,.T.);
#11351 = FACE_BOUND('',#11352,.T.);
#11352 = EDGE_LOOP('',(#11353,#11354,#11355,#11356));
#11353 = ORIENTED_EDGE('',*,*,#11339,.T.);
#11354 = ORIENTED_EDGE('',*,*,#11242,.T.);
#11355 = ORIENTED_EDGE('',*,*,#11320,.F.);
#11356 = ORIENTED_EDGE('',*,*,#11179,.F.);
#11357 = CYLINDRICAL_SURFACE('',#11358,0.249998959685);
#11358 = AXIS2_PLACEMENT_3D('',#11359,#11360,#11361);
#11359 = CARTESIAN_POINT('',(12.750001040317,-6.750001040317,1.51));
#11360 = DIRECTION('',(0.,0.,-1.));
#11361 = DIRECTION('',(0.999999999991,4.161285833514E-06,0.));
#11362 = ADVANCED_FACE('',(#11363),#11374,.F.);
#11363 = FACE_BOUND('',#11364,.T.);
#11364 = EDGE_LOOP('',(#11365,#11366,#11372,#11373));
#11365 = ORIENTED_EDGE('',*,*,#11206,.T.);
#11366 = ORIENTED_EDGE('',*,*,#11367,.T.);
#11367 = EDGE_CURVE('',#11207,#11270,#11368,.T.);
#11368 = LINE('',#11369,#11370);
#11369 = CARTESIAN_POINT('',(12.,-6.4,-4.6E-02));
#11370 = VECTOR('',#11371,1.);
#11371 = DIRECTION('',(0.,0.,1.));
#11372 = ORIENTED_EDGE('',*,*,#11269,.F.);
#11373 = ORIENTED_EDGE('',*,*,#11367,.F.);
#11374 = CYLINDRICAL_SURFACE('',#11375,0.4);
#11375 = AXIS2_PLACEMENT_3D('',#11376,#11377,#11378);
#11376 = CARTESIAN_POINT('',(12.,-6.,-4.6E-02));
#11377 = DIRECTION('',(-0.,-0.,-1.));
#11378 = DIRECTION('',(-0.,-1.,0.));
#11379 = MANIFOLD_SOLID_BREP('',#11380);
#11380 = CLOSED_SHELL('',(#11381,#11423,#11454,#11485,#11548,#11611,
    #11628,#11645,#11662,#11679,#11691));
#11381 = ADVANCED_FACE('',(#11382),#11418,.T.);
#11382 = FACE_BOUND('',#11383,.F.);
#11383 = EDGE_LOOP('',(#11384,#11394,#11403,#11411));
#11384 = ORIENTED_EDGE('',*,*,#11385,.T.);
#11385 = EDGE_CURVE('',#11386,#11388,#11390,.T.);
#11386 = VERTEX_POINT('',#11387);
#11387 = CARTESIAN_POINT('',(11.,-5.25,0.));
#11388 = VERTEX_POINT('',#11389);
#11389 = CARTESIAN_POINT('',(11.,-5.25,-4.E-02));
#11390 = LINE('',#11391,#11392);
#11391 = CARTESIAN_POINT('',(11.,-5.25,0.));
#11392 = VECTOR('',#11393,1.);
#11393 = DIRECTION('',(0.,0.,-1.));
#11394 = ORIENTED_EDGE('',*,*,#11395,.T.);
#11395 = EDGE_CURVE('',#11388,#11396,#11398,.T.);
#11396 = VERTEX_POINT('',#11397);
#11397 = CARTESIAN_POINT('',(11.25,-5.,-4.E-02));
#11398 = CIRCLE('',#11399,0.249998959685);
#11399 = AXIS2_PLACEMENT_3D('',#11400,#11401,#11402);
#11400 = CARTESIAN_POINT('',(11.249998959683,-5.249998959683,-4.E-02));
#11401 = DIRECTION('',(0.,0.,-1.));
#11402 = DIRECTION('',(-0.999999999991,-4.161285833514E-06,-0.));
#11403 = ORIENTED_EDGE('',*,*,#11404,.F.);
#11404 = EDGE_CURVE('',#11405,#11396,#11407,.T.);
#11405 = VERTEX_POINT('',#11406);
#11406 = CARTESIAN_POINT('',(11.25,-5.,0.));
#11407 = LINE('',#11408,#11409);
#11408 = CARTESIAN_POINT('',(11.25,-5.,0.));
#11409 = VECTOR('',#11410,1.);
#11410 = DIRECTION('',(0.,0.,-1.));
#11411 = ORIENTED_EDGE('',*,*,#11412,.F.);
#11412 = EDGE_CURVE('',#11386,#11405,#11413,.T.);
#11413 = CIRCLE('',#11414,0.249998959685);
#11414 = AXIS2_PLACEMENT_3D('',#11415,#11416,#11417);
#11415 = CARTESIAN_POINT('',(11.249998959683,-5.249998959683,0.));
#11416 = DIRECTION('',(0.,0.,-1.));
#11417 = DIRECTION('',(-0.999999999991,-4.161285833514E-06,-0.));
#11418 = CYLINDRICAL_SURFACE('',#11419,0.249998959685);
#11419 = AXIS2_PLACEMENT_3D('',#11420,#11421,#11422);
#11420 = CARTESIAN_POINT('',(11.249998959683,-5.249998959683,0.));
#11421 = DIRECTION('',(-0.,-0.,1.));
#11422 = DIRECTION('',(-0.999999999991,-4.161285833514E-06,-0.));
#11423 = ADVANCED_FACE('',(#11424),#11449,.F.);
#11424 = FACE_BOUND('',#11425,.F.);
#11425 = EDGE_LOOP('',(#11426,#11436,#11442,#11443));
#11426 = ORIENTED_EDGE('',*,*,#11427,.T.);
#11427 = EDGE_CURVE('',#11428,#11430,#11432,.T.);
#11428 = VERTEX_POINT('',#11429);
#11429 = CARTESIAN_POINT('',(11.,-6.75,0.));
#11430 = VERTEX_POINT('',#11431);
#11431 = CARTESIAN_POINT('',(11.,-6.75,-4.E-02));
#11432 = LINE('',#11433,#11434);
#11433 = CARTESIAN_POINT('',(11.,-6.75,0.));
#11434 = VECTOR('',#11435,1.);
#11435 = DIRECTION('',(0.,0.,-1.));
#11436 = ORIENTED_EDGE('',*,*,#11437,.T.);
#11437 = EDGE_CURVE('',#11430,#11388,#11438,.T.);
#11438 = LINE('',#11439,#11440);
#11439 = CARTESIAN_POINT('',(11.,-6.75,-4.E-02));
#11440 = VECTOR('',#11441,1.);
#11441 = DIRECTION('',(0.,1.,0.));
#11442 = ORIENTED_EDGE('',*,*,#11385,.F.);
#11443 = ORIENTED_EDGE('',*,*,#11444,.F.);
#11444 = EDGE_CURVE('',#11428,#11386,#11445,.T.);
#11445 = LINE('',#11446,#11447);
#11446 = CARTESIAN_POINT('',(11.,-6.75,0.));
#11447 = VECTOR('',#11448,1.);
#11448 = DIRECTION('',(0.,1.,0.));
#11449 = PLANE('',#11450);
#11450 = AXIS2_PLACEMENT_3D('',#11451,#11452,#11453);
#11451 = CARTESIAN_POINT('',(11.,-6.75,0.));
#11452 = DIRECTION('',(1.,-0.,0.));
#11453 = DIRECTION('',(0.,1.,0.));
#11454 = ADVANCED_FACE('',(#11455),#11480,.F.);
#11455 = FACE_BOUND('',#11456,.F.);
#11456 = EDGE_LOOP('',(#11457,#11458,#11466,#11474));
#11457 = ORIENTED_EDGE('',*,*,#11404,.T.);
#11458 = ORIENTED_EDGE('',*,*,#11459,.T.);
#11459 = EDGE_CURVE('',#11396,#11460,#11462,.T.);
#11460 = VERTEX_POINT('',#11461);
#11461 = CARTESIAN_POINT('',(12.75,-5.,-4.E-02));
#11462 = LINE('',#11463,#11464);
#11463 = CARTESIAN_POINT('',(11.25,-5.,-4.E-02));
#11464 = VECTOR('',#11465,1.);
#11465 = DIRECTION('',(1.,0.,0.));
#11466 = ORIENTED_EDGE('',*,*,#11467,.F.);
#11467 = EDGE_CURVE('',#11468,#11460,#11470,.T.);
#11468 = VERTEX_POINT('',#11469);
#11469 = CARTESIAN_POINT('',(12.75,-5.,0.));
#11470 = LINE('',#11471,#11472);
#11471 = CARTESIAN_POINT('',(12.75,-5.,0.));
#11472 = VECTOR('',#11473,1.);
#11473 = DIRECTION('',(0.,0.,-1.));
#11474 = ORIENTED_EDGE('',*,*,#11475,.F.);
#11475 = EDGE_CURVE('',#11405,#11468,#11476,.T.);
#11476 = LINE('',#11477,#11478);
#11477 = CARTESIAN_POINT('',(11.25,-5.,0.));
#11478 = VECTOR('',#11479,1.);
#11479 = DIRECTION('',(1.,0.,0.));
#11480 = PLANE('',#11481);
#11481 = AXIS2_PLACEMENT_3D('',#11482,#11483,#11484);
#11482 = CARTESIAN_POINT('',(11.25,-5.,0.));
#11483 = DIRECTION('',(0.,-1.,0.));
#11484 = DIRECTION('',(1.,0.,0.));
#11485 = ADVANCED_FACE('',(#11486,#11532),#11543,.F.);
#11486 = FACE_BOUND('',#11487,.F.);
#11487 = EDGE_LOOP('',(#11488,#11489,#11490,#11499,#11507,#11516,#11524,
    #11531));
#11488 = ORIENTED_EDGE('',*,*,#11412,.T.);
#11489 = ORIENTED_EDGE('',*,*,#11475,.T.);
#11490 = ORIENTED_EDGE('',*,*,#11491,.T.);
#11491 = EDGE_CURVE('',#11468,#11492,#11494,.T.);
#11492 = VERTEX_POINT('',#11493);
#11493 = CARTESIAN_POINT('',(13.,-5.25,0.));
#11494 = CIRCLE('',#11495,0.249998959685);
#11495 = AXIS2_PLACEMENT_3D('',#11496,#11497,#11498);
#11496 = CARTESIAN_POINT('',(12.750001040317,-5.249998959683,0.));
#11497 = DIRECTION('',(0.,0.,-1.));
#11498 = DIRECTION('',(-4.161285837066E-06,0.999999999991,0.));
#11499 = ORIENTED_EDGE('',*,*,#11500,.T.);
#11500 = EDGE_CURVE('',#11492,#11501,#11503,.T.);
#11501 = VERTEX_POINT('',#11502);
#11502 = CARTESIAN_POINT('',(13.,-6.75,0.));
#11503 = LINE('',#11504,#11505);
#11504 = CARTESIAN_POINT('',(13.,-5.25,0.));
#11505 = VECTOR('',#11506,1.);
#11506 = DIRECTION('',(0.,-1.,0.));
#11507 = ORIENTED_EDGE('',*,*,#11508,.T.);
#11508 = EDGE_CURVE('',#11501,#11509,#11511,.T.);
#11509 = VERTEX_POINT('',#11510);
#11510 = CARTESIAN_POINT('',(12.75,-7.,0.));
#11511 = CIRCLE('',#11512,0.249998959685);
#11512 = AXIS2_PLACEMENT_3D('',#11513,#11514,#11515);
#11513 = CARTESIAN_POINT('',(12.750001040317,-6.750001040317,0.));
#11514 = DIRECTION('',(0.,0.,-1.));
#11515 = DIRECTION('',(0.999999999991,4.161285833514E-06,0.));
#11516 = ORIENTED_EDGE('',*,*,#11517,.T.);
#11517 = EDGE_CURVE('',#11509,#11518,#11520,.T.);
#11518 = VERTEX_POINT('',#11519);
#11519 = CARTESIAN_POINT('',(11.25,-7.,0.));
#11520 = LINE('',#11521,#11522);
#11521 = CARTESIAN_POINT('',(12.75,-7.,0.));
#11522 = VECTOR('',#11523,1.);
#11523 = DIRECTION('',(-1.,0.,0.));
#11524 = ORIENTED_EDGE('',*,*,#11525,.T.);
#11525 = EDGE_CURVE('',#11518,#11428,#11526,.T.);
#11526 = CIRCLE('',#11527,0.249998959685);
#11527 = AXIS2_PLACEMENT_3D('',#11528,#11529,#11530);
#11528 = CARTESIAN_POINT('',(11.249998959683,-6.750001040317,0.));
#11529 = DIRECTION('',(0.,0.,-1.));
#11530 = DIRECTION('',(4.161285837066E-06,-0.999999999991,0.));
#11531 = ORIENTED_EDGE('',*,*,#11444,.T.);
#11532 = FACE_BOUND('',#11533,.F.);
#11533 = EDGE_LOOP('',(#11534));
#11534 = ORIENTED_EDGE('',*,*,#11535,.F.);
#11535 = EDGE_CURVE('',#11536,#11536,#11538,.T.);
#11536 = VERTEX_POINT('',#11537);
#11537 = CARTESIAN_POINT('',(12.,-6.4,0.));
#11538 = CIRCLE('',#11539,0.4);
#11539 = AXIS2_PLACEMENT_3D('',#11540,#11541,#11542);
#11540 = CARTESIAN_POINT('',(12.,-6.,0.));
#11541 = DIRECTION('',(-0.,0.,-1.));
#11542 = DIRECTION('',(-0.,-1.,0.));
#11543 = PLANE('',#11544);
#11544 = AXIS2_PLACEMENT_3D('',#11545,#11546,#11547);
#11545 = CARTESIAN_POINT('',(0.,0.,0.));
#11546 = DIRECTION('',(-0.,-0.,-1.));
#11547 = DIRECTION('',(-1.,0.,0.));
#11548 = ADVANCED_FACE('',(#11549,#11595),#11606,.T.);
#11549 = FACE_BOUND('',#11550,.T.);
#11550 = EDGE_LOOP('',(#11551,#11552,#11553,#11562,#11570,#11579,#11587,
    #11594));
#11551 = ORIENTED_EDGE('',*,*,#11395,.T.);
#11552 = ORIENTED_EDGE('',*,*,#11459,.T.);
#11553 = ORIENTED_EDGE('',*,*,#11554,.T.);
#11554 = EDGE_CURVE('',#11460,#11555,#11557,.T.);
#11555 = VERTEX_POINT('',#11556);
#11556 = CARTESIAN_POINT('',(13.,-5.25,-4.E-02));
#11557 = CIRCLE('',#11558,0.249998959685);
#11558 = AXIS2_PLACEMENT_3D('',#11559,#11560,#11561);
#11559 = CARTESIAN_POINT('',(12.750001040317,-5.249998959683,-4.E-02));
#11560 = DIRECTION('',(0.,0.,-1.));
#11561 = DIRECTION('',(-4.161285837066E-06,0.999999999991,0.));
#11562 = ORIENTED_EDGE('',*,*,#11563,.T.);
#11563 = EDGE_CURVE('',#11555,#11564,#11566,.T.);
#11564 = VERTEX_POINT('',#11565);
#11565 = CARTESIAN_POINT('',(13.,-6.75,-4.E-02));
#11566 = LINE('',#11567,#11568);
#11567 = CARTESIAN_POINT('',(13.,-5.25,-4.E-02));
#11568 = VECTOR('',#11569,1.);
#11569 = DIRECTION('',(0.,-1.,0.));
#11570 = ORIENTED_EDGE('',*,*,#11571,.T.);
#11571 = EDGE_CURVE('',#11564,#11572,#11574,.T.);
#11572 = VERTEX_POINT('',#11573);
#11573 = CARTESIAN_POINT('',(12.75,-7.,-4.E-02));
#11574 = CIRCLE('',#11575,0.249998959685);
#11575 = AXIS2_PLACEMENT_3D('',#11576,#11577,#11578);
#11576 = CARTESIAN_POINT('',(12.750001040317,-6.750001040317,-4.E-02));
#11577 = DIRECTION('',(0.,0.,-1.));
#11578 = DIRECTION('',(0.999999999991,4.161285833514E-06,0.));
#11579 = ORIENTED_EDGE('',*,*,#11580,.T.);
#11580 = EDGE_CURVE('',#11572,#11581,#11583,.T.);
#11581 = VERTEX_POINT('',#11582);
#11582 = CARTESIAN_POINT('',(11.25,-7.,-4.E-02));
#11583 = LINE('',#11584,#11585);
#11584 = CARTESIAN_POINT('',(12.75,-7.,-4.E-02));
#11585 = VECTOR('',#11586,1.);
#11586 = DIRECTION('',(-1.,0.,0.));
#11587 = ORIENTED_EDGE('',*,*,#11588,.T.);
#11588 = EDGE_CURVE('',#11581,#11430,#11589,.T.);
#11589 = CIRCLE('',#11590,0.249998959685);
#11590 = AXIS2_PLACEMENT_3D('',#11591,#11592,#11593);
#11591 = CARTESIAN_POINT('',(11.249998959683,-6.750001040317,-4.E-02));
#11592 = DIRECTION('',(0.,0.,-1.));
#11593 = DIRECTION('',(4.161285837066E-06,-0.999999999991,0.));
#11594 = ORIENTED_EDGE('',*,*,#11437,.T.);
#11595 = FACE_BOUND('',#11596,.T.);
#11596 = EDGE_LOOP('',(#11597));
#11597 = ORIENTED_EDGE('',*,*,#11598,.F.);
#11598 = EDGE_CURVE('',#11599,#11599,#11601,.T.);
#11599 = VERTEX_POINT('',#11600);
#11600 = CARTESIAN_POINT('',(12.,-6.4,-4.E-02));
#11601 = CIRCLE('',#11602,0.4);
#11602 = AXIS2_PLACEMENT_3D('',#11603,#11604,#11605);
#11603 = CARTESIAN_POINT('',(12.,-6.,-4.E-02));
#11604 = DIRECTION('',(-0.,0.,-1.));
#11605 = DIRECTION('',(-0.,-1.,0.));
#11606 = PLANE('',#11607);
#11607 = AXIS2_PLACEMENT_3D('',#11608,#11609,#11610);
#11608 = CARTESIAN_POINT('',(0.,0.,-4.E-02));
#11609 = DIRECTION('',(-0.,-0.,-1.));
#11610 = DIRECTION('',(-1.,0.,0.));
#11611 = ADVANCED_FACE('',(#11612),#11623,.T.);
#11612 = FACE_BOUND('',#11613,.F.);
#11613 = EDGE_LOOP('',(#11614,#11620,#11621,#11622));
#11614 = ORIENTED_EDGE('',*,*,#11615,.T.);
#11615 = EDGE_CURVE('',#11518,#11581,#11616,.T.);
#11616 = LINE('',#11617,#11618);
#11617 = CARTESIAN_POINT('',(11.25,-7.,0.));
#11618 = VECTOR('',#11619,1.);
#11619 = DIRECTION('',(0.,0.,-1.));
#11620 = ORIENTED_EDGE('',*,*,#11588,.T.);
#11621 = ORIENTED_EDGE('',*,*,#11427,.F.);
#11622 = ORIENTED_EDGE('',*,*,#11525,.F.);
#11623 = CYLINDRICAL_SURFACE('',#11624,0.249998959685);
#11624 = AXIS2_PLACEMENT_3D('',#11625,#11626,#11627);
#11625 = CARTESIAN_POINT('',(11.249998959683,-6.750001040317,0.));
#11626 = DIRECTION('',(-0.,-0.,1.));
#11627 = DIRECTION('',(4.161285837066E-06,-0.999999999991,0.));
#11628 = ADVANCED_FACE('',(#11629),#11640,.T.);
#11629 = FACE_BOUND('',#11630,.F.);
#11630 = EDGE_LOOP('',(#11631,#11632,#11633,#11639));
#11631 = ORIENTED_EDGE('',*,*,#11467,.T.);
#11632 = ORIENTED_EDGE('',*,*,#11554,.T.);
#11633 = ORIENTED_EDGE('',*,*,#11634,.F.);
#11634 = EDGE_CURVE('',#11492,#11555,#11635,.T.);
#11635 = LINE('',#11636,#11637);
#11636 = CARTESIAN_POINT('',(13.,-5.25,0.));
#11637 = VECTOR('',#11638,1.);
#11638 = DIRECTION('',(0.,0.,-1.));
#11639 = ORIENTED_EDGE('',*,*,#11491,.F.);
#11640 = CYLINDRICAL_SURFACE('',#11641,0.249998959685);
#11641 = AXIS2_PLACEMENT_3D('',#11642,#11643,#11644);
#11642 = CARTESIAN_POINT('',(12.750001040317,-5.249998959683,0.));
#11643 = DIRECTION('',(-0.,-0.,1.));
#11644 = DIRECTION('',(-4.161285837066E-06,0.999999999991,0.));
#11645 = ADVANCED_FACE('',(#11646),#11657,.F.);
#11646 = FACE_BOUND('',#11647,.F.);
#11647 = EDGE_LOOP('',(#11648,#11654,#11655,#11656));
#11648 = ORIENTED_EDGE('',*,*,#11649,.T.);
#11649 = EDGE_CURVE('',#11509,#11572,#11650,.T.);
#11650 = LINE('',#11651,#11652);
#11651 = CARTESIAN_POINT('',(12.75,-7.,0.));
#11652 = VECTOR('',#11653,1.);
#11653 = DIRECTION('',(0.,0.,-1.));
#11654 = ORIENTED_EDGE('',*,*,#11580,.T.);
#11655 = ORIENTED_EDGE('',*,*,#11615,.F.);
#11656 = ORIENTED_EDGE('',*,*,#11517,.F.);
#11657 = PLANE('',#11658);
#11658 = AXIS2_PLACEMENT_3D('',#11659,#11660,#11661);
#11659 = CARTESIAN_POINT('',(12.75,-7.,0.));
#11660 = DIRECTION('',(0.,1.,0.));
#11661 = DIRECTION('',(-1.,0.,0.));
#11662 = ADVANCED_FACE('',(#11663),#11674,.F.);
#11663 = FACE_BOUND('',#11664,.F.);
#11664 = EDGE_LOOP('',(#11665,#11666,#11667,#11673));
#11665 = ORIENTED_EDGE('',*,*,#11634,.T.);
#11666 = ORIENTED_EDGE('',*,*,#11563,.T.);
#11667 = ORIENTED_EDGE('',*,*,#11668,.F.);
#11668 = EDGE_CURVE('',#11501,#11564,#11669,.T.);
#11669 = LINE('',#11670,#11671);
#11670 = CARTESIAN_POINT('',(13.,-6.75,0.));
#11671 = VECTOR('',#11672,1.);
#11672 = DIRECTION('',(0.,0.,-1.));
#11673 = ORIENTED_EDGE('',*,*,#11500,.F.);
#11674 = PLANE('',#11675);
#11675 = AXIS2_PLACEMENT_3D('',#11676,#11677,#11678);
#11676 = CARTESIAN_POINT('',(13.,-5.25,0.));
#11677 = DIRECTION('',(-1.,-0.,-0.));
#11678 = DIRECTION('',(0.,-1.,0.));
#11679 = ADVANCED_FACE('',(#11680),#11686,.T.);
#11680 = FACE_BOUND('',#11681,.F.);
#11681 = EDGE_LOOP('',(#11682,#11683,#11684,#11685));
#11682 = ORIENTED_EDGE('',*,*,#11668,.T.);
#11683 = ORIENTED_EDGE('',*,*,#11571,.T.);
#11684 = ORIENTED_EDGE('',*,*,#11649,.F.);
#11685 = ORIENTED_EDGE('',*,*,#11508,.F.);
#11686 = CYLINDRICAL_SURFACE('',#11687,0.249998959685);
#11687 = AXIS2_PLACEMENT_3D('',#11688,#11689,#11690);
#11688 = CARTESIAN_POINT('',(12.750001040317,-6.750001040317,0.));
#11689 = DIRECTION('',(-0.,-0.,1.));
#11690 = DIRECTION('',(0.999999999991,4.161285833514E-06,0.));
#11691 = ADVANCED_FACE('',(#11692),#11703,.F.);
#11692 = FACE_BOUND('',#11693,.T.);
#11693 = EDGE_LOOP('',(#11694,#11695,#11701,#11702));
#11694 = ORIENTED_EDGE('',*,*,#11598,.T.);
#11695 = ORIENTED_EDGE('',*,*,#11696,.T.);
#11696 = EDGE_CURVE('',#11599,#11536,#11697,.T.);
#11697 = LINE('',#11698,#11699);
#11698 = CARTESIAN_POINT('',(12.,-6.4,-4.6E-02));
#11699 = VECTOR('',#11700,1.);
#11700 = DIRECTION('',(0.,0.,1.));
#11701 = ORIENTED_EDGE('',*,*,#11535,.F.);
#11702 = ORIENTED_EDGE('',*,*,#11696,.F.);
#11703 = CYLINDRICAL_SURFACE('',#11704,0.4);
#11704 = AXIS2_PLACEMENT_3D('',#11705,#11706,#11707);
#11705 = CARTESIAN_POINT('',(12.,-6.,-4.6E-02));
#11706 = DIRECTION('',(-0.,-0.,-1.));
#11707 = DIRECTION('',(-0.,-1.,0.));
#11708 = MANIFOLD_SOLID_BREP('',#11709);
#11709 = CLOSED_SHELL('',(#11710,#11743,#11763,#11783));
#11710 = ADVANCED_FACE('',(#11711),#11738,.T.);
#11711 = FACE_BOUND('',#11712,.F.);
#11712 = EDGE_LOOP('',(#11713,#11723,#11730,#11731));
#11713 = ORIENTED_EDGE('',*,*,#11714,.T.);
#11714 = EDGE_CURVE('',#11715,#11717,#11719,.T.);
#11715 = VERTEX_POINT('',#11716);
#11716 = CARTESIAN_POINT('',(12.,-6.425,-4.E-02));
#11717 = VERTEX_POINT('',#11718);
#11718 = CARTESIAN_POINT('',(12.,-6.425,1.55));
#11719 = LINE('',#11720,#11721);
#11720 = CARTESIAN_POINT('',(12.,-6.425,-4.E-02));
#11721 = VECTOR('',#11722,1.);
#11722 = DIRECTION('',(0.,0.,1.));
#11723 = ORIENTED_EDGE('',*,*,#11724,.T.);
#11724 = EDGE_CURVE('',#11717,#11717,#11725,.T.);
#11725 = CIRCLE('',#11726,0.425);
#11726 = AXIS2_PLACEMENT_3D('',#11727,#11728,#11729);
#11727 = CARTESIAN_POINT('',(12.,-6.,1.55));
#11728 = DIRECTION('',(0.,0.,1.));
#11729 = DIRECTION('',(-0.,-1.,0.));
#11730 = ORIENTED_EDGE('',*,*,#11714,.F.);
#11731 = ORIENTED_EDGE('',*,*,#11732,.F.);
#11732 = EDGE_CURVE('',#11715,#11715,#11733,.T.);
#11733 = CIRCLE('',#11734,0.425);
#11734 = AXIS2_PLACEMENT_3D('',#11735,#11736,#11737);
#11735 = CARTESIAN_POINT('',(12.,-6.,-4.E-02));
#11736 = DIRECTION('',(0.,0.,1.));
#11737 = DIRECTION('',(-0.,-1.,0.));
#11738 = CYLINDRICAL_SURFACE('',#11739,0.425);
#11739 = AXIS2_PLACEMENT_3D('',#11740,#11741,#11742);
#11740 = CARTESIAN_POINT('',(12.,-6.,-4.E-02));
#11741 = DIRECTION('',(-0.,-0.,-1.));
#11742 = DIRECTION('',(-0.,-1.,0.));
#11743 = ADVANCED_FACE('',(#11744,#11747),#11758,.F.);
#11744 = FACE_BOUND('',#11745,.F.);
#11745 = EDGE_LOOP('',(#11746));
#11746 = ORIENTED_EDGE('',*,*,#11732,.T.);
#11747 = FACE_BOUND('',#11748,.F.);
#11748 = EDGE_LOOP('',(#11749));
#11749 = ORIENTED_EDGE('',*,*,#11750,.T.);
#11750 = EDGE_CURVE('',#11751,#11751,#11753,.T.);
#11751 = VERTEX_POINT('',#11752);
#11752 = CARTESIAN_POINT('',(12.,-6.4,-4.E-02));
#11753 = CIRCLE('',#11754,0.4);
#11754 = AXIS2_PLACEMENT_3D('',#11755,#11756,#11757);
#11755 = CARTESIAN_POINT('',(12.,-6.,-4.E-02));
#11756 = DIRECTION('',(-0.,0.,-1.));
#11757 = DIRECTION('',(-0.,-1.,0.));
#11758 = PLANE('',#11759);
#11759 = AXIS2_PLACEMENT_3D('',#11760,#11761,#11762);
#11760 = CARTESIAN_POINT('',(12.,-6.425,-4.E-02));
#11761 = DIRECTION('',(0.,0.,1.));
#11762 = DIRECTION('',(1.,0.,-0.));
#11763 = ADVANCED_FACE('',(#11764,#11767),#11778,.T.);
#11764 = FACE_BOUND('',#11765,.T.);
#11765 = EDGE_LOOP('',(#11766));
#11766 = ORIENTED_EDGE('',*,*,#11724,.T.);
#11767 = FACE_BOUND('',#11768,.T.);
#11768 = EDGE_LOOP('',(#11769));
#11769 = ORIENTED_EDGE('',*,*,#11770,.T.);
#11770 = EDGE_CURVE('',#11771,#11771,#11773,.T.);
#11771 = VERTEX_POINT('',#11772);
#11772 = CARTESIAN_POINT('',(12.,-6.4,1.55));
#11773 = CIRCLE('',#11774,0.4);
#11774 = AXIS2_PLACEMENT_3D('',#11775,#11776,#11777);
#11775 = CARTESIAN_POINT('',(12.,-6.,1.55));
#11776 = DIRECTION('',(-0.,0.,-1.));
#11777 = DIRECTION('',(-0.,-1.,0.));
#11778 = PLANE('',#11779);
#11779 = AXIS2_PLACEMENT_3D('',#11780,#11781,#11782);
#11780 = CARTESIAN_POINT('',(12.,-6.425,1.55));
#11781 = DIRECTION('',(0.,0.,1.));
#11782 = DIRECTION('',(1.,0.,-0.));
#11783 = ADVANCED_FACE('',(#11784),#11795,.F.);
#11784 = FACE_BOUND('',#11785,.T.);
#11785 = EDGE_LOOP('',(#11786,#11787,#11793,#11794));
#11786 = ORIENTED_EDGE('',*,*,#11750,.T.);
#11787 = ORIENTED_EDGE('',*,*,#11788,.T.);
#11788 = EDGE_CURVE('',#11751,#11771,#11789,.T.);
#11789 = LINE('',#11790,#11791);
#11790 = CARTESIAN_POINT('',(12.,-6.4,-4.6E-02));
#11791 = VECTOR('',#11792,1.);
#11792 = DIRECTION('',(0.,0.,1.));
#11793 = ORIENTED_EDGE('',*,*,#11770,.F.);
#11794 = ORIENTED_EDGE('',*,*,#11788,.F.);
#11795 = CYLINDRICAL_SURFACE('',#11796,0.4);
#11796 = AXIS2_PLACEMENT_3D('',#11797,#11798,#11799);
#11797 = CARTESIAN_POINT('',(12.,-6.,-4.6E-02));
#11798 = DIRECTION('',(-0.,-0.,-1.));
#11799 = DIRECTION('',(-0.,-1.,0.));
#11800 = MANIFOLD_SOLID_BREP('',#11801);
#11801 = CLOSED_SHELL('',(#11802,#11844,#11875,#11908,#11939,#11972,
    #12003,#12036,#12058,#12074));
#11802 = ADVANCED_FACE('',(#11803),#11839,.T.);
#11803 = FACE_BOUND('',#11804,.T.);
#11804 = EDGE_LOOP('',(#11805,#11815,#11824,#11832));
#11805 = ORIENTED_EDGE('',*,*,#11806,.T.);
#11806 = EDGE_CURVE('',#11807,#11809,#11811,.T.);
#11807 = VERTEX_POINT('',#11808);
#11808 = CARTESIAN_POINT('',(15.075,-5.55,1.51));
#11809 = VERTEX_POINT('',#11810);
#11810 = CARTESIAN_POINT('',(15.075,-5.55,1.55));
#11811 = LINE('',#11812,#11813);
#11812 = CARTESIAN_POINT('',(15.075,-5.55,1.51));
#11813 = VECTOR('',#11814,1.);
#11814 = DIRECTION('',(0.,0.,1.));
#11815 = ORIENTED_EDGE('',*,*,#11816,.T.);
#11816 = EDGE_CURVE('',#11809,#11817,#11819,.T.);
#11817 = VERTEX_POINT('',#11818);
#11818 = CARTESIAN_POINT('',(15.325,-5.3,1.55));
#11819 = CIRCLE('',#11820,0.249998959685);
#11820 = AXIS2_PLACEMENT_3D('',#11821,#11822,#11823);
#11821 = CARTESIAN_POINT('',(15.324998959683,-5.549998959683,1.55));
#11822 = DIRECTION('',(0.,0.,-1.));
#11823 = DIRECTION('',(-0.999999999991,-4.161285826408E-06,-0.));
#11824 = ORIENTED_EDGE('',*,*,#11825,.F.);
#11825 = EDGE_CURVE('',#11826,#11817,#11828,.T.);
#11826 = VERTEX_POINT('',#11827);
#11827 = CARTESIAN_POINT('',(15.325,-5.3,1.51));
#11828 = LINE('',#11829,#11830);
#11829 = CARTESIAN_POINT('',(15.325,-5.3,1.51));
#11830 = VECTOR('',#11831,1.);
#11831 = DIRECTION('',(0.,0.,1.));
#11832 = ORIENTED_EDGE('',*,*,#11833,.F.);
#11833 = EDGE_CURVE('',#11807,#11826,#11834,.T.);
#11834 = CIRCLE('',#11835,0.249998959685);
#11835 = AXIS2_PLACEMENT_3D('',#11836,#11837,#11838);
#11836 = CARTESIAN_POINT('',(15.324998959683,-5.549998959683,1.51));
#11837 = DIRECTION('',(0.,0.,-1.));
#11838 = DIRECTION('',(-0.999999999991,-4.161285826408E-06,-0.));
#11839 = CYLINDRICAL_SURFACE('',#11840,0.249998959685);
#11840 = AXIS2_PLACEMENT_3D('',#11841,#11842,#11843);
#11841 = CARTESIAN_POINT('',(15.324998959683,-5.549998959683,1.51));
#11842 = DIRECTION('',(0.,0.,-1.));
#11843 = DIRECTION('',(-0.999999999991,-4.161285826408E-06,-0.));
#11844 = ADVANCED_FACE('',(#11845),#11870,.T.);
#11845 = FACE_BOUND('',#11846,.T.);
#11846 = EDGE_LOOP('',(#11847,#11848,#11856,#11864));
#11847 = ORIENTED_EDGE('',*,*,#11825,.T.);
#11848 = ORIENTED_EDGE('',*,*,#11849,.T.);
#11849 = EDGE_CURVE('',#11817,#11850,#11852,.T.);
#11850 = VERTEX_POINT('',#11851);
#11851 = CARTESIAN_POINT('',(15.85,-5.3,1.55));
#11852 = LINE('',#11853,#11854);
#11853 = CARTESIAN_POINT('',(15.325,-5.3,1.55));
#11854 = VECTOR('',#11855,1.);
#11855 = DIRECTION('',(1.,0.,0.));
#11856 = ORIENTED_EDGE('',*,*,#11857,.F.);
#11857 = EDGE_CURVE('',#11858,#11850,#11860,.T.);
#11858 = VERTEX_POINT('',#11859);
#11859 = CARTESIAN_POINT('',(15.85,-5.3,1.51));
#11860 = LINE('',#11861,#11862);
#11861 = CARTESIAN_POINT('',(15.85,-5.3,1.51));
#11862 = VECTOR('',#11863,1.);
#11863 = DIRECTION('',(0.,0.,1.));
#11864 = ORIENTED_EDGE('',*,*,#11865,.F.);
#11865 = EDGE_CURVE('',#11826,#11858,#11866,.T.);
#11866 = LINE('',#11867,#11868);
#11867 = CARTESIAN_POINT('',(15.325,-5.3,1.51));
#11868 = VECTOR('',#11869,1.);
#11869 = DIRECTION('',(1.,0.,0.));
#11870 = PLANE('',#11871);
#11871 = AXIS2_PLACEMENT_3D('',#11872,#11873,#11874);
#11872 = CARTESIAN_POINT('',(15.325,-5.3,1.51));
#11873 = DIRECTION('',(0.,1.,0.));
#11874 = DIRECTION('',(1.,0.,0.));
#11875 = ADVANCED_FACE('',(#11876),#11903,.T.);
#11876 = FACE_BOUND('',#11877,.T.);
#11877 = EDGE_LOOP('',(#11878,#11879,#11888,#11896));
#11878 = ORIENTED_EDGE('',*,*,#11857,.T.);
#11879 = ORIENTED_EDGE('',*,*,#11880,.T.);
#11880 = EDGE_CURVE('',#11850,#11881,#11883,.T.);
#11881 = VERTEX_POINT('',#11882);
#11882 = CARTESIAN_POINT('',(16.1,-5.55,1.55));
#11883 = CIRCLE('',#11884,0.249998959685);
#11884 = AXIS2_PLACEMENT_3D('',#11885,#11886,#11887);
#11885 = CARTESIAN_POINT('',(15.850001040317,-5.549998959683,1.55));
#11886 = DIRECTION('',(0.,0.,-1.));
#11887 = DIRECTION('',(-4.16128581575E-06,0.999999999991,0.));
#11888 = ORIENTED_EDGE('',*,*,#11889,.F.);
#11889 = EDGE_CURVE('',#11890,#11881,#11892,.T.);
#11890 = VERTEX_POINT('',#11891);
#11891 = CARTESIAN_POINT('',(16.1,-5.55,1.51));
#11892 = LINE('',#11893,#11894);
#11893 = CARTESIAN_POINT('',(16.1,-5.55,1.51));
#11894 = VECTOR('',#11895,1.);
#11895 = DIRECTION('',(0.,0.,1.));
#11896 = ORIENTED_EDGE('',*,*,#11897,.F.);
#11897 = EDGE_CURVE('',#11858,#11890,#11898,.T.);
#11898 = CIRCLE('',#11899,0.249998959685);
#11899 = AXIS2_PLACEMENT_3D('',#11900,#11901,#11902);
#11900 = CARTESIAN_POINT('',(15.850001040317,-5.549998959683,1.51));
#11901 = DIRECTION('',(0.,0.,-1.));
#11902 = DIRECTION('',(-4.16128581575E-06,0.999999999991,0.));
#11903 = CYLINDRICAL_SURFACE('',#11904,0.249998959685);
#11904 = AXIS2_PLACEMENT_3D('',#11905,#11906,#11907);
#11905 = CARTESIAN_POINT('',(15.850001040317,-5.549998959683,1.51));
#11906 = DIRECTION('',(0.,0.,-1.));
#11907 = DIRECTION('',(-4.16128581575E-06,0.999999999991,0.));
#11908 = ADVANCED_FACE('',(#11909),#11934,.T.);
#11909 = FACE_BOUND('',#11910,.T.);
#11910 = EDGE_LOOP('',(#11911,#11912,#11920,#11928));
#11911 = ORIENTED_EDGE('',*,*,#11889,.T.);
#11912 = ORIENTED_EDGE('',*,*,#11913,.T.);
#11913 = EDGE_CURVE('',#11881,#11914,#11916,.T.);
#11914 = VERTEX_POINT('',#11915);
#11915 = CARTESIAN_POINT('',(16.1,-6.45,1.55));
#11916 = LINE('',#11917,#11918);
#11917 = CARTESIAN_POINT('',(16.1,-5.55,1.55));
#11918 = VECTOR('',#11919,1.);
#11919 = DIRECTION('',(0.,-1.,0.));
#11920 = ORIENTED_EDGE('',*,*,#11921,.F.);
#11921 = EDGE_CURVE('',#11922,#11914,#11924,.T.);
#11922 = VERTEX_POINT('',#11923);
#11923 = CARTESIAN_POINT('',(16.1,-6.45,1.51));
#11924 = LINE('',#11925,#11926);
#11925 = CARTESIAN_POINT('',(16.1,-6.45,1.51));
#11926 = VECTOR('',#11927,1.);
#11927 = DIRECTION('',(0.,0.,1.));
#11928 = ORIENTED_EDGE('',*,*,#11929,.F.);
#11929 = EDGE_CURVE('',#11890,#11922,#11930,.T.);
#11930 = LINE('',#11931,#11932);
#11931 = CARTESIAN_POINT('',(16.1,-5.55,1.51));
#11932 = VECTOR('',#11933,1.);
#11933 = DIRECTION('',(0.,-1.,0.));
#11934 = PLANE('',#11935);
#11935 = AXIS2_PLACEMENT_3D('',#11936,#11937,#11938);
#11936 = CARTESIAN_POINT('',(16.1,-5.55,1.51));
#11937 = DIRECTION('',(1.,0.,-0.));
#11938 = DIRECTION('',(0.,-1.,0.));
#11939 = ADVANCED_FACE('',(#11940),#11967,.T.);
#11940 = FACE_BOUND('',#11941,.T.);
#11941 = EDGE_LOOP('',(#11942,#11943,#11952,#11960));
#11942 = ORIENTED_EDGE('',*,*,#11921,.T.);
#11943 = ORIENTED_EDGE('',*,*,#11944,.T.);
#11944 = EDGE_CURVE('',#11914,#11945,#11947,.T.);
#11945 = VERTEX_POINT('',#11946);
#11946 = CARTESIAN_POINT('',(15.85,-6.7,1.55));
#11947 = CIRCLE('',#11948,0.249998959685);
#11948 = AXIS2_PLACEMENT_3D('',#11949,#11950,#11951);
#11949 = CARTESIAN_POINT('',(15.850001040317,-6.450001040317,1.55));
#11950 = DIRECTION('',(0.,0.,-1.));
#11951 = DIRECTION('',(0.999999999991,4.161285808645E-06,0.));
#11952 = ORIENTED_EDGE('',*,*,#11953,.F.);
#11953 = EDGE_CURVE('',#11954,#11945,#11956,.T.);
#11954 = VERTEX_POINT('',#11955);
#11955 = CARTESIAN_POINT('',(15.85,-6.7,1.51));
#11956 = LINE('',#11957,#11958);
#11957 = CARTESIAN_POINT('',(15.85,-6.7,1.51));
#11958 = VECTOR('',#11959,1.);
#11959 = DIRECTION('',(0.,0.,1.));
#11960 = ORIENTED_EDGE('',*,*,#11961,.F.);
#11961 = EDGE_CURVE('',#11922,#11954,#11962,.T.);
#11962 = CIRCLE('',#11963,0.249998959685);
#11963 = AXIS2_PLACEMENT_3D('',#11964,#11965,#11966);
#11964 = CARTESIAN_POINT('',(15.850001040317,-6.450001040317,1.51));
#11965 = DIRECTION('',(0.,0.,-1.));
#11966 = DIRECTION('',(0.999999999991,4.161285808645E-06,0.));
#11967 = CYLINDRICAL_SURFACE('',#11968,0.249998959685);
#11968 = AXIS2_PLACEMENT_3D('',#11969,#11970,#11971);
#11969 = CARTESIAN_POINT('',(15.850001040317,-6.450001040317,1.51));
#11970 = DIRECTION('',(0.,0.,-1.));
#11971 = DIRECTION('',(0.999999999991,4.161285808645E-06,0.));
#11972 = ADVANCED_FACE('',(#11973),#11998,.T.);
#11973 = FACE_BOUND('',#11974,.T.);
#11974 = EDGE_LOOP('',(#11975,#11976,#11984,#11992));
#11975 = ORIENTED_EDGE('',*,*,#11953,.T.);
#11976 = ORIENTED_EDGE('',*,*,#11977,.T.);
#11977 = EDGE_CURVE('',#11945,#11978,#11980,.T.);
#11978 = VERTEX_POINT('',#11979);
#11979 = CARTESIAN_POINT('',(15.325,-6.7,1.55));
#11980 = LINE('',#11981,#11982);
#11981 = CARTESIAN_POINT('',(15.85,-6.7,1.55));
#11982 = VECTOR('',#11983,1.);
#11983 = DIRECTION('',(-1.,0.,0.));
#11984 = ORIENTED_EDGE('',*,*,#11985,.F.);
#11985 = EDGE_CURVE('',#11986,#11978,#11988,.T.);
#11986 = VERTEX_POINT('',#11987);
#11987 = CARTESIAN_POINT('',(15.325,-6.7,1.51));
#11988 = LINE('',#11989,#11990);
#11989 = CARTESIAN_POINT('',(15.325,-6.7,1.51));
#11990 = VECTOR('',#11991,1.);
#11991 = DIRECTION('',(0.,0.,1.));
#11992 = ORIENTED_EDGE('',*,*,#11993,.F.);
#11993 = EDGE_CURVE('',#11954,#11986,#11994,.T.);
#11994 = LINE('',#11995,#11996);
#11995 = CARTESIAN_POINT('',(15.85,-6.7,1.51));
#11996 = VECTOR('',#11997,1.);
#11997 = DIRECTION('',(-1.,0.,0.));
#11998 = PLANE('',#11999);
#11999 = AXIS2_PLACEMENT_3D('',#12000,#12001,#12002);
#12000 = CARTESIAN_POINT('',(15.85,-6.7,1.51));
#12001 = DIRECTION('',(0.,-1.,0.));
#12002 = DIRECTION('',(-1.,0.,0.));
#12003 = ADVANCED_FACE('',(#12004),#12031,.T.);
#12004 = FACE_BOUND('',#12005,.T.);
#12005 = EDGE_LOOP('',(#12006,#12007,#12016,#12024));
#12006 = ORIENTED_EDGE('',*,*,#11985,.T.);
#12007 = ORIENTED_EDGE('',*,*,#12008,.T.);
#12008 = EDGE_CURVE('',#11978,#12009,#12011,.T.);
#12009 = VERTEX_POINT('',#12010);
#12010 = CARTESIAN_POINT('',(15.075,-6.45,1.55));
#12011 = CIRCLE('',#12012,0.249998959685);
#12012 = AXIS2_PLACEMENT_3D('',#12013,#12014,#12015);
#12013 = CARTESIAN_POINT('',(15.324998959683,-6.450001040317,1.55));
#12014 = DIRECTION('',(0.,0.,-1.));
#12015 = DIRECTION('',(4.161285829961E-06,-0.999999999991,0.));
#12016 = ORIENTED_EDGE('',*,*,#12017,.F.);
#12017 = EDGE_CURVE('',#12018,#12009,#12020,.T.);
#12018 = VERTEX_POINT('',#12019);
#12019 = CARTESIAN_POINT('',(15.075,-6.45,1.51));
#12020 = LINE('',#12021,#12022);
#12021 = CARTESIAN_POINT('',(15.075,-6.45,1.51));
#12022 = VECTOR('',#12023,1.);
#12023 = DIRECTION('',(0.,0.,1.));
#12024 = ORIENTED_EDGE('',*,*,#12025,.F.);
#12025 = EDGE_CURVE('',#11986,#12018,#12026,.T.);
#12026 = CIRCLE('',#12027,0.249998959685);
#12027 = AXIS2_PLACEMENT_3D('',#12028,#12029,#12030);
#12028 = CARTESIAN_POINT('',(15.324998959683,-6.450001040317,1.51));
#12029 = DIRECTION('',(0.,0.,-1.));
#12030 = DIRECTION('',(4.161285829961E-06,-0.999999999991,0.));
#12031 = CYLINDRICAL_SURFACE('',#12032,0.249998959685);
#12032 = AXIS2_PLACEMENT_3D('',#12033,#12034,#12035);
#12033 = CARTESIAN_POINT('',(15.324998959683,-6.450001040317,1.51));
#12034 = DIRECTION('',(0.,0.,-1.));
#12035 = DIRECTION('',(4.161285829961E-06,-0.999999999991,0.));
#12036 = ADVANCED_FACE('',(#12037),#12053,.T.);
#12037 = FACE_BOUND('',#12038,.T.);
#12038 = EDGE_LOOP('',(#12039,#12040,#12046,#12047));
#12039 = ORIENTED_EDGE('',*,*,#12017,.T.);
#12040 = ORIENTED_EDGE('',*,*,#12041,.T.);
#12041 = EDGE_CURVE('',#12009,#11809,#12042,.T.);
#12042 = LINE('',#12043,#12044);
#12043 = CARTESIAN_POINT('',(15.075,-6.45,1.55));
#12044 = VECTOR('',#12045,1.);
#12045 = DIRECTION('',(0.,1.,0.));
#12046 = ORIENTED_EDGE('',*,*,#11806,.F.);
#12047 = ORIENTED_EDGE('',*,*,#12048,.F.);
#12048 = EDGE_CURVE('',#12018,#11807,#12049,.T.);
#12049 = LINE('',#12050,#12051);
#12050 = CARTESIAN_POINT('',(15.075,-6.45,1.51));
#12051 = VECTOR('',#12052,1.);
#12052 = DIRECTION('',(0.,1.,0.));
#12053 = PLANE('',#12054);
#12054 = AXIS2_PLACEMENT_3D('',#12055,#12056,#12057);
#12055 = CARTESIAN_POINT('',(15.075,-6.45,1.51));
#12056 = DIRECTION('',(-1.,0.,0.));
#12057 = DIRECTION('',(0.,1.,0.));
#12058 = ADVANCED_FACE('',(#12059),#12069,.F.);
#12059 = FACE_BOUND('',#12060,.T.);
#12060 = EDGE_LOOP('',(#12061,#12062,#12063,#12064,#12065,#12066,#12067,
    #12068));
#12061 = ORIENTED_EDGE('',*,*,#11833,.T.);
#12062 = ORIENTED_EDGE('',*,*,#11865,.T.);
#12063 = ORIENTED_EDGE('',*,*,#11897,.T.);
#12064 = ORIENTED_EDGE('',*,*,#11929,.T.);
#12065 = ORIENTED_EDGE('',*,*,#11961,.T.);
#12066 = ORIENTED_EDGE('',*,*,#11993,.T.);
#12067 = ORIENTED_EDGE('',*,*,#12025,.T.);
#12068 = ORIENTED_EDGE('',*,*,#12048,.T.);
#12069 = PLANE('',#12070);
#12070 = AXIS2_PLACEMENT_3D('',#12071,#12072,#12073);
#12071 = CARTESIAN_POINT('',(0.,0.,1.51));
#12072 = DIRECTION('',(0.,0.,1.));
#12073 = DIRECTION('',(1.,0.,-0.));
#12074 = ADVANCED_FACE('',(#12075),#12085,.T.);
#12075 = FACE_BOUND('',#12076,.F.);
#12076 = EDGE_LOOP('',(#12077,#12078,#12079,#12080,#12081,#12082,#12083,
    #12084));
#12077 = ORIENTED_EDGE('',*,*,#11816,.T.);
#12078 = ORIENTED_EDGE('',*,*,#11849,.T.);
#12079 = ORIENTED_EDGE('',*,*,#11880,.T.);
#12080 = ORIENTED_EDGE('',*,*,#11913,.T.);
#12081 = ORIENTED_EDGE('',*,*,#11944,.T.);
#12082 = ORIENTED_EDGE('',*,*,#11977,.T.);
#12083 = ORIENTED_EDGE('',*,*,#12008,.T.);
#12084 = ORIENTED_EDGE('',*,*,#12041,.T.);
#12085 = PLANE('',#12086);
#12086 = AXIS2_PLACEMENT_3D('',#12087,#12088,#12089);
#12087 = CARTESIAN_POINT('',(0.,0.,1.55));
#12088 = DIRECTION('',(0.,0.,1.));
#12089 = DIRECTION('',(1.,0.,-0.));
#12090 = MANIFOLD_SOLID_BREP('',#12091);
#12091 = CLOSED_SHELL('',(#12092,#12134,#12165,#12198,#12229,#12262,
    #12293,#12326,#12348,#12364));
#12092 = ADVANCED_FACE('',(#12093),#12129,.T.);
#12093 = FACE_BOUND('',#12094,.T.);
#12094 = EDGE_LOOP('',(#12095,#12105,#12114,#12122));
#12095 = ORIENTED_EDGE('',*,*,#12096,.T.);
#12096 = EDGE_CURVE('',#12097,#12099,#12101,.T.);
#12097 = VERTEX_POINT('',#12098);
#12098 = CARTESIAN_POINT('',(12.316,-29.215,1.51));
#12099 = VERTEX_POINT('',#12100);
#12100 = CARTESIAN_POINT('',(12.316,-29.215,1.55));
#12101 = LINE('',#12102,#12103);
#12102 = CARTESIAN_POINT('',(12.316,-29.215,1.51));
#12103 = VECTOR('',#12104,1.);
#12104 = DIRECTION('',(0.,0.,1.));
#12105 = ORIENTED_EDGE('',*,*,#12106,.T.);
#12106 = EDGE_CURVE('',#12099,#12107,#12109,.T.);
#12107 = VERTEX_POINT('',#12108);
#12108 = CARTESIAN_POINT('',(12.566,-28.965,1.55));
#12109 = CIRCLE('',#12110,0.249998959685);
#12110 = AXIS2_PLACEMENT_3D('',#12111,#12112,#12113);
#12111 = CARTESIAN_POINT('',(12.565998959683,-29.21499895968,1.55));
#12112 = DIRECTION('',(0.,0.,-1.));
#12113 = DIRECTION('',(-0.999999999991,-4.161285851277E-06,-0.));
#12114 = ORIENTED_EDGE('',*,*,#12115,.F.);
#12115 = EDGE_CURVE('',#12116,#12107,#12118,.T.);
#12116 = VERTEX_POINT('',#12117);
#12117 = CARTESIAN_POINT('',(12.566,-28.965,1.51));
#12118 = LINE('',#12119,#12120);
#12119 = CARTESIAN_POINT('',(12.566,-28.965,1.51));
#12120 = VECTOR('',#12121,1.);
#12121 = DIRECTION('',(0.,0.,1.));
#12122 = ORIENTED_EDGE('',*,*,#12123,.F.);
#12123 = EDGE_CURVE('',#12097,#12116,#12124,.T.);
#12124 = CIRCLE('',#12125,0.249998959685);
#12125 = AXIS2_PLACEMENT_3D('',#12126,#12127,#12128);
#12126 = CARTESIAN_POINT('',(12.565998959683,-29.21499895968,1.51));
#12127 = DIRECTION('',(0.,0.,-1.));
#12128 = DIRECTION('',(-0.999999999991,-4.161285851277E-06,-0.));
#12129 = CYLINDRICAL_SURFACE('',#12130,0.249998959685);
#12130 = AXIS2_PLACEMENT_3D('',#12131,#12132,#12133);
#12131 = CARTESIAN_POINT('',(12.565998959683,-29.21499895968,1.51));
#12132 = DIRECTION('',(0.,0.,-1.));
#12133 = DIRECTION('',(-0.999999999991,-4.161285851277E-06,-0.));
#12134 = ADVANCED_FACE('',(#12135),#12160,.T.);
#12135 = FACE_BOUND('',#12136,.T.);
#12136 = EDGE_LOOP('',(#12137,#12138,#12146,#12154));
#12137 = ORIENTED_EDGE('',*,*,#12115,.T.);
#12138 = ORIENTED_EDGE('',*,*,#12139,.T.);
#12139 = EDGE_CURVE('',#12107,#12140,#12142,.T.);
#12140 = VERTEX_POINT('',#12141);
#12141 = CARTESIAN_POINT('',(14.656,-28.965,1.55));
#12142 = LINE('',#12143,#12144);
#12143 = CARTESIAN_POINT('',(12.566,-28.965,1.55));
#12144 = VECTOR('',#12145,1.);
#12145 = DIRECTION('',(1.,0.,0.));
#12146 = ORIENTED_EDGE('',*,*,#12147,.F.);
#12147 = EDGE_CURVE('',#12148,#12140,#12150,.T.);
#12148 = VERTEX_POINT('',#12149);
#12149 = CARTESIAN_POINT('',(14.656,-28.965,1.51));
#12150 = LINE('',#12151,#12152);
#12151 = CARTESIAN_POINT('',(14.656,-28.965,1.51));
#12152 = VECTOR('',#12153,1.);
#12153 = DIRECTION('',(0.,0.,1.));
#12154 = ORIENTED_EDGE('',*,*,#12155,.F.);
#12155 = EDGE_CURVE('',#12116,#12148,#12156,.T.);
#12156 = LINE('',#12157,#12158);
#12157 = CARTESIAN_POINT('',(12.566,-28.965,1.51));
#12158 = VECTOR('',#12159,1.);
#12159 = DIRECTION('',(1.,0.,0.));
#12160 = PLANE('',#12161);
#12161 = AXIS2_PLACEMENT_3D('',#12162,#12163,#12164);
#12162 = CARTESIAN_POINT('',(12.566,-28.965,1.51));
#12163 = DIRECTION('',(0.,1.,0.));
#12164 = DIRECTION('',(1.,0.,0.));
#12165 = ADVANCED_FACE('',(#12166),#12193,.T.);
#12166 = FACE_BOUND('',#12167,.T.);
#12167 = EDGE_LOOP('',(#12168,#12169,#12178,#12186));
#12168 = ORIENTED_EDGE('',*,*,#12147,.T.);
#12169 = ORIENTED_EDGE('',*,*,#12170,.T.);
#12170 = EDGE_CURVE('',#12140,#12171,#12173,.T.);
#12171 = VERTEX_POINT('',#12172);
#12172 = CARTESIAN_POINT('',(14.906,-29.215,1.55));
#12173 = CIRCLE('',#12174,0.249998959685);
#12174 = AXIS2_PLACEMENT_3D('',#12175,#12176,#12177);
#12175 = CARTESIAN_POINT('',(14.656001040317,-29.21499895968,1.55));
#12176 = DIRECTION('',(0.,0.,-1.));
#12177 = DIRECTION('',(-4.161285837066E-06,0.999999999991,0.));
#12178 = ORIENTED_EDGE('',*,*,#12179,.F.);
#12179 = EDGE_CURVE('',#12180,#12171,#12182,.T.);
#12180 = VERTEX_POINT('',#12181);
#12181 = CARTESIAN_POINT('',(14.906,-29.215,1.51));
#12182 = LINE('',#12183,#12184);
#12183 = CARTESIAN_POINT('',(14.906,-29.215,1.51));
#12184 = VECTOR('',#12185,1.);
#12185 = DIRECTION('',(0.,0.,1.));
#12186 = ORIENTED_EDGE('',*,*,#12187,.F.);
#12187 = EDGE_CURVE('',#12148,#12180,#12188,.T.);
#12188 = CIRCLE('',#12189,0.249998959685);
#12189 = AXIS2_PLACEMENT_3D('',#12190,#12191,#12192);
#12190 = CARTESIAN_POINT('',(14.656001040317,-29.21499895968,1.51));
#12191 = DIRECTION('',(0.,0.,-1.));
#12192 = DIRECTION('',(-4.161285837066E-06,0.999999999991,0.));
#12193 = CYLINDRICAL_SURFACE('',#12194,0.249998959685);
#12194 = AXIS2_PLACEMENT_3D('',#12195,#12196,#12197);
#12195 = CARTESIAN_POINT('',(14.656001040317,-29.21499895968,1.51));
#12196 = DIRECTION('',(0.,0.,-1.));
#12197 = DIRECTION('',(-4.161285837066E-06,0.999999999991,0.));
#12198 = ADVANCED_FACE('',(#12199),#12224,.T.);
#12199 = FACE_BOUND('',#12200,.T.);
#12200 = EDGE_LOOP('',(#12201,#12202,#12210,#12218));
#12201 = ORIENTED_EDGE('',*,*,#12179,.T.);
#12202 = ORIENTED_EDGE('',*,*,#12203,.T.);
#12203 = EDGE_CURVE('',#12171,#12204,#12206,.T.);
#12204 = VERTEX_POINT('',#12205);
#12205 = CARTESIAN_POINT('',(14.906,-30.785,1.55));
#12206 = LINE('',#12207,#12208);
#12207 = CARTESIAN_POINT('',(14.906,-29.215,1.55));
#12208 = VECTOR('',#12209,1.);
#12209 = DIRECTION('',(0.,-1.,0.));
#12210 = ORIENTED_EDGE('',*,*,#12211,.F.);
#12211 = EDGE_CURVE('',#12212,#12204,#12214,.T.);
#12212 = VERTEX_POINT('',#12213);
#12213 = CARTESIAN_POINT('',(14.906,-30.785,1.51));
#12214 = LINE('',#12215,#12216);
#12215 = CARTESIAN_POINT('',(14.906,-30.785,1.51));
#12216 = VECTOR('',#12217,1.);
#12217 = DIRECTION('',(0.,0.,1.));
#12218 = ORIENTED_EDGE('',*,*,#12219,.F.);
#12219 = EDGE_CURVE('',#12180,#12212,#12220,.T.);
#12220 = LINE('',#12221,#12222);
#12221 = CARTESIAN_POINT('',(14.906,-29.215,1.51));
#12222 = VECTOR('',#12223,1.);
#12223 = DIRECTION('',(0.,-1.,0.));
#12224 = PLANE('',#12225);
#12225 = AXIS2_PLACEMENT_3D('',#12226,#12227,#12228);
#12226 = CARTESIAN_POINT('',(14.906,-29.215,1.51));
#12227 = DIRECTION('',(1.,0.,-0.));
#12228 = DIRECTION('',(0.,-1.,0.));
#12229 = ADVANCED_FACE('',(#12230),#12257,.T.);
#12230 = FACE_BOUND('',#12231,.T.);
#12231 = EDGE_LOOP('',(#12232,#12233,#12242,#12250));
#12232 = ORIENTED_EDGE('',*,*,#12211,.T.);
#12233 = ORIENTED_EDGE('',*,*,#12234,.T.);
#12234 = EDGE_CURVE('',#12204,#12235,#12237,.T.);
#12235 = VERTEX_POINT('',#12236);
#12236 = CARTESIAN_POINT('',(14.656,-31.035,1.55));
#12237 = CIRCLE('',#12238,0.249998959685);
#12238 = AXIS2_PLACEMENT_3D('',#12239,#12240,#12241);
#12239 = CARTESIAN_POINT('',(14.656001040317,-30.78500104031,1.55));
#12240 = DIRECTION('',(0.,0.,-1.));
#12241 = DIRECTION('',(0.999999999991,4.161285837066E-06,0.));
#12242 = ORIENTED_EDGE('',*,*,#12243,.F.);
#12243 = EDGE_CURVE('',#12244,#12235,#12246,.T.);
#12244 = VERTEX_POINT('',#12245);
#12245 = CARTESIAN_POINT('',(14.656,-31.035,1.51));
#12246 = LINE('',#12247,#12248);
#12247 = CARTESIAN_POINT('',(14.656,-31.035,1.51));
#12248 = VECTOR('',#12249,1.);
#12249 = DIRECTION('',(0.,0.,1.));
#12250 = ORIENTED_EDGE('',*,*,#12251,.F.);
#12251 = EDGE_CURVE('',#12212,#12244,#12252,.T.);
#12252 = CIRCLE('',#12253,0.249998959685);
#12253 = AXIS2_PLACEMENT_3D('',#12254,#12255,#12256);
#12254 = CARTESIAN_POINT('',(14.656001040317,-30.78500104031,1.51));
#12255 = DIRECTION('',(0.,0.,-1.));
#12256 = DIRECTION('',(0.999999999991,4.161285837066E-06,0.));
#12257 = CYLINDRICAL_SURFACE('',#12258,0.249998959685);
#12258 = AXIS2_PLACEMENT_3D('',#12259,#12260,#12261);
#12259 = CARTESIAN_POINT('',(14.656001040317,-30.78500104031,1.51));
#12260 = DIRECTION('',(0.,0.,-1.));
#12261 = DIRECTION('',(0.999999999991,4.161285837066E-06,0.));
#12262 = ADVANCED_FACE('',(#12263),#12288,.T.);
#12263 = FACE_BOUND('',#12264,.T.);
#12264 = EDGE_LOOP('',(#12265,#12266,#12274,#12282));
#12265 = ORIENTED_EDGE('',*,*,#12243,.T.);
#12266 = ORIENTED_EDGE('',*,*,#12267,.T.);
#12267 = EDGE_CURVE('',#12235,#12268,#12270,.T.);
#12268 = VERTEX_POINT('',#12269);
#12269 = CARTESIAN_POINT('',(12.566,-31.035,1.55));
#12270 = LINE('',#12271,#12272);
#12271 = CARTESIAN_POINT('',(14.656,-31.035,1.55));
#12272 = VECTOR('',#12273,1.);
#12273 = DIRECTION('',(-1.,0.,0.));
#12274 = ORIENTED_EDGE('',*,*,#12275,.F.);
#12275 = EDGE_CURVE('',#12276,#12268,#12278,.T.);
#12276 = VERTEX_POINT('',#12277);
#12277 = CARTESIAN_POINT('',(12.566,-31.035,1.51));
#12278 = LINE('',#12279,#12280);
#12279 = CARTESIAN_POINT('',(12.566,-31.035,1.51));
#12280 = VECTOR('',#12281,1.);
#12281 = DIRECTION('',(0.,0.,1.));
#12282 = ORIENTED_EDGE('',*,*,#12283,.F.);
#12283 = EDGE_CURVE('',#12244,#12276,#12284,.T.);
#12284 = LINE('',#12285,#12286);
#12285 = CARTESIAN_POINT('',(14.656,-31.035,1.51));
#12286 = VECTOR('',#12287,1.);
#12287 = DIRECTION('',(-1.,0.,0.));
#12288 = PLANE('',#12289);
#12289 = AXIS2_PLACEMENT_3D('',#12290,#12291,#12292);
#12290 = CARTESIAN_POINT('',(14.656,-31.035,1.51));
#12291 = DIRECTION('',(0.,-1.,0.));
#12292 = DIRECTION('',(-1.,0.,0.));
#12293 = ADVANCED_FACE('',(#12294),#12321,.T.);
#12294 = FACE_BOUND('',#12295,.T.);
#12295 = EDGE_LOOP('',(#12296,#12297,#12306,#12314));
#12296 = ORIENTED_EDGE('',*,*,#12275,.T.);
#12297 = ORIENTED_EDGE('',*,*,#12298,.T.);
#12298 = EDGE_CURVE('',#12268,#12299,#12301,.T.);
#12299 = VERTEX_POINT('',#12300);
#12300 = CARTESIAN_POINT('',(12.316,-30.785,1.55));
#12301 = CIRCLE('',#12302,0.249998959685);
#12302 = AXIS2_PLACEMENT_3D('',#12303,#12304,#12305);
#12303 = CARTESIAN_POINT('',(12.565998959683,-30.78500104031,1.55));
#12304 = DIRECTION('',(0.,0.,-1.));
#12305 = DIRECTION('',(4.161285851277E-06,-0.999999999991,0.));
#12306 = ORIENTED_EDGE('',*,*,#12307,.F.);
#12307 = EDGE_CURVE('',#12308,#12299,#12310,.T.);
#12308 = VERTEX_POINT('',#12309);
#12309 = CARTESIAN_POINT('',(12.316,-30.785,1.51));
#12310 = LINE('',#12311,#12312);
#12311 = CARTESIAN_POINT('',(12.316,-30.785,1.51));
#12312 = VECTOR('',#12313,1.);
#12313 = DIRECTION('',(0.,0.,1.));
#12314 = ORIENTED_EDGE('',*,*,#12315,.F.);
#12315 = EDGE_CURVE('',#12276,#12308,#12316,.T.);
#12316 = CIRCLE('',#12317,0.249998959685);
#12317 = AXIS2_PLACEMENT_3D('',#12318,#12319,#12320);
#12318 = CARTESIAN_POINT('',(12.565998959683,-30.78500104031,1.51));
#12319 = DIRECTION('',(0.,0.,-1.));
#12320 = DIRECTION('',(4.161285851277E-06,-0.999999999991,0.));
#12321 = CYLINDRICAL_SURFACE('',#12322,0.249998959685);
#12322 = AXIS2_PLACEMENT_3D('',#12323,#12324,#12325);
#12323 = CARTESIAN_POINT('',(12.565998959683,-30.78500104031,1.51));
#12324 = DIRECTION('',(0.,0.,-1.));
#12325 = DIRECTION('',(4.161285851277E-06,-0.999999999991,0.));
#12326 = ADVANCED_FACE('',(#12327),#12343,.T.);
#12327 = FACE_BOUND('',#12328,.T.);
#12328 = EDGE_LOOP('',(#12329,#12330,#12336,#12337));
#12329 = ORIENTED_EDGE('',*,*,#12307,.T.);
#12330 = ORIENTED_EDGE('',*,*,#12331,.T.);
#12331 = EDGE_CURVE('',#12299,#12099,#12332,.T.);
#12332 = LINE('',#12333,#12334);
#12333 = CARTESIAN_POINT('',(12.316,-30.785,1.55));
#12334 = VECTOR('',#12335,1.);
#12335 = DIRECTION('',(0.,1.,0.));
#12336 = ORIENTED_EDGE('',*,*,#12096,.F.);
#12337 = ORIENTED_EDGE('',*,*,#12338,.F.);
#12338 = EDGE_CURVE('',#12308,#12097,#12339,.T.);
#12339 = LINE('',#12340,#12341);
#12340 = CARTESIAN_POINT('',(12.316,-30.785,1.51));
#12341 = VECTOR('',#12342,1.);
#12342 = DIRECTION('',(0.,1.,0.));
#12343 = PLANE('',#12344);
#12344 = AXIS2_PLACEMENT_3D('',#12345,#12346,#12347);
#12345 = CARTESIAN_POINT('',(12.316,-30.785,1.51));
#12346 = DIRECTION('',(-1.,0.,0.));
#12347 = DIRECTION('',(0.,1.,0.));
#12348 = ADVANCED_FACE('',(#12349),#12359,.F.);
#12349 = FACE_BOUND('',#12350,.T.);
#12350 = EDGE_LOOP('',(#12351,#12352,#12353,#12354,#12355,#12356,#12357,
    #12358));
#12351 = ORIENTED_EDGE('',*,*,#12123,.T.);
#12352 = ORIENTED_EDGE('',*,*,#12155,.T.);
#12353 = ORIENTED_EDGE('',*,*,#12187,.T.);
#12354 = ORIENTED_EDGE('',*,*,#12219,.T.);
#12355 = ORIENTED_EDGE('',*,*,#12251,.T.);
#12356 = ORIENTED_EDGE('',*,*,#12283,.T.);
#12357 = ORIENTED_EDGE('',*,*,#12315,.T.);
#12358 = ORIENTED_EDGE('',*,*,#12338,.T.);
#12359 = PLANE('',#12360);
#12360 = AXIS2_PLACEMENT_3D('',#12361,#12362,#12363);
#12361 = CARTESIAN_POINT('',(0.,0.,1.51));
#12362 = DIRECTION('',(0.,0.,1.));
#12363 = DIRECTION('',(1.,0.,-0.));
#12364 = ADVANCED_FACE('',(#12365),#12375,.T.);
#12365 = FACE_BOUND('',#12366,.F.);
#12366 = EDGE_LOOP('',(#12367,#12368,#12369,#12370,#12371,#12372,#12373,
    #12374));
#12367 = ORIENTED_EDGE('',*,*,#12106,.T.);
#12368 = ORIENTED_EDGE('',*,*,#12139,.T.);
#12369 = ORIENTED_EDGE('',*,*,#12170,.T.);
#12370 = ORIENTED_EDGE('',*,*,#12203,.T.);
#12371 = ORIENTED_EDGE('',*,*,#12234,.T.);
#12372 = ORIENTED_EDGE('',*,*,#12267,.T.);
#12373 = ORIENTED_EDGE('',*,*,#12298,.T.);
#12374 = ORIENTED_EDGE('',*,*,#12331,.T.);
#12375 = PLANE('',#12376);
#12376 = AXIS2_PLACEMENT_3D('',#12377,#12378,#12379);
#12377 = CARTESIAN_POINT('',(0.,0.,1.55));
#12378 = DIRECTION('',(0.,0.,1.));
#12379 = DIRECTION('',(1.,0.,-0.));
#12380 = MANIFOLD_SOLID_BREP('',#12381);
#12381 = CLOSED_SHELL('',(#12382,#12422,#12453,#12484,#12506,#12518));
#12382 = ADVANCED_FACE('',(#12383),#12417,.T.);
#12383 = FACE_BOUND('',#12384,.T.);
#12384 = EDGE_LOOP('',(#12385,#12395,#12403,#12411));
#12385 = ORIENTED_EDGE('',*,*,#12386,.T.);
#12386 = EDGE_CURVE('',#12387,#12389,#12391,.T.);
#12387 = VERTEX_POINT('',#12388);
#12388 = CARTESIAN_POINT('',(11.926,-27.26,1.51));
#12389 = VERTEX_POINT('',#12390);
#12390 = CARTESIAN_POINT('',(11.926,-27.26,1.55));
#12391 = LINE('',#12392,#12393);
#12392 = CARTESIAN_POINT('',(11.926,-27.26,1.51));
#12393 = VECTOR('',#12394,1.);
#12394 = DIRECTION('',(0.,0.,1.));
#12395 = ORIENTED_EDGE('',*,*,#12396,.T.);
#12396 = EDGE_CURVE('',#12389,#12397,#12399,.T.);
#12397 = VERTEX_POINT('',#12398);
#12398 = CARTESIAN_POINT('',(11.926,-23.34,1.55));
#12399 = LINE('',#12400,#12401);
#12400 = CARTESIAN_POINT('',(11.926,-27.26,1.55));
#12401 = VECTOR('',#12402,1.);
#12402 = DIRECTION('',(0.,1.,0.));
#12403 = ORIENTED_EDGE('',*,*,#12404,.F.);
#12404 = EDGE_CURVE('',#12405,#12397,#12407,.T.);
#12405 = VERTEX_POINT('',#12406);
#12406 = CARTESIAN_POINT('',(11.926,-23.34,1.51));
#12407 = LINE('',#12408,#12409);
#12408 = CARTESIAN_POINT('',(11.926,-23.34,1.51));
#12409 = VECTOR('',#12410,1.);
#12410 = DIRECTION('',(0.,0.,1.));
#12411 = ORIENTED_EDGE('',*,*,#12412,.F.);
#12412 = EDGE_CURVE('',#12387,#12405,#12413,.T.);
#12413 = LINE('',#12414,#12415);
#12414 = CARTESIAN_POINT('',(11.926,-27.26,1.51));
#12415 = VECTOR('',#12416,1.);
#12416 = DIRECTION('',(0.,1.,0.));
#12417 = PLANE('',#12418);
#12418 = AXIS2_PLACEMENT_3D('',#12419,#12420,#12421);
#12419 = CARTESIAN_POINT('',(11.926,-27.26,1.51));
#12420 = DIRECTION('',(-1.,0.,0.));
#12421 = DIRECTION('',(0.,1.,0.));
#12422 = ADVANCED_FACE('',(#12423),#12448,.T.);
#12423 = FACE_BOUND('',#12424,.T.);
#12424 = EDGE_LOOP('',(#12425,#12426,#12434,#12442));
#12425 = ORIENTED_EDGE('',*,*,#12404,.T.);
#12426 = ORIENTED_EDGE('',*,*,#12427,.T.);
#12427 = EDGE_CURVE('',#12397,#12428,#12430,.T.);
#12428 = VERTEX_POINT('',#12429);
#12429 = CARTESIAN_POINT('',(13.376,-23.34,1.55));
#12430 = LINE('',#12431,#12432);
#12431 = CARTESIAN_POINT('',(11.926,-23.34,1.55));
#12432 = VECTOR('',#12433,1.);
#12433 = DIRECTION('',(1.,0.,0.));
#12434 = ORIENTED_EDGE('',*,*,#12435,.F.);
#12435 = EDGE_CURVE('',#12436,#12428,#12438,.T.);
#12436 = VERTEX_POINT('',#12437);
#12437 = CARTESIAN_POINT('',(13.376,-23.34,1.51));
#12438 = LINE('',#12439,#12440);
#12439 = CARTESIAN_POINT('',(13.376,-23.34,1.51));
#12440 = VECTOR('',#12441,1.);
#12441 = DIRECTION('',(0.,0.,1.));
#12442 = ORIENTED_EDGE('',*,*,#12443,.F.);
#12443 = EDGE_CURVE('',#12405,#12436,#12444,.T.);
#12444 = LINE('',#12445,#12446);
#12445 = CARTESIAN_POINT('',(11.926,-23.34,1.51));
#12446 = VECTOR('',#12447,1.);
#12447 = DIRECTION('',(1.,0.,0.));
#12448 = PLANE('',#12449);
#12449 = AXIS2_PLACEMENT_3D('',#12450,#12451,#12452);
#12450 = CARTESIAN_POINT('',(11.926,-23.34,1.51));
#12451 = DIRECTION('',(0.,1.,0.));
#12452 = DIRECTION('',(1.,0.,0.));
#12453 = ADVANCED_FACE('',(#12454),#12479,.T.);
#12454 = FACE_BOUND('',#12455,.T.);
#12455 = EDGE_LOOP('',(#12456,#12457,#12465,#12473));
#12456 = ORIENTED_EDGE('',*,*,#12435,.T.);
#12457 = ORIENTED_EDGE('',*,*,#12458,.T.);
#12458 = EDGE_CURVE('',#12428,#12459,#12461,.T.);
#12459 = VERTEX_POINT('',#12460);
#12460 = CARTESIAN_POINT('',(13.376,-27.26,1.55));
#12461 = LINE('',#12462,#12463);
#12462 = CARTESIAN_POINT('',(13.376,-23.34,1.55));
#12463 = VECTOR('',#12464,1.);
#12464 = DIRECTION('',(0.,-1.,0.));
#12465 = ORIENTED_EDGE('',*,*,#12466,.F.);
#12466 = EDGE_CURVE('',#12467,#12459,#12469,.T.);
#12467 = VERTEX_POINT('',#12468);
#12468 = CARTESIAN_POINT('',(13.376,-27.26,1.51));
#12469 = LINE('',#12470,#12471);
#12470 = CARTESIAN_POINT('',(13.376,-27.26,1.51));
#12471 = VECTOR('',#12472,1.);
#12472 = DIRECTION('',(0.,0.,1.));
#12473 = ORIENTED_EDGE('',*,*,#12474,.F.);
#12474 = EDGE_CURVE('',#12436,#12467,#12475,.T.);
#12475 = LINE('',#12476,#12477);
#12476 = CARTESIAN_POINT('',(13.376,-23.34,1.51));
#12477 = VECTOR('',#12478,1.);
#12478 = DIRECTION('',(0.,-1.,0.));
#12479 = PLANE('',#12480);
#12480 = AXIS2_PLACEMENT_3D('',#12481,#12482,#12483);
#12481 = CARTESIAN_POINT('',(13.376,-23.34,1.51));
#12482 = DIRECTION('',(1.,0.,-0.));
#12483 = DIRECTION('',(0.,-1.,0.));
#12484 = ADVANCED_FACE('',(#12485),#12501,.T.);
#12485 = FACE_BOUND('',#12486,.T.);
#12486 = EDGE_LOOP('',(#12487,#12488,#12494,#12495));
#12487 = ORIENTED_EDGE('',*,*,#12466,.T.);
#12488 = ORIENTED_EDGE('',*,*,#12489,.T.);
#12489 = EDGE_CURVE('',#12459,#12389,#12490,.T.);
#12490 = LINE('',#12491,#12492);
#12491 = CARTESIAN_POINT('',(13.376,-27.26,1.55));
#12492 = VECTOR('',#12493,1.);
#12493 = DIRECTION('',(-1.,0.,0.));
#12494 = ORIENTED_EDGE('',*,*,#12386,.F.);
#12495 = ORIENTED_EDGE('',*,*,#12496,.F.);
#12496 = EDGE_CURVE('',#12467,#12387,#12497,.T.);
#12497 = LINE('',#12498,#12499);
#12498 = CARTESIAN_POINT('',(13.376,-27.26,1.51));
#12499 = VECTOR('',#12500,1.);
#12500 = DIRECTION('',(-1.,0.,0.));
#12501 = PLANE('',#12502);
#12502 = AXIS2_PLACEMENT_3D('',#12503,#12504,#12505);
#12503 = CARTESIAN_POINT('',(13.376,-27.26,1.51));
#12504 = DIRECTION('',(0.,-1.,0.));
#12505 = DIRECTION('',(-1.,0.,0.));
#12506 = ADVANCED_FACE('',(#12507),#12513,.F.);
#12507 = FACE_BOUND('',#12508,.T.);
#12508 = EDGE_LOOP('',(#12509,#12510,#12511,#12512));
#12509 = ORIENTED_EDGE('',*,*,#12412,.T.);
#12510 = ORIENTED_EDGE('',*,*,#12443,.T.);
#12511 = ORIENTED_EDGE('',*,*,#12474,.T.);
#12512 = ORIENTED_EDGE('',*,*,#12496,.T.);
#12513 = PLANE('',#12514);
#12514 = AXIS2_PLACEMENT_3D('',#12515,#12516,#12517);
#12515 = CARTESIAN_POINT('',(0.,0.,1.51));
#12516 = DIRECTION('',(0.,0.,1.));
#12517 = DIRECTION('',(1.,0.,-0.));
#12518 = ADVANCED_FACE('',(#12519),#12525,.T.);
#12519 = FACE_BOUND('',#12520,.F.);
#12520 = EDGE_LOOP('',(#12521,#12522,#12523,#12524));
#12521 = ORIENTED_EDGE('',*,*,#12396,.T.);
#12522 = ORIENTED_EDGE('',*,*,#12427,.T.);
#12523 = ORIENTED_EDGE('',*,*,#12458,.T.);
#12524 = ORIENTED_EDGE('',*,*,#12489,.T.);
#12525 = PLANE('',#12526);
#12526 = AXIS2_PLACEMENT_3D('',#12527,#12528,#12529);
#12527 = CARTESIAN_POINT('',(0.,0.,1.55));
#12528 = DIRECTION('',(0.,0.,1.));
#12529 = DIRECTION('',(1.,0.,-0.));
#12530 = MANIFOLD_SOLID_BREP('',#12531);
#12531 = CLOSED_SHELL('',(#12532,#12574,#12605,#12638,#12669,#12702,
    #12733,#12766,#12788,#12804));
#12532 = ADVANCED_FACE('',(#12533),#12569,.T.);
#12533 = FACE_BOUND('',#12534,.T.);
#12534 = EDGE_LOOP('',(#12535,#12545,#12554,#12562));
#12535 = ORIENTED_EDGE('',*,*,#12536,.T.);
#12536 = EDGE_CURVE('',#12537,#12539,#12541,.T.);
#12537 = VERTEX_POINT('',#12538);
#12538 = CARTESIAN_POINT('',(26.234,-35.45,1.51));
#12539 = VERTEX_POINT('',#12540);
#12540 = CARTESIAN_POINT('',(26.234,-35.45,1.55));
#12541 = LINE('',#12542,#12543);
#12542 = CARTESIAN_POINT('',(26.234,-35.45,1.51));
#12543 = VECTOR('',#12544,1.);
#12544 = DIRECTION('',(0.,0.,1.));
#12545 = ORIENTED_EDGE('',*,*,#12546,.T.);
#12546 = EDGE_CURVE('',#12539,#12547,#12549,.T.);
#12547 = VERTEX_POINT('',#12548);
#12548 = CARTESIAN_POINT('',(27.484,-34.2,1.55));
#12549 = CIRCLE('',#12550,1.249999102948);
#12550 = AXIS2_PLACEMENT_3D('',#12551,#12552,#12553);
#12551 = CARTESIAN_POINT('',(27.483999102948,-35.44999910294,1.55));
#12552 = DIRECTION('',(0.,0.,-1.));
#12553 = DIRECTION('',(-1.,-7.176421240812E-07,-0.));
#12554 = ORIENTED_EDGE('',*,*,#12555,.F.);
#12555 = EDGE_CURVE('',#12556,#12547,#12558,.T.);
#12556 = VERTEX_POINT('',#12557);
#12557 = CARTESIAN_POINT('',(27.484,-34.2,1.51));
#12558 = LINE('',#12559,#12560);
#12559 = CARTESIAN_POINT('',(27.484,-34.2,1.51));
#12560 = VECTOR('',#12561,1.);
#12561 = DIRECTION('',(0.,0.,1.));
#12562 = ORIENTED_EDGE('',*,*,#12563,.F.);
#12563 = EDGE_CURVE('',#12537,#12556,#12564,.T.);
#12564 = CIRCLE('',#12565,1.249999102948);
#12565 = AXIS2_PLACEMENT_3D('',#12566,#12567,#12568);
#12566 = CARTESIAN_POINT('',(27.483999102948,-35.44999910294,1.51));
#12567 = DIRECTION('',(0.,0.,-1.));
#12568 = DIRECTION('',(-1.,-7.176421240812E-07,-0.));
#12569 = CYLINDRICAL_SURFACE('',#12570,1.249999102948);
#12570 = AXIS2_PLACEMENT_3D('',#12571,#12572,#12573);
#12571 = CARTESIAN_POINT('',(27.483999102948,-35.44999910294,1.51));
#12572 = DIRECTION('',(0.,0.,-1.));
#12573 = DIRECTION('',(-1.,-7.176421240812E-07,-0.));
#12574 = ADVANCED_FACE('',(#12575),#12600,.T.);
#12575 = FACE_BOUND('',#12576,.T.);
#12576 = EDGE_LOOP('',(#12577,#12578,#12586,#12594));
#12577 = ORIENTED_EDGE('',*,*,#12555,.T.);
#12578 = ORIENTED_EDGE('',*,*,#12579,.T.);
#12579 = EDGE_CURVE('',#12547,#12580,#12582,.T.);
#12580 = VERTEX_POINT('',#12581);
#12581 = CARTESIAN_POINT('',(31.484,-34.2,1.55));
#12582 = LINE('',#12583,#12584);
#12583 = CARTESIAN_POINT('',(27.484,-34.2,1.55));
#12584 = VECTOR('',#12585,1.);
#12585 = DIRECTION('',(1.,0.,0.));
#12586 = ORIENTED_EDGE('',*,*,#12587,.F.);
#12587 = EDGE_CURVE('',#12588,#12580,#12590,.T.);
#12588 = VERTEX_POINT('',#12589);
#12589 = CARTESIAN_POINT('',(31.484,-34.2,1.51));
#12590 = LINE('',#12591,#12592);
#12591 = CARTESIAN_POINT('',(31.484,-34.2,1.51));
#12592 = VECTOR('',#12593,1.);
#12593 = DIRECTION('',(0.,0.,1.));
#12594 = ORIENTED_EDGE('',*,*,#12595,.F.);
#12595 = EDGE_CURVE('',#12556,#12588,#12596,.T.);
#12596 = LINE('',#12597,#12598);
#12597 = CARTESIAN_POINT('',(27.484,-34.2,1.51));
#12598 = VECTOR('',#12599,1.);
#12599 = DIRECTION('',(1.,0.,0.));
#12600 = PLANE('',#12601);
#12601 = AXIS2_PLACEMENT_3D('',#12602,#12603,#12604);
#12602 = CARTESIAN_POINT('',(27.484,-34.2,1.51));
#12603 = DIRECTION('',(0.,1.,0.));
#12604 = DIRECTION('',(1.,0.,0.));
#12605 = ADVANCED_FACE('',(#12606),#12633,.T.);
#12606 = FACE_BOUND('',#12607,.T.);
#12607 = EDGE_LOOP('',(#12608,#12609,#12618,#12626));
#12608 = ORIENTED_EDGE('',*,*,#12587,.T.);
#12609 = ORIENTED_EDGE('',*,*,#12610,.T.);
#12610 = EDGE_CURVE('',#12580,#12611,#12613,.T.);
#12611 = VERTEX_POINT('',#12612);
#12612 = CARTESIAN_POINT('',(32.734,-35.45,1.55));
#12613 = CIRCLE('',#12614,1.249999102948);
#12614 = AXIS2_PLACEMENT_3D('',#12615,#12616,#12617);
#12615 = CARTESIAN_POINT('',(31.484000897052,-35.44999910294,1.55));
#12616 = DIRECTION('',(0.,0.,-1.));
#12617 = DIRECTION('',(-7.176421183968E-07,1.,0.));
#12618 = ORIENTED_EDGE('',*,*,#12619,.F.);
#12619 = EDGE_CURVE('',#12620,#12611,#12622,.T.);
#12620 = VERTEX_POINT('',#12621);
#12621 = CARTESIAN_POINT('',(32.734,-35.45,1.51));
#12622 = LINE('',#12623,#12624);
#12623 = CARTESIAN_POINT('',(32.734,-35.45,1.51));
#12624 = VECTOR('',#12625,1.);
#12625 = DIRECTION('',(0.,0.,1.));
#12626 = ORIENTED_EDGE('',*,*,#12627,.F.);
#12627 = EDGE_CURVE('',#12588,#12620,#12628,.T.);
#12628 = CIRCLE('',#12629,1.249999102948);
#12629 = AXIS2_PLACEMENT_3D('',#12630,#12631,#12632);
#12630 = CARTESIAN_POINT('',(31.484000897052,-35.44999910294,1.51));
#12631 = DIRECTION('',(0.,0.,-1.));
#12632 = DIRECTION('',(-7.176421183968E-07,1.,0.));
#12633 = CYLINDRICAL_SURFACE('',#12634,1.249999102948);
#12634 = AXIS2_PLACEMENT_3D('',#12635,#12636,#12637);
#12635 = CARTESIAN_POINT('',(31.484000897052,-35.44999910294,1.51));
#12636 = DIRECTION('',(0.,0.,-1.));
#12637 = DIRECTION('',(-7.176421183968E-07,1.,0.));
#12638 = ADVANCED_FACE('',(#12639),#12664,.T.);
#12639 = FACE_BOUND('',#12640,.T.);
#12640 = EDGE_LOOP('',(#12641,#12642,#12650,#12658));
#12641 = ORIENTED_EDGE('',*,*,#12619,.T.);
#12642 = ORIENTED_EDGE('',*,*,#12643,.T.);
#12643 = EDGE_CURVE('',#12611,#12644,#12646,.T.);
#12644 = VERTEX_POINT('',#12645);
#12645 = CARTESIAN_POINT('',(32.734,-37.95,1.55));
#12646 = LINE('',#12647,#12648);
#12647 = CARTESIAN_POINT('',(32.734,-35.45,1.55));
#12648 = VECTOR('',#12649,1.);
#12649 = DIRECTION('',(0.,-1.,0.));
#12650 = ORIENTED_EDGE('',*,*,#12651,.F.);
#12651 = EDGE_CURVE('',#12652,#12644,#12654,.T.);
#12652 = VERTEX_POINT('',#12653);
#12653 = CARTESIAN_POINT('',(32.734,-37.95,1.51));
#12654 = LINE('',#12655,#12656);
#12655 = CARTESIAN_POINT('',(32.734,-37.95,1.51));
#12656 = VECTOR('',#12657,1.);
#12657 = DIRECTION('',(0.,0.,1.));
#12658 = ORIENTED_EDGE('',*,*,#12659,.F.);
#12659 = EDGE_CURVE('',#12620,#12652,#12660,.T.);
#12660 = LINE('',#12661,#12662);
#12661 = CARTESIAN_POINT('',(32.734,-35.45,1.51));
#12662 = VECTOR('',#12663,1.);
#12663 = DIRECTION('',(0.,-1.,0.));
#12664 = PLANE('',#12665);
#12665 = AXIS2_PLACEMENT_3D('',#12666,#12667,#12668);
#12666 = CARTESIAN_POINT('',(32.734,-35.45,1.51));
#12667 = DIRECTION('',(1.,0.,-0.));
#12668 = DIRECTION('',(0.,-1.,0.));
#12669 = ADVANCED_FACE('',(#12670),#12697,.T.);
#12670 = FACE_BOUND('',#12671,.T.);
#12671 = EDGE_LOOP('',(#12672,#12673,#12682,#12690));
#12672 = ORIENTED_EDGE('',*,*,#12651,.T.);
#12673 = ORIENTED_EDGE('',*,*,#12674,.T.);
#12674 = EDGE_CURVE('',#12644,#12675,#12677,.T.);
#12675 = VERTEX_POINT('',#12676);
#12676 = CARTESIAN_POINT('',(31.484,-39.2,1.55));
#12677 = CIRCLE('',#12678,1.249999102948);
#12678 = AXIS2_PLACEMENT_3D('',#12679,#12680,#12681);
#12679 = CARTESIAN_POINT('',(31.484000897052,-37.95000089705,1.55));
#12680 = DIRECTION('',(0.,0.,-1.));
#12681 = DIRECTION('',(1.,7.176421070281E-07,0.));
#12682 = ORIENTED_EDGE('',*,*,#12683,.F.);
#12683 = EDGE_CURVE('',#12684,#12675,#12686,.T.);
#12684 = VERTEX_POINT('',#12685);
#12685 = CARTESIAN_POINT('',(31.484,-39.2,1.51));
#12686 = LINE('',#12687,#12688);
#12687 = CARTESIAN_POINT('',(31.484,-39.2,1.51));
#12688 = VECTOR('',#12689,1.);
#12689 = DIRECTION('',(0.,0.,1.));
#12690 = ORIENTED_EDGE('',*,*,#12691,.F.);
#12691 = EDGE_CURVE('',#12652,#12684,#12692,.T.);
#12692 = CIRCLE('',#12693,1.249999102948);
#12693 = AXIS2_PLACEMENT_3D('',#12694,#12695,#12696);
#12694 = CARTESIAN_POINT('',(31.484000897052,-37.95000089705,1.51));
#12695 = DIRECTION('',(0.,0.,-1.));
#12696 = DIRECTION('',(1.,7.176421070281E-07,0.));
#12697 = CYLINDRICAL_SURFACE('',#12698,1.249999102948);
#12698 = AXIS2_PLACEMENT_3D('',#12699,#12700,#12701);
#12699 = CARTESIAN_POINT('',(31.484000897052,-37.95000089705,1.51));
#12700 = DIRECTION('',(0.,0.,-1.));
#12701 = DIRECTION('',(1.,7.176421070281E-07,0.));
#12702 = ADVANCED_FACE('',(#12703),#12728,.T.);
#12703 = FACE_BOUND('',#12704,.T.);
#12704 = EDGE_LOOP('',(#12705,#12706,#12714,#12722));
#12705 = ORIENTED_EDGE('',*,*,#12683,.T.);
#12706 = ORIENTED_EDGE('',*,*,#12707,.T.);
#12707 = EDGE_CURVE('',#12675,#12708,#12710,.T.);
#12708 = VERTEX_POINT('',#12709);
#12709 = CARTESIAN_POINT('',(27.484,-39.2,1.55));
#12710 = LINE('',#12711,#12712);
#12711 = CARTESIAN_POINT('',(31.484,-39.2,1.55));
#12712 = VECTOR('',#12713,1.);
#12713 = DIRECTION('',(-1.,0.,0.));
#12714 = ORIENTED_EDGE('',*,*,#12715,.F.);
#12715 = EDGE_CURVE('',#12716,#12708,#12718,.T.);
#12716 = VERTEX_POINT('',#12717);
#12717 = CARTESIAN_POINT('',(27.484,-39.2,1.51));
#12718 = LINE('',#12719,#12720);
#12719 = CARTESIAN_POINT('',(27.484,-39.2,1.51));
#12720 = VECTOR('',#12721,1.);
#12721 = DIRECTION('',(0.,0.,1.));
#12722 = ORIENTED_EDGE('',*,*,#12723,.F.);
#12723 = EDGE_CURVE('',#12684,#12716,#12724,.T.);
#12724 = LINE('',#12725,#12726);
#12725 = CARTESIAN_POINT('',(31.484,-39.2,1.51));
#12726 = VECTOR('',#12727,1.);
#12727 = DIRECTION('',(-1.,0.,0.));
#12728 = PLANE('',#12729);
#12729 = AXIS2_PLACEMENT_3D('',#12730,#12731,#12732);
#12730 = CARTESIAN_POINT('',(31.484,-39.2,1.51));
#12731 = DIRECTION('',(0.,-1.,0.));
#12732 = DIRECTION('',(-1.,0.,0.));
#12733 = ADVANCED_FACE('',(#12734),#12761,.T.);
#12734 = FACE_BOUND('',#12735,.T.);
#12735 = EDGE_LOOP('',(#12736,#12737,#12746,#12754));
#12736 = ORIENTED_EDGE('',*,*,#12715,.T.);
#12737 = ORIENTED_EDGE('',*,*,#12738,.T.);
#12738 = EDGE_CURVE('',#12708,#12739,#12741,.T.);
#12739 = VERTEX_POINT('',#12740);
#12740 = CARTESIAN_POINT('',(26.234,-37.95,1.55));
#12741 = CIRCLE('',#12742,1.249999102948);
#12742 = AXIS2_PLACEMENT_3D('',#12743,#12744,#12745);
#12743 = CARTESIAN_POINT('',(27.483999102948,-37.95000089705,1.55));
#12744 = DIRECTION('',(0.,0.,-1.));
#12745 = DIRECTION('',(7.176421127125E-07,-1.,0.));
#12746 = ORIENTED_EDGE('',*,*,#12747,.F.);
#12747 = EDGE_CURVE('',#12748,#12739,#12750,.T.);
#12748 = VERTEX_POINT('',#12749);
#12749 = CARTESIAN_POINT('',(26.234,-37.95,1.51));
#12750 = LINE('',#12751,#12752);
#12751 = CARTESIAN_POINT('',(26.234,-37.95,1.51));
#12752 = VECTOR('',#12753,1.);
#12753 = DIRECTION('',(0.,0.,1.));
#12754 = ORIENTED_EDGE('',*,*,#12755,.F.);
#12755 = EDGE_CURVE('',#12716,#12748,#12756,.T.);
#12756 = CIRCLE('',#12757,1.249999102948);
#12757 = AXIS2_PLACEMENT_3D('',#12758,#12759,#12760);
#12758 = CARTESIAN_POINT('',(27.483999102948,-37.95000089705,1.51));
#12759 = DIRECTION('',(0.,0.,-1.));
#12760 = DIRECTION('',(7.176421127125E-07,-1.,0.));
#12761 = CYLINDRICAL_SURFACE('',#12762,1.249999102948);
#12762 = AXIS2_PLACEMENT_3D('',#12763,#12764,#12765);
#12763 = CARTESIAN_POINT('',(27.483999102948,-37.95000089705,1.51));
#12764 = DIRECTION('',(0.,0.,-1.));
#12765 = DIRECTION('',(7.176421127125E-07,-1.,0.));
#12766 = ADVANCED_FACE('',(#12767),#12783,.T.);
#12767 = FACE_BOUND('',#12768,.T.);
#12768 = EDGE_LOOP('',(#12769,#12770,#12776,#12777));
#12769 = ORIENTED_EDGE('',*,*,#12747,.T.);
#12770 = ORIENTED_EDGE('',*,*,#12771,.T.);
#12771 = EDGE_CURVE('',#12739,#12539,#12772,.T.);
#12772 = LINE('',#12773,#12774);
#12773 = CARTESIAN_POINT('',(26.234,-37.95,1.55));
#12774 = VECTOR('',#12775,1.);
#12775 = DIRECTION('',(0.,1.,0.));
#12776 = ORIENTED_EDGE('',*,*,#12536,.F.);
#12777 = ORIENTED_EDGE('',*,*,#12778,.F.);
#12778 = EDGE_CURVE('',#12748,#12537,#12779,.T.);
#12779 = LINE('',#12780,#12781);
#12780 = CARTESIAN_POINT('',(26.234,-37.95,1.51));
#12781 = VECTOR('',#12782,1.);
#12782 = DIRECTION('',(0.,1.,0.));
#12783 = PLANE('',#12784);
#12784 = AXIS2_PLACEMENT_3D('',#12785,#12786,#12787);
#12785 = CARTESIAN_POINT('',(26.234,-37.95,1.51));
#12786 = DIRECTION('',(-1.,0.,0.));
#12787 = DIRECTION('',(0.,1.,0.));
#12788 = ADVANCED_FACE('',(#12789),#12799,.F.);
#12789 = FACE_BOUND('',#12790,.T.);
#12790 = EDGE_LOOP('',(#12791,#12792,#12793,#12794,#12795,#12796,#12797,
    #12798));
#12791 = ORIENTED_EDGE('',*,*,#12563,.T.);
#12792 = ORIENTED_EDGE('',*,*,#12595,.T.);
#12793 = ORIENTED_EDGE('',*,*,#12627,.T.);
#12794 = ORIENTED_EDGE('',*,*,#12659,.T.);
#12795 = ORIENTED_EDGE('',*,*,#12691,.T.);
#12796 = ORIENTED_EDGE('',*,*,#12723,.T.);
#12797 = ORIENTED_EDGE('',*,*,#12755,.T.);
#12798 = ORIENTED_EDGE('',*,*,#12778,.T.);
#12799 = PLANE('',#12800);
#12800 = AXIS2_PLACEMENT_3D('',#12801,#12802,#12803);
#12801 = CARTESIAN_POINT('',(0.,0.,1.51));
#12802 = DIRECTION('',(0.,0.,1.));
#12803 = DIRECTION('',(1.,0.,-0.));
#12804 = ADVANCED_FACE('',(#12805),#12815,.T.);
#12805 = FACE_BOUND('',#12806,.F.);
#12806 = EDGE_LOOP('',(#12807,#12808,#12809,#12810,#12811,#12812,#12813,
    #12814));
#12807 = ORIENTED_EDGE('',*,*,#12546,.T.);
#12808 = ORIENTED_EDGE('',*,*,#12579,.T.);
#12809 = ORIENTED_EDGE('',*,*,#12610,.T.);
#12810 = ORIENTED_EDGE('',*,*,#12643,.T.);
#12811 = ORIENTED_EDGE('',*,*,#12674,.T.);
#12812 = ORIENTED_EDGE('',*,*,#12707,.T.);
#12813 = ORIENTED_EDGE('',*,*,#12738,.T.);
#12814 = ORIENTED_EDGE('',*,*,#12771,.T.);
#12815 = PLANE('',#12816);
#12816 = AXIS2_PLACEMENT_3D('',#12817,#12818,#12819);
#12817 = CARTESIAN_POINT('',(0.,0.,1.55));
#12818 = DIRECTION('',(0.,0.,1.));
#12819 = DIRECTION('',(1.,0.,-0.));
#12820 = MANIFOLD_SOLID_BREP('',#12821);
#12821 = CLOSED_SHELL('',(#12822,#12862,#12893,#12924,#12946,#12958));
#12822 = ADVANCED_FACE('',(#12823),#12857,.T.);
#12823 = FACE_BOUND('',#12824,.T.);
#12824 = EDGE_LOOP('',(#12825,#12835,#12843,#12851));
#12825 = ORIENTED_EDGE('',*,*,#12826,.T.);
#12826 = EDGE_CURVE('',#12827,#12829,#12831,.T.);
#12827 = VERTEX_POINT('',#12828);
#12828 = CARTESIAN_POINT('',(6.846,-27.26,1.51));
#12829 = VERTEX_POINT('',#12830);
#12830 = CARTESIAN_POINT('',(6.846,-27.26,1.55));
#12831 = LINE('',#12832,#12833);
#12832 = CARTESIAN_POINT('',(6.846,-27.26,1.51));
#12833 = VECTOR('',#12834,1.);
#12834 = DIRECTION('',(0.,0.,1.));
#12835 = ORIENTED_EDGE('',*,*,#12836,.T.);
#12836 = EDGE_CURVE('',#12829,#12837,#12839,.T.);
#12837 = VERTEX_POINT('',#12838);
#12838 = CARTESIAN_POINT('',(6.846,-23.34,1.55));
#12839 = LINE('',#12840,#12841);
#12840 = CARTESIAN_POINT('',(6.846,-27.26,1.55));
#12841 = VECTOR('',#12842,1.);
#12842 = DIRECTION('',(0.,1.,0.));
#12843 = ORIENTED_EDGE('',*,*,#12844,.F.);
#12844 = EDGE_CURVE('',#12845,#12837,#12847,.T.);
#12845 = VERTEX_POINT('',#12846);
#12846 = CARTESIAN_POINT('',(6.846,-23.34,1.51));
#12847 = LINE('',#12848,#12849);
#12848 = CARTESIAN_POINT('',(6.846,-23.34,1.51));
#12849 = VECTOR('',#12850,1.);
#12850 = DIRECTION('',(0.,0.,1.));
#12851 = ORIENTED_EDGE('',*,*,#12852,.F.);
#12852 = EDGE_CURVE('',#12827,#12845,#12853,.T.);
#12853 = LINE('',#12854,#12855);
#12854 = CARTESIAN_POINT('',(6.846,-27.26,1.51));
#12855 = VECTOR('',#12856,1.);
#12856 = DIRECTION('',(0.,1.,0.));
#12857 = PLANE('',#12858);
#12858 = AXIS2_PLACEMENT_3D('',#12859,#12860,#12861);
#12859 = CARTESIAN_POINT('',(6.846,-27.26,1.51));
#12860 = DIRECTION('',(-1.,0.,0.));
#12861 = DIRECTION('',(0.,1.,0.));
#12862 = ADVANCED_FACE('',(#12863),#12888,.T.);
#12863 = FACE_BOUND('',#12864,.T.);
#12864 = EDGE_LOOP('',(#12865,#12866,#12874,#12882));
#12865 = ORIENTED_EDGE('',*,*,#12844,.T.);
#12866 = ORIENTED_EDGE('',*,*,#12867,.T.);
#12867 = EDGE_CURVE('',#12837,#12868,#12870,.T.);
#12868 = VERTEX_POINT('',#12869);
#12869 = CARTESIAN_POINT('',(8.296,-23.34,1.55));
#12870 = LINE('',#12871,#12872);
#12871 = CARTESIAN_POINT('',(6.846,-23.34,1.55));
#12872 = VECTOR('',#12873,1.);
#12873 = DIRECTION('',(1.,0.,0.));
#12874 = ORIENTED_EDGE('',*,*,#12875,.F.);
#12875 = EDGE_CURVE('',#12876,#12868,#12878,.T.);
#12876 = VERTEX_POINT('',#12877);
#12877 = CARTESIAN_POINT('',(8.296,-23.34,1.51));
#12878 = LINE('',#12879,#12880);
#12879 = CARTESIAN_POINT('',(8.296,-23.34,1.51));
#12880 = VECTOR('',#12881,1.);
#12881 = DIRECTION('',(0.,0.,1.));
#12882 = ORIENTED_EDGE('',*,*,#12883,.F.);
#12883 = EDGE_CURVE('',#12845,#12876,#12884,.T.);
#12884 = LINE('',#12885,#12886);
#12885 = CARTESIAN_POINT('',(6.846,-23.34,1.51));
#12886 = VECTOR('',#12887,1.);
#12887 = DIRECTION('',(1.,0.,0.));
#12888 = PLANE('',#12889);
#12889 = AXIS2_PLACEMENT_3D('',#12890,#12891,#12892);
#12890 = CARTESIAN_POINT('',(6.846,-23.34,1.51));
#12891 = DIRECTION('',(0.,1.,0.));
#12892 = DIRECTION('',(1.,0.,0.));
#12893 = ADVANCED_FACE('',(#12894),#12919,.T.);
#12894 = FACE_BOUND('',#12895,.T.);
#12895 = EDGE_LOOP('',(#12896,#12897,#12905,#12913));
#12896 = ORIENTED_EDGE('',*,*,#12875,.T.);
#12897 = ORIENTED_EDGE('',*,*,#12898,.T.);
#12898 = EDGE_CURVE('',#12868,#12899,#12901,.T.);
#12899 = VERTEX_POINT('',#12900);
#12900 = CARTESIAN_POINT('',(8.296,-27.26,1.55));
#12901 = LINE('',#12902,#12903);
#12902 = CARTESIAN_POINT('',(8.296,-23.34,1.55));
#12903 = VECTOR('',#12904,1.);
#12904 = DIRECTION('',(0.,-1.,0.));
#12905 = ORIENTED_EDGE('',*,*,#12906,.F.);
#12906 = EDGE_CURVE('',#12907,#12899,#12909,.T.);
#12907 = VERTEX_POINT('',#12908);
#12908 = CARTESIAN_POINT('',(8.296,-27.26,1.51));
#12909 = LINE('',#12910,#12911);
#12910 = CARTESIAN_POINT('',(8.296,-27.26,1.51));
#12911 = VECTOR('',#12912,1.);
#12912 = DIRECTION('',(0.,0.,1.));
#12913 = ORIENTED_EDGE('',*,*,#12914,.F.);
#12914 = EDGE_CURVE('',#12876,#12907,#12915,.T.);
#12915 = LINE('',#12916,#12917);
#12916 = CARTESIAN_POINT('',(8.296,-23.34,1.51));
#12917 = VECTOR('',#12918,1.);
#12918 = DIRECTION('',(0.,-1.,0.));
#12919 = PLANE('',#12920);
#12920 = AXIS2_PLACEMENT_3D('',#12921,#12922,#12923);
#12921 = CARTESIAN_POINT('',(8.296,-23.34,1.51));
#12922 = DIRECTION('',(1.,0.,-0.));
#12923 = DIRECTION('',(0.,-1.,0.));
#12924 = ADVANCED_FACE('',(#12925),#12941,.T.);
#12925 = FACE_BOUND('',#12926,.T.);
#12926 = EDGE_LOOP('',(#12927,#12928,#12934,#12935));
#12927 = ORIENTED_EDGE('',*,*,#12906,.T.);
#12928 = ORIENTED_EDGE('',*,*,#12929,.T.);
#12929 = EDGE_CURVE('',#12899,#12829,#12930,.T.);
#12930 = LINE('',#12931,#12932);
#12931 = CARTESIAN_POINT('',(8.296,-27.26,1.55));
#12932 = VECTOR('',#12933,1.);
#12933 = DIRECTION('',(-1.,0.,0.));
#12934 = ORIENTED_EDGE('',*,*,#12826,.F.);
#12935 = ORIENTED_EDGE('',*,*,#12936,.F.);
#12936 = EDGE_CURVE('',#12907,#12827,#12937,.T.);
#12937 = LINE('',#12938,#12939);
#12938 = CARTESIAN_POINT('',(8.296,-27.26,1.51));
#12939 = VECTOR('',#12940,1.);
#12940 = DIRECTION('',(-1.,0.,0.));
#12941 = PLANE('',#12942);
#12942 = AXIS2_PLACEMENT_3D('',#12943,#12944,#12945);
#12943 = CARTESIAN_POINT('',(8.296,-27.26,1.51));
#12944 = DIRECTION('',(0.,-1.,0.));
#12945 = DIRECTION('',(-1.,0.,0.));
#12946 = ADVANCED_FACE('',(#12947),#12953,.F.);
#12947 = FACE_BOUND('',#12948,.T.);
#12948 = EDGE_LOOP('',(#12949,#12950,#12951,#12952));
#12949 = ORIENTED_EDGE('',*,*,#12852,.T.);
#12950 = ORIENTED_EDGE('',*,*,#12883,.T.);
#12951 = ORIENTED_EDGE('',*,*,#12914,.T.);
#12952 = ORIENTED_EDGE('',*,*,#12936,.T.);
#12953 = PLANE('',#12954);
#12954 = AXIS2_PLACEMENT_3D('',#12955,#12956,#12957);
#12955 = CARTESIAN_POINT('',(0.,0.,1.51));
#12956 = DIRECTION('',(0.,0.,1.));
#12957 = DIRECTION('',(1.,0.,-0.));
#12958 = ADVANCED_FACE('',(#12959),#12965,.T.);
#12959 = FACE_BOUND('',#12960,.F.);
#12960 = EDGE_LOOP('',(#12961,#12962,#12963,#12964));
#12961 = ORIENTED_EDGE('',*,*,#12836,.T.);
#12962 = ORIENTED_EDGE('',*,*,#12867,.T.);
#12963 = ORIENTED_EDGE('',*,*,#12898,.T.);
#12964 = ORIENTED_EDGE('',*,*,#12929,.T.);
#12965 = PLANE('',#12966);
#12966 = AXIS2_PLACEMENT_3D('',#12967,#12968,#12969);
#12967 = CARTESIAN_POINT('',(0.,0.,1.55));
#12968 = DIRECTION('',(0.,0.,1.));
#12969 = DIRECTION('',(1.,0.,-0.));
#12970 = MANIFOLD_SOLID_BREP('',#12971);
#12971 = CLOSED_SHELL('',(#12972,#13014,#13045,#13078,#13109,#13142,
    #13173,#13206,#13228,#13244));
#12972 = ADVANCED_FACE('',(#12973),#13009,.T.);
#12973 = FACE_BOUND('',#12974,.T.);
#12974 = EDGE_LOOP('',(#12975,#12985,#12994,#13002));
#12975 = ORIENTED_EDGE('',*,*,#12976,.T.);
#12976 = EDGE_CURVE('',#12977,#12979,#12981,.T.);
#12977 = VERTEX_POINT('',#12978);
#12978 = CARTESIAN_POINT('',(5.316,-29.095,1.51));
#12979 = VERTEX_POINT('',#12980);
#12980 = CARTESIAN_POINT('',(5.316,-29.095,1.55));
#12981 = LINE('',#12982,#12983);
#12982 = CARTESIAN_POINT('',(5.316,-29.095,1.51));
#12983 = VECTOR('',#12984,1.);
#12984 = DIRECTION('',(0.,0.,1.));
#12985 = ORIENTED_EDGE('',*,*,#12986,.T.);
#12986 = EDGE_CURVE('',#12979,#12987,#12989,.T.);
#12987 = VERTEX_POINT('',#12988);
#12988 = CARTESIAN_POINT('',(5.566,-28.845,1.55));
#12989 = CIRCLE('',#12990,0.249998959685);
#12990 = AXIS2_PLACEMENT_3D('',#12991,#12992,#12993);
#12991 = CARTESIAN_POINT('',(5.565998959683,-29.09499895968,1.55));
#12992 = DIRECTION('',(0.,0.,-1.));
#12993 = DIRECTION('',(-0.999999999991,-4.161285822855E-06,-0.));
#12994 = ORIENTED_EDGE('',*,*,#12995,.F.);
#12995 = EDGE_CURVE('',#12996,#12987,#12998,.T.);
#12996 = VERTEX_POINT('',#12997);
#12997 = CARTESIAN_POINT('',(5.566,-28.845,1.51));
#12998 = LINE('',#12999,#13000);
#12999 = CARTESIAN_POINT('',(5.566,-28.845,1.51));
#13000 = VECTOR('',#13001,1.);
#13001 = DIRECTION('',(0.,0.,1.));
#13002 = ORIENTED_EDGE('',*,*,#13003,.F.);
#13003 = EDGE_CURVE('',#12977,#12996,#13004,.T.);
#13004 = CIRCLE('',#13005,0.249998959685);
#13005 = AXIS2_PLACEMENT_3D('',#13006,#13007,#13008);
#13006 = CARTESIAN_POINT('',(5.565998959683,-29.09499895968,1.51));
#13007 = DIRECTION('',(0.,0.,-1.));
#13008 = DIRECTION('',(-0.999999999991,-4.161285822855E-06,-0.));
#13009 = CYLINDRICAL_SURFACE('',#13010,0.249998959685);
#13010 = AXIS2_PLACEMENT_3D('',#13011,#13012,#13013);
#13011 = CARTESIAN_POINT('',(5.565998959683,-29.09499895968,1.51));
#13012 = DIRECTION('',(0.,0.,-1.));
#13013 = DIRECTION('',(-0.999999999991,-4.161285822855E-06,-0.));
#13014 = ADVANCED_FACE('',(#13015),#13040,.T.);
#13015 = FACE_BOUND('',#13016,.T.);
#13016 = EDGE_LOOP('',(#13017,#13018,#13026,#13034));
#13017 = ORIENTED_EDGE('',*,*,#12995,.T.);
#13018 = ORIENTED_EDGE('',*,*,#13019,.T.);
#13019 = EDGE_CURVE('',#12987,#13020,#13022,.T.);
#13020 = VERTEX_POINT('',#13021);
#13021 = CARTESIAN_POINT('',(7.656,-28.845,1.55));
#13022 = LINE('',#13023,#13024);
#13023 = CARTESIAN_POINT('',(5.566,-28.845,1.55));
#13024 = VECTOR('',#13025,1.);
#13025 = DIRECTION('',(1.,0.,0.));
#13026 = ORIENTED_EDGE('',*,*,#13027,.F.);
#13027 = EDGE_CURVE('',#13028,#13020,#13030,.T.);
#13028 = VERTEX_POINT('',#13029);
#13029 = CARTESIAN_POINT('',(7.656,-28.845,1.51));
#13030 = LINE('',#13031,#13032);
#13031 = CARTESIAN_POINT('',(7.656,-28.845,1.51));
#13032 = VECTOR('',#13033,1.);
#13033 = DIRECTION('',(0.,0.,1.));
#13034 = ORIENTED_EDGE('',*,*,#13035,.F.);
#13035 = EDGE_CURVE('',#12996,#13028,#13036,.T.);
#13036 = LINE('',#13037,#13038);
#13037 = CARTESIAN_POINT('',(5.566,-28.845,1.51));
#13038 = VECTOR('',#13039,1.);
#13039 = DIRECTION('',(1.,0.,0.));
#13040 = PLANE('',#13041);
#13041 = AXIS2_PLACEMENT_3D('',#13042,#13043,#13044);
#13042 = CARTESIAN_POINT('',(5.566,-28.845,1.51));
#13043 = DIRECTION('',(0.,1.,0.));
#13044 = DIRECTION('',(1.,0.,0.));
#13045 = ADVANCED_FACE('',(#13046),#13073,.T.);
#13046 = FACE_BOUND('',#13047,.T.);
#13047 = EDGE_LOOP('',(#13048,#13049,#13058,#13066));
#13048 = ORIENTED_EDGE('',*,*,#13027,.T.);
#13049 = ORIENTED_EDGE('',*,*,#13050,.T.);
#13050 = EDGE_CURVE('',#13020,#13051,#13053,.T.);
#13051 = VERTEX_POINT('',#13052);
#13052 = CARTESIAN_POINT('',(7.906,-29.095,1.55));
#13053 = CIRCLE('',#13054,0.249998959685);
#13054 = AXIS2_PLACEMENT_3D('',#13055,#13056,#13057);
#13055 = CARTESIAN_POINT('',(7.656001040317,-29.09499895968,1.55));
#13056 = DIRECTION('',(0.,0.,-1.));
#13057 = DIRECTION('',(-4.161285819303E-06,0.999999999991,0.));
#13058 = ORIENTED_EDGE('',*,*,#13059,.F.);
#13059 = EDGE_CURVE('',#13060,#13051,#13062,.T.);
#13060 = VERTEX_POINT('',#13061);
#13061 = CARTESIAN_POINT('',(7.906,-29.095,1.51));
#13062 = LINE('',#13063,#13064);
#13063 = CARTESIAN_POINT('',(7.906,-29.095,1.51));
#13064 = VECTOR('',#13065,1.);
#13065 = DIRECTION('',(0.,0.,1.));
#13066 = ORIENTED_EDGE('',*,*,#13067,.F.);
#13067 = EDGE_CURVE('',#13028,#13060,#13068,.T.);
#13068 = CIRCLE('',#13069,0.249998959685);
#13069 = AXIS2_PLACEMENT_3D('',#13070,#13071,#13072);
#13070 = CARTESIAN_POINT('',(7.656001040317,-29.09499895968,1.51));
#13071 = DIRECTION('',(0.,0.,-1.));
#13072 = DIRECTION('',(-4.161285819303E-06,0.999999999991,0.));
#13073 = CYLINDRICAL_SURFACE('',#13074,0.249998959685);
#13074 = AXIS2_PLACEMENT_3D('',#13075,#13076,#13077);
#13075 = CARTESIAN_POINT('',(7.656001040317,-29.09499895968,1.51));
#13076 = DIRECTION('',(0.,0.,-1.));
#13077 = DIRECTION('',(-4.161285819303E-06,0.999999999991,0.));
#13078 = ADVANCED_FACE('',(#13079),#13104,.T.);
#13079 = FACE_BOUND('',#13080,.T.);
#13080 = EDGE_LOOP('',(#13081,#13082,#13090,#13098));
#13081 = ORIENTED_EDGE('',*,*,#13059,.T.);
#13082 = ORIENTED_EDGE('',*,*,#13083,.T.);
#13083 = EDGE_CURVE('',#13051,#13084,#13086,.T.);
#13084 = VERTEX_POINT('',#13085);
#13085 = CARTESIAN_POINT('',(7.906,-30.665,1.55));
#13086 = LINE('',#13087,#13088);
#13087 = CARTESIAN_POINT('',(7.906,-29.095,1.55));
#13088 = VECTOR('',#13089,1.);
#13089 = DIRECTION('',(0.,-1.,0.));
#13090 = ORIENTED_EDGE('',*,*,#13091,.F.);
#13091 = EDGE_CURVE('',#13092,#13084,#13094,.T.);
#13092 = VERTEX_POINT('',#13093);
#13093 = CARTESIAN_POINT('',(7.906,-30.665,1.51));
#13094 = LINE('',#13095,#13096);
#13095 = CARTESIAN_POINT('',(7.906,-30.665,1.51));
#13096 = VECTOR('',#13097,1.);
#13097 = DIRECTION('',(0.,0.,1.));
#13098 = ORIENTED_EDGE('',*,*,#13099,.F.);
#13099 = EDGE_CURVE('',#13060,#13092,#13100,.T.);
#13100 = LINE('',#13101,#13102);
#13101 = CARTESIAN_POINT('',(7.906,-29.095,1.51));
#13102 = VECTOR('',#13103,1.);
#13103 = DIRECTION('',(0.,-1.,0.));
#13104 = PLANE('',#13105);
#13105 = AXIS2_PLACEMENT_3D('',#13106,#13107,#13108);
#13106 = CARTESIAN_POINT('',(7.906,-29.095,1.51));
#13107 = DIRECTION('',(1.,0.,-0.));
#13108 = DIRECTION('',(0.,-1.,0.));
#13109 = ADVANCED_FACE('',(#13110),#13137,.T.);
#13110 = FACE_BOUND('',#13111,.T.);
#13111 = EDGE_LOOP('',(#13112,#13113,#13122,#13130));
#13112 = ORIENTED_EDGE('',*,*,#13091,.T.);
#13113 = ORIENTED_EDGE('',*,*,#13114,.T.);
#13114 = EDGE_CURVE('',#13084,#13115,#13117,.T.);
#13115 = VERTEX_POINT('',#13116);
#13116 = CARTESIAN_POINT('',(7.656,-30.915,1.55));
#13117 = CIRCLE('',#13118,0.249998959685);
#13118 = AXIS2_PLACEMENT_3D('',#13119,#13120,#13121);
#13119 = CARTESIAN_POINT('',(7.656001040317,-30.66500104031,1.55));
#13120 = DIRECTION('',(0.,0.,-1.));
#13121 = DIRECTION('',(0.999999999991,4.161285851277E-06,0.));
#13122 = ORIENTED_EDGE('',*,*,#13123,.F.);
#13123 = EDGE_CURVE('',#13124,#13115,#13126,.T.);
#13124 = VERTEX_POINT('',#13125);
#13125 = CARTESIAN_POINT('',(7.656,-30.915,1.51));
#13126 = LINE('',#13127,#13128);
#13127 = CARTESIAN_POINT('',(7.656,-30.915,1.51));
#13128 = VECTOR('',#13129,1.);
#13129 = DIRECTION('',(0.,0.,1.));
#13130 = ORIENTED_EDGE('',*,*,#13131,.F.);
#13131 = EDGE_CURVE('',#13092,#13124,#13132,.T.);
#13132 = CIRCLE('',#13133,0.249998959685);
#13133 = AXIS2_PLACEMENT_3D('',#13134,#13135,#13136);
#13134 = CARTESIAN_POINT('',(7.656001040317,-30.66500104031,1.51));
#13135 = DIRECTION('',(0.,0.,-1.));
#13136 = DIRECTION('',(0.999999999991,4.161285851277E-06,0.));
#13137 = CYLINDRICAL_SURFACE('',#13138,0.249998959685);
#13138 = AXIS2_PLACEMENT_3D('',#13139,#13140,#13141);
#13139 = CARTESIAN_POINT('',(7.656001040317,-30.66500104031,1.51));
#13140 = DIRECTION('',(0.,0.,-1.));
#13141 = DIRECTION('',(0.999999999991,4.161285851277E-06,0.));
#13142 = ADVANCED_FACE('',(#13143),#13168,.T.);
#13143 = FACE_BOUND('',#13144,.T.);
#13144 = EDGE_LOOP('',(#13145,#13146,#13154,#13162));
#13145 = ORIENTED_EDGE('',*,*,#13123,.T.);
#13146 = ORIENTED_EDGE('',*,*,#13147,.T.);
#13147 = EDGE_CURVE('',#13115,#13148,#13150,.T.);
#13148 = VERTEX_POINT('',#13149);
#13149 = CARTESIAN_POINT('',(5.566,-30.915,1.55));
#13150 = LINE('',#13151,#13152);
#13151 = CARTESIAN_POINT('',(7.656,-30.915,1.55));
#13152 = VECTOR('',#13153,1.);
#13153 = DIRECTION('',(-1.,0.,0.));
#13154 = ORIENTED_EDGE('',*,*,#13155,.F.);
#13155 = EDGE_CURVE('',#13156,#13148,#13158,.T.);
#13156 = VERTEX_POINT('',#13157);
#13157 = CARTESIAN_POINT('',(5.566,-30.915,1.51));
#13158 = LINE('',#13159,#13160);
#13159 = CARTESIAN_POINT('',(5.566,-30.915,1.51));
#13160 = VECTOR('',#13161,1.);
#13161 = DIRECTION('',(0.,0.,1.));
#13162 = ORIENTED_EDGE('',*,*,#13163,.F.);
#13163 = EDGE_CURVE('',#13124,#13156,#13164,.T.);
#13164 = LINE('',#13165,#13166);
#13165 = CARTESIAN_POINT('',(7.656,-30.915,1.51));
#13166 = VECTOR('',#13167,1.);
#13167 = DIRECTION('',(-1.,0.,0.));
#13168 = PLANE('',#13169);
#13169 = AXIS2_PLACEMENT_3D('',#13170,#13171,#13172);
#13170 = CARTESIAN_POINT('',(7.656,-30.915,1.51));
#13171 = DIRECTION('',(0.,-1.,0.));
#13172 = DIRECTION('',(-1.,0.,0.));
#13173 = ADVANCED_FACE('',(#13174),#13201,.T.);
#13174 = FACE_BOUND('',#13175,.T.);
#13175 = EDGE_LOOP('',(#13176,#13177,#13186,#13194));
#13176 = ORIENTED_EDGE('',*,*,#13155,.T.);
#13177 = ORIENTED_EDGE('',*,*,#13178,.T.);
#13178 = EDGE_CURVE('',#13148,#13179,#13181,.T.);
#13179 = VERTEX_POINT('',#13180);
#13180 = CARTESIAN_POINT('',(5.316,-30.665,1.55));
#13181 = CIRCLE('',#13182,0.249998959685);
#13182 = AXIS2_PLACEMENT_3D('',#13183,#13184,#13185);
#13183 = CARTESIAN_POINT('',(5.565998959683,-30.66500104031,1.55));
#13184 = DIRECTION('',(0.,0.,-1.));
#13185 = DIRECTION('',(4.161285837066E-06,-0.999999999991,0.));
#13186 = ORIENTED_EDGE('',*,*,#13187,.F.);
#13187 = EDGE_CURVE('',#13188,#13179,#13190,.T.);
#13188 = VERTEX_POINT('',#13189);
#13189 = CARTESIAN_POINT('',(5.316,-30.665,1.51));
#13190 = LINE('',#13191,#13192);
#13191 = CARTESIAN_POINT('',(5.316,-30.665,1.51));
#13192 = VECTOR('',#13193,1.);
#13193 = DIRECTION('',(0.,0.,1.));
#13194 = ORIENTED_EDGE('',*,*,#13195,.F.);
#13195 = EDGE_CURVE('',#13156,#13188,#13196,.T.);
#13196 = CIRCLE('',#13197,0.249998959685);
#13197 = AXIS2_PLACEMENT_3D('',#13198,#13199,#13200);
#13198 = CARTESIAN_POINT('',(5.565998959683,-30.66500104031,1.51));
#13199 = DIRECTION('',(0.,0.,-1.));
#13200 = DIRECTION('',(4.161285837066E-06,-0.999999999991,0.));
#13201 = CYLINDRICAL_SURFACE('',#13202,0.249998959685);
#13202 = AXIS2_PLACEMENT_3D('',#13203,#13204,#13205);
#13203 = CARTESIAN_POINT('',(5.565998959683,-30.66500104031,1.51));
#13204 = DIRECTION('',(0.,0.,-1.));
#13205 = DIRECTION('',(4.161285837066E-06,-0.999999999991,0.));
#13206 = ADVANCED_FACE('',(#13207),#13223,.T.);
#13207 = FACE_BOUND('',#13208,.T.);
#13208 = EDGE_LOOP('',(#13209,#13210,#13216,#13217));
#13209 = ORIENTED_EDGE('',*,*,#13187,.T.);
#13210 = ORIENTED_EDGE('',*,*,#13211,.T.);
#13211 = EDGE_CURVE('',#13179,#12979,#13212,.T.);
#13212 = LINE('',#13213,#13214);
#13213 = CARTESIAN_POINT('',(5.316,-30.665,1.55));
#13214 = VECTOR('',#13215,1.);
#13215 = DIRECTION('',(0.,1.,0.));
#13216 = ORIENTED_EDGE('',*,*,#12976,.F.);
#13217 = ORIENTED_EDGE('',*,*,#13218,.F.);
#13218 = EDGE_CURVE('',#13188,#12977,#13219,.T.);
#13219 = LINE('',#13220,#13221);
#13220 = CARTESIAN_POINT('',(5.316,-30.665,1.51));
#13221 = VECTOR('',#13222,1.);
#13222 = DIRECTION('',(0.,1.,0.));
#13223 = PLANE('',#13224);
#13224 = AXIS2_PLACEMENT_3D('',#13225,#13226,#13227);
#13225 = CARTESIAN_POINT('',(5.316,-30.665,1.51));
#13226 = DIRECTION('',(-1.,0.,0.));
#13227 = DIRECTION('',(0.,1.,0.));
#13228 = ADVANCED_FACE('',(#13229),#13239,.F.);
#13229 = FACE_BOUND('',#13230,.T.);
#13230 = EDGE_LOOP('',(#13231,#13232,#13233,#13234,#13235,#13236,#13237,
    #13238));
#13231 = ORIENTED_EDGE('',*,*,#13003,.T.);
#13232 = ORIENTED_EDGE('',*,*,#13035,.T.);
#13233 = ORIENTED_EDGE('',*,*,#13067,.T.);
#13234 = ORIENTED_EDGE('',*,*,#13099,.T.);
#13235 = ORIENTED_EDGE('',*,*,#13131,.T.);
#13236 = ORIENTED_EDGE('',*,*,#13163,.T.);
#13237 = ORIENTED_EDGE('',*,*,#13195,.T.);
#13238 = ORIENTED_EDGE('',*,*,#13218,.T.);
#13239 = PLANE('',#13240);
#13240 = AXIS2_PLACEMENT_3D('',#13241,#13242,#13243);
#13241 = CARTESIAN_POINT('',(0.,0.,1.51));
#13242 = DIRECTION('',(0.,0.,1.));
#13243 = DIRECTION('',(1.,0.,-0.));
#13244 = ADVANCED_FACE('',(#13245),#13255,.T.);
#13245 = FACE_BOUND('',#13246,.F.);
#13246 = EDGE_LOOP('',(#13247,#13248,#13249,#13250,#13251,#13252,#13253,
    #13254));
#13247 = ORIENTED_EDGE('',*,*,#12986,.T.);
#13248 = ORIENTED_EDGE('',*,*,#13019,.T.);
#13249 = ORIENTED_EDGE('',*,*,#13050,.T.);
#13250 = ORIENTED_EDGE('',*,*,#13083,.T.);
#13251 = ORIENTED_EDGE('',*,*,#13114,.T.);
#13252 = ORIENTED_EDGE('',*,*,#13147,.T.);
#13253 = ORIENTED_EDGE('',*,*,#13178,.T.);
#13254 = ORIENTED_EDGE('',*,*,#13211,.T.);
#13255 = PLANE('',#13256);
#13256 = AXIS2_PLACEMENT_3D('',#13257,#13258,#13259);
#13257 = CARTESIAN_POINT('',(0.,0.,1.55));
#13258 = DIRECTION('',(0.,0.,1.));
#13259 = DIRECTION('',(1.,0.,-0.));
#13260 = MANIFOLD_SOLID_BREP('',#13261);
#13261 = CLOSED_SHELL('',(#13262,#13304,#13335,#13366,#13429,#13492,
    #13509,#13526,#13543,#13560,#13572));
#13262 = ADVANCED_FACE('',(#13263),#13299,.T.);
#13263 = FACE_BOUND('',#13264,.T.);
#13264 = EDGE_LOOP('',(#13265,#13275,#13284,#13292));
#13265 = ORIENTED_EDGE('',*,*,#13266,.T.);
#13266 = EDGE_CURVE('',#13267,#13269,#13271,.T.);
#13267 = VERTEX_POINT('',#13268);
#13268 = CARTESIAN_POINT('',(2.,-24.553297,1.51));
#13269 = VERTEX_POINT('',#13270);
#13270 = CARTESIAN_POINT('',(2.,-24.553297,1.55));
#13271 = LINE('',#13272,#13273);
#13272 = CARTESIAN_POINT('',(2.,-24.553297,1.51));
#13273 = VECTOR('',#13274,1.);
#13274 = DIRECTION('',(0.,0.,1.));
#13275 = ORIENTED_EDGE('',*,*,#13276,.T.);
#13276 = EDGE_CURVE('',#13269,#13277,#13279,.T.);
#13277 = VERTEX_POINT('',#13278);
#13278 = CARTESIAN_POINT('',(2.25,-24.303297,1.55));
#13279 = CIRCLE('',#13280,0.249998959685);
#13280 = AXIS2_PLACEMENT_3D('',#13281,#13282,#13283);
#13281 = CARTESIAN_POINT('',(2.249998959683,-24.55329595968,1.55));
#13282 = DIRECTION('',(0.,0.,-1.));
#13283 = DIRECTION('',(-0.999999999991,-4.161285837066E-06,-0.));
#13284 = ORIENTED_EDGE('',*,*,#13285,.F.);
#13285 = EDGE_CURVE('',#13286,#13277,#13288,.T.);
#13286 = VERTEX_POINT('',#13287);
#13287 = CARTESIAN_POINT('',(2.25,-24.303297,1.51));
#13288 = LINE('',#13289,#13290);
#13289 = CARTESIAN_POINT('',(2.25,-24.303297,1.51));
#13290 = VECTOR('',#13291,1.);
#13291 = DIRECTION('',(0.,0.,1.));
#13292 = ORIENTED_EDGE('',*,*,#13293,.F.);
#13293 = EDGE_CURVE('',#13267,#13286,#13294,.T.);
#13294 = CIRCLE('',#13295,0.249998959685);
#13295 = AXIS2_PLACEMENT_3D('',#13296,#13297,#13298);
#13296 = CARTESIAN_POINT('',(2.249998959683,-24.55329595968,1.51));
#13297 = DIRECTION('',(0.,0.,-1.));
#13298 = DIRECTION('',(-0.999999999991,-4.161285837066E-06,-0.));
#13299 = CYLINDRICAL_SURFACE('',#13300,0.249998959685);
#13300 = AXIS2_PLACEMENT_3D('',#13301,#13302,#13303);
#13301 = CARTESIAN_POINT('',(2.249998959683,-24.55329595968,1.51));
#13302 = DIRECTION('',(0.,0.,-1.));
#13303 = DIRECTION('',(-0.999999999991,-4.161285837066E-06,-0.));
#13304 = ADVANCED_FACE('',(#13305),#13330,.T.);
#13305 = FACE_BOUND('',#13306,.T.);
#13306 = EDGE_LOOP('',(#13307,#13317,#13323,#13324));
#13307 = ORIENTED_EDGE('',*,*,#13308,.T.);
#13308 = EDGE_CURVE('',#13309,#13311,#13313,.T.);
#13309 = VERTEX_POINT('',#13310);
#13310 = CARTESIAN_POINT('',(2.,-26.053297,1.51));
#13311 = VERTEX_POINT('',#13312);
#13312 = CARTESIAN_POINT('',(2.,-26.053297,1.55));
#13313 = LINE('',#13314,#13315);
#13314 = CARTESIAN_POINT('',(2.,-26.053297,1.51));
#13315 = VECTOR('',#13316,1.);
#13316 = DIRECTION('',(0.,0.,1.));
#13317 = ORIENTED_EDGE('',*,*,#13318,.T.);
#13318 = EDGE_CURVE('',#13311,#13269,#13319,.T.);
#13319 = LINE('',#13320,#13321);
#13320 = CARTESIAN_POINT('',(2.,-26.053297,1.55));
#13321 = VECTOR('',#13322,1.);
#13322 = DIRECTION('',(0.,1.,0.));
#13323 = ORIENTED_EDGE('',*,*,#13266,.F.);
#13324 = ORIENTED_EDGE('',*,*,#13325,.F.);
#13325 = EDGE_CURVE('',#13309,#13267,#13326,.T.);
#13326 = LINE('',#13327,#13328);
#13327 = CARTESIAN_POINT('',(2.,-26.053297,1.51));
#13328 = VECTOR('',#13329,1.);
#13329 = DIRECTION('',(0.,1.,0.));
#13330 = PLANE('',#13331);
#13331 = AXIS2_PLACEMENT_3D('',#13332,#13333,#13334);
#13332 = CARTESIAN_POINT('',(2.,-26.053297,1.51));
#13333 = DIRECTION('',(-1.,0.,0.));
#13334 = DIRECTION('',(0.,1.,0.));
#13335 = ADVANCED_FACE('',(#13336),#13361,.T.);
#13336 = FACE_BOUND('',#13337,.T.);
#13337 = EDGE_LOOP('',(#13338,#13339,#13347,#13355));
#13338 = ORIENTED_EDGE('',*,*,#13285,.T.);
#13339 = ORIENTED_EDGE('',*,*,#13340,.T.);
#13340 = EDGE_CURVE('',#13277,#13341,#13343,.T.);
#13341 = VERTEX_POINT('',#13342);
#13342 = CARTESIAN_POINT('',(3.75,-24.303297,1.55));
#13343 = LINE('',#13344,#13345);
#13344 = CARTESIAN_POINT('',(2.25,-24.303297,1.55));
#13345 = VECTOR('',#13346,1.);
#13346 = DIRECTION('',(1.,0.,0.));
#13347 = ORIENTED_EDGE('',*,*,#13348,.F.);
#13348 = EDGE_CURVE('',#13349,#13341,#13351,.T.);
#13349 = VERTEX_POINT('',#13350);
#13350 = CARTESIAN_POINT('',(3.75,-24.303297,1.51));
#13351 = LINE('',#13352,#13353);
#13352 = CARTESIAN_POINT('',(3.75,-24.303297,1.51));
#13353 = VECTOR('',#13354,1.);
#13354 = DIRECTION('',(0.,0.,1.));
#13355 = ORIENTED_EDGE('',*,*,#13356,.F.);
#13356 = EDGE_CURVE('',#13286,#13349,#13357,.T.);
#13357 = LINE('',#13358,#13359);
#13358 = CARTESIAN_POINT('',(2.25,-24.303297,1.51));
#13359 = VECTOR('',#13360,1.);
#13360 = DIRECTION('',(1.,0.,0.));
#13361 = PLANE('',#13362);
#13362 = AXIS2_PLACEMENT_3D('',#13363,#13364,#13365);
#13363 = CARTESIAN_POINT('',(2.25,-24.303297,1.51));
#13364 = DIRECTION('',(0.,1.,0.));
#13365 = DIRECTION('',(1.,0.,0.));
#13366 = ADVANCED_FACE('',(#13367,#13413),#13424,.F.);
#13367 = FACE_BOUND('',#13368,.F.);
#13368 = EDGE_LOOP('',(#13369,#13370,#13371,#13380,#13388,#13397,#13405,
    #13412));
#13369 = ORIENTED_EDGE('',*,*,#13293,.F.);
#13370 = ORIENTED_EDGE('',*,*,#13325,.F.);
#13371 = ORIENTED_EDGE('',*,*,#13372,.F.);
#13372 = EDGE_CURVE('',#13373,#13309,#13375,.T.);
#13373 = VERTEX_POINT('',#13374);
#13374 = CARTESIAN_POINT('',(2.25,-26.303297,1.51));
#13375 = CIRCLE('',#13376,0.249998959685);
#13376 = AXIS2_PLACEMENT_3D('',#13377,#13378,#13379);
#13377 = CARTESIAN_POINT('',(2.249998959683,-26.05329804031,1.51));
#13378 = DIRECTION('',(0.,0.,-1.));
#13379 = DIRECTION('',(4.16128581575E-06,-0.999999999991,0.));
#13380 = ORIENTED_EDGE('',*,*,#13381,.F.);
#13381 = EDGE_CURVE('',#13382,#13373,#13384,.T.);
#13382 = VERTEX_POINT('',#13383);
#13383 = CARTESIAN_POINT('',(3.75,-26.303297,1.51));
#13384 = LINE('',#13385,#13386);
#13385 = CARTESIAN_POINT('',(3.75,-26.303297,1.51));
#13386 = VECTOR('',#13387,1.);
#13387 = DIRECTION('',(-1.,0.,0.));
#13388 = ORIENTED_EDGE('',*,*,#13389,.F.);
#13389 = EDGE_CURVE('',#13390,#13382,#13392,.T.);
#13390 = VERTEX_POINT('',#13391);
#13391 = CARTESIAN_POINT('',(4.,-26.053297,1.51));
#13392 = CIRCLE('',#13393,0.249998959685);
#13393 = AXIS2_PLACEMENT_3D('',#13394,#13395,#13396);
#13394 = CARTESIAN_POINT('',(3.750001040317,-26.05329804031,1.51));
#13395 = DIRECTION('',(0.,0.,-1.));
#13396 = DIRECTION('',(0.999999999991,4.161285822855E-06,0.));
#13397 = ORIENTED_EDGE('',*,*,#13398,.F.);
#13398 = EDGE_CURVE('',#13399,#13390,#13401,.T.);
#13399 = VERTEX_POINT('',#13400);
#13400 = CARTESIAN_POINT('',(4.,-24.553297,1.51));
#13401 = LINE('',#13402,#13403);
#13402 = CARTESIAN_POINT('',(4.,-24.553297,1.51));
#13403 = VECTOR('',#13404,1.);
#13404 = DIRECTION('',(0.,-1.,0.));
#13405 = ORIENTED_EDGE('',*,*,#13406,.F.);
#13406 = EDGE_CURVE('',#13349,#13399,#13407,.T.);
#13407 = CIRCLE('',#13408,0.249998959685);
#13408 = AXIS2_PLACEMENT_3D('',#13409,#13410,#13411);
#13409 = CARTESIAN_POINT('',(3.750001040317,-24.55329595968,1.51));
#13410 = DIRECTION('',(0.,0.,-1.));
#13411 = DIRECTION('',(-4.161285840619E-06,0.999999999991,0.));
#13412 = ORIENTED_EDGE('',*,*,#13356,.F.);
#13413 = FACE_BOUND('',#13414,.F.);
#13414 = EDGE_LOOP('',(#13415));
#13415 = ORIENTED_EDGE('',*,*,#13416,.T.);
#13416 = EDGE_CURVE('',#13417,#13417,#13419,.T.);
#13417 = VERTEX_POINT('',#13418);
#13418 = CARTESIAN_POINT('',(3.,-25.878297,1.51));
#13419 = CIRCLE('',#13420,0.575);
#13420 = AXIS2_PLACEMENT_3D('',#13421,#13422,#13423);
#13421 = CARTESIAN_POINT('',(3.,-25.303297,1.51));
#13422 = DIRECTION('',(-0.,0.,-1.));
#13423 = DIRECTION('',(-0.,-1.,0.));
#13424 = PLANE('',#13425);
#13425 = AXIS2_PLACEMENT_3D('',#13426,#13427,#13428);
#13426 = CARTESIAN_POINT('',(0.,0.,1.51));
#13427 = DIRECTION('',(0.,0.,1.));
#13428 = DIRECTION('',(1.,0.,-0.));
#13429 = ADVANCED_FACE('',(#13430,#13476),#13487,.T.);
#13430 = FACE_BOUND('',#13431,.T.);
#13431 = EDGE_LOOP('',(#13432,#13433,#13434,#13443,#13451,#13460,#13468,
    #13475));
#13432 = ORIENTED_EDGE('',*,*,#13276,.F.);
#13433 = ORIENTED_EDGE('',*,*,#13318,.F.);
#13434 = ORIENTED_EDGE('',*,*,#13435,.F.);
#13435 = EDGE_CURVE('',#13436,#13311,#13438,.T.);
#13436 = VERTEX_POINT('',#13437);
#13437 = CARTESIAN_POINT('',(2.25,-26.303297,1.55));
#13438 = CIRCLE('',#13439,0.249998959685);
#13439 = AXIS2_PLACEMENT_3D('',#13440,#13441,#13442);
#13440 = CARTESIAN_POINT('',(2.249998959683,-26.05329804031,1.55));
#13441 = DIRECTION('',(0.,0.,-1.));
#13442 = DIRECTION('',(4.16128581575E-06,-0.999999999991,0.));
#13443 = ORIENTED_EDGE('',*,*,#13444,.F.);
#13444 = EDGE_CURVE('',#13445,#13436,#13447,.T.);
#13445 = VERTEX_POINT('',#13446);
#13446 = CARTESIAN_POINT('',(3.75,-26.303297,1.55));
#13447 = LINE('',#13448,#13449);
#13448 = CARTESIAN_POINT('',(3.75,-26.303297,1.55));
#13449 = VECTOR('',#13450,1.);
#13450 = DIRECTION('',(-1.,0.,0.));
#13451 = ORIENTED_EDGE('',*,*,#13452,.F.);
#13452 = EDGE_CURVE('',#13453,#13445,#13455,.T.);
#13453 = VERTEX_POINT('',#13454);
#13454 = CARTESIAN_POINT('',(4.,-26.053297,1.55));
#13455 = CIRCLE('',#13456,0.249998959685);
#13456 = AXIS2_PLACEMENT_3D('',#13457,#13458,#13459);
#13457 = CARTESIAN_POINT('',(3.750001040317,-26.05329804031,1.55));
#13458 = DIRECTION('',(0.,0.,-1.));
#13459 = DIRECTION('',(0.999999999991,4.161285822855E-06,0.));
#13460 = ORIENTED_EDGE('',*,*,#13461,.F.);
#13461 = EDGE_CURVE('',#13462,#13453,#13464,.T.);
#13462 = VERTEX_POINT('',#13463);
#13463 = CARTESIAN_POINT('',(4.,-24.553297,1.55));
#13464 = LINE('',#13465,#13466);
#13465 = CARTESIAN_POINT('',(4.,-24.553297,1.55));
#13466 = VECTOR('',#13467,1.);
#13467 = DIRECTION('',(0.,-1.,0.));
#13468 = ORIENTED_EDGE('',*,*,#13469,.F.);
#13469 = EDGE_CURVE('',#13341,#13462,#13470,.T.);
#13470 = CIRCLE('',#13471,0.249998959685);
#13471 = AXIS2_PLACEMENT_3D('',#13472,#13473,#13474);
#13472 = CARTESIAN_POINT('',(3.750001040317,-24.55329595968,1.55));
#13473 = DIRECTION('',(0.,0.,-1.));
#13474 = DIRECTION('',(-4.161285840619E-06,0.999999999991,0.));
#13475 = ORIENTED_EDGE('',*,*,#13340,.F.);
#13476 = FACE_BOUND('',#13477,.T.);
#13477 = EDGE_LOOP('',(#13478));
#13478 = ORIENTED_EDGE('',*,*,#13479,.T.);
#13479 = EDGE_CURVE('',#13480,#13480,#13482,.T.);
#13480 = VERTEX_POINT('',#13481);
#13481 = CARTESIAN_POINT('',(3.,-25.878297,1.55));
#13482 = CIRCLE('',#13483,0.575);
#13483 = AXIS2_PLACEMENT_3D('',#13484,#13485,#13486);
#13484 = CARTESIAN_POINT('',(3.,-25.303297,1.55));
#13485 = DIRECTION('',(-0.,0.,-1.));
#13486 = DIRECTION('',(-0.,-1.,0.));
#13487 = PLANE('',#13488);
#13488 = AXIS2_PLACEMENT_3D('',#13489,#13490,#13491);
#13489 = CARTESIAN_POINT('',(0.,0.,1.55));
#13490 = DIRECTION('',(0.,0.,1.));
#13491 = DIRECTION('',(1.,0.,-0.));
#13492 = ADVANCED_FACE('',(#13493),#13504,.T.);
#13493 = FACE_BOUND('',#13494,.T.);
#13494 = EDGE_LOOP('',(#13495,#13501,#13502,#13503));
#13495 = ORIENTED_EDGE('',*,*,#13496,.T.);
#13496 = EDGE_CURVE('',#13373,#13436,#13497,.T.);
#13497 = LINE('',#13498,#13499);
#13498 = CARTESIAN_POINT('',(2.25,-26.303297,1.51));
#13499 = VECTOR('',#13500,1.);
#13500 = DIRECTION('',(0.,0.,1.));
#13501 = ORIENTED_EDGE('',*,*,#13435,.T.);
#13502 = ORIENTED_EDGE('',*,*,#13308,.F.);
#13503 = ORIENTED_EDGE('',*,*,#13372,.F.);
#13504 = CYLINDRICAL_SURFACE('',#13505,0.249998959685);
#13505 = AXIS2_PLACEMENT_3D('',#13506,#13507,#13508);
#13506 = CARTESIAN_POINT('',(2.249998959683,-26.05329804031,1.51));
#13507 = DIRECTION('',(0.,0.,-1.));
#13508 = DIRECTION('',(4.16128581575E-06,-0.999999999991,0.));
#13509 = ADVANCED_FACE('',(#13510),#13521,.T.);
#13510 = FACE_BOUND('',#13511,.T.);
#13511 = EDGE_LOOP('',(#13512,#13513,#13514,#13520));
#13512 = ORIENTED_EDGE('',*,*,#13348,.T.);
#13513 = ORIENTED_EDGE('',*,*,#13469,.T.);
#13514 = ORIENTED_EDGE('',*,*,#13515,.F.);
#13515 = EDGE_CURVE('',#13399,#13462,#13516,.T.);
#13516 = LINE('',#13517,#13518);
#13517 = CARTESIAN_POINT('',(4.,-24.553297,1.51));
#13518 = VECTOR('',#13519,1.);
#13519 = DIRECTION('',(0.,0.,1.));
#13520 = ORIENTED_EDGE('',*,*,#13406,.F.);
#13521 = CYLINDRICAL_SURFACE('',#13522,0.249998959685);
#13522 = AXIS2_PLACEMENT_3D('',#13523,#13524,#13525);
#13523 = CARTESIAN_POINT('',(3.750001040317,-24.55329595968,1.51));
#13524 = DIRECTION('',(0.,0.,-1.));
#13525 = DIRECTION('',(-4.161285840619E-06,0.999999999991,0.));
#13526 = ADVANCED_FACE('',(#13527),#13538,.T.);
#13527 = FACE_BOUND('',#13528,.T.);
#13528 = EDGE_LOOP('',(#13529,#13535,#13536,#13537));
#13529 = ORIENTED_EDGE('',*,*,#13530,.T.);
#13530 = EDGE_CURVE('',#13382,#13445,#13531,.T.);
#13531 = LINE('',#13532,#13533);
#13532 = CARTESIAN_POINT('',(3.75,-26.303297,1.51));
#13533 = VECTOR('',#13534,1.);
#13534 = DIRECTION('',(0.,0.,1.));
#13535 = ORIENTED_EDGE('',*,*,#13444,.T.);
#13536 = ORIENTED_EDGE('',*,*,#13496,.F.);
#13537 = ORIENTED_EDGE('',*,*,#13381,.F.);
#13538 = PLANE('',#13539);
#13539 = AXIS2_PLACEMENT_3D('',#13540,#13541,#13542);
#13540 = CARTESIAN_POINT('',(3.75,-26.303297,1.51));
#13541 = DIRECTION('',(0.,-1.,0.));
#13542 = DIRECTION('',(-1.,0.,0.));
#13543 = ADVANCED_FACE('',(#13544),#13555,.T.);
#13544 = FACE_BOUND('',#13545,.T.);
#13545 = EDGE_LOOP('',(#13546,#13547,#13548,#13554));
#13546 = ORIENTED_EDGE('',*,*,#13515,.T.);
#13547 = ORIENTED_EDGE('',*,*,#13461,.T.);
#13548 = ORIENTED_EDGE('',*,*,#13549,.F.);
#13549 = EDGE_CURVE('',#13390,#13453,#13550,.T.);
#13550 = LINE('',#13551,#13552);
#13551 = CARTESIAN_POINT('',(4.,-26.053297,1.51));
#13552 = VECTOR('',#13553,1.);
#13553 = DIRECTION('',(0.,0.,1.));
#13554 = ORIENTED_EDGE('',*,*,#13398,.F.);
#13555 = PLANE('',#13556);
#13556 = AXIS2_PLACEMENT_3D('',#13557,#13558,#13559);
#13557 = CARTESIAN_POINT('',(4.,-24.553297,1.51));
#13558 = DIRECTION('',(1.,0.,-0.));
#13559 = DIRECTION('',(0.,-1.,0.));
#13560 = ADVANCED_FACE('',(#13561),#13567,.T.);
#13561 = FACE_BOUND('',#13562,.T.);
#13562 = EDGE_LOOP('',(#13563,#13564,#13565,#13566));
#13563 = ORIENTED_EDGE('',*,*,#13549,.T.);
#13564 = ORIENTED_EDGE('',*,*,#13452,.T.);
#13565 = ORIENTED_EDGE('',*,*,#13530,.F.);
#13566 = ORIENTED_EDGE('',*,*,#13389,.F.);
#13567 = CYLINDRICAL_SURFACE('',#13568,0.249998959685);
#13568 = AXIS2_PLACEMENT_3D('',#13569,#13570,#13571);
#13569 = CARTESIAN_POINT('',(3.750001040317,-26.05329804031,1.51));
#13570 = DIRECTION('',(0.,0.,-1.));
#13571 = DIRECTION('',(0.999999999991,4.161285822855E-06,0.));
#13572 = ADVANCED_FACE('',(#13573),#13584,.F.);
#13573 = FACE_BOUND('',#13574,.T.);
#13574 = EDGE_LOOP('',(#13575,#13576,#13582,#13583));
#13575 = ORIENTED_EDGE('',*,*,#13416,.T.);
#13576 = ORIENTED_EDGE('',*,*,#13577,.T.);
#13577 = EDGE_CURVE('',#13417,#13480,#13578,.T.);
#13578 = LINE('',#13579,#13580);
#13579 = CARTESIAN_POINT('',(3.,-25.878297,-4.6E-02));
#13580 = VECTOR('',#13581,1.);
#13581 = DIRECTION('',(0.,0.,1.));
#13582 = ORIENTED_EDGE('',*,*,#13479,.F.);
#13583 = ORIENTED_EDGE('',*,*,#13577,.F.);
#13584 = CYLINDRICAL_SURFACE('',#13585,0.575);
#13585 = AXIS2_PLACEMENT_3D('',#13586,#13587,#13588);
#13586 = CARTESIAN_POINT('',(3.,-25.303297,-4.6E-02));
#13587 = DIRECTION('',(-0.,-0.,-1.));
#13588 = DIRECTION('',(-0.,-1.,0.));
#13589 = MANIFOLD_SOLID_BREP('',#13590);
#13590 = CLOSED_SHELL('',(#13591,#13633,#13664,#13695,#13758,#13821,
    #13838,#13855,#13872,#13889,#13901));
#13591 = ADVANCED_FACE('',(#13592),#13628,.T.);
#13592 = FACE_BOUND('',#13593,.F.);
#13593 = EDGE_LOOP('',(#13594,#13604,#13613,#13621));
#13594 = ORIENTED_EDGE('',*,*,#13595,.T.);
#13595 = EDGE_CURVE('',#13596,#13598,#13600,.T.);
#13596 = VERTEX_POINT('',#13597);
#13597 = CARTESIAN_POINT('',(2.,-24.553297,0.));
#13598 = VERTEX_POINT('',#13599);
#13599 = CARTESIAN_POINT('',(2.,-24.553297,-4.E-02));
#13600 = LINE('',#13601,#13602);
#13601 = CARTESIAN_POINT('',(2.,-24.553297,0.));
#13602 = VECTOR('',#13603,1.);
#13603 = DIRECTION('',(0.,0.,-1.));
#13604 = ORIENTED_EDGE('',*,*,#13605,.T.);
#13605 = EDGE_CURVE('',#13598,#13606,#13608,.T.);
#13606 = VERTEX_POINT('',#13607);
#13607 = CARTESIAN_POINT('',(2.25,-24.303297,-4.E-02));
#13608 = CIRCLE('',#13609,0.249998959685);
#13609 = AXIS2_PLACEMENT_3D('',#13610,#13611,#13612);
#13610 = CARTESIAN_POINT('',(2.249998959683,-24.55329595968,-4.E-02));
#13611 = DIRECTION('',(0.,0.,-1.));
#13612 = DIRECTION('',(-0.999999999991,-4.161285837066E-06,-0.));
#13613 = ORIENTED_EDGE('',*,*,#13614,.F.);
#13614 = EDGE_CURVE('',#13615,#13606,#13617,.T.);
#13615 = VERTEX_POINT('',#13616);
#13616 = CARTESIAN_POINT('',(2.25,-24.303297,0.));
#13617 = LINE('',#13618,#13619);
#13618 = CARTESIAN_POINT('',(2.25,-24.303297,0.));
#13619 = VECTOR('',#13620,1.);
#13620 = DIRECTION('',(0.,0.,-1.));
#13621 = ORIENTED_EDGE('',*,*,#13622,.F.);
#13622 = EDGE_CURVE('',#13596,#13615,#13623,.T.);
#13623 = CIRCLE('',#13624,0.249998959685);
#13624 = AXIS2_PLACEMENT_3D('',#13625,#13626,#13627);
#13625 = CARTESIAN_POINT('',(2.249998959683,-24.55329595968,0.));
#13626 = DIRECTION('',(0.,0.,-1.));
#13627 = DIRECTION('',(-0.999999999991,-4.161285837066E-06,-0.));
#13628 = CYLINDRICAL_SURFACE('',#13629,0.249998959685);
#13629 = AXIS2_PLACEMENT_3D('',#13630,#13631,#13632);
#13630 = CARTESIAN_POINT('',(2.249998959683,-24.55329595968,0.));
#13631 = DIRECTION('',(-0.,-0.,1.));
#13632 = DIRECTION('',(-0.999999999991,-4.161285837066E-06,-0.));
#13633 = ADVANCED_FACE('',(#13634),#13659,.F.);
#13634 = FACE_BOUND('',#13635,.F.);
#13635 = EDGE_LOOP('',(#13636,#13646,#13652,#13653));
#13636 = ORIENTED_EDGE('',*,*,#13637,.T.);
#13637 = EDGE_CURVE('',#13638,#13640,#13642,.T.);
#13638 = VERTEX_POINT('',#13639);
#13639 = CARTESIAN_POINT('',(2.,-26.053297,0.));
#13640 = VERTEX_POINT('',#13641);
#13641 = CARTESIAN_POINT('',(2.,-26.053297,-4.E-02));
#13642 = LINE('',#13643,#13644);
#13643 = CARTESIAN_POINT('',(2.,-26.053297,0.));
#13644 = VECTOR('',#13645,1.);
#13645 = DIRECTION('',(0.,0.,-1.));
#13646 = ORIENTED_EDGE('',*,*,#13647,.T.);
#13647 = EDGE_CURVE('',#13640,#13598,#13648,.T.);
#13648 = LINE('',#13649,#13650);
#13649 = CARTESIAN_POINT('',(2.,-26.053297,-4.E-02));
#13650 = VECTOR('',#13651,1.);
#13651 = DIRECTION('',(0.,1.,0.));
#13652 = ORIENTED_EDGE('',*,*,#13595,.F.);
#13653 = ORIENTED_EDGE('',*,*,#13654,.F.);
#13654 = EDGE_CURVE('',#13638,#13596,#13655,.T.);
#13655 = LINE('',#13656,#13657);
#13656 = CARTESIAN_POINT('',(2.,-26.053297,0.));
#13657 = VECTOR('',#13658,1.);
#13658 = DIRECTION('',(0.,1.,0.));
#13659 = PLANE('',#13660);
#13660 = AXIS2_PLACEMENT_3D('',#13661,#13662,#13663);
#13661 = CARTESIAN_POINT('',(2.,-26.053297,0.));
#13662 = DIRECTION('',(1.,-0.,0.));
#13663 = DIRECTION('',(0.,1.,0.));
#13664 = ADVANCED_FACE('',(#13665),#13690,.F.);
#13665 = FACE_BOUND('',#13666,.F.);
#13666 = EDGE_LOOP('',(#13667,#13668,#13676,#13684));
#13667 = ORIENTED_EDGE('',*,*,#13614,.T.);
#13668 = ORIENTED_EDGE('',*,*,#13669,.T.);
#13669 = EDGE_CURVE('',#13606,#13670,#13672,.T.);
#13670 = VERTEX_POINT('',#13671);
#13671 = CARTESIAN_POINT('',(3.75,-24.303297,-4.E-02));
#13672 = LINE('',#13673,#13674);
#13673 = CARTESIAN_POINT('',(2.25,-24.303297,-4.E-02));
#13674 = VECTOR('',#13675,1.);
#13675 = DIRECTION('',(1.,0.,0.));
#13676 = ORIENTED_EDGE('',*,*,#13677,.F.);
#13677 = EDGE_CURVE('',#13678,#13670,#13680,.T.);
#13678 = VERTEX_POINT('',#13679);
#13679 = CARTESIAN_POINT('',(3.75,-24.303297,0.));
#13680 = LINE('',#13681,#13682);
#13681 = CARTESIAN_POINT('',(3.75,-24.303297,0.));
#13682 = VECTOR('',#13683,1.);
#13683 = DIRECTION('',(0.,0.,-1.));
#13684 = ORIENTED_EDGE('',*,*,#13685,.F.);
#13685 = EDGE_CURVE('',#13615,#13678,#13686,.T.);
#13686 = LINE('',#13687,#13688);
#13687 = CARTESIAN_POINT('',(2.25,-24.303297,0.));
#13688 = VECTOR('',#13689,1.);
#13689 = DIRECTION('',(1.,0.,0.));
#13690 = PLANE('',#13691);
#13691 = AXIS2_PLACEMENT_3D('',#13692,#13693,#13694);
#13692 = CARTESIAN_POINT('',(2.25,-24.303297,0.));
#13693 = DIRECTION('',(0.,-1.,0.));
#13694 = DIRECTION('',(1.,0.,0.));
#13695 = ADVANCED_FACE('',(#13696,#13742),#13753,.F.);
#13696 = FACE_BOUND('',#13697,.F.);
#13697 = EDGE_LOOP('',(#13698,#13699,#13700,#13709,#13717,#13726,#13734,
    #13741));
#13698 = ORIENTED_EDGE('',*,*,#13622,.T.);
#13699 = ORIENTED_EDGE('',*,*,#13685,.T.);
#13700 = ORIENTED_EDGE('',*,*,#13701,.T.);
#13701 = EDGE_CURVE('',#13678,#13702,#13704,.T.);
#13702 = VERTEX_POINT('',#13703);
#13703 = CARTESIAN_POINT('',(4.,-24.553297,0.));
#13704 = CIRCLE('',#13705,0.249998959685);
#13705 = AXIS2_PLACEMENT_3D('',#13706,#13707,#13708);
#13706 = CARTESIAN_POINT('',(3.750001040317,-24.55329595968,0.));
#13707 = DIRECTION('',(0.,0.,-1.));
#13708 = DIRECTION('',(-4.161285840619E-06,0.999999999991,0.));
#13709 = ORIENTED_EDGE('',*,*,#13710,.T.);
#13710 = EDGE_CURVE('',#13702,#13711,#13713,.T.);
#13711 = VERTEX_POINT('',#13712);
#13712 = CARTESIAN_POINT('',(4.,-26.053297,0.));
#13713 = LINE('',#13714,#13715);
#13714 = CARTESIAN_POINT('',(4.,-24.553297,0.));
#13715 = VECTOR('',#13716,1.);
#13716 = DIRECTION('',(0.,-1.,0.));
#13717 = ORIENTED_EDGE('',*,*,#13718,.T.);
#13718 = EDGE_CURVE('',#13711,#13719,#13721,.T.);
#13719 = VERTEX_POINT('',#13720);
#13720 = CARTESIAN_POINT('',(3.75,-26.303297,0.));
#13721 = CIRCLE('',#13722,0.249998959685);
#13722 = AXIS2_PLACEMENT_3D('',#13723,#13724,#13725);
#13723 = CARTESIAN_POINT('',(3.750001040317,-26.05329804031,0.));
#13724 = DIRECTION('',(0.,0.,-1.));
#13725 = DIRECTION('',(0.999999999991,4.161285822855E-06,0.));
#13726 = ORIENTED_EDGE('',*,*,#13727,.T.);
#13727 = EDGE_CURVE('',#13719,#13728,#13730,.T.);
#13728 = VERTEX_POINT('',#13729);
#13729 = CARTESIAN_POINT('',(2.25,-26.303297,0.));
#13730 = LINE('',#13731,#13732);
#13731 = CARTESIAN_POINT('',(3.75,-26.303297,0.));
#13732 = VECTOR('',#13733,1.);
#13733 = DIRECTION('',(-1.,0.,0.));
#13734 = ORIENTED_EDGE('',*,*,#13735,.T.);
#13735 = EDGE_CURVE('',#13728,#13638,#13736,.T.);
#13736 = CIRCLE('',#13737,0.249998959685);
#13737 = AXIS2_PLACEMENT_3D('',#13738,#13739,#13740);
#13738 = CARTESIAN_POINT('',(2.249998959683,-26.05329804031,0.));
#13739 = DIRECTION('',(0.,0.,-1.));
#13740 = DIRECTION('',(4.16128581575E-06,-0.999999999991,0.));
#13741 = ORIENTED_EDGE('',*,*,#13654,.T.);
#13742 = FACE_BOUND('',#13743,.F.);
#13743 = EDGE_LOOP('',(#13744));
#13744 = ORIENTED_EDGE('',*,*,#13745,.F.);
#13745 = EDGE_CURVE('',#13746,#13746,#13748,.T.);
#13746 = VERTEX_POINT('',#13747);
#13747 = CARTESIAN_POINT('',(3.,-25.878297,0.));
#13748 = CIRCLE('',#13749,0.575);
#13749 = AXIS2_PLACEMENT_3D('',#13750,#13751,#13752);
#13750 = CARTESIAN_POINT('',(3.,-25.303297,0.));
#13751 = DIRECTION('',(-0.,0.,-1.));
#13752 = DIRECTION('',(-0.,-1.,0.));
#13753 = PLANE('',#13754);
#13754 = AXIS2_PLACEMENT_3D('',#13755,#13756,#13757);
#13755 = CARTESIAN_POINT('',(0.,0.,0.));
#13756 = DIRECTION('',(-0.,-0.,-1.));
#13757 = DIRECTION('',(-1.,0.,0.));
#13758 = ADVANCED_FACE('',(#13759,#13805),#13816,.T.);
#13759 = FACE_BOUND('',#13760,.T.);
#13760 = EDGE_LOOP('',(#13761,#13762,#13763,#13772,#13780,#13789,#13797,
    #13804));
#13761 = ORIENTED_EDGE('',*,*,#13605,.T.);
#13762 = ORIENTED_EDGE('',*,*,#13669,.T.);
#13763 = ORIENTED_EDGE('',*,*,#13764,.T.);
#13764 = EDGE_CURVE('',#13670,#13765,#13767,.T.);
#13765 = VERTEX_POINT('',#13766);
#13766 = CARTESIAN_POINT('',(4.,-24.553297,-4.E-02));
#13767 = CIRCLE('',#13768,0.249998959685);
#13768 = AXIS2_PLACEMENT_3D('',#13769,#13770,#13771);
#13769 = CARTESIAN_POINT('',(3.750001040317,-24.55329595968,-4.E-02));
#13770 = DIRECTION('',(0.,0.,-1.));
#13771 = DIRECTION('',(-4.161285840619E-06,0.999999999991,0.));
#13772 = ORIENTED_EDGE('',*,*,#13773,.T.);
#13773 = EDGE_CURVE('',#13765,#13774,#13776,.T.);
#13774 = VERTEX_POINT('',#13775);
#13775 = CARTESIAN_POINT('',(4.,-26.053297,-4.E-02));
#13776 = LINE('',#13777,#13778);
#13777 = CARTESIAN_POINT('',(4.,-24.553297,-4.E-02));
#13778 = VECTOR('',#13779,1.);
#13779 = DIRECTION('',(0.,-1.,0.));
#13780 = ORIENTED_EDGE('',*,*,#13781,.T.);
#13781 = EDGE_CURVE('',#13774,#13782,#13784,.T.);
#13782 = VERTEX_POINT('',#13783);
#13783 = CARTESIAN_POINT('',(3.75,-26.303297,-4.E-02));
#13784 = CIRCLE('',#13785,0.249998959685);
#13785 = AXIS2_PLACEMENT_3D('',#13786,#13787,#13788);
#13786 = CARTESIAN_POINT('',(3.750001040317,-26.05329804031,-4.E-02));
#13787 = DIRECTION('',(0.,0.,-1.));
#13788 = DIRECTION('',(0.999999999991,4.161285822855E-06,0.));
#13789 = ORIENTED_EDGE('',*,*,#13790,.T.);
#13790 = EDGE_CURVE('',#13782,#13791,#13793,.T.);
#13791 = VERTEX_POINT('',#13792);
#13792 = CARTESIAN_POINT('',(2.25,-26.303297,-4.E-02));
#13793 = LINE('',#13794,#13795);
#13794 = CARTESIAN_POINT('',(3.75,-26.303297,-4.E-02));
#13795 = VECTOR('',#13796,1.);
#13796 = DIRECTION('',(-1.,0.,0.));
#13797 = ORIENTED_EDGE('',*,*,#13798,.T.);
#13798 = EDGE_CURVE('',#13791,#13640,#13799,.T.);
#13799 = CIRCLE('',#13800,0.249998959685);
#13800 = AXIS2_PLACEMENT_3D('',#13801,#13802,#13803);
#13801 = CARTESIAN_POINT('',(2.249998959683,-26.05329804031,-4.E-02));
#13802 = DIRECTION('',(0.,0.,-1.));
#13803 = DIRECTION('',(4.16128581575E-06,-0.999999999991,0.));
#13804 = ORIENTED_EDGE('',*,*,#13647,.T.);
#13805 = FACE_BOUND('',#13806,.T.);
#13806 = EDGE_LOOP('',(#13807));
#13807 = ORIENTED_EDGE('',*,*,#13808,.F.);
#13808 = EDGE_CURVE('',#13809,#13809,#13811,.T.);
#13809 = VERTEX_POINT('',#13810);
#13810 = CARTESIAN_POINT('',(3.,-25.878297,-4.E-02));
#13811 = CIRCLE('',#13812,0.575);
#13812 = AXIS2_PLACEMENT_3D('',#13813,#13814,#13815);
#13813 = CARTESIAN_POINT('',(3.,-25.303297,-4.E-02));
#13814 = DIRECTION('',(-0.,0.,-1.));
#13815 = DIRECTION('',(-0.,-1.,0.));
#13816 = PLANE('',#13817);
#13817 = AXIS2_PLACEMENT_3D('',#13818,#13819,#13820);
#13818 = CARTESIAN_POINT('',(0.,0.,-4.E-02));
#13819 = DIRECTION('',(-0.,-0.,-1.));
#13820 = DIRECTION('',(-1.,0.,0.));
#13821 = ADVANCED_FACE('',(#13822),#13833,.T.);
#13822 = FACE_BOUND('',#13823,.F.);
#13823 = EDGE_LOOP('',(#13824,#13830,#13831,#13832));
#13824 = ORIENTED_EDGE('',*,*,#13825,.T.);
#13825 = EDGE_CURVE('',#13728,#13791,#13826,.T.);
#13826 = LINE('',#13827,#13828);
#13827 = CARTESIAN_POINT('',(2.25,-26.303297,0.));
#13828 = VECTOR('',#13829,1.);
#13829 = DIRECTION('',(0.,0.,-1.));
#13830 = ORIENTED_EDGE('',*,*,#13798,.T.);
#13831 = ORIENTED_EDGE('',*,*,#13637,.F.);
#13832 = ORIENTED_EDGE('',*,*,#13735,.F.);
#13833 = CYLINDRICAL_SURFACE('',#13834,0.249998959685);
#13834 = AXIS2_PLACEMENT_3D('',#13835,#13836,#13837);
#13835 = CARTESIAN_POINT('',(2.249998959683,-26.05329804031,0.));
#13836 = DIRECTION('',(-0.,-0.,1.));
#13837 = DIRECTION('',(4.16128581575E-06,-0.999999999991,0.));
#13838 = ADVANCED_FACE('',(#13839),#13850,.T.);
#13839 = FACE_BOUND('',#13840,.F.);
#13840 = EDGE_LOOP('',(#13841,#13842,#13843,#13849));
#13841 = ORIENTED_EDGE('',*,*,#13677,.T.);
#13842 = ORIENTED_EDGE('',*,*,#13764,.T.);
#13843 = ORIENTED_EDGE('',*,*,#13844,.F.);
#13844 = EDGE_CURVE('',#13702,#13765,#13845,.T.);
#13845 = LINE('',#13846,#13847);
#13846 = CARTESIAN_POINT('',(4.,-24.553297,0.));
#13847 = VECTOR('',#13848,1.);
#13848 = DIRECTION('',(0.,0.,-1.));
#13849 = ORIENTED_EDGE('',*,*,#13701,.F.);
#13850 = CYLINDRICAL_SURFACE('',#13851,0.249998959685);
#13851 = AXIS2_PLACEMENT_3D('',#13852,#13853,#13854);
#13852 = CARTESIAN_POINT('',(3.750001040317,-24.55329595968,0.));
#13853 = DIRECTION('',(-0.,-0.,1.));
#13854 = DIRECTION('',(-4.161285840619E-06,0.999999999991,0.));
#13855 = ADVANCED_FACE('',(#13856),#13867,.F.);
#13856 = FACE_BOUND('',#13857,.F.);
#13857 = EDGE_LOOP('',(#13858,#13864,#13865,#13866));
#13858 = ORIENTED_EDGE('',*,*,#13859,.T.);
#13859 = EDGE_CURVE('',#13719,#13782,#13860,.T.);
#13860 = LINE('',#13861,#13862);
#13861 = CARTESIAN_POINT('',(3.75,-26.303297,0.));
#13862 = VECTOR('',#13863,1.);
#13863 = DIRECTION('',(0.,0.,-1.));
#13864 = ORIENTED_EDGE('',*,*,#13790,.T.);
#13865 = ORIENTED_EDGE('',*,*,#13825,.F.);
#13866 = ORIENTED_EDGE('',*,*,#13727,.F.);
#13867 = PLANE('',#13868);
#13868 = AXIS2_PLACEMENT_3D('',#13869,#13870,#13871);
#13869 = CARTESIAN_POINT('',(3.75,-26.303297,0.));
#13870 = DIRECTION('',(0.,1.,0.));
#13871 = DIRECTION('',(-1.,0.,0.));
#13872 = ADVANCED_FACE('',(#13873),#13884,.F.);
#13873 = FACE_BOUND('',#13874,.F.);
#13874 = EDGE_LOOP('',(#13875,#13876,#13877,#13883));
#13875 = ORIENTED_EDGE('',*,*,#13844,.T.);
#13876 = ORIENTED_EDGE('',*,*,#13773,.T.);
#13877 = ORIENTED_EDGE('',*,*,#13878,.F.);
#13878 = EDGE_CURVE('',#13711,#13774,#13879,.T.);
#13879 = LINE('',#13880,#13881);
#13880 = CARTESIAN_POINT('',(4.,-26.053297,0.));
#13881 = VECTOR('',#13882,1.);
#13882 = DIRECTION('',(0.,0.,-1.));
#13883 = ORIENTED_EDGE('',*,*,#13710,.F.);
#13884 = PLANE('',#13885);
#13885 = AXIS2_PLACEMENT_3D('',#13886,#13887,#13888);
#13886 = CARTESIAN_POINT('',(4.,-24.553297,0.));
#13887 = DIRECTION('',(-1.,-0.,-0.));
#13888 = DIRECTION('',(0.,-1.,0.));
#13889 = ADVANCED_FACE('',(#13890),#13896,.T.);
#13890 = FACE_BOUND('',#13891,.F.);
#13891 = EDGE_LOOP('',(#13892,#13893,#13894,#13895));
#13892 = ORIENTED_EDGE('',*,*,#13878,.T.);
#13893 = ORIENTED_EDGE('',*,*,#13781,.T.);
#13894 = ORIENTED_EDGE('',*,*,#13859,.F.);
#13895 = ORIENTED_EDGE('',*,*,#13718,.F.);
#13896 = CYLINDRICAL_SURFACE('',#13897,0.249998959685);
#13897 = AXIS2_PLACEMENT_3D('',#13898,#13899,#13900);
#13898 = CARTESIAN_POINT('',(3.750001040317,-26.05329804031,0.));
#13899 = DIRECTION('',(-0.,-0.,1.));
#13900 = DIRECTION('',(0.999999999991,4.161285822855E-06,0.));
#13901 = ADVANCED_FACE('',(#13902),#13913,.F.);
#13902 = FACE_BOUND('',#13903,.T.);
#13903 = EDGE_LOOP('',(#13904,#13905,#13911,#13912));
#13904 = ORIENTED_EDGE('',*,*,#13808,.T.);
#13905 = ORIENTED_EDGE('',*,*,#13906,.T.);
#13906 = EDGE_CURVE('',#13809,#13746,#13907,.T.);
#13907 = LINE('',#13908,#13909);
#13908 = CARTESIAN_POINT('',(3.,-25.878297,-4.6E-02));
#13909 = VECTOR('',#13910,1.);
#13910 = DIRECTION('',(0.,0.,1.));
#13911 = ORIENTED_EDGE('',*,*,#13745,.F.);
#13912 = ORIENTED_EDGE('',*,*,#13906,.F.);
#13913 = CYLINDRICAL_SURFACE('',#13914,0.575);
#13914 = AXIS2_PLACEMENT_3D('',#13915,#13916,#13917);
#13915 = CARTESIAN_POINT('',(3.,-25.303297,-4.6E-02));
#13916 = DIRECTION('',(-0.,-0.,-1.));
#13917 = DIRECTION('',(-0.,-1.,0.));
#13918 = MANIFOLD_SOLID_BREP('',#13919);
#13919 = CLOSED_SHELL('',(#13920,#13953,#13973,#13993));
#13920 = ADVANCED_FACE('',(#13921),#13948,.T.);
#13921 = FACE_BOUND('',#13922,.F.);
#13922 = EDGE_LOOP('',(#13923,#13933,#13940,#13941));
#13923 = ORIENTED_EDGE('',*,*,#13924,.T.);
#13924 = EDGE_CURVE('',#13925,#13927,#13929,.T.);
#13925 = VERTEX_POINT('',#13926);
#13926 = CARTESIAN_POINT('',(3.,-25.903297,-4.E-02));
#13927 = VERTEX_POINT('',#13928);
#13928 = CARTESIAN_POINT('',(3.,-25.903297,1.55));
#13929 = LINE('',#13930,#13931);
#13930 = CARTESIAN_POINT('',(3.,-25.903297,-4.E-02));
#13931 = VECTOR('',#13932,1.);
#13932 = DIRECTION('',(0.,0.,1.));
#13933 = ORIENTED_EDGE('',*,*,#13934,.T.);
#13934 = EDGE_CURVE('',#13927,#13927,#13935,.T.);
#13935 = CIRCLE('',#13936,0.6);
#13936 = AXIS2_PLACEMENT_3D('',#13937,#13938,#13939);
#13937 = CARTESIAN_POINT('',(3.,-25.303297,1.55));
#13938 = DIRECTION('',(0.,0.,1.));
#13939 = DIRECTION('',(-0.,-1.,0.));
#13940 = ORIENTED_EDGE('',*,*,#13924,.F.);
#13941 = ORIENTED_EDGE('',*,*,#13942,.F.);
#13942 = EDGE_CURVE('',#13925,#13925,#13943,.T.);
#13943 = CIRCLE('',#13944,0.6);
#13944 = AXIS2_PLACEMENT_3D('',#13945,#13946,#13947);
#13945 = CARTESIAN_POINT('',(3.,-25.303297,-4.E-02));
#13946 = DIRECTION('',(0.,0.,1.));
#13947 = DIRECTION('',(-0.,-1.,0.));
#13948 = CYLINDRICAL_SURFACE('',#13949,0.6);
#13949 = AXIS2_PLACEMENT_3D('',#13950,#13951,#13952);
#13950 = CARTESIAN_POINT('',(3.,-25.303297,-4.E-02));
#13951 = DIRECTION('',(-0.,-0.,-1.));
#13952 = DIRECTION('',(-0.,-1.,0.));
#13953 = ADVANCED_FACE('',(#13954,#13957),#13968,.F.);
#13954 = FACE_BOUND('',#13955,.F.);
#13955 = EDGE_LOOP('',(#13956));
#13956 = ORIENTED_EDGE('',*,*,#13942,.T.);
#13957 = FACE_BOUND('',#13958,.F.);
#13958 = EDGE_LOOP('',(#13959));
#13959 = ORIENTED_EDGE('',*,*,#13960,.T.);
#13960 = EDGE_CURVE('',#13961,#13961,#13963,.T.);
#13961 = VERTEX_POINT('',#13962);
#13962 = CARTESIAN_POINT('',(3.,-25.878297,-4.E-02));
#13963 = CIRCLE('',#13964,0.575);
#13964 = AXIS2_PLACEMENT_3D('',#13965,#13966,#13967);
#13965 = CARTESIAN_POINT('',(3.,-25.303297,-4.E-02));
#13966 = DIRECTION('',(-0.,0.,-1.));
#13967 = DIRECTION('',(-0.,-1.,0.));
#13968 = PLANE('',#13969);
#13969 = AXIS2_PLACEMENT_3D('',#13970,#13971,#13972);
#13970 = CARTESIAN_POINT('',(3.,-25.903297,-4.E-02));
#13971 = DIRECTION('',(0.,0.,1.));
#13972 = DIRECTION('',(1.,0.,-0.));
#13973 = ADVANCED_FACE('',(#13974,#13977),#13988,.T.);
#13974 = FACE_BOUND('',#13975,.T.);
#13975 = EDGE_LOOP('',(#13976));
#13976 = ORIENTED_EDGE('',*,*,#13934,.T.);
#13977 = FACE_BOUND('',#13978,.T.);
#13978 = EDGE_LOOP('',(#13979));
#13979 = ORIENTED_EDGE('',*,*,#13980,.T.);
#13980 = EDGE_CURVE('',#13981,#13981,#13983,.T.);
#13981 = VERTEX_POINT('',#13982);
#13982 = CARTESIAN_POINT('',(3.,-25.878297,1.55));
#13983 = CIRCLE('',#13984,0.575);
#13984 = AXIS2_PLACEMENT_3D('',#13985,#13986,#13987);
#13985 = CARTESIAN_POINT('',(3.,-25.303297,1.55));
#13986 = DIRECTION('',(-0.,0.,-1.));
#13987 = DIRECTION('',(-0.,-1.,0.));
#13988 = PLANE('',#13989);
#13989 = AXIS2_PLACEMENT_3D('',#13990,#13991,#13992);
#13990 = CARTESIAN_POINT('',(3.,-25.903297,1.55));
#13991 = DIRECTION('',(0.,0.,1.));
#13992 = DIRECTION('',(1.,0.,-0.));
#13993 = ADVANCED_FACE('',(#13994),#14005,.F.);
#13994 = FACE_BOUND('',#13995,.T.);
#13995 = EDGE_LOOP('',(#13996,#13997,#14003,#14004));
#13996 = ORIENTED_EDGE('',*,*,#13960,.T.);
#13997 = ORIENTED_EDGE('',*,*,#13998,.T.);
#13998 = EDGE_CURVE('',#13961,#13981,#13999,.T.);
#13999 = LINE('',#14000,#14001);
#14000 = CARTESIAN_POINT('',(3.,-25.878297,-4.6E-02));
#14001 = VECTOR('',#14002,1.);
#14002 = DIRECTION('',(0.,0.,1.));
#14003 = ORIENTED_EDGE('',*,*,#13980,.F.);
#14004 = ORIENTED_EDGE('',*,*,#13998,.F.);
#14005 = CYLINDRICAL_SURFACE('',#14006,0.575);
#14006 = AXIS2_PLACEMENT_3D('',#14007,#14008,#14009);
#14007 = CARTESIAN_POINT('',(3.,-25.303297,-4.6E-02));
#14008 = DIRECTION('',(-0.,-0.,-1.));
#14009 = DIRECTION('',(-0.,-1.,0.));
#14010 = ( GEOMETRIC_REPRESENTATION_CONTEXT(3) 
GLOBAL_UNCERTAINTY_ASSIGNED_CONTEXT((#14014)) 
GLOBAL_UNIT_ASSIGNED_CONTEXT((#14011,#14012,#14013)) 
REPRESENTATION_CONTEXT('Context #1',
  '3D Context with UNIT and UNCERTAINTY') );
#14011 = ( LENGTH_UNIT() NAMED_UNIT(*) SI_UNIT(.MILLI.,.METRE.) );
#14012 = ( NAMED_UNIT(*) PLANE_ANGLE_UNIT() SI_UNIT($,.RADIAN.) );
#14013 = ( NAMED_UNIT(*) SI_UNIT($,.STERADIAN.) SOLID_ANGLE_UNIT() );
#14014 = UNCERTAINTY_MEASURE_WITH_UNIT(LENGTH_MEASURE(1.E-07),#14011,
  'distance_accuracy_value','confusion accuracy');
#14015 = CONTEXT_DEPENDENT_SHAPE_REPRESENTATION(#14016,#14018);
#14016 = ( REPRESENTATION_RELATIONSHIP('','',#6423,#10) 
REPRESENTATION_RELATIONSHIP_WITH_TRANSFORMATION(#14017) 
SHAPE_REPRESENTATION_RELATIONSHIP() );
#14017 = ITEM_DEFINED_TRANSFORMATION('','',#11,#31);
#14018 = PRODUCT_DEFINITION_SHAPE('Placement','Placement of an item',
  #14019);
#14019 = NEXT_ASSEMBLY_USAGE_OCCURRENCE('5','=>[0:1:1:5]','',#5,#6418,$
  );
#14020 = PRODUCT_RELATED_PRODUCT_CATEGORY('part',$,(#6420));
#14021 = SHAPE_DEFINITION_REPRESENTATION(#14022,#14028);
#14022 = PRODUCT_DEFINITION_SHAPE('','',#14023);
#14023 = PRODUCT_DEFINITION('design','',#14024,#14027);
#14024 = PRODUCT_DEFINITION_FORMATION('','',#14025);
#14025 = PRODUCT('Excite_V1_silkscreen','Excite_V1_silkscreen','',(
    #14026));
#14026 = PRODUCT_CONTEXT('',#2,'mechanical');
#14027 = PRODUCT_DEFINITION_CONTEXT('part definition',#2,'design');
#14028 = SHAPE_REPRESENTATION('',(#11,#14029,#14155,#14349,#14475,#14618
    ,#14712,#14806,#14999,#15111,#15304,#15487,#15629,#15648,#15823,
    #15950,#16052,#16164,#16306,#16473,#16599,#16741,#16867,#16911,
    #16955,#17197,#17241,#17383,#17477,#17507,#17551,#17693,#17864,
    #18006,#18177),#18370);
#14029 = SHELL_BASED_SURFACE_MODEL('',(#14030));
#14030 = OPEN_SHELL('',(#14031));
#14031 = ADVANCED_FACE('',(#14032),#14150,.T.);
#14032 = FACE_BOUND('',#14033,.F.);
#14033 = EDGE_LOOP('',(#14034,#14045,#14053,#14061,#14069,#14078,#14086,
    #14095,#14103,#14111,#14119,#14128,#14136,#14144));
#14034 = ORIENTED_EDGE('',*,*,#14035,.T.);
#14035 = EDGE_CURVE('',#14036,#14038,#14040,.T.);
#14036 = VERTEX_POINT('',#14037);
#14037 = CARTESIAN_POINT('',(3.196427,-37.692459,1.585));
#14038 = VERTEX_POINT('',#14039);
#14039 = CARTESIAN_POINT('',(3.313095,-37.754819,1.585));
#14040 = CIRCLE('',#14041,7.500000000003E-02);
#14041 = AXIS2_PLACEMENT_3D('',#14042,#14043,#14044);
#14042 = CARTESIAN_POINT('',(3.238095,-37.75481906555,1.585));
#14043 = DIRECTION('',(0.,0.,-1.));
#14044 = DIRECTION('',(-0.555573333333,0.831467540731,0.));
#14045 = ORIENTED_EDGE('',*,*,#14046,.T.);
#14046 = EDGE_CURVE('',#14038,#14047,#14049,.T.);
#14047 = VERTEX_POINT('',#14048);
#14048 = CARTESIAN_POINT('',(3.313095,-38.156009,1.585));
#14049 = LINE('',#14050,#14051);
#14050 = CARTESIAN_POINT('',(3.313095,-37.754819,1.585));
#14051 = VECTOR('',#14052,1.);
#14052 = DIRECTION('',(0.,-1.,0.));
#14053 = ORIENTED_EDGE('',*,*,#14054,.T.);
#14054 = EDGE_CURVE('',#14047,#14055,#14057,.T.);
#14055 = VERTEX_POINT('',#14056);
#14056 = CARTESIAN_POINT('',(3.734523,-38.156009,1.585));
#14057 = LINE('',#14058,#14059);
#14058 = CARTESIAN_POINT('',(3.313095,-38.156009,1.585));
#14059 = VECTOR('',#14060,1.);
#14060 = DIRECTION('',(1.,0.,0.));
#14061 = ORIENTED_EDGE('',*,*,#14062,.T.);
#14062 = EDGE_CURVE('',#14055,#14063,#14065,.T.);
#14063 = VERTEX_POINT('',#14064);
#14064 = CARTESIAN_POINT('',(3.735964,-37.740187,1.585));
#14065 = LINE('',#14066,#14067);
#14066 = CARTESIAN_POINT('',(3.734523,-38.156009,1.585));
#14067 = VECTOR('',#14068,1.);
#14068 = DIRECTION('',(3.465404301529E-03,0.999993995468,0.));
#14069 = ORIENTED_EDGE('',*,*,#14070,.T.);
#14070 = EDGE_CURVE('',#14063,#14071,#14073,.T.);
#14071 = VERTEX_POINT('',#14072);
#14072 = CARTESIAN_POINT('',(3.884523,-37.754819,1.585));
#14073 = CIRCLE('',#14074,7.500006711464E-02);
#14074 = AXIS2_PLACEMENT_3D('',#14075,#14076,#14077);
#14075 = CARTESIAN_POINT('',(3.809522932885,-37.75481893288,1.585));
#14076 = DIRECTION('',(0.,0.,-1.));
#14077 = DIRECTION('',(-0.980784894138,0.195092263891,0.));
#14078 = ORIENTED_EDGE('',*,*,#14079,.T.);
#14079 = EDGE_CURVE('',#14071,#14080,#14082,.T.);
#14080 = VERTEX_POINT('',#14081);
#14081 = CARTESIAN_POINT('',(3.883082,-38.769451,1.585));
#14082 = LINE('',#14083,#14084);
#14083 = CARTESIAN_POINT('',(3.884523,-37.754819,1.585));
#14084 = VECTOR('',#14085,1.);
#14085 = DIRECTION('',(-1.420217918159E-03,-0.99999899149,0.));
#14086 = ORIENTED_EDGE('',*,*,#14087,.T.);
#14087 = EDGE_CURVE('',#14080,#14088,#14090,.T.);
#14088 = VERTEX_POINT('',#14089);
#14089 = CARTESIAN_POINT('',(3.734523,-38.754819,1.585));
#14090 = CIRCLE('',#14091,7.500006711464E-02);
#14091 = AXIS2_PLACEMENT_3D('',#14092,#14093,#14094);
#14092 = CARTESIAN_POINT('',(3.809523067115,-38.75481906711,1.585));
#14093 = DIRECTION('',(-0.,0.,-1.));
#14094 = DIRECTION('',(0.980784894138,-0.195092263891,-0.));
#14095 = ORIENTED_EDGE('',*,*,#14096,.T.);
#14096 = EDGE_CURVE('',#14088,#14097,#14099,.T.);
#14097 = VERTEX_POINT('',#14098);
#14098 = CARTESIAN_POINT('',(3.734523,-38.306009,1.585));
#14099 = LINE('',#14100,#14101);
#14100 = CARTESIAN_POINT('',(3.734523,-38.754819,1.585));
#14101 = VECTOR('',#14102,1.);
#14102 = DIRECTION('',(0.,1.,0.));
#14103 = ORIENTED_EDGE('',*,*,#14104,.T.);
#14104 = EDGE_CURVE('',#14097,#14105,#14107,.T.);
#14105 = VERTEX_POINT('',#14106);
#14106 = CARTESIAN_POINT('',(3.313095,-38.306009,1.585));
#14107 = LINE('',#14108,#14109);
#14108 = CARTESIAN_POINT('',(3.734523,-38.306009,1.585));
#14109 = VECTOR('',#14110,1.);
#14110 = DIRECTION('',(-1.,0.,0.));
#14111 = ORIENTED_EDGE('',*,*,#14112,.T.);
#14112 = EDGE_CURVE('',#14105,#14113,#14115,.T.);
#14113 = VERTEX_POINT('',#14114);
#14114 = CARTESIAN_POINT('',(3.311654,-38.769451,1.585));
#14115 = LINE('',#14116,#14117);
#14116 = CARTESIAN_POINT('',(3.313095,-38.306009,1.585));
#14117 = VECTOR('',#14118,1.);
#14118 = DIRECTION('',(-3.109327670449E-03,-0.999995166029,0.));
#14119 = ORIENTED_EDGE('',*,*,#14120,.T.);
#14120 = EDGE_CURVE('',#14113,#14121,#14123,.T.);
#14121 = VERTEX_POINT('',#14122);
#14122 = CARTESIAN_POINT('',(3.163095,-38.754819,1.585));
#14123 = CIRCLE('',#14124,7.500006711464E-02);
#14124 = AXIS2_PLACEMENT_3D('',#14125,#14126,#14127);
#14125 = CARTESIAN_POINT('',(3.238095067115,-38.75481906711,1.585));
#14126 = DIRECTION('',(-0.,0.,-1.));
#14127 = DIRECTION('',(0.980784894138,-0.195092263891,-0.));
#14128 = ORIENTED_EDGE('',*,*,#14129,.T.);
#14129 = EDGE_CURVE('',#14121,#14130,#14132,.T.);
#14130 = VERTEX_POINT('',#14131);
#14131 = CARTESIAN_POINT('',(3.164536,-37.740187,1.585));
#14132 = LINE('',#14133,#14134);
#14133 = CARTESIAN_POINT('',(3.163095,-38.754819,1.585));
#14134 = VECTOR('',#14135,1.);
#14135 = DIRECTION('',(1.420217918158E-03,0.99999899149,0.));
#14136 = ORIENTED_EDGE('',*,*,#14137,.T.);
#14137 = EDGE_CURVE('',#14130,#14138,#14140,.T.);
#14138 = VERTEX_POINT('',#14139);
#14139 = CARTESIAN_POINT('',(3.175735,-37.713151,1.585));
#14140 = LINE('',#14141,#14142);
#14141 = CARTESIAN_POINT('',(3.164536,-37.740187,1.585));
#14142 = VECTOR('',#14143,1.);
#14143 = DIRECTION('',(0.38269282806,0.923875640631,0.));
#14144 = ORIENTED_EDGE('',*,*,#14145,.T.);
#14145 = EDGE_CURVE('',#14138,#14036,#14146,.T.);
#14146 = LINE('',#14147,#14148);
#14147 = CARTESIAN_POINT('',(3.175735,-37.713151,1.585));
#14148 = VECTOR('',#14149,1.);
#14149 = DIRECTION('',(0.707106781186,0.707106781187,0.));
#14150 = PLANE('',#14151);
#14151 = AXIS2_PLACEMENT_3D('',#14152,#14153,#14154);
#14152 = CARTESIAN_POINT('',(0.,0.,1.585));
#14153 = DIRECTION('',(0.,0.,1.));
#14154 = DIRECTION('',(1.,0.,-0.));
#14155 = SHELL_BASED_SURFACE_MODEL('',(#14156));
#14156 = OPEN_SHELL('',(#14157));
#14157 = ADVANCED_FACE('',(#14158),#14344,.T.);
#14158 = FACE_BOUND('',#14159,.F.);
#14159 = EDGE_LOOP('',(#14160,#14171,#14179,#14188,#14196,#14204,#14213,
    #14221,#14230,#14238,#14246,#14254,#14263,#14271,#14280,#14288,
    #14297,#14305,#14313,#14321,#14330,#14338));
#14160 = ORIENTED_EDGE('',*,*,#14161,.T.);
#14161 = EDGE_CURVE('',#14162,#14164,#14166,.T.);
#14162 = VERTEX_POINT('',#14163);
#14163 = CARTESIAN_POINT('',(4.175844,-37.828378,1.585));
#14164 = VERTEX_POINT('',#14165);
#14165 = CARTESIAN_POINT('',(4.190476,-37.679819,1.585));
#14166 = CIRCLE('',#14167,7.500006711464E-02);
#14167 = AXIS2_PLACEMENT_3D('',#14168,#14169,#14170);
#14168 = CARTESIAN_POINT('',(4.190475932885,-37.75481906711,1.585));
#14169 = DIRECTION('',(0.,0.,-1.));
#14170 = DIRECTION('',(-0.195092263891,-0.980784894138,-0.));
#14171 = ORIENTED_EDGE('',*,*,#14172,.T.);
#14172 = EDGE_CURVE('',#14164,#14173,#14175,.T.);
#14173 = VERTEX_POINT('',#14174);
#14174 = CARTESIAN_POINT('',(4.817261,-37.680581,1.585));
#14175 = LINE('',#14176,#14177);
#14176 = CARTESIAN_POINT('',(4.190476,-37.679819,1.585));
#14177 = VECTOR('',#14178,1.);
#14178 = DIRECTION('',(0.999999261004,-1.215726982744E-03,0.));
#14179 = ORIENTED_EDGE('',*,*,#14180,.T.);
#14180 = EDGE_CURVE('',#14173,#14181,#14183,.T.);
#14181 = VERTEX_POINT('',#14182);
#14182 = CARTESIAN_POINT('',(4.883082,-37.769451,1.585));
#14183 = CIRCLE('',#14184,7.447391611626E-02);
#14184 = AXIS2_PLACEMENT_3D('',#14185,#14186,#14187);
#14185 = CARTESIAN_POINT('',(4.810081926644,-37.7547080874,1.585));
#14186 = DIRECTION('',(0.,0.,-1.));
#14187 = DIRECTION('',(9.639715124804E-02,0.995342950561,0.));
#14188 = ORIENTED_EDGE('',*,*,#14189,.T.);
#14189 = EDGE_CURVE('',#14181,#14190,#14192,.T.);
#14190 = VERTEX_POINT('',#14191);
#14191 = CARTESIAN_POINT('',(4.865966,-37.804207,1.585));
#14192 = LINE('',#14193,#14194);
#14193 = CARTESIAN_POINT('',(4.883082,-37.769451,1.585));
#14194 = VECTOR('',#14195,1.);
#14195 = DIRECTION('',(-0.441795255027,-0.897115908139,0.));
#14196 = ORIENTED_EDGE('',*,*,#14197,.T.);
#14197 = EDGE_CURVE('',#14190,#14198,#14200,.T.);
#14198 = VERTEX_POINT('',#14199);
#14199 = CARTESIAN_POINT('',(4.63907,-38.063516,1.585));
#14200 = LINE('',#14201,#14202);
#14201 = CARTESIAN_POINT('',(4.865966,-37.804207,1.585));
#14202 = VECTOR('',#14203,1.);
#14203 = DIRECTION('',(-0.658505635208,-0.752575795784,0.));
#14204 = ORIENTED_EDGE('',*,*,#14205,.T.);
#14205 = EDGE_CURVE('',#14198,#14206,#14208,.T.);
#14206 = VERTEX_POINT('',#14207);
#14207 = CARTESIAN_POINT('',(4.883082,-38.311615,1.585));
#14208 = CIRCLE('',#14209,0.348520834816);
#14209 = AXIS2_PLACEMENT_3D('',#14210,#14211,#14212);
#14210 = CARTESIAN_POINT('',(4.5457766174,-38.39931819931,1.585));
#14211 = DIRECTION('',(0.,0.,-1.));
#14212 = DIRECTION('',(0.267683803321,0.963506814423,0.));
#14213 = ORIENTED_EDGE('',*,*,#14214,.T.);
#14214 = EDGE_CURVE('',#14206,#14215,#14217,.T.);
#14215 = VERTEX_POINT('',#14216);
#14216 = CARTESIAN_POINT('',(4.88186,-38.584152,1.585));
#14217 = LINE('',#14218,#14219);
#14218 = CARTESIAN_POINT('',(4.883082,-38.311615,1.585));
#14219 = VECTOR('',#14220,1.);
#14220 = DIRECTION('',(-4.483749789523E-03,-0.999989947943,0.));
#14221 = ORIENTED_EDGE('',*,*,#14222,.T.);
#14222 = EDGE_CURVE('',#14215,#14223,#14225,.T.);
#14223 = VERTEX_POINT('',#14224);
#14224 = CARTESIAN_POINT('',(4.633679,-38.828378,1.585));
#14225 = CIRCLE('',#14226,0.348635327447);
#14226 = AXIS2_PLACEMENT_3D('',#14227,#14228,#14229);
#14227 = CARTESIAN_POINT('',(4.545907481291,-38.49097208415,1.585));
#14228 = DIRECTION('',(0.,0.,-1.));
#14229 = DIRECTION('',(0.963621561732,-0.267270435638,0.));
#14230 = ORIENTED_EDGE('',*,*,#14231,.T.);
#14231 = EDGE_CURVE('',#14223,#14232,#14234,.T.);
#14232 = VERTEX_POINT('',#14233);
#14233 = CARTESIAN_POINT('',(4.313523,-38.827156,1.585));
#14234 = LINE('',#14235,#14236);
#14235 = CARTESIAN_POINT('',(4.633679,-38.828378,1.585));
#14236 = VECTOR('',#14237,1.);
#14237 = DIRECTION('',(-0.999992715758,3.816861463332E-03,0.));
#14238 = ORIENTED_EDGE('',*,*,#14239,.T.);
#14239 = EDGE_CURVE('',#14232,#14240,#14242,.T.);
#14240 = VERTEX_POINT('',#14241);
#14241 = CARTESIAN_POINT('',(4.19081,-38.76495,1.585));
#14242 = LINE('',#14243,#14244);
#14243 = CARTESIAN_POINT('',(4.313523,-38.827156,1.585));
#14244 = VECTOR('',#14245,1.);
#14245 = DIRECTION('',(-0.891943702445,0.452146471477,0.));
#14246 = ORIENTED_EDGE('',*,*,#14247,.T.);
#14247 = EDGE_CURVE('',#14240,#14248,#14250,.T.);
#14248 = VERTEX_POINT('',#14249);
#14249 = CARTESIAN_POINT('',(4.128115,-38.701247,1.585));
#14250 = LINE('',#14251,#14252);
#14251 = CARTESIAN_POINT('',(4.19081,-38.76495,1.585));
#14252 = VECTOR('',#14253,1.);
#14253 = DIRECTION('',(-0.701445434384,0.712723159846,0.));
#14254 = ORIENTED_EDGE('',*,*,#14255,.T.);
#14255 = EDGE_CURVE('',#14248,#14256,#14258,.T.);
#14256 = VERTEX_POINT('',#14257);
#14257 = CARTESIAN_POINT('',(4.24351,-38.606548,1.585));
#14258 = CIRCLE('',#14259,7.50001266804E-02);
#14259 = AXIS2_PLACEMENT_3D('',#14260,#14261,#14262);
#14260 = CARTESIAN_POINT('',(4.190476051994,-38.65958024831,1.585));
#14261 = DIRECTION('',(0.,0.,-1.));
#14262 = DIRECTION('',(-0.831479288827,-0.555555750804,-0.));
#14263 = ORIENTED_EDGE('',*,*,#14264,.T.);
#14264 = EDGE_CURVE('',#14256,#14265,#14267,.T.);
#14265 = VERTEX_POINT('',#14266);
#14266 = CARTESIAN_POINT('',(4.282522,-38.645561,1.585));
#14267 = LINE('',#14268,#14269);
#14268 = CARTESIAN_POINT('',(4.24351,-38.606548,1.585));
#14269 = VECTOR('',#14270,1.);
#14270 = DIRECTION('',(0.707097718562,-0.707115843695,0.));
#14271 = ORIENTED_EDGE('',*,*,#14272,.T.);
#14272 = EDGE_CURVE('',#14265,#14273,#14275,.T.);
#14273 = VERTEX_POINT('',#14274);
#14274 = CARTESIAN_POINT('',(4.669857,-38.645561,1.585));
#14275 = CIRCLE('',#14276,0.358502380266);
#14276 = AXIS2_PLACEMENT_3D('',#14277,#14278,#14279);
#14277 = CARTESIAN_POINT('',(4.4761895,-38.343871,1.585));
#14278 = DIRECTION('',(0.,0.,1.));
#14279 = DIRECTION('',(-0.540212591773,-0.841528582813,0.));
#14280 = ORIENTED_EDGE('',*,*,#14281,.T.);
#14281 = EDGE_CURVE('',#14273,#14282,#14284,.T.);
#14282 = VERTEX_POINT('',#14283);
#14283 = CARTESIAN_POINT('',(4.700264,-38.615153,1.585));
#14284 = LINE('',#14285,#14286);
#14285 = CARTESIAN_POINT('',(4.669857,-38.645561,1.585));
#14286 = VECTOR('',#14287,1.);
#14287 = DIRECTION('',(0.707095153914,0.707118408268,0.));
#14288 = ORIENTED_EDGE('',*,*,#14289,.T.);
#14289 = EDGE_CURVE('',#14282,#14290,#14292,.T.);
#14290 = VERTEX_POINT('',#14291);
#14291 = CARTESIAN_POINT('',(4.700265,-38.275436,1.585));
#14292 = CIRCLE('',#14293,0.305616146029);
#14293 = AXIS2_PLACEMENT_3D('',#14294,#14295,#14296);
#14294 = CARTESIAN_POINT('',(4.446198920492,-38.44529375212,1.585));
#14295 = DIRECTION('',(0.,-0.,1.));
#14296 = DIRECTION('',(0.831320867071,-0.555792781505,-0.));
#14297 = ORIENTED_EDGE('',*,*,#14298,.T.);
#14298 = EDGE_CURVE('',#14290,#14299,#14301,.T.);
#14299 = VERTEX_POINT('',#14300);
#14300 = CARTESIAN_POINT('',(4.669858,-38.245029,1.585));
#14301 = LINE('',#14302,#14303);
#14302 = CARTESIAN_POINT('',(4.700265,-38.275436,1.585));
#14303 = VECTOR('',#14304,1.);
#14304 = DIRECTION('',(-0.707106781187,0.707106781187,0.));
#14305 = ORIENTED_EDGE('',*,*,#14306,.T.);
#14306 = EDGE_CURVE('',#14299,#14307,#14309,.T.);
#14307 = VERTEX_POINT('',#14308);
#14308 = CARTESIAN_POINT('',(4.601342,-38.210771,1.585));
#14309 = LINE('',#14310,#14311);
#14310 = CARTESIAN_POINT('',(4.669858,-38.245029,1.585));
#14311 = VECTOR('',#14312,1.);
#14312 = DIRECTION('',(-0.894427191,0.4472135955,0.));
#14313 = ORIENTED_EDGE('',*,*,#14314,.T.);
#14314 = EDGE_CURVE('',#14307,#14315,#14317,.T.);
#14315 = VERTEX_POINT('',#14316);
#14316 = CARTESIAN_POINT('',(4.461558,-38.20933,1.585));
#14317 = LINE('',#14318,#14319);
#14318 = CARTESIAN_POINT('',(4.601342,-38.210771,1.585));
#14319 = VECTOR('',#14320,1.);
#14320 = DIRECTION('',(-0.999946868947,1.030821437469E-02,0.));
#14321 = ORIENTED_EDGE('',*,*,#14322,.T.);
#14322 = EDGE_CURVE('',#14315,#14323,#14325,.T.);
#14323 = VERTEX_POINT('',#14324);
#14324 = CARTESIAN_POINT('',(4.419747,-38.086383,1.585));
#14325 = CIRCLE('',#14326,7.500015628755E-02);
#14326 = AXIS2_PLACEMENT_3D('',#14327,#14328,#14329);
#14327 = CARTESIAN_POINT('',(4.476190284325,-38.1357710461,1.585));
#14328 = DIRECTION('',(0.,0.,-1.));
#14329 = DIRECTION('',(-0.195096717785,-0.980784008184,-0.));
#14330 = ORIENTED_EDGE('',*,*,#14331,.T.);
#14331 = EDGE_CURVE('',#14323,#14332,#14334,.T.);
#14332 = VERTEX_POINT('',#14333);
#14333 = CARTESIAN_POINT('',(4.644241,-37.829819,1.585));
#14334 = LINE('',#14335,#14336);
#14335 = CARTESIAN_POINT('',(4.419747,-38.086383,1.585));
#14336 = VECTOR('',#14337,1.);
#14337 = DIRECTION('',(0.658505438534,0.752575967874,0.));
#14338 = ORIENTED_EDGE('',*,*,#14339,.T.);
#14339 = EDGE_CURVE('',#14332,#14162,#14340,.T.);
#14340 = LINE('',#14341,#14342);
#14341 = CARTESIAN_POINT('',(4.644241,-37.829819,1.585));
#14342 = VECTOR('',#14343,1.);
#14343 = DIRECTION('',(-0.999995267761,3.076435546862E-03,0.));
#14344 = PLANE('',#14345);
#14345 = AXIS2_PLACEMENT_3D('',#14346,#14347,#14348);
#14346 = CARTESIAN_POINT('',(0.,0.,1.585));
#14347 = DIRECTION('',(0.,0.,1.));
#14348 = DIRECTION('',(1.,0.,-0.));
#14349 = SHELL_BASED_SURFACE_MODEL('',(#14350));
#14350 = OPEN_SHELL('',(#14351));
#14351 = ADVANCED_FACE('',(#14352),#14470,.T.);
#14352 = FACE_BOUND('',#14353,.F.);
#14353 = EDGE_LOOP('',(#14354,#14365,#14373,#14381,#14389,#14398,#14406,
    #14415,#14423,#14431,#14439,#14448,#14456,#14464));
#14354 = ORIENTED_EDGE('',*,*,#14355,.T.);
#14355 = EDGE_CURVE('',#14356,#14358,#14360,.T.);
#14356 = VERTEX_POINT('',#14357);
#14357 = CARTESIAN_POINT('',(40.696427,-37.692459,1.585));
#14358 = VERTEX_POINT('',#14359);
#14359 = CARTESIAN_POINT('',(40.813095,-37.754819,1.585));
#14360 = CIRCLE('',#14361,7.500000000003E-02);
#14361 = AXIS2_PLACEMENT_3D('',#14362,#14363,#14364);
#14362 = CARTESIAN_POINT('',(40.738095,-37.75481906555,1.585));
#14363 = DIRECTION('',(0.,0.,-1.));
#14364 = DIRECTION('',(-0.555573333333,0.831467540731,0.));
#14365 = ORIENTED_EDGE('',*,*,#14366,.T.);
#14366 = EDGE_CURVE('',#14358,#14367,#14369,.T.);
#14367 = VERTEX_POINT('',#14368);
#14368 = CARTESIAN_POINT('',(40.813095,-38.156009,1.585));
#14369 = LINE('',#14370,#14371);
#14370 = CARTESIAN_POINT('',(40.813095,-37.754819,1.585));
#14371 = VECTOR('',#14372,1.);
#14372 = DIRECTION('',(0.,-1.,0.));
#14373 = ORIENTED_EDGE('',*,*,#14374,.T.);
#14374 = EDGE_CURVE('',#14367,#14375,#14377,.T.);
#14375 = VERTEX_POINT('',#14376);
#14376 = CARTESIAN_POINT('',(41.234523,-38.156009,1.585));
#14377 = LINE('',#14378,#14379);
#14378 = CARTESIAN_POINT('',(40.813095,-38.156009,1.585));
#14379 = VECTOR('',#14380,1.);
#14380 = DIRECTION('',(1.,0.,0.));
#14381 = ORIENTED_EDGE('',*,*,#14382,.T.);
#14382 = EDGE_CURVE('',#14375,#14383,#14385,.T.);
#14383 = VERTEX_POINT('',#14384);
#14384 = CARTESIAN_POINT('',(41.235964,-37.740187,1.585));
#14385 = LINE('',#14386,#14387);
#14386 = CARTESIAN_POINT('',(41.234523,-38.156009,1.585));
#14387 = VECTOR('',#14388,1.);
#14388 = DIRECTION('',(3.465404301528E-03,0.999993995468,0.));
#14389 = ORIENTED_EDGE('',*,*,#14390,.T.);
#14390 = EDGE_CURVE('',#14383,#14391,#14393,.T.);
#14391 = VERTEX_POINT('',#14392);
#14392 = CARTESIAN_POINT('',(41.384523,-37.754819,1.585));
#14393 = CIRCLE('',#14394,7.500006711464E-02);
#14394 = AXIS2_PLACEMENT_3D('',#14395,#14396,#14397);
#14395 = CARTESIAN_POINT('',(41.309522932885,-37.75481893288,1.585));
#14396 = DIRECTION('',(0.,0.,-1.));
#14397 = DIRECTION('',(-0.980784894138,0.195092263891,0.));
#14398 = ORIENTED_EDGE('',*,*,#14399,.T.);
#14399 = EDGE_CURVE('',#14391,#14400,#14402,.T.);
#14400 = VERTEX_POINT('',#14401);
#14401 = CARTESIAN_POINT('',(41.383082,-38.769451,1.585));
#14402 = LINE('',#14403,#14404);
#14403 = CARTESIAN_POINT('',(41.384523,-37.754819,1.585));
#14404 = VECTOR('',#14405,1.);
#14405 = DIRECTION('',(-1.420217918158E-03,-0.99999899149,0.));
#14406 = ORIENTED_EDGE('',*,*,#14407,.T.);
#14407 = EDGE_CURVE('',#14400,#14408,#14410,.T.);
#14408 = VERTEX_POINT('',#14409);
#14409 = CARTESIAN_POINT('',(41.234523,-38.754819,1.585));
#14410 = CIRCLE('',#14411,7.500006711464E-02);
#14411 = AXIS2_PLACEMENT_3D('',#14412,#14413,#14414);
#14412 = CARTESIAN_POINT('',(41.309523067115,-38.75481906711,1.585));
#14413 = DIRECTION('',(-0.,0.,-1.));
#14414 = DIRECTION('',(0.980784894138,-0.195092263891,-0.));
#14415 = ORIENTED_EDGE('',*,*,#14416,.T.);
#14416 = EDGE_CURVE('',#14408,#14417,#14419,.T.);
#14417 = VERTEX_POINT('',#14418);
#14418 = CARTESIAN_POINT('',(41.234523,-38.306009,1.585));
#14419 = LINE('',#14420,#14421);
#14420 = CARTESIAN_POINT('',(41.234523,-38.754819,1.585));
#14421 = VECTOR('',#14422,1.);
#14422 = DIRECTION('',(0.,1.,0.));
#14423 = ORIENTED_EDGE('',*,*,#14424,.T.);
#14424 = EDGE_CURVE('',#14417,#14425,#14427,.T.);
#14425 = VERTEX_POINT('',#14426);
#14426 = CARTESIAN_POINT('',(40.813095,-38.306009,1.585));
#14427 = LINE('',#14428,#14429);
#14428 = CARTESIAN_POINT('',(41.234523,-38.306009,1.585));
#14429 = VECTOR('',#14430,1.);
#14430 = DIRECTION('',(-1.,0.,0.));
#14431 = ORIENTED_EDGE('',*,*,#14432,.T.);
#14432 = EDGE_CURVE('',#14425,#14433,#14435,.T.);
#14433 = VERTEX_POINT('',#14434);
#14434 = CARTESIAN_POINT('',(40.811654,-38.769451,1.585));
#14435 = LINE('',#14436,#14437);
#14436 = CARTESIAN_POINT('',(40.813095,-38.306009,1.585));
#14437 = VECTOR('',#14438,1.);
#14438 = DIRECTION('',(-3.109327670448E-03,-0.999995166029,0.));
#14439 = ORIENTED_EDGE('',*,*,#14440,.T.);
#14440 = EDGE_CURVE('',#14433,#14441,#14443,.T.);
#14441 = VERTEX_POINT('',#14442);
#14442 = CARTESIAN_POINT('',(40.663095,-38.754819,1.585));
#14443 = CIRCLE('',#14444,7.500006711464E-02);
#14444 = AXIS2_PLACEMENT_3D('',#14445,#14446,#14447);
#14445 = CARTESIAN_POINT('',(40.738095067115,-38.75481906711,1.585));
#14446 = DIRECTION('',(-0.,0.,-1.));
#14447 = DIRECTION('',(0.980784894138,-0.195092263891,-0.));
#14448 = ORIENTED_EDGE('',*,*,#14449,.T.);
#14449 = EDGE_CURVE('',#14441,#14450,#14452,.T.);
#14450 = VERTEX_POINT('',#14451);
#14451 = CARTESIAN_POINT('',(40.664536,-37.740187,1.585));
#14452 = LINE('',#14453,#14454);
#14453 = CARTESIAN_POINT('',(40.663095,-38.754819,1.585));
#14454 = VECTOR('',#14455,1.);
#14455 = DIRECTION('',(1.420217918158E-03,0.99999899149,0.));
#14456 = ORIENTED_EDGE('',*,*,#14457,.T.);
#14457 = EDGE_CURVE('',#14450,#14458,#14460,.T.);
#14458 = VERTEX_POINT('',#14459);
#14459 = CARTESIAN_POINT('',(40.675735,-37.713151,1.585));
#14460 = LINE('',#14461,#14462);
#14461 = CARTESIAN_POINT('',(40.664536,-37.740187,1.585));
#14462 = VECTOR('',#14463,1.);
#14463 = DIRECTION('',(0.38269282806,0.923875640631,0.));
#14464 = ORIENTED_EDGE('',*,*,#14465,.T.);
#14465 = EDGE_CURVE('',#14458,#14356,#14466,.T.);
#14466 = LINE('',#14467,#14468);
#14467 = CARTESIAN_POINT('',(40.675735,-37.713151,1.585));
#14468 = VECTOR('',#14469,1.);
#14469 = DIRECTION('',(0.707106781186,0.707106781187,0.));
#14470 = PLANE('',#14471);
#14471 = AXIS2_PLACEMENT_3D('',#14472,#14473,#14474);
#14472 = CARTESIAN_POINT('',(0.,0.,1.585));
#14473 = DIRECTION('',(0.,0.,1.));
#14474 = DIRECTION('',(1.,0.,-0.));
#14475 = SHELL_BASED_SURFACE_MODEL('',(#14476));
#14476 = OPEN_SHELL('',(#14477));
#14477 = ADVANCED_FACE('',(#14478),#14613,.T.);
#14478 = FACE_BOUND('',#14479,.F.);
#14479 = EDGE_LOOP('',(#14480,#14491,#14499,#14507,#14515,#14524,#14532,
    #14540,#14549,#14557,#14565,#14574,#14582,#14590,#14599,#14607));
#14480 = ORIENTED_EDGE('',*,*,#14481,.T.);
#14481 = EDGE_CURVE('',#14482,#14484,#14486,.T.);
#14482 = VERTEX_POINT('',#14483);
#14483 = CARTESIAN_POINT('',(41.930207,-37.647951,1.585));
#14484 = VERTEX_POINT('',#14485);
#14485 = CARTESIAN_POINT('',(42.047341,-37.730918,1.585));
#14486 = CIRCLE('',#14487,7.499955990672E-02);
#14487 = AXIS2_PLACEMENT_3D('',#14488,#14489,#14490);
#14488 = CARTESIAN_POINT('',(41.976190500953,-37.70720006435,1.585));
#14489 = DIRECTION('',(0.,0.,-1.));
#14490 = DIRECTION('',(-0.613116943749,0.78999216027,0.));
#14491 = ORIENTED_EDGE('',*,*,#14492,.T.);
#14492 = EDGE_CURVE('',#14484,#14493,#14495,.T.);
#14493 = VERTEX_POINT('',#14494);
#14494 = CARTESIAN_POINT('',(41.842152,-38.346485,1.585));
#14495 = LINE('',#14496,#14497);
#14496 = CARTESIAN_POINT('',(42.047341,-37.730918,1.585));
#14497 = VECTOR('',#14498,1.);
#14498 = DIRECTION('',(-0.316227766017,-0.948683298051,0.));
#14499 = ORIENTED_EDGE('',*,*,#14500,.T.);
#14500 = EDGE_CURVE('',#14493,#14501,#14503,.T.);
#14501 = VERTEX_POINT('',#14502);
#14502 = CARTESIAN_POINT('',(42.139285,-38.346485,1.585));
#14503 = LINE('',#14504,#14505);
#14504 = CARTESIAN_POINT('',(41.842152,-38.346485,1.585));
#14505 = VECTOR('',#14506,1.);
#14506 = DIRECTION('',(1.,0.,0.));
#14507 = ORIENTED_EDGE('',*,*,#14508,.T.);
#14508 = EDGE_CURVE('',#14501,#14509,#14511,.T.);
#14509 = VERTEX_POINT('',#14510);
#14510 = CARTESIAN_POINT('',(42.140726,-38.07352,1.585));
#14511 = LINE('',#14512,#14513);
#14512 = CARTESIAN_POINT('',(42.139285,-38.346485,1.585));
#14513 = VECTOR('',#14514,1.);
#14514 = DIRECTION('',(5.278991523254E-03,0.999986066027,0.));
#14515 = ORIENTED_EDGE('',*,*,#14516,.T.);
#14516 = EDGE_CURVE('',#14509,#14517,#14519,.T.);
#14517 = VERTEX_POINT('',#14518);
#14518 = CARTESIAN_POINT('',(42.289285,-38.088152,1.585));
#14519 = CIRCLE('',#14520,7.500006711463E-02);
#14520 = AXIS2_PLACEMENT_3D('',#14521,#14522,#14523);
#14521 = CARTESIAN_POINT('',(42.214284932885,-38.08815193288,1.585));
#14522 = DIRECTION('',(0.,0.,-1.));
#14523 = DIRECTION('',(-0.980784894138,0.195092263891,0.));
#14524 = ORIENTED_EDGE('',*,*,#14525,.T.);
#14525 = EDGE_CURVE('',#14517,#14526,#14528,.T.);
#14526 = VERTEX_POINT('',#14527);
#14527 = CARTESIAN_POINT('',(42.289285,-38.346485,1.585));
#14528 = LINE('',#14529,#14530);
#14529 = CARTESIAN_POINT('',(42.289285,-38.088152,1.585));
#14530 = VECTOR('',#14531,1.);
#14531 = DIRECTION('',(0.,-1.,0.));
#14532 = ORIENTED_EDGE('',*,*,#14533,.T.);
#14533 = EDGE_CURVE('',#14526,#14534,#14536,.T.);
#14534 = VERTEX_POINT('',#14535);
#14535 = CARTESIAN_POINT('',(42.371774,-38.347926,1.585));
#14536 = LINE('',#14537,#14538);
#14537 = CARTESIAN_POINT('',(42.289285,-38.346485,1.585));
#14538 = VECTOR('',#14539,1.);
#14539 = DIRECTION('',(0.999847452005,-1.746633100582E-02,0.));
#14540 = ORIENTED_EDGE('',*,*,#14541,.T.);
#14541 = EDGE_CURVE('',#14534,#14542,#14544,.T.);
#14542 = VERTEX_POINT('',#14543);
#14543 = CARTESIAN_POINT('',(42.357142,-38.496485,1.585));
#14544 = CIRCLE('',#14545,7.500006711464E-02);
#14545 = AXIS2_PLACEMENT_3D('',#14546,#14547,#14548);
#14546 = CARTESIAN_POINT('',(42.357142067115,-38.42148493288,1.585));
#14547 = DIRECTION('',(0.,0.,-1.));
#14548 = DIRECTION('',(0.195092263891,0.980784894138,0.));
#14549 = ORIENTED_EDGE('',*,*,#14550,.T.);
#14550 = EDGE_CURVE('',#14542,#14551,#14553,.T.);
#14551 = VERTEX_POINT('',#14552);
#14552 = CARTESIAN_POINT('',(42.289285,-38.496485,1.585));
#14553 = LINE('',#14554,#14555);
#14554 = CARTESIAN_POINT('',(42.357142,-38.496485,1.585));
#14555 = VECTOR('',#14556,1.);
#14556 = DIRECTION('',(-1.,0.,0.));
#14557 = ORIENTED_EDGE('',*,*,#14558,.T.);
#14558 = EDGE_CURVE('',#14551,#14559,#14561,.T.);
#14559 = VERTEX_POINT('',#14560);
#14560 = CARTESIAN_POINT('',(42.287844,-38.769451,1.585));
#14561 = LINE('',#14562,#14563);
#14562 = CARTESIAN_POINT('',(42.289285,-38.496485,1.585));
#14563 = VECTOR('',#14564,1.);
#14564 = DIRECTION('',(-5.278972184419E-03,-0.999986066129,0.));
#14565 = ORIENTED_EDGE('',*,*,#14566,.T.);
#14566 = EDGE_CURVE('',#14559,#14567,#14569,.T.);
#14567 = VERTEX_POINT('',#14568);
#14568 = CARTESIAN_POINT('',(42.139285,-38.754819,1.585));
#14569 = CIRCLE('',#14570,7.500006711464E-02);
#14570 = AXIS2_PLACEMENT_3D('',#14571,#14572,#14573);
#14571 = CARTESIAN_POINT('',(42.214285067115,-38.75481906711,1.585));
#14572 = DIRECTION('',(-0.,0.,-1.));
#14573 = DIRECTION('',(0.980784894138,-0.195092263891,-0.));
#14574 = ORIENTED_EDGE('',*,*,#14575,.T.);
#14575 = EDGE_CURVE('',#14567,#14576,#14578,.T.);
#14576 = VERTEX_POINT('',#14577);
#14577 = CARTESIAN_POINT('',(42.139285,-38.496485,1.585));
#14578 = LINE('',#14579,#14580);
#14579 = CARTESIAN_POINT('',(42.139285,-38.754819,1.585));
#14580 = VECTOR('',#14581,1.);
#14581 = DIRECTION('',(0.,1.,0.));
#14582 = ORIENTED_EDGE('',*,*,#14583,.T.);
#14583 = EDGE_CURVE('',#14576,#14584,#14586,.T.);
#14584 = VERTEX_POINT('',#14585);
#14585 = CARTESIAN_POINT('',(41.723463,-38.495044,1.585));
#14586 = LINE('',#14587,#14588);
#14587 = CARTESIAN_POINT('',(42.139285,-38.496485,1.585));
#14588 = VECTOR('',#14589,1.);
#14589 = DIRECTION('',(-0.999993995468,3.465404301528E-03,0.));
#14590 = ORIENTED_EDGE('',*,*,#14591,.T.);
#14591 = EDGE_CURVE('',#14584,#14592,#14594,.T.);
#14592 = VERTEX_POINT('',#14593);
#14593 = CARTESIAN_POINT('',(41.666944,-38.397768,1.585));
#14594 = CIRCLE('',#14595,7.499997045039E-02);
#14595 = AXIS2_PLACEMENT_3D('',#14596,#14597,#14598);
#14596 = CARTESIAN_POINT('',(41.738095172573,-38.42148521335,1.585));
#14597 = DIRECTION('',(0.,0.,-1.));
#14598 = DIRECTION('',(-0.195095711168,-0.980784208419,-0.));
#14599 = ORIENTED_EDGE('',*,*,#14600,.T.);
#14600 = EDGE_CURVE('',#14592,#14601,#14603,.T.);
#14601 = VERTEX_POINT('',#14602);
#14602 = CARTESIAN_POINT('',(41.911033,-37.670058,1.585));
#14603 = LINE('',#14604,#14605);
#14604 = CARTESIAN_POINT('',(41.666944,-38.397768,1.585));
#14605 = VECTOR('',#14606,1.);
#14606 = DIRECTION('',(0.318008317924,0.948087922996,0.));
#14607 = ORIENTED_EDGE('',*,*,#14608,.T.);
#14608 = EDGE_CURVE('',#14601,#14482,#14609,.T.);
#14609 = LINE('',#14610,#14611);
#14610 = CARTESIAN_POINT('',(41.911033,-37.670058,1.585));
#14611 = VECTOR('',#14612,1.);
#14612 = DIRECTION('',(0.65521540373,0.755442105469,0.));
#14613 = PLANE('',#14614);
#14614 = AXIS2_PLACEMENT_3D('',#14615,#14616,#14617);
#14615 = CARTESIAN_POINT('',(0.,0.,1.585));
#14616 = DIRECTION('',(0.,0.,1.));
#14617 = DIRECTION('',(1.,0.,-0.));
#14618 = SHELL_BASED_SURFACE_MODEL('',(#14619));
#14619 = OPEN_SHELL('',(#14620));
#14620 = ADVANCED_FACE('',(#14621),#14707,.T.);
#14621 = FACE_BOUND('',#14622,.F.);
#14622 = EDGE_LOOP('',(#14623,#14634,#14642,#14651,#14659,#14668,#14676,
    #14684,#14692,#14701));
#14623 = ORIENTED_EDGE('',*,*,#14624,.T.);
#14624 = EDGE_CURVE('',#14625,#14627,#14629,.T.);
#14625 = VERTEX_POINT('',#14626);
#14626 = CARTESIAN_POINT('',(11.291,-28.705,1.585));
#14627 = VERTEX_POINT('',#14628);
#14628 = CARTESIAN_POINT('',(11.351,-28.645,1.585));
#14629 = CIRCLE('',#14630,5.99993201626E-02);
#14630 = AXIS2_PLACEMENT_3D('',#14631,#14632,#14633);
#14631 = CARTESIAN_POINT('',(11.350999320159,-28.70499932015,1.585));
#14632 = DIRECTION('',(0.,0.,-1.));
#14633 = DIRECTION('',(-0.999999999936,-1.133081588457E-05,-0.));
#14634 = ORIENTED_EDGE('',*,*,#14635,.T.);
#14635 = EDGE_CURVE('',#14627,#14636,#14638,.T.);
#14636 = VERTEX_POINT('',#14637);
#14637 = CARTESIAN_POINT('',(15.871,-28.645,1.585));
#14638 = LINE('',#14639,#14640);
#14639 = CARTESIAN_POINT('',(11.351,-28.645,1.585));
#14640 = VECTOR('',#14641,1.);
#14641 = DIRECTION('',(1.,0.,0.));
#14642 = ORIENTED_EDGE('',*,*,#14643,.T.);
#14643 = EDGE_CURVE('',#14636,#14644,#14646,.T.);
#14644 = VERTEX_POINT('',#14645);
#14645 = CARTESIAN_POINT('',(15.931,-28.705,1.585));
#14646 = CIRCLE('',#14647,5.999932016261E-02);
#14647 = AXIS2_PLACEMENT_3D('',#14648,#14649,#14650);
#14648 = CARTESIAN_POINT('',(15.871000679841,-28.70499932015,1.585));
#14649 = DIRECTION('',(0.,0.,-1.));
#14650 = DIRECTION('',(-1.133081582536E-05,0.999999999936,0.));
#14651 = ORIENTED_EDGE('',*,*,#14652,.T.);
#14652 = EDGE_CURVE('',#14644,#14653,#14655,.T.);
#14653 = VERTEX_POINT('',#14654);
#14654 = CARTESIAN_POINT('',(15.931,-36.77,1.585));
#14655 = LINE('',#14656,#14657);
#14656 = CARTESIAN_POINT('',(15.931,-28.705,1.585));
#14657 = VECTOR('',#14658,1.);
#14658 = DIRECTION('',(0.,-1.,0.));
#14659 = ORIENTED_EDGE('',*,*,#14660,.T.);
#14660 = EDGE_CURVE('',#14653,#14661,#14663,.T.);
#14661 = VERTEX_POINT('',#14662);
#14662 = CARTESIAN_POINT('',(15.811,-36.77,1.585));
#14663 = CIRCLE('',#14664,6.000000000042E-02);
#14664 = AXIS2_PLACEMENT_3D('',#14665,#14666,#14667);
#14665 = CARTESIAN_POINT('',(15.871,-36.77000022558,1.585));
#14666 = DIRECTION('',(0.,0.,-1.));
#14667 = DIRECTION('',(0.999999999993,3.759794016836E-06,0.));
#14668 = ORIENTED_EDGE('',*,*,#14669,.T.);
#14669 = EDGE_CURVE('',#14661,#14670,#14672,.T.);
#14670 = VERTEX_POINT('',#14671);
#14671 = CARTESIAN_POINT('',(15.811,-28.765,1.585));
#14672 = LINE('',#14673,#14674);
#14673 = CARTESIAN_POINT('',(15.811,-36.77,1.585));
#14674 = VECTOR('',#14675,1.);
#14675 = DIRECTION('',(0.,1.,0.));
#14676 = ORIENTED_EDGE('',*,*,#14677,.T.);
#14677 = EDGE_CURVE('',#14670,#14678,#14680,.T.);
#14678 = VERTEX_POINT('',#14679);
#14679 = CARTESIAN_POINT('',(11.411,-28.765,1.585));
#14680 = LINE('',#14681,#14682);
#14681 = CARTESIAN_POINT('',(15.811,-28.765,1.585));
#14682 = VECTOR('',#14683,1.);
#14683 = DIRECTION('',(-1.,0.,0.));
#14684 = ORIENTED_EDGE('',*,*,#14685,.T.);
#14685 = EDGE_CURVE('',#14678,#14686,#14688,.T.);
#14686 = VERTEX_POINT('',#14687);
#14687 = CARTESIAN_POINT('',(11.411,-36.77,1.585));
#14688 = LINE('',#14689,#14690);
#14689 = CARTESIAN_POINT('',(11.411,-28.765,1.585));
#14690 = VECTOR('',#14691,1.);
#14691 = DIRECTION('',(0.,-1.,0.));
#14692 = ORIENTED_EDGE('',*,*,#14693,.T.);
#14693 = EDGE_CURVE('',#14686,#14694,#14696,.T.);
#14694 = VERTEX_POINT('',#14695);
#14695 = CARTESIAN_POINT('',(11.291,-36.77,1.585));
#14696 = CIRCLE('',#14697,6.000000000042E-02);
#14697 = AXIS2_PLACEMENT_3D('',#14698,#14699,#14700);
#14698 = CARTESIAN_POINT('',(11.351,-36.77000022558,1.585));
#14699 = DIRECTION('',(0.,0.,-1.));
#14700 = DIRECTION('',(0.999999999993,3.759794016836E-06,0.));
#14701 = ORIENTED_EDGE('',*,*,#14702,.T.);
#14702 = EDGE_CURVE('',#14694,#14625,#14703,.T.);
#14703 = LINE('',#14704,#14705);
#14704 = CARTESIAN_POINT('',(11.291,-36.77,1.585));
#14705 = VECTOR('',#14706,1.);
#14706 = DIRECTION('',(0.,1.,0.));
#14707 = PLANE('',#14708);
#14708 = AXIS2_PLACEMENT_3D('',#14709,#14710,#14711);
#14709 = CARTESIAN_POINT('',(0.,0.,1.585));
#14710 = DIRECTION('',(0.,0.,1.));
#14711 = DIRECTION('',(1.,0.,-0.));
#14712 = SHELL_BASED_SURFACE_MODEL('',(#14713));
#14713 = OPEN_SHELL('',(#14714));
#14714 = ADVANCED_FACE('',(#14715),#14801,.T.);
#14715 = FACE_BOUND('',#14716,.F.);
#14716 = EDGE_LOOP('',(#14717,#14728,#14736,#14745,#14753,#14762,#14770,
    #14778,#14786,#14795));
#14717 = ORIENTED_EDGE('',*,*,#14718,.T.);
#14718 = EDGE_CURVE('',#14719,#14721,#14723,.T.);
#14719 = VERTEX_POINT('',#14720);
#14720 = CARTESIAN_POINT('',(4.291,-28.585,1.585));
#14721 = VERTEX_POINT('',#14722);
#14722 = CARTESIAN_POINT('',(4.351,-28.525,1.585));
#14723 = CIRCLE('',#14724,5.99993201626E-02);
#14724 = AXIS2_PLACEMENT_3D('',#14725,#14726,#14727);
#14725 = CARTESIAN_POINT('',(4.350999320159,-28.58499932015,1.585));
#14726 = DIRECTION('',(0.,0.,-1.));
#14727 = DIRECTION('',(-0.999999999936,-1.1330816003E-05,-0.));
#14728 = ORIENTED_EDGE('',*,*,#14729,.T.);
#14729 = EDGE_CURVE('',#14721,#14730,#14732,.T.);
#14730 = VERTEX_POINT('',#14731);
#14731 = CARTESIAN_POINT('',(8.871,-28.525,1.585));
#14732 = LINE('',#14733,#14734);
#14733 = CARTESIAN_POINT('',(4.351,-28.525,1.585));
#14734 = VECTOR('',#14735,1.);
#14735 = DIRECTION('',(1.,0.,0.));
#14736 = ORIENTED_EDGE('',*,*,#14737,.T.);
#14737 = EDGE_CURVE('',#14730,#14738,#14740,.T.);
#14738 = VERTEX_POINT('',#14739);
#14739 = CARTESIAN_POINT('',(8.931,-28.585,1.585));
#14740 = CIRCLE('',#14741,5.99993201626E-02);
#14741 = AXIS2_PLACEMENT_3D('',#14742,#14743,#14744);
#14742 = CARTESIAN_POINT('',(8.871000679841,-28.58499932015,1.585));
#14743 = DIRECTION('',(0.,0.,-1.));
#14744 = DIRECTION('',(-1.133081582536E-05,0.999999999936,0.));
#14745 = ORIENTED_EDGE('',*,*,#14746,.T.);
#14746 = EDGE_CURVE('',#14738,#14747,#14749,.T.);
#14747 = VERTEX_POINT('',#14748);
#14748 = CARTESIAN_POINT('',(8.931,-36.65,1.585));
#14749 = LINE('',#14750,#14751);
#14750 = CARTESIAN_POINT('',(8.931,-28.585,1.585));
#14751 = VECTOR('',#14752,1.);
#14752 = DIRECTION('',(0.,-1.,0.));
#14753 = ORIENTED_EDGE('',*,*,#14754,.T.);
#14754 = EDGE_CURVE('',#14747,#14755,#14757,.T.);
#14755 = VERTEX_POINT('',#14756);
#14756 = CARTESIAN_POINT('',(8.811,-36.65,1.585));
#14757 = CIRCLE('',#14758,6.000000000042E-02);
#14758 = AXIS2_PLACEMENT_3D('',#14759,#14760,#14761);
#14759 = CARTESIAN_POINT('',(8.871,-36.65000022558,1.585));
#14760 = DIRECTION('',(0.,0.,-1.));
#14761 = DIRECTION('',(0.999999999993,3.75979413526E-06,0.));
#14762 = ORIENTED_EDGE('',*,*,#14763,.T.);
#14763 = EDGE_CURVE('',#14755,#14764,#14766,.T.);
#14764 = VERTEX_POINT('',#14765);
#14765 = CARTESIAN_POINT('',(8.811,-28.645,1.585));
#14766 = LINE('',#14767,#14768);
#14767 = CARTESIAN_POINT('',(8.811,-36.65,1.585));
#14768 = VECTOR('',#14769,1.);
#14769 = DIRECTION('',(0.,1.,0.));
#14770 = ORIENTED_EDGE('',*,*,#14771,.T.);
#14771 = EDGE_CURVE('',#14764,#14772,#14774,.T.);
#14772 = VERTEX_POINT('',#14773);
#14773 = CARTESIAN_POINT('',(4.411,-28.645,1.585));
#14774 = LINE('',#14775,#14776);
#14775 = CARTESIAN_POINT('',(8.811,-28.645,1.585));
#14776 = VECTOR('',#14777,1.);
#14777 = DIRECTION('',(-1.,0.,0.));
#14778 = ORIENTED_EDGE('',*,*,#14779,.T.);
#14779 = EDGE_CURVE('',#14772,#14780,#14782,.T.);
#14780 = VERTEX_POINT('',#14781);
#14781 = CARTESIAN_POINT('',(4.411,-36.65,1.585));
#14782 = LINE('',#14783,#14784);
#14783 = CARTESIAN_POINT('',(4.411,-28.645,1.585));
#14784 = VECTOR('',#14785,1.);
#14785 = DIRECTION('',(0.,-1.,0.));
#14786 = ORIENTED_EDGE('',*,*,#14787,.T.);
#14787 = EDGE_CURVE('',#14780,#14788,#14790,.T.);
#14788 = VERTEX_POINT('',#14789);
#14789 = CARTESIAN_POINT('',(4.291,-36.65,1.585));
#14790 = CIRCLE('',#14791,6.000000000042E-02);
#14791 = AXIS2_PLACEMENT_3D('',#14792,#14793,#14794);
#14792 = CARTESIAN_POINT('',(4.351,-36.65000022558,1.585));
#14793 = DIRECTION('',(0.,0.,-1.));
#14794 = DIRECTION('',(0.999999999993,3.75979413526E-06,0.));
#14795 = ORIENTED_EDGE('',*,*,#14796,.T.);
#14796 = EDGE_CURVE('',#14788,#14719,#14797,.T.);
#14797 = LINE('',#14798,#14799);
#14798 = CARTESIAN_POINT('',(4.291,-36.65,1.585));
#14799 = VECTOR('',#14800,1.);
#14800 = DIRECTION('',(0.,1.,0.));
#14801 = PLANE('',#14802);
#14802 = AXIS2_PLACEMENT_3D('',#14803,#14804,#14805);
#14803 = CARTESIAN_POINT('',(0.,0.,1.585));
#14804 = DIRECTION('',(0.,0.,1.));
#14805 = DIRECTION('',(1.,0.,-0.));
#14806 = SHELL_BASED_SURFACE_MODEL('',(#14807));
#14807 = OPEN_SHELL('',(#14808));
#14808 = ADVANCED_FACE('',(#14809),#14994,.T.);
#14809 = FACE_BOUND('',#14810,.F.);
#14810 = EDGE_LOOP('',(#14811,#14822,#14830,#14839,#14847,#14856,#14864,
    #14872,#14880,#14889,#14897,#14906,#14914,#14923,#14931,#14939,
    #14947,#14955,#14963,#14971,#14979,#14988));
#14811 = ORIENTED_EDGE('',*,*,#14812,.T.);
#14812 = EDGE_CURVE('',#14813,#14815,#14817,.T.);
#14813 = VERTEX_POINT('',#14814);
#14814 = CARTESIAN_POINT('',(16.219389,-33.224306,1.585));
#14815 = VERTEX_POINT('',#14816);
#14816 = CARTESIAN_POINT('',(16.31409,-33.339699,1.585));
#14817 = CIRCLE('',#14818,7.500003178656E-02);
#14818 = AXIS2_PLACEMENT_3D('',#14819,#14820,#14821);
#14819 = CARTESIAN_POINT('',(16.2610565,-33.28666643787,1.585));
#14820 = DIRECTION('',(0.,0.,-1.));
#14821 = DIRECTION('',(-0.555566431206,0.831472152581,0.));
#14822 = ORIENTED_EDGE('',*,*,#14823,.T.);
#14823 = EDGE_CURVE('',#14815,#14824,#14826,.T.);
#14824 = VERTEX_POINT('',#14825);
#14825 = CARTESIAN_POINT('',(16.27899,-33.374798,1.585));
#14826 = LINE('',#14827,#14828);
#14827 = CARTESIAN_POINT('',(16.31409,-33.339699,1.585));
#14828 = VECTOR('',#14829,1.);
#14829 = DIRECTION('',(-0.707116854005,-0.707096708225,0.));
#14830 = ORIENTED_EDGE('',*,*,#14831,.T.);
#14831 = EDGE_CURVE('',#14824,#14832,#14834,.T.);
#14832 = VERTEX_POINT('',#14833);
#14833 = CARTESIAN_POINT('',(16.27899,-33.674723,1.585));
#14834 = CIRCLE('',#14835,0.299310989749);
#14835 = AXIS2_PLACEMENT_3D('',#14836,#14837,#14838);
#14836 = CARTESIAN_POINT('',(16.538023428689,-33.5247605,1.585));
#14837 = DIRECTION('',(0.,0.,1.));
#14838 = DIRECTION('',(-0.865432401617,0.501025706158,0.));
#14839 = ORIENTED_EDGE('',*,*,#14840,.T.);
#14840 = EDGE_CURVE('',#14832,#14841,#14843,.T.);
#14841 = VERTEX_POINT('',#14842);
#14842 = CARTESIAN_POINT('',(16.353103,-33.748836,1.585));
#14843 = LINE('',#14844,#14845);
#14844 = CARTESIAN_POINT('',(16.27899,-33.674723,1.585));
#14845 = VECTOR('',#14846,1.);
#14846 = DIRECTION('',(0.707106781187,-0.707106781187,0.));
#14847 = ORIENTED_EDGE('',*,*,#14848,.T.);
#14848 = EDGE_CURVE('',#14841,#14849,#14851,.T.);
#14849 = VERTEX_POINT('',#14850);
#14850 = CARTESIAN_POINT('',(16.728013,-33.830713,1.585));
#14851 = CIRCLE('',#14852,0.611738044646);
#14852 = AXIS2_PLACEMENT_3D('',#14853,#14854,#14855);
#14853 = CARTESIAN_POINT('',(16.664493373959,-33.22228166256,1.585));
#14854 = DIRECTION('',(0.,0.,1.));
#14855 = DIRECTION('',(-0.509025679674,-0.860751333099,0.));
#14856 = ORIENTED_EDGE('',*,*,#14857,.T.);
#14857 = EDGE_CURVE('',#14849,#14858,#14860,.T.);
#14858 = VERTEX_POINT('',#14859);
#14859 = CARTESIAN_POINT('',(16.901547,-33.787329,1.585));
#14860 = LINE('',#14861,#14862);
#14861 = CARTESIAN_POINT('',(16.728013,-33.830713,1.585));
#14862 = VECTOR('',#14863,1.);
#14863 = DIRECTION('',(0.970141842436,0.242538255859,0.));
#14864 = ORIENTED_EDGE('',*,*,#14865,.T.);
#14865 = EDGE_CURVE('',#14858,#14866,#14868,.T.);
#14866 = VERTEX_POINT('',#14867);
#14867 = CARTESIAN_POINT('',(16.978534,-33.748835,1.585));
#14868 = LINE('',#14869,#14870);
#14869 = CARTESIAN_POINT('',(16.901547,-33.787329,1.585));
#14870 = VECTOR('',#14871,1.);
#14871 = DIRECTION('',(0.894424867414,0.447218242641,0.));
#14872 = ORIENTED_EDGE('',*,*,#14873,.T.);
#14873 = EDGE_CURVE('',#14866,#14874,#14876,.T.);
#14874 = VERTEX_POINT('',#14875);
#14875 = CARTESIAN_POINT('',(17.052648,-33.674722,1.585));
#14876 = LINE('',#14877,#14878);
#14877 = CARTESIAN_POINT('',(16.978534,-33.748835,1.585));
#14878 = VECTOR('',#14879,1.);
#14879 = DIRECTION('',(0.707111551602,0.707102010739,0.));
#14880 = ORIENTED_EDGE('',*,*,#14881,.T.);
#14881 = EDGE_CURVE('',#14874,#14882,#14884,.T.);
#14882 = VERTEX_POINT('',#14883);
#14883 = CARTESIAN_POINT('',(17.052648,-33.374799,1.585));
#14884 = CIRCLE('',#14885,0.299306284995);
#14885 = AXIS2_PLACEMENT_3D('',#14886,#14887,#14888);
#14886 = CARTESIAN_POINT('',(16.793619428689,-33.5247605,1.585));
#14887 = DIRECTION('',(0.,-0.,1.));
#14888 = DIRECTION('',(0.865429776441,-0.501030240653,-0.));
#14889 = ORIENTED_EDGE('',*,*,#14890,.T.);
#14890 = EDGE_CURVE('',#14882,#14891,#14893,.T.);
#14891 = VERTEX_POINT('',#14892);
#14892 = CARTESIAN_POINT('',(17.00822,-33.328334,1.585));
#14893 = LINE('',#14894,#14895);
#14894 = CARTESIAN_POINT('',(17.052648,-33.374799,1.585));
#14895 = VECTOR('',#14896,1.);
#14896 = DIRECTION('',(-0.691086306874,0.72277224383,0.));
#14897 = ORIENTED_EDGE('',*,*,#14898,.T.);
#14898 = EDGE_CURVE('',#14891,#14899,#14901,.T.);
#14899 = VERTEX_POINT('',#14900);
#14900 = CARTESIAN_POINT('',(17.123612,-33.233632,1.585));
#14901 = CIRCLE('',#14902,7.499993690526E-02);
#14902 = AXIS2_PLACEMENT_3D('',#14903,#14904,#14905);
#14903 = CARTESIAN_POINT('',(17.070579823754,-33.28666575169,1.585));
#14904 = DIRECTION('',(0.,0.,-1.));
#14905 = DIRECTION('',(-0.831465016204,-0.555577111506,-0.));
#14906 = ORIENTED_EDGE('',*,*,#14907,.T.);
#14907 = EDGE_CURVE('',#14899,#14908,#14910,.T.);
#14908 = VERTEX_POINT('',#14909);
#14909 = CARTESIAN_POINT('',(17.183357,-33.297142,1.585));
#14910 = LINE('',#14911,#14912);
#14911 = CARTESIAN_POINT('',(17.123612,-33.233632,1.585));
#14912 = VECTOR('',#14913,1.);
#14913 = DIRECTION('',(0.685187600358,-0.72836663317,0.));
#14914 = ORIENTED_EDGE('',*,*,#14915,.T.);
#14915 = EDGE_CURVE('',#14908,#14916,#14918,.T.);
#14916 = VERTEX_POINT('',#14917);
#14917 = CARTESIAN_POINT('',(17.180561,-33.756905,1.585));
#14918 = CIRCLE('',#14919,0.461068563463);
#14919 = AXIS2_PLACEMENT_3D('',#14920,#14921,#14922);
#14920 = CARTESIAN_POINT('',(16.782295573622,-33.52459298919,1.585));
#14921 = DIRECTION('',(0.,0.,-1.));
#14922 = DIRECTION('',(0.869852031044,0.493312724435,0.));
#14923 = ORIENTED_EDGE('',*,*,#14924,.T.);
#14924 = EDGE_CURVE('',#14916,#14925,#14927,.T.);
#14925 = VERTEX_POINT('',#14926);
#14926 = CARTESIAN_POINT('',(17.062798,-33.873593,1.585));
#14927 = LINE('',#14928,#14929);
#14928 = CARTESIAN_POINT('',(17.180561,-33.756905,1.585));
#14929 = VECTOR('',#14930,1.);
#14930 = DIRECTION('',(-0.710341525922,-0.703857170561,0.));
#14931 = ORIENTED_EDGE('',*,*,#14932,.T.);
#14932 = EDGE_CURVE('',#14925,#14933,#14935,.T.);
#14933 = VERTEX_POINT('',#14934);
#14934 = CARTESIAN_POINT('',(16.945913,-33.930855,1.585));
#14935 = LINE('',#14936,#14937);
#14936 = CARTESIAN_POINT('',(17.062798,-33.873593,1.585));
#14937 = VECTOR('',#14938,1.);
#14938 = DIRECTION('',(-0.898025665436,-0.439943069292,0.));
#14939 = ORIENTED_EDGE('',*,*,#14940,.T.);
#14940 = EDGE_CURVE('',#14933,#14941,#14943,.T.);
#14941 = VERTEX_POINT('',#14942);
#14942 = CARTESIAN_POINT('',(16.737247,-33.980713,1.585));
#14943 = LINE('',#14944,#14945);
#14944 = CARTESIAN_POINT('',(16.945913,-33.930855,1.585));
#14945 = VECTOR('',#14946,1.);
#14946 = DIRECTION('',(-0.972621461126,-0.232395123349,0.));
#14947 = ORIENTED_EDGE('',*,*,#14948,.T.);
#14948 = EDGE_CURVE('',#14941,#14949,#14951,.T.);
#14949 = VERTEX_POINT('',#14950);
#14950 = CARTESIAN_POINT('',(16.5762,-33.978474,1.585));
#14951 = LINE('',#14952,#14953);
#14952 = CARTESIAN_POINT('',(16.737247,-33.980713,1.585));
#14953 = VECTOR('',#14954,1.);
#14954 = DIRECTION('',(-0.999903370449,1.390143030568E-02,0.));
#14955 = ORIENTED_EDGE('',*,*,#14956,.T.);
#14956 = EDGE_CURVE('',#14949,#14957,#14959,.T.);
#14957 = VERTEX_POINT('',#14958);
#14958 = CARTESIAN_POINT('',(16.370373,-33.925176,1.585));
#14959 = LINE('',#14960,#14961);
#14960 = CARTESIAN_POINT('',(16.5762,-33.978474,1.585));
#14961 = VECTOR('',#14962,1.);
#14962 = DIRECTION('',(-0.968070616292,0.250677645339,0.));
#14963 = ORIENTED_EDGE('',*,*,#14964,.T.);
#14964 = EDGE_CURVE('',#14957,#14965,#14967,.T.);
#14965 = VERTEX_POINT('',#14966);
#14966 = CARTESIAN_POINT('',(16.261393,-33.868228,1.585));
#14967 = LINE('',#14968,#14969);
#14968 = CARTESIAN_POINT('',(16.370373,-33.925176,1.585));
#14969 = VECTOR('',#14970,1.);
#14970 = DIRECTION('',(-0.886288266156,0.463134007901,0.));
#14971 = ORIENTED_EDGE('',*,*,#14972,.T.);
#14972 = EDGE_CURVE('',#14965,#14973,#14975,.T.);
#14973 = VERTEX_POINT('',#14974);
#14974 = CARTESIAN_POINT('',(16.148281,-33.752379,1.585));
#14975 = LINE('',#14976,#14977);
#14976 = CARTESIAN_POINT('',(16.261393,-33.868228,1.585));
#14977 = VECTOR('',#14978,1.);
#14978 = DIRECTION('',(-0.698604113258,0.715508415701,0.));
#14979 = ORIENTED_EDGE('',*,*,#14980,.T.);
#14980 = EDGE_CURVE('',#14973,#14981,#14983,.T.);
#14981 = VERTEX_POINT('',#14982);
#14982 = CARTESIAN_POINT('',(16.151078,-33.292617,1.585));
#14983 = CIRCLE('',#14984,0.461058290907);
#14984 = AXIS2_PLACEMENT_3D('',#14985,#14986,#14987);
#14985 = CARTESIAN_POINT('',(16.549331356443,-33.52492931499,1.585));
#14986 = DIRECTION('',(0.,0.,-1.));
#14987 = DIRECTION('',(-0.869847401842,-0.493320886958,-0.));
#14988 = ORIENTED_EDGE('',*,*,#14989,.T.);
#14989 = EDGE_CURVE('',#14981,#14813,#14990,.T.);
#14990 = LINE('',#14991,#14992);
#14991 = CARTESIAN_POINT('',(16.151078,-33.292617,1.585));
#14992 = VECTOR('',#14993,1.);
#14993 = DIRECTION('',(0.707106781187,0.707106781187,0.));
#14994 = PLANE('',#14995);
#14995 = AXIS2_PLACEMENT_3D('',#14996,#14997,#14998);
#14996 = CARTESIAN_POINT('',(0.,0.,1.585));
#14997 = DIRECTION('',(0.,0.,1.));
#14998 = DIRECTION('',(1.,0.,-0.));
#14999 = SHELL_BASED_SURFACE_MODEL('',(#15000));
#15000 = OPEN_SHELL('',(#15001));
#15001 = ADVANCED_FACE('',(#15002,#15072),#15106,.T.);
#15002 = FACE_BOUND('',#15003,.F.);
#15003 = EDGE_LOOP('',(#15004,#15015,#15023,#15032,#15040,#15049,#15057,
    #15066));
#15004 = ORIENTED_EDGE('',*,*,#15005,.T.);
#15005 = EDGE_CURVE('',#15006,#15008,#15010,.T.);
#15006 = VERTEX_POINT('',#15007);
#15007 = CARTESIAN_POINT('',(19.528,-13.84,1.585));
#15008 = VERTEX_POINT('',#15009);
#15009 = CARTESIAN_POINT('',(19.578,-13.79,1.585));
#15010 = CIRCLE('',#15011,5.000014378936E-02);
#15011 = AXIS2_PLACEMENT_3D('',#15012,#15013,#15014);
#15012 = CARTESIAN_POINT('',(19.578000143789,-13.84000014378,1.585));
#15013 = DIRECTION('',(0.,0.,-1.));
#15014 = DIRECTION('',(-0.999999999996,2.875774683877E-06,0.));
#15015 = ORIENTED_EDGE('',*,*,#15016,.T.);
#15016 = EDGE_CURVE('',#15008,#15017,#15019,.T.);
#15017 = VERTEX_POINT('',#15018);
#15018 = CARTESIAN_POINT('',(39.644,-13.79,1.585));
#15019 = LINE('',#15020,#15021);
#15020 = CARTESIAN_POINT('',(19.578,-13.79,1.585));
#15021 = VECTOR('',#15022,1.);
#15022 = DIRECTION('',(1.,0.,0.));
#15023 = ORIENTED_EDGE('',*,*,#15024,.T.);
#15024 = EDGE_CURVE('',#15017,#15025,#15027,.T.);
#15025 = VERTEX_POINT('',#15026);
#15026 = CARTESIAN_POINT('',(39.694,-13.84,1.585));
#15027 = CIRCLE('',#15028,5.000014378936E-02);
#15028 = AXIS2_PLACEMENT_3D('',#15029,#15030,#15031);
#15029 = CARTESIAN_POINT('',(39.643999856211,-13.84000014378,1.585));
#15030 = DIRECTION('',(0.,0.,-1.));
#15031 = DIRECTION('',(2.875774754931E-06,0.999999999996,0.));
#15032 = ORIENTED_EDGE('',*,*,#15033,.T.);
#15033 = EDGE_CURVE('',#15025,#15034,#15036,.T.);
#15034 = VERTEX_POINT('',#15035);
#15035 = CARTESIAN_POINT('',(39.694,-33.906,1.585));
#15036 = LINE('',#15037,#15038);
#15037 = CARTESIAN_POINT('',(39.694,-13.84,1.585));
#15038 = VECTOR('',#15039,1.);
#15039 = DIRECTION('',(0.,-1.,0.));
#15040 = ORIENTED_EDGE('',*,*,#15041,.T.);
#15041 = EDGE_CURVE('',#15034,#15042,#15044,.T.);
#15042 = VERTEX_POINT('',#15043);
#15043 = CARTESIAN_POINT('',(39.644,-33.956,1.585));
#15044 = CIRCLE('',#15045,5.000014378937E-02);
#15045 = AXIS2_PLACEMENT_3D('',#15046,#15047,#15048);
#15046 = CARTESIAN_POINT('',(39.643999856211,-33.90599985621,1.585));
#15047 = DIRECTION('',(0.,0.,-1.));
#15048 = DIRECTION('',(0.999999999996,-2.875775039146E-06,0.));
#15049 = ORIENTED_EDGE('',*,*,#15050,.T.);
#15050 = EDGE_CURVE('',#15042,#15051,#15053,.T.);
#15051 = VERTEX_POINT('',#15052);
#15052 = CARTESIAN_POINT('',(19.578,-33.956,1.585));
#15053 = LINE('',#15054,#15055);
#15054 = CARTESIAN_POINT('',(39.644,-33.956,1.585));
#15055 = VECTOR('',#15056,1.);
#15056 = DIRECTION('',(-1.,0.,0.));
#15057 = ORIENTED_EDGE('',*,*,#15058,.T.);
#15058 = EDGE_CURVE('',#15051,#15059,#15061,.T.);
#15059 = VERTEX_POINT('',#15060);
#15060 = CARTESIAN_POINT('',(19.528,-33.906,1.585));
#15061 = CIRCLE('',#15062,5.000014378936E-02);
#15062 = AXIS2_PLACEMENT_3D('',#15063,#15064,#15065);
#15063 = CARTESIAN_POINT('',(19.578000143789,-33.90599985621,1.585));
#15064 = DIRECTION('',(0.,0.,-1.));
#15065 = DIRECTION('',(-2.875774897039E-06,-0.999999999996,-0.));
#15066 = ORIENTED_EDGE('',*,*,#15067,.T.);
#15067 = EDGE_CURVE('',#15059,#15006,#15068,.T.);
#15068 = LINE('',#15069,#15070);
#15069 = CARTESIAN_POINT('',(19.528,-33.906,1.585));
#15070 = VECTOR('',#15071,1.);
#15071 = DIRECTION('',(0.,1.,0.));
#15072 = FACE_BOUND('',#15073,.F.);
#15073 = EDGE_LOOP('',(#15074,#15084,#15092,#15100));
#15074 = ORIENTED_EDGE('',*,*,#15075,.T.);
#15075 = EDGE_CURVE('',#15076,#15078,#15080,.T.);
#15076 = VERTEX_POINT('',#15077);
#15077 = CARTESIAN_POINT('',(39.594,-33.856,1.585));
#15078 = VERTEX_POINT('',#15079);
#15079 = CARTESIAN_POINT('',(39.594,-13.89,1.585));
#15080 = LINE('',#15081,#15082);
#15081 = CARTESIAN_POINT('',(39.594,-33.856,1.585));
#15082 = VECTOR('',#15083,1.);
#15083 = DIRECTION('',(0.,1.,0.));
#15084 = ORIENTED_EDGE('',*,*,#15085,.T.);
#15085 = EDGE_CURVE('',#15078,#15086,#15088,.T.);
#15086 = VERTEX_POINT('',#15087);
#15087 = CARTESIAN_POINT('',(19.628,-13.89,1.585));
#15088 = LINE('',#15089,#15090);
#15089 = CARTESIAN_POINT('',(39.594,-13.89,1.585));
#15090 = VECTOR('',#15091,1.);
#15091 = DIRECTION('',(-1.,0.,0.));
#15092 = ORIENTED_EDGE('',*,*,#15093,.T.);
#15093 = EDGE_CURVE('',#15086,#15094,#15096,.T.);
#15094 = VERTEX_POINT('',#15095);
#15095 = CARTESIAN_POINT('',(19.628,-33.856,1.585));
#15096 = LINE('',#15097,#15098);
#15097 = CARTESIAN_POINT('',(19.628,-13.89,1.585));
#15098 = VECTOR('',#15099,1.);
#15099 = DIRECTION('',(0.,-1.,0.));
#15100 = ORIENTED_EDGE('',*,*,#15101,.T.);
#15101 = EDGE_CURVE('',#15094,#15076,#15102,.T.);
#15102 = LINE('',#15103,#15104);
#15103 = CARTESIAN_POINT('',(19.628,-33.856,1.585));
#15104 = VECTOR('',#15105,1.);
#15105 = DIRECTION('',(1.,0.,0.));
#15106 = PLANE('',#15107);
#15107 = AXIS2_PLACEMENT_3D('',#15108,#15109,#15110);
#15108 = CARTESIAN_POINT('',(0.,0.,1.585));
#15109 = DIRECTION('',(0.,0.,1.));
#15110 = DIRECTION('',(1.,0.,-0.));
#15111 = SHELL_BASED_SURFACE_MODEL('',(#15112));
#15112 = OPEN_SHELL('',(#15113));
#15113 = ADVANCED_FACE('',(#15114),#15299,.T.);
#15114 = FACE_BOUND('',#15115,.F.);
#15115 = EDGE_LOOP('',(#15116,#15127,#15135,#15144,#15152,#15161,#15169,
    #15177,#15185,#15194,#15202,#15211,#15219,#15228,#15236,#15244,
    #15252,#15260,#15268,#15276,#15284,#15293));
#15116 = ORIENTED_EDGE('',*,*,#15117,.T.);
#15117 = EDGE_CURVE('',#15118,#15120,#15122,.T.);
#15118 = VERTEX_POINT('',#15119);
#15119 = CARTESIAN_POINT('',(9.219389,-33.104306,1.585));
#15120 = VERTEX_POINT('',#15121);
#15121 = CARTESIAN_POINT('',(9.31409,-33.219699,1.585));
#15122 = CIRCLE('',#15123,7.500003178656E-02);
#15123 = AXIS2_PLACEMENT_3D('',#15124,#15125,#15126);
#15124 = CARTESIAN_POINT('',(9.2610565,-33.16666643787,1.585));
#15125 = DIRECTION('',(0.,0.,-1.));
#15126 = DIRECTION('',(-0.555566431206,0.831472152581,0.));
#15127 = ORIENTED_EDGE('',*,*,#15128,.T.);
#15128 = EDGE_CURVE('',#15120,#15129,#15131,.T.);
#15129 = VERTEX_POINT('',#15130);
#15130 = CARTESIAN_POINT('',(9.27899,-33.254798,1.585));
#15131 = LINE('',#15132,#15133);
#15132 = CARTESIAN_POINT('',(9.31409,-33.219699,1.585));
#15133 = VECTOR('',#15134,1.);
#15134 = DIRECTION('',(-0.707116854004,-0.707096708225,0.));
#15135 = ORIENTED_EDGE('',*,*,#15136,.T.);
#15136 = EDGE_CURVE('',#15129,#15137,#15139,.T.);
#15137 = VERTEX_POINT('',#15138);
#15138 = CARTESIAN_POINT('',(9.27899,-33.554723,1.585));
#15139 = CIRCLE('',#15140,0.299310989749);
#15140 = AXIS2_PLACEMENT_3D('',#15141,#15142,#15143);
#15141 = CARTESIAN_POINT('',(9.538023428689,-33.4047605,1.585));
#15142 = DIRECTION('',(0.,0.,1.));
#15143 = DIRECTION('',(-0.865432401617,0.501025706158,0.));
#15144 = ORIENTED_EDGE('',*,*,#15145,.T.);
#15145 = EDGE_CURVE('',#15137,#15146,#15148,.T.);
#15146 = VERTEX_POINT('',#15147);
#15147 = CARTESIAN_POINT('',(9.353103,-33.628836,1.585));
#15148 = LINE('',#15149,#15150);
#15149 = CARTESIAN_POINT('',(9.27899,-33.554723,1.585));
#15150 = VECTOR('',#15151,1.);
#15151 = DIRECTION('',(0.707106781187,-0.707106781187,0.));
#15152 = ORIENTED_EDGE('',*,*,#15153,.T.);
#15153 = EDGE_CURVE('',#15146,#15154,#15156,.T.);
#15154 = VERTEX_POINT('',#15155);
#15155 = CARTESIAN_POINT('',(9.728013,-33.710713,1.585));
#15156 = CIRCLE('',#15157,0.611738044646);
#15157 = AXIS2_PLACEMENT_3D('',#15158,#15159,#15160);
#15158 = CARTESIAN_POINT('',(9.664493373959,-33.10228166256,1.585));
#15159 = DIRECTION('',(0.,0.,1.));
#15160 = DIRECTION('',(-0.509025679674,-0.860751333099,0.));
#15161 = ORIENTED_EDGE('',*,*,#15162,.T.);
#15162 = EDGE_CURVE('',#15154,#15163,#15165,.T.);
#15163 = VERTEX_POINT('',#15164);
#15164 = CARTESIAN_POINT('',(9.901547,-33.667329,1.585));
#15165 = LINE('',#15166,#15167);
#15166 = CARTESIAN_POINT('',(9.728013,-33.710713,1.585));
#15167 = VECTOR('',#15168,1.);
#15168 = DIRECTION('',(0.970141842436,0.242538255859,0.));
#15169 = ORIENTED_EDGE('',*,*,#15170,.T.);
#15170 = EDGE_CURVE('',#15163,#15171,#15173,.T.);
#15171 = VERTEX_POINT('',#15172);
#15172 = CARTESIAN_POINT('',(9.978534,-33.628835,1.585));
#15173 = LINE('',#15174,#15175);
#15174 = CARTESIAN_POINT('',(9.901547,-33.667329,1.585));
#15175 = VECTOR('',#15176,1.);
#15176 = DIRECTION('',(0.894424867414,0.447218242641,0.));
#15177 = ORIENTED_EDGE('',*,*,#15178,.T.);
#15178 = EDGE_CURVE('',#15171,#15179,#15181,.T.);
#15179 = VERTEX_POINT('',#15180);
#15180 = CARTESIAN_POINT('',(10.052648,-33.554722,1.585));
#15181 = LINE('',#15182,#15183);
#15182 = CARTESIAN_POINT('',(9.978534,-33.628835,1.585));
#15183 = VECTOR('',#15184,1.);
#15184 = DIRECTION('',(0.707111551602,0.707102010739,0.));
#15185 = ORIENTED_EDGE('',*,*,#15186,.T.);
#15186 = EDGE_CURVE('',#15179,#15187,#15189,.T.);
#15187 = VERTEX_POINT('',#15188);
#15188 = CARTESIAN_POINT('',(10.052648,-33.254799,1.585));
#15189 = CIRCLE('',#15190,0.299306284995);
#15190 = AXIS2_PLACEMENT_3D('',#15191,#15192,#15193);
#15191 = CARTESIAN_POINT('',(9.793619428689,-33.4047605,1.585));
#15192 = DIRECTION('',(0.,-0.,1.));
#15193 = DIRECTION('',(0.865429776441,-0.501030240653,-0.));
#15194 = ORIENTED_EDGE('',*,*,#15195,.T.);
#15195 = EDGE_CURVE('',#15187,#15196,#15198,.T.);
#15196 = VERTEX_POINT('',#15197);
#15197 = CARTESIAN_POINT('',(10.00822,-33.208334,1.585));
#15198 = LINE('',#15199,#15200);
#15199 = CARTESIAN_POINT('',(10.052648,-33.254799,1.585));
#15200 = VECTOR('',#15201,1.);
#15201 = DIRECTION('',(-0.691086306874,0.72277224383,0.));
#15202 = ORIENTED_EDGE('',*,*,#15203,.T.);
#15203 = EDGE_CURVE('',#15196,#15204,#15206,.T.);
#15204 = VERTEX_POINT('',#15205);
#15205 = CARTESIAN_POINT('',(10.123612,-33.113632,1.585));
#15206 = CIRCLE('',#15207,7.499993690526E-02);
#15207 = AXIS2_PLACEMENT_3D('',#15208,#15209,#15210);
#15208 = CARTESIAN_POINT('',(10.070579823754,-33.16666575169,1.585));
#15209 = DIRECTION('',(0.,0.,-1.));
#15210 = DIRECTION('',(-0.831465016204,-0.555577111505,-0.));
#15211 = ORIENTED_EDGE('',*,*,#15212,.T.);
#15212 = EDGE_CURVE('',#15204,#15213,#15215,.T.);
#15213 = VERTEX_POINT('',#15214);
#15214 = CARTESIAN_POINT('',(10.183357,-33.177142,1.585));
#15215 = LINE('',#15216,#15217);
#15216 = CARTESIAN_POINT('',(10.123612,-33.113632,1.585));
#15217 = VECTOR('',#15218,1.);
#15218 = DIRECTION('',(0.685187600358,-0.72836663317,0.));
#15219 = ORIENTED_EDGE('',*,*,#15220,.T.);
#15220 = EDGE_CURVE('',#15213,#15221,#15223,.T.);
#15221 = VERTEX_POINT('',#15222);
#15222 = CARTESIAN_POINT('',(10.180561,-33.636905,1.585));
#15223 = CIRCLE('',#15224,0.461068563463);
#15224 = AXIS2_PLACEMENT_3D('',#15225,#15226,#15227);
#15225 = CARTESIAN_POINT('',(9.782295573622,-33.40459298919,1.585));
#15226 = DIRECTION('',(0.,0.,-1.));
#15227 = DIRECTION('',(0.869852031044,0.493312724435,0.));
#15228 = ORIENTED_EDGE('',*,*,#15229,.T.);
#15229 = EDGE_CURVE('',#15221,#15230,#15232,.T.);
#15230 = VERTEX_POINT('',#15231);
#15231 = CARTESIAN_POINT('',(10.062798,-33.753593,1.585));
#15232 = LINE('',#15233,#15234);
#15233 = CARTESIAN_POINT('',(10.180561,-33.636905,1.585));
#15234 = VECTOR('',#15235,1.);
#15235 = DIRECTION('',(-0.710341525922,-0.703857170561,0.));
#15236 = ORIENTED_EDGE('',*,*,#15237,.T.);
#15237 = EDGE_CURVE('',#15230,#15238,#15240,.T.);
#15238 = VERTEX_POINT('',#15239);
#15239 = CARTESIAN_POINT('',(9.945913,-33.810855,1.585));
#15240 = LINE('',#15241,#15242);
#15241 = CARTESIAN_POINT('',(10.062798,-33.753593,1.585));
#15242 = VECTOR('',#15243,1.);
#15243 = DIRECTION('',(-0.898025665436,-0.439943069292,0.));
#15244 = ORIENTED_EDGE('',*,*,#15245,.T.);
#15245 = EDGE_CURVE('',#15238,#15246,#15248,.T.);
#15246 = VERTEX_POINT('',#15247);
#15247 = CARTESIAN_POINT('',(9.737247,-33.860713,1.585));
#15248 = LINE('',#15249,#15250);
#15249 = CARTESIAN_POINT('',(9.945913,-33.810855,1.585));
#15250 = VECTOR('',#15251,1.);
#15251 = DIRECTION('',(-0.972621461126,-0.232395123349,0.));
#15252 = ORIENTED_EDGE('',*,*,#15253,.T.);
#15253 = EDGE_CURVE('',#15246,#15254,#15256,.T.);
#15254 = VERTEX_POINT('',#15255);
#15255 = CARTESIAN_POINT('',(9.5762,-33.858474,1.585));
#15256 = LINE('',#15257,#15258);
#15257 = CARTESIAN_POINT('',(9.737247,-33.860713,1.585));
#15258 = VECTOR('',#15259,1.);
#15259 = DIRECTION('',(-0.999903370449,1.390143030563E-02,0.));
#15260 = ORIENTED_EDGE('',*,*,#15261,.T.);
#15261 = EDGE_CURVE('',#15254,#15262,#15264,.T.);
#15262 = VERTEX_POINT('',#15263);
#15263 = CARTESIAN_POINT('',(9.370373,-33.805176,1.585));
#15264 = LINE('',#15265,#15266);
#15265 = CARTESIAN_POINT('',(9.5762,-33.858474,1.585));
#15266 = VECTOR('',#15267,1.);
#15267 = DIRECTION('',(-0.968070616292,0.250677645339,0.));
#15268 = ORIENTED_EDGE('',*,*,#15269,.T.);
#15269 = EDGE_CURVE('',#15262,#15270,#15272,.T.);
#15270 = VERTEX_POINT('',#15271);
#15271 = CARTESIAN_POINT('',(9.261393,-33.748228,1.585));
#15272 = LINE('',#15273,#15274);
#15273 = CARTESIAN_POINT('',(9.370373,-33.805176,1.585));
#15274 = VECTOR('',#15275,1.);
#15275 = DIRECTION('',(-0.886288266156,0.463134007901,0.));
#15276 = ORIENTED_EDGE('',*,*,#15277,.T.);
#15277 = EDGE_CURVE('',#15270,#15278,#15280,.T.);
#15278 = VERTEX_POINT('',#15279);
#15279 = CARTESIAN_POINT('',(9.148281,-33.632379,1.585));
#15280 = LINE('',#15281,#15282);
#15281 = CARTESIAN_POINT('',(9.261393,-33.748228,1.585));
#15282 = VECTOR('',#15283,1.);
#15283 = DIRECTION('',(-0.698604113258,0.715508415701,0.));
#15284 = ORIENTED_EDGE('',*,*,#15285,.T.);
#15285 = EDGE_CURVE('',#15278,#15286,#15288,.T.);
#15286 = VERTEX_POINT('',#15287);
#15287 = CARTESIAN_POINT('',(9.151078,-33.172617,1.585));
#15288 = CIRCLE('',#15289,0.461058290907);
#15289 = AXIS2_PLACEMENT_3D('',#15290,#15291,#15292);
#15290 = CARTESIAN_POINT('',(9.549331356443,-33.40492931499,1.585));
#15291 = DIRECTION('',(0.,0.,-1.));
#15292 = DIRECTION('',(-0.869847401842,-0.493320886958,-0.));
#15293 = ORIENTED_EDGE('',*,*,#15294,.T.);
#15294 = EDGE_CURVE('',#15286,#15118,#15295,.T.);
#15295 = LINE('',#15296,#15297);
#15296 = CARTESIAN_POINT('',(9.151078,-33.172617,1.585));
#15297 = VECTOR('',#15298,1.);
#15298 = DIRECTION('',(0.707106781187,0.707106781187,0.));
#15299 = PLANE('',#15300);
#15300 = AXIS2_PLACEMENT_3D('',#15301,#15302,#15303);
#15301 = CARTESIAN_POINT('',(0.,0.,1.585));
#15302 = DIRECTION('',(0.,0.,1.));
#15303 = DIRECTION('',(1.,0.,-0.));
#15304 = SHELL_BASED_SURFACE_MODEL('',(#15305));
#15305 = OPEN_SHELL('',(#15306));
#15306 = ADVANCED_FACE('',(#15307),#15482,.T.);
#15307 = FACE_BOUND('',#15308,.F.);
#15308 = EDGE_LOOP('',(#15309,#15319,#15327,#15335,#15343,#15351,#15360,
    #15368,#15377,#15385,#15393,#15401,#15409,#15417,#15426,#15434,
    #15442,#15450,#15459,#15467,#15476));
#15309 = ORIENTED_EDGE('',*,*,#15310,.T.);
#15310 = EDGE_CURVE('',#15311,#15313,#15315,.T.);
#15311 = VERTEX_POINT('',#15312);
#15312 = CARTESIAN_POINT('',(16.221216,-32.318786,1.585));
#15313 = VERTEX_POINT('',#15314);
#15314 = CARTESIAN_POINT('',(16.341663,-32.260726,1.585));
#15315 = LINE('',#15316,#15317);
#15316 = CARTESIAN_POINT('',(16.221216,-32.318786,1.585));
#15317 = VECTOR('',#15318,1.);
#15318 = DIRECTION('',(0.900805720197,0.434222356012,0.));
#15319 = ORIENTED_EDGE('',*,*,#15320,.T.);
#15320 = EDGE_CURVE('',#15313,#15321,#15323,.T.);
#15321 = VERTEX_POINT('',#15322);
#15322 = CARTESIAN_POINT('',(16.458938,-32.260014,1.585));
#15323 = LINE('',#15324,#15325);
#15324 = CARTESIAN_POINT('',(16.341663,-32.260726,1.585));
#15325 = VECTOR('',#15326,1.);
#15326 = DIRECTION('',(0.999981570774,6.071088283018E-03,0.));
#15327 = ORIENTED_EDGE('',*,*,#15328,.T.);
#15328 = EDGE_CURVE('',#15321,#15329,#15331,.T.);
#15329 = VERTEX_POINT('',#15330);
#15330 = CARTESIAN_POINT('',(16.636058,-32.319544,1.585));
#15331 = LINE('',#15332,#15333);
#15332 = CARTESIAN_POINT('',(16.458938,-32.260014,1.585));
#15333 = VECTOR('',#15334,1.);
#15334 = DIRECTION('',(0.947893661994,-0.318586888542,0.));
#15335 = ORIENTED_EDGE('',*,*,#15336,.T.);
#15336 = EDGE_CURVE('',#15329,#15337,#15339,.T.);
#15337 = VERTEX_POINT('',#15338);
#15338 = CARTESIAN_POINT('',(17.090819,-32.772266,1.585));
#15339 = LINE('',#15340,#15341);
#15340 = CARTESIAN_POINT('',(16.636058,-32.319544,1.585));
#15341 = VECTOR('',#15342,1.);
#15342 = DIRECTION('',(0.708693772163,-0.705516220435,0.));
#15343 = ORIENTED_EDGE('',*,*,#15344,.T.);
#15344 = EDGE_CURVE('',#15337,#15345,#15347,.T.);
#15345 = VERTEX_POINT('',#15346);
#15346 = CARTESIAN_POINT('',(17.09226,-32.319653,1.585));
#15347 = LINE('',#15348,#15349);
#15348 = CARTESIAN_POINT('',(17.090819,-32.772266,1.585));
#15349 = VECTOR('',#15350,1.);
#15350 = DIRECTION('',(3.183719197072E-03,0.999994931953,0.));
#15351 = ORIENTED_EDGE('',*,*,#15352,.T.);
#15352 = EDGE_CURVE('',#15345,#15353,#15355,.T.);
#15353 = VERTEX_POINT('',#15354);
#15354 = CARTESIAN_POINT('',(17.240819,-32.334285,1.585));
#15355 = CIRCLE('',#15356,7.500006711464E-02);
#15356 = AXIS2_PLACEMENT_3D('',#15357,#15358,#15359);
#15357 = CARTESIAN_POINT('',(17.165818932885,-32.33428493288,1.585));
#15358 = DIRECTION('',(0.,0.,-1.));
#15359 = DIRECTION('',(-0.980784894138,0.195092263891,0.));
#15360 = ORIENTED_EDGE('',*,*,#15361,.T.);
#15361 = EDGE_CURVE('',#15353,#15362,#15364,.T.);
#15362 = VERTEX_POINT('',#15363);
#15363 = CARTESIAN_POINT('',(17.239378,-32.967964,1.585));
#15364 = LINE('',#15365,#15366);
#15365 = CARTESIAN_POINT('',(17.240819,-32.334285,1.585));
#15366 = VECTOR('',#15367,1.);
#15367 = DIRECTION('',(-2.274016140951E-03,-0.999997414422,0.));
#15368 = ORIENTED_EDGE('',*,*,#15369,.T.);
#15369 = EDGE_CURVE('',#15362,#15370,#15372,.T.);
#15370 = VERTEX_POINT('',#15371);
#15371 = CARTESIAN_POINT('',(17.180451,-33.026891,1.585));
#15372 = CIRCLE('',#15373,7.499663284016E-02);
#15373 = AXIS2_PLACEMENT_3D('',#15374,#15375,#15376);
#15374 = CARTESIAN_POINT('',(17.165821987751,-32.95333498775,1.585));
#15375 = DIRECTION('',(0.,0.,-1.));
#15376 = DIRECTION('',(0.980790863048,-0.195062254064,0.));
#15377 = ORIENTED_EDGE('',*,*,#15378,.T.);
#15378 = EDGE_CURVE('',#15370,#15379,#15381,.T.);
#15379 = VERTEX_POINT('',#15380);
#15380 = CARTESIAN_POINT('',(17.143268,-33.023611,1.585));
#15381 = LINE('',#15382,#15383);
#15382 = CARTESIAN_POINT('',(17.180451,-33.026891,1.585));
#15383 = VECTOR('',#15384,1.);
#15384 = DIRECTION('',(-0.996131850393,8.787113652163E-02,0.));
#15385 = ORIENTED_EDGE('',*,*,#15386,.T.);
#15386 = EDGE_CURVE('',#15379,#15387,#15389,.T.);
#15387 = VERTEX_POINT('',#15388);
#15388 = CARTESIAN_POINT('',(17.112786,-33.006365,1.585));
#15389 = LINE('',#15390,#15391);
#15390 = CARTESIAN_POINT('',(17.143268,-33.023611,1.585));
#15391 = VECTOR('',#15392,1.);
#15392 = DIRECTION('',(-0.870354298731,0.492426029654,0.));
#15393 = ORIENTED_EDGE('',*,*,#15394,.T.);
#15394 = EDGE_CURVE('',#15387,#15395,#15397,.T.);
#15395 = VERTEX_POINT('',#15396);
#15396 = CARTESIAN_POINT('',(16.553876,-32.447456,1.585));
#15397 = LINE('',#15398,#15399);
#15398 = CARTESIAN_POINT('',(17.112786,-33.006365,1.585));
#15399 = VECTOR('',#15400,1.);
#15400 = DIRECTION('',(-0.707107413763,0.707106148609,0.));
#15401 = ORIENTED_EDGE('',*,*,#15402,.T.);
#15402 = EDGE_CURVE('',#15395,#15403,#15405,.T.);
#15403 = VERTEX_POINT('',#15404);
#15404 = CARTESIAN_POINT('',(16.439363,-32.409285,1.585));
#15405 = LINE('',#15406,#15407);
#15406 = CARTESIAN_POINT('',(16.553876,-32.447456,1.585));
#15407 = VECTOR('',#15408,1.);
#15408 = DIRECTION('',(-0.94868329805,0.316227766017,0.));
#15409 = ORIENTED_EDGE('',*,*,#15410,.T.);
#15410 = EDGE_CURVE('',#15403,#15411,#15413,.T.);
#15411 = VERTEX_POINT('',#15412);
#15412 = CARTESIAN_POINT('',(16.374,-32.409285,1.585));
#15413 = LINE('',#15414,#15415);
#15414 = CARTESIAN_POINT('',(16.439363,-32.409285,1.585));
#15415 = VECTOR('',#15416,1.);
#15416 = DIRECTION('',(-1.,0.,0.));
#15417 = ORIENTED_EDGE('',*,*,#15418,.T.);
#15418 = EDGE_CURVE('',#15411,#15419,#15421,.T.);
#15419 = VERTEX_POINT('',#15420);
#15420 = CARTESIAN_POINT('',(16.240819,-32.542466,1.585));
#15421 = CIRCLE('',#15422,0.18686440374);
#15422 = AXIS2_PLACEMENT_3D('',#15423,#15424,#15425);
#15423 = CARTESIAN_POINT('',(16.421536,-32.590002,1.585));
#15424 = DIRECTION('',(0.,0.,1.));
#15425 = DIRECTION('',(-0.254387668538,0.967102328658,0.));
#15426 = ORIENTED_EDGE('',*,*,#15427,.T.);
#15427 = EDGE_CURVE('',#15419,#15428,#15430,.T.);
#15428 = VERTEX_POINT('',#15429);
#15429 = CARTESIAN_POINT('',(16.240819,-32.745151,1.585));
#15430 = LINE('',#15431,#15432);
#15431 = CARTESIAN_POINT('',(16.240819,-32.542466,1.585));
#15432 = VECTOR('',#15433,1.);
#15433 = DIRECTION('',(0.,-1.,0.));
#15434 = ORIENTED_EDGE('',*,*,#15435,.T.);
#15435 = EDGE_CURVE('',#15428,#15436,#15438,.T.);
#15436 = VERTEX_POINT('',#15437);
#15437 = CARTESIAN_POINT('',(16.275077,-32.813667,1.585));
#15438 = LINE('',#15439,#15440);
#15439 = CARTESIAN_POINT('',(16.240819,-32.745151,1.585));
#15440 = VECTOR('',#15441,1.);
#15441 = DIRECTION('',(0.4472135955,-0.894427191,0.));
#15442 = ORIENTED_EDGE('',*,*,#15443,.T.);
#15443 = EDGE_CURVE('',#15436,#15444,#15446,.T.);
#15444 = VERTEX_POINT('',#15445);
#15445 = CARTESIAN_POINT('',(16.323417,-32.864045,1.585));
#15446 = LINE('',#15447,#15448);
#15447 = CARTESIAN_POINT('',(16.275077,-32.813667,1.585));
#15448 = VECTOR('',#15449,1.);
#15449 = DIRECTION('',(0.692361271629,-0.721551016594,0.));
#15450 = ORIENTED_EDGE('',*,*,#15451,.T.);
#15451 = EDGE_CURVE('',#15444,#15452,#15454,.T.);
#15452 = VERTEX_POINT('',#15453);
#15453 = CARTESIAN_POINT('',(16.208024,-32.958746,1.585));
#15454 = CIRCLE('',#15455,7.500003178656E-02);
#15455 = AXIS2_PLACEMENT_3D('',#15456,#15457,#15458);
#15456 = CARTESIAN_POINT('',(16.261056562127,-32.9057125,1.585));
#15457 = DIRECTION('',(0.,0.,-1.));
#15458 = DIRECTION('',(0.831472152581,0.555566431206,0.));
#15459 = ORIENTED_EDGE('',*,*,#15460,.T.);
#15460 = EDGE_CURVE('',#15452,#15461,#15463,.T.);
#15461 = VERTEX_POINT('',#15462);
#15462 = CARTESIAN_POINT('',(16.146356,-32.891635,1.585));
#15463 = LINE('',#15464,#15465);
#15464 = CARTESIAN_POINT('',(16.208024,-32.958746,1.585));
#15465 = VECTOR('',#15466,1.);
#15466 = DIRECTION('',(-0.676615964248,0.736336089652,0.));
#15467 = ORIENTED_EDGE('',*,*,#15468,.T.);
#15468 = EDGE_CURVE('',#15461,#15469,#15471,.T.);
#15469 = VERTEX_POINT('',#15470);
#15470 = CARTESIAN_POINT('',(16.155686,-32.382239,1.585));
#15471 = CIRCLE('',#15472,0.450051227017);
#15472 = AXIS2_PLACEMENT_3D('',#15473,#15474,#15475);
#15473 = CARTESIAN_POINT('',(16.521975324154,-32.64373132866,1.585));
#15474 = DIRECTION('',(0.,0.,-1.));
#15475 = DIRECTION('',(-0.834614598528,-0.550834341634,-0.));
#15476 = ORIENTED_EDGE('',*,*,#15477,.T.);
#15477 = EDGE_CURVE('',#15469,#15311,#15478,.T.);
#15478 = LINE('',#15479,#15480);
#15479 = CARTESIAN_POINT('',(16.155686,-32.382239,1.585));
#15480 = VECTOR('',#15481,1.);
#15481 = DIRECTION('',(0.718400113328,0.695630129574,0.));
#15482 = PLANE('',#15483);
#15483 = AXIS2_PLACEMENT_3D('',#15484,#15485,#15486);
#15484 = CARTESIAN_POINT('',(0.,0.,1.585));
#15485 = DIRECTION('',(0.,0.,1.));
#15486 = DIRECTION('',(1.,0.,-0.));
#15487 = SHELL_BASED_SURFACE_MODEL('',(#15488));
#15488 = OPEN_SHELL('',(#15489));
#15489 = ADVANCED_FACE('',(#15490),#15624,.T.);
#15490 = FACE_BOUND('',#15491,.F.);
#15491 = EDGE_LOOP('',(#15492,#15503,#15511,#15520,#15528,#15536,#15544,
    #15552,#15561,#15569,#15577,#15585,#15594,#15602,#15610,#15618));
#15492 = ORIENTED_EDGE('',*,*,#15493,.T.);
#15493 = EDGE_CURVE('',#15494,#15496,#15498,.T.);
#15494 = VERTEX_POINT('',#15495);
#15495 = CARTESIAN_POINT('',(10.124151,-32.151925,1.585));
#15496 = VERTEX_POINT('',#15497);
#15497 = CARTESIAN_POINT('',(10.240819,-32.214285,1.585));
#15498 = CIRCLE('',#15499,7.500000000003E-02);
#15499 = AXIS2_PLACEMENT_3D('',#15500,#15501,#15502);
#15500 = CARTESIAN_POINT('',(10.165819,-32.21428506555,1.585));
#15501 = DIRECTION('',(0.,0.,-1.));
#15502 = DIRECTION('',(-0.555573333333,0.831467540731,0.));
#15503 = ORIENTED_EDGE('',*,*,#15504,.T.);
#15504 = EDGE_CURVE('',#15496,#15505,#15507,.T.);
#15505 = VERTEX_POINT('',#15506);
#15506 = CARTESIAN_POINT('',(10.239378,-32.800345,1.585));
#15507 = LINE('',#15508,#15509);
#15508 = CARTESIAN_POINT('',(10.240819,-32.214285,1.585));
#15509 = VECTOR('',#15510,1.);
#15510 = DIRECTION('',(-2.45878518261E-03,-0.999996977183,0.));
#15511 = ORIENTED_EDGE('',*,*,#15512,.T.);
#15512 = EDGE_CURVE('',#15505,#15513,#15515,.T.);
#15513 = VERTEX_POINT('',#15514);
#15514 = CARTESIAN_POINT('',(10.090819,-32.785713,1.585));
#15515 = CIRCLE('',#15516,7.500006711464E-02);
#15516 = AXIS2_PLACEMENT_3D('',#15517,#15518,#15519);
#15517 = CARTESIAN_POINT('',(10.165819067115,-32.78571306711,1.585));
#15518 = DIRECTION('',(-0.,0.,-1.));
#15519 = DIRECTION('',(0.980784894138,-0.195092263891,-0.));
#15520 = ORIENTED_EDGE('',*,*,#15521,.T.);
#15521 = EDGE_CURVE('',#15513,#15522,#15524,.T.);
#15522 = VERTEX_POINT('',#15523);
#15523 = CARTESIAN_POINT('',(10.090819,-32.574999,1.585));
#15524 = LINE('',#15525,#15526);
#15525 = CARTESIAN_POINT('',(10.090819,-32.785713,1.585));
#15526 = VECTOR('',#15527,1.);
#15527 = DIRECTION('',(0.,1.,0.));
#15528 = ORIENTED_EDGE('',*,*,#15529,.T.);
#15529 = EDGE_CURVE('',#15522,#15530,#15532,.T.);
#15530 = VERTEX_POINT('',#15531);
#15531 = CARTESIAN_POINT('',(9.394504,-32.574999,1.585));
#15532 = LINE('',#15533,#15534);
#15533 = CARTESIAN_POINT('',(10.090819,-32.574999,1.585));
#15534 = VECTOR('',#15535,1.);
#15535 = DIRECTION('',(-1.,0.,0.));
#15536 = ORIENTED_EDGE('',*,*,#15537,.T.);
#15537 = EDGE_CURVE('',#15530,#15538,#15540,.T.);
#15538 = VERTEX_POINT('',#15539);
#15539 = CARTESIAN_POINT('',(9.467033,-32.650639,1.585));
#15540 = LINE('',#15541,#15542);
#15541 = CARTESIAN_POINT('',(9.394504,-32.574999,1.585));
#15542 = VECTOR('',#15543,1.);
#15543 = DIRECTION('',(0.692107619701,-0.72179432164,0.));
#15544 = ORIENTED_EDGE('',*,*,#15545,.T.);
#15545 = EDGE_CURVE('',#15538,#15546,#15548,.T.);
#15546 = VERTEX_POINT('',#15547);
#15547 = CARTESIAN_POINT('',(9.52387,-32.765903,1.585));
#15548 = LINE('',#15549,#15550);
#15549 = CARTESIAN_POINT('',(9.467033,-32.650639,1.585));
#15550 = VECTOR('',#15551,1.);
#15551 = DIRECTION('',(0.442257930733,-0.896887909777,0.));
#15552 = ORIENTED_EDGE('',*,*,#15553,.T.);
#15553 = EDGE_CURVE('',#15546,#15554,#15556,.T.);
#15554 = VERTEX_POINT('',#15555);
#15555 = CARTESIAN_POINT('',(9.384451,-32.819254,1.585));
#15556 = CIRCLE('',#15557,7.500029440469E-02);
#15557 = AXIS2_PLACEMENT_3D('',#15558,#15559,#15560);
#15558 = CARTESIAN_POINT('',(9.45153305397,-32.78571235132,1.585));
#15559 = DIRECTION('',(0.,0.,-1.));
#15560 = DIRECTION('',(0.964488827732,0.264123647522,0.));
#15561 = ORIENTED_EDGE('',*,*,#15562,.T.);
#15562 = EDGE_CURVE('',#15554,#15563,#15565,.T.);
#15563 = VERTEX_POINT('',#15564);
#15564 = CARTESIAN_POINT('',(9.342275,-32.734902,1.585));
#15565 = LINE('',#15566,#15567);
#15566 = CARTESIAN_POINT('',(9.384451,-32.819254,1.585));
#15567 = VECTOR('',#15568,1.);
#15568 = DIRECTION('',(-0.4472135955,0.894427191,0.));
#15569 = ORIENTED_EDGE('',*,*,#15570,.T.);
#15570 = EDGE_CURVE('',#15563,#15571,#15573,.T.);
#15571 = VERTEX_POINT('',#15572);
#15572 = CARTESIAN_POINT('',(9.260894,-32.653521,1.585));
#15573 = LINE('',#15574,#15575);
#15574 = CARTESIAN_POINT('',(9.342275,-32.734902,1.585));
#15575 = VECTOR('',#15576,1.);
#15576 = DIRECTION('',(-0.707106781187,0.707106781187,0.));
#15577 = ORIENTED_EDGE('',*,*,#15578,.T.);
#15578 = EDGE_CURVE('',#15571,#15579,#15581,.T.);
#15579 = VERTEX_POINT('',#15580);
#15580 = CARTESIAN_POINT('',(9.112841,-32.553087,1.585));
#15581 = LINE('',#15582,#15583);
#15582 = CARTESIAN_POINT('',(9.260894,-32.653521,1.585));
#15583 = VECTOR('',#15584,1.);
#15584 = DIRECTION('',(-0.827555069925,0.561384544,0.));
#15585 = ORIENTED_EDGE('',*,*,#15586,.T.);
#15586 = EDGE_CURVE('',#15579,#15587,#15589,.T.);
#15587 = VERTEX_POINT('',#15588);
#15588 = CARTESIAN_POINT('',(9.165819,-32.424999,1.585));
#15589 = CIRCLE('',#15590,7.499993751709E-02);
#15590 = AXIS2_PLACEMENT_3D('',#15591,#15592,#15593);
#15591 = CARTESIAN_POINT('',(9.165818809027,-32.49999893751,1.585));
#15592 = DIRECTION('',(0.,0.,-1.));
#15593 = DIRECTION('',(-0.706371375515,-0.707841422815,-0.));
#15594 = ORIENTED_EDGE('',*,*,#15595,.T.);
#15595 = EDGE_CURVE('',#15587,#15596,#15598,.T.);
#15596 = VERTEX_POINT('',#15597);
#15597 = CARTESIAN_POINT('',(10.090819,-32.424999,1.585));
#15598 = LINE('',#15599,#15600);
#15599 = CARTESIAN_POINT('',(9.165819,-32.424999,1.585));
#15600 = VECTOR('',#15601,1.);
#15601 = DIRECTION('',(1.,0.,0.));
#15602 = ORIENTED_EDGE('',*,*,#15603,.T.);
#15603 = EDGE_CURVE('',#15596,#15604,#15606,.T.);
#15604 = VERTEX_POINT('',#15605);
#15605 = CARTESIAN_POINT('',(10.09226,-32.199653,1.585));
#15606 = LINE('',#15607,#15608);
#15607 = CARTESIAN_POINT('',(10.090819,-32.424999,1.585));
#15608 = VECTOR('',#15609,1.);
#15609 = DIRECTION('',(6.394480216655E-03,0.999979555102,0.));
#15610 = ORIENTED_EDGE('',*,*,#15611,.T.);
#15611 = EDGE_CURVE('',#15604,#15612,#15614,.T.);
#15612 = VERTEX_POINT('',#15613);
#15613 = CARTESIAN_POINT('',(10.103459,-32.172617,1.585));
#15614 = LINE('',#15615,#15616);
#15615 = CARTESIAN_POINT('',(10.09226,-32.199653,1.585));
#15616 = VECTOR('',#15617,1.);
#15617 = DIRECTION('',(0.38269282806,0.923875640631,0.));
#15618 = ORIENTED_EDGE('',*,*,#15619,.T.);
#15619 = EDGE_CURVE('',#15612,#15494,#15620,.T.);
#15620 = LINE('',#15621,#15622);
#15621 = CARTESIAN_POINT('',(10.103459,-32.172617,1.585));
#15622 = VECTOR('',#15623,1.);
#15623 = DIRECTION('',(0.707106781186,0.707106781187,0.));
#15624 = PLANE('',#15625);
#15625 = AXIS2_PLACEMENT_3D('',#15626,#15627,#15628);
#15626 = CARTESIAN_POINT('',(0.,0.,1.585));
#15627 = DIRECTION('',(0.,0.,1.));
#15628 = DIRECTION('',(1.,0.,-0.));
#15629 = SHELL_BASED_SURFACE_MODEL('',(#15630));
#15630 = OPEN_SHELL('',(#15631));
#15631 = ADVANCED_FACE('',(#15632),#15643,.T.);
#15632 = FACE_BOUND('',#15633,.T.);
#15633 = EDGE_LOOP('',(#15634));
#15634 = ORIENTED_EDGE('',*,*,#15635,.T.);
#15635 = EDGE_CURVE('',#15636,#15636,#15638,.T.);
#15636 = VERTEX_POINT('',#15637);
#15637 = CARTESIAN_POINT('',(6.461,-25.3,1.585));
#15638 = CIRCLE('',#15639,0.2);
#15639 = AXIS2_PLACEMENT_3D('',#15640,#15641,#15642);
#15640 = CARTESIAN_POINT('',(6.261,-25.3,1.585));
#15641 = DIRECTION('',(0.,0.,1.));
#15642 = DIRECTION('',(1.,0.,-0.));
#15643 = PLANE('',#15644);
#15644 = AXIS2_PLACEMENT_3D('',#15645,#15646,#15647);
#15645 = CARTESIAN_POINT('',(0.,0.,1.585));
#15646 = DIRECTION('',(0.,0.,1.));
#15647 = DIRECTION('',(1.,0.,-0.));
#15648 = SHELL_BASED_SURFACE_MODEL('',(#15649));
#15649 = OPEN_SHELL('',(#15650));
#15650 = ADVANCED_FACE('',(#15651),#15818,.T.);
#15651 = FACE_BOUND('',#15652,.F.);
#15652 = EDGE_LOOP('',(#15653,#15664,#15672,#15680,#15688,#15697,#15705,
    #15713,#15721,#15730,#15738,#15747,#15755,#15763,#15771,#15779,
    #15787,#15795,#15804,#15812));
#15653 = ORIENTED_EDGE('',*,*,#15654,.T.);
#15654 = EDGE_CURVE('',#15655,#15657,#15659,.T.);
#15655 = VERTEX_POINT('',#15656);
#15656 = CARTESIAN_POINT('',(40.156386,-24.171342,1.585));
#15657 = VERTEX_POINT('',#15658);
#15658 = CARTESIAN_POINT('',(40.237935,-24.155121,1.585));
#15659 = CIRCLE('',#15660,4.999900691405E-02);
#15660 = AXIS2_PLACEMENT_3D('',#15661,#15662,#15663);
#15661 = CARTESIAN_POINT('',(40.202579486393,-24.19047476005,1.585));
#15662 = DIRECTION('',(0.,0.,-1.));
#15663 = DIRECTION('',(-0.923888077859,0.38266280142,0.));
#15664 = ORIENTED_EDGE('',*,*,#15665,.T.);
#15665 = EDGE_CURVE('',#15657,#15666,#15668,.T.);
#15666 = VERTEX_POINT('',#15667);
#15667 = CARTESIAN_POINT('',(40.801017,-24.718202,1.585));
#15668 = LINE('',#15669,#15670);
#15669 = CARTESIAN_POINT('',(40.237935,-24.155121,1.585));
#15670 = VECTOR('',#15671,1.);
#15671 = DIRECTION('',(0.707107409077,-0.707106153296,0.));
#15672 = ORIENTED_EDGE('',*,*,#15673,.T.);
#15673 = EDGE_CURVE('',#15666,#15674,#15676,.T.);
#15674 = VERTEX_POINT('',#15675);
#15675 = CARTESIAN_POINT('',(40.924979,-24.759523,1.585));
#15676 = LINE('',#15677,#15678);
#15677 = CARTESIAN_POINT('',(40.801017,-24.718202,1.585));
#15678 = VECTOR('',#15679,1.);
#15679 = DIRECTION('',(0.948682532747,-0.316230061919,0.));
#15680 = ORIENTED_EDGE('',*,*,#15681,.T.);
#15681 = EDGE_CURVE('',#15674,#15682,#15684,.T.);
#15682 = VERTEX_POINT('',#15683);
#15683 = CARTESIAN_POINT('',(41.000301,-24.759523,1.585));
#15684 = LINE('',#15685,#15686);
#15685 = CARTESIAN_POINT('',(40.924979,-24.759523,1.585));
#15686 = VECTOR('',#15687,1.);
#15687 = DIRECTION('',(1.,0.,0.));
#15688 = ORIENTED_EDGE('',*,*,#15689,.T.);
#15689 = EDGE_CURVE('',#15682,#15690,#15692,.T.);
#15690 = VERTEX_POINT('',#15691);
#15691 = CARTESIAN_POINT('',(41.15258,-24.607243,1.585));
#15692 = CIRCLE('',#15693,0.215065806118);
#15693 = AXIS2_PLACEMENT_3D('',#15694,#15695,#15696);
#15694 = CARTESIAN_POINT('',(40.944798930766,-24.55174229523,1.585));
#15695 = DIRECTION('',(0.,0.,1.));
#15696 = DIRECTION('',(0.258070170409,-0.966126175582,0.));
#15697 = ORIENTED_EDGE('',*,*,#15698,.T.);
#15698 = EDGE_CURVE('',#15690,#15699,#15701,.T.);
#15699 = VERTEX_POINT('',#15700);
#15700 = CARTESIAN_POINT('',(41.15258,-24.392755,1.585));
#15701 = LINE('',#15702,#15703);
#15702 = CARTESIAN_POINT('',(41.15258,-24.607243,1.585));
#15703 = VECTOR('',#15704,1.);
#15704 = DIRECTION('',(0.,1.,0.));
#15705 = ORIENTED_EDGE('',*,*,#15706,.T.);
#15706 = EDGE_CURVE('',#15699,#15707,#15709,.T.);
#15707 = VERTEX_POINT('',#15708);
#15708 = CARTESIAN_POINT('',(41.113868,-24.315332,1.585));
#15709 = LINE('',#15710,#15711);
#15710 = CARTESIAN_POINT('',(41.15258,-24.392755,1.585));
#15711 = VECTOR('',#15712,1.);
#15712 = DIRECTION('',(-0.447218216472,0.894424880499,0.));
#15713 = ORIENTED_EDGE('',*,*,#15714,.T.);
#15714 = EDGE_CURVE('',#15707,#15715,#15717,.T.);
#15715 = VERTEX_POINT('',#15716);
#15716 = CARTESIAN_POINT('',(41.061148,-24.257229,1.585));
#15717 = LINE('',#15718,#15719);
#15718 = CARTESIAN_POINT('',(41.113868,-24.315332,1.585));
#15719 = VECTOR('',#15720,1.);
#15720 = DIRECTION('',(-0.671968288155,0.74057992122,0.));
#15721 = ORIENTED_EDGE('',*,*,#15722,.T.);
#15722 = EDGE_CURVE('',#15715,#15723,#15725,.T.);
#15723 = VERTEX_POINT('',#15724);
#15724 = CARTESIAN_POINT('',(41.126476,-24.191901,1.585));
#15725 = CIRCLE('',#15726,4.999995591998E-02);
#15726 = AXIS2_PLACEMENT_3D('',#15727,#15728,#15729);
#15727 = CARTESIAN_POINT('',(41.107342,-24.238095,1.585));
#15728 = DIRECTION('',(0.,0.,-1.));
#15729 = DIRECTION('',(-0.923880814494,-0.382680337371,-0.));
#15730 = ORIENTED_EDGE('',*,*,#15731,.T.);
#15731 = EDGE_CURVE('',#15723,#15732,#15734,.T.);
#15732 = VERTEX_POINT('',#15733);
#15733 = CARTESIAN_POINT('',(41.190316,-24.250358,1.585));
#15734 = LINE('',#15735,#15736);
#15735 = CARTESIAN_POINT('',(41.126476,-24.191901,1.585));
#15736 = VECTOR('',#15737,1.);
#15737 = DIRECTION('',(0.737516567078,-0.675329040753,0.));
#15738 = ORIENTED_EDGE('',*,*,#15739,.T.);
#15739 = EDGE_CURVE('',#15732,#15740,#15742,.T.);
#15740 = VERTEX_POINT('',#15741);
#15741 = CARTESIAN_POINT('',(41.190316,-24.749641,1.585));
#15742 = CIRCLE('',#15743,0.428012689861);
#15743 = AXIS2_PLACEMENT_3D('',#15744,#15745,#15746);
#15744 = CARTESIAN_POINT('',(40.842646639601,-24.4999995,1.585));
#15745 = DIRECTION('',(0.,0.,-1.));
#15746 = DIRECTION('',(0.812287506035,0.583257239595,0.));
#15747 = ORIENTED_EDGE('',*,*,#15748,.T.);
#15748 = EDGE_CURVE('',#15740,#15749,#15751,.T.);
#15749 = VERTEX_POINT('',#15750);
#15750 = CARTESIAN_POINT('',(41.129702,-24.806626,1.585));
#15751 = LINE('',#15752,#15753);
#15752 = CARTESIAN_POINT('',(41.190316,-24.749641,1.585));
#15753 = VECTOR('',#15754,1.);
#15754 = DIRECTION('',(-0.728580638816,-0.684960037333,0.));
#15755 = ORIENTED_EDGE('',*,*,#15756,.T.);
#15756 = EDGE_CURVE('',#15749,#15757,#15759,.T.);
#15757 = VERTEX_POINT('',#15758);
#15758 = CARTESIAN_POINT('',(41.023376,-24.85728,1.585));
#15759 = LINE('',#15760,#15761);
#15760 = CARTESIAN_POINT('',(41.129702,-24.806626,1.585));
#15761 = VECTOR('',#15762,1.);
#15762 = DIRECTION('',(-0.902786113268,-0.430089797241,0.));
#15763 = ORIENTED_EDGE('',*,*,#15764,.T.);
#15764 = EDGE_CURVE('',#15757,#15765,#15767,.T.);
#15765 = VERTEX_POINT('',#15766);
#15766 = CARTESIAN_POINT('',(40.901054,-24.856957,1.585));
#15767 = LINE('',#15768,#15769);
#15768 = CARTESIAN_POINT('',(41.023376,-24.85728,1.585));
#15769 = VECTOR('',#15770,1.);
#15770 = DIRECTION('',(-0.999996513709,2.640562400272E-03,0.));
#15771 = ORIENTED_EDGE('',*,*,#15772,.T.);
#15772 = EDGE_CURVE('',#15765,#15773,#15775,.T.);
#15773 = VERTEX_POINT('',#15774);
#15774 = CARTESIAN_POINT('',(40.748214,-24.803647,1.585));
#15775 = LINE('',#15776,#15777);
#15776 = CARTESIAN_POINT('',(40.901054,-24.856957,1.585));
#15777 = VECTOR('',#15778,1.);
#15778 = DIRECTION('',(-0.944212244466,0.329337573623,0.));
#15779 = ORIENTED_EDGE('',*,*,#15780,.T.);
#15780 = EDGE_CURVE('',#15773,#15781,#15783,.T.);
#15781 = VERTEX_POINT('',#15782);
#15782 = CARTESIAN_POINT('',(40.25258,-24.311185,1.585));
#15783 = LINE('',#15784,#15785);
#15784 = CARTESIAN_POINT('',(40.748214,-24.803647,1.585));
#15785 = VECTOR('',#15786,1.);
#15786 = DIRECTION('',(-0.709373090348,0.704833185009,0.));
#15787 = ORIENTED_EDGE('',*,*,#15788,.T.);
#15788 = EDGE_CURVE('',#15781,#15789,#15791,.T.);
#15789 = VERTEX_POINT('',#15790);
#15790 = CARTESIAN_POINT('',(40.25258,-24.809523,1.585));
#15791 = LINE('',#15792,#15793);
#15792 = CARTESIAN_POINT('',(40.25258,-24.311185,1.585));
#15793 = VECTOR('',#15794,1.);
#15794 = DIRECTION('',(0.,-1.,0.));
#15795 = ORIENTED_EDGE('',*,*,#15796,.T.);
#15796 = EDGE_CURVE('',#15789,#15797,#15799,.T.);
#15797 = VERTEX_POINT('',#15798);
#15798 = CARTESIAN_POINT('',(40.15258,-24.809523,1.585));
#15799 = CIRCLE('',#15800,5.000000000002E-02);
#15800 = AXIS2_PLACEMENT_3D('',#15801,#15802,#15803);
#15801 = CARTESIAN_POINT('',(40.20258,-24.80952295228,1.585));
#15802 = DIRECTION('',(-0.,0.,-1.));
#15803 = DIRECTION('',(1.,-9.542365830834E-07,-0.));
#15804 = ORIENTED_EDGE('',*,*,#15805,.T.);
#15805 = EDGE_CURVE('',#15797,#15806,#15808,.T.);
#15806 = VERTEX_POINT('',#15807);
#15807 = CARTESIAN_POINT('',(40.15258,-24.190476,1.585));
#15808 = LINE('',#15809,#15810);
#15809 = CARTESIAN_POINT('',(40.15258,-24.809523,1.585));
#15810 = VECTOR('',#15811,1.);
#15811 = DIRECTION('',(0.,1.,0.));
#15812 = ORIENTED_EDGE('',*,*,#15813,.T.);
#15813 = EDGE_CURVE('',#15806,#15655,#15814,.T.);
#15814 = LINE('',#15815,#15816);
#15815 = CARTESIAN_POINT('',(40.15258,-24.190476,1.585));
#15816 = VECTOR('',#15817,1.);
#15817 = DIRECTION('',(0.195090852694,0.980785174845,0.));
#15818 = PLANE('',#15819);
#15819 = AXIS2_PLACEMENT_3D('',#15820,#15821,#15822);
#15820 = CARTESIAN_POINT('',(0.,0.,1.585));
#15821 = DIRECTION('',(0.,0.,1.));
#15822 = DIRECTION('',(1.,0.,-0.));
#15823 = SHELL_BASED_SURFACE_MODEL('',(#15824));
#15824 = OPEN_SHELL('',(#15825));
#15825 = ADVANCED_FACE('',(#15826),#15945,.T.);
#15826 = FACE_BOUND('',#15827,.F.);
#15827 = EDGE_LOOP('',(#15828,#15838,#15846,#15855,#15863,#15872,#15880,
    #15889,#15897,#15906,#15914,#15922,#15930,#15939));
#15828 = ORIENTED_EDGE('',*,*,#15829,.T.);
#15829 = EDGE_CURVE('',#15830,#15832,#15834,.T.);
#15830 = VERTEX_POINT('',#15831);
#15831 = CARTESIAN_POINT('',(40.275458,-23.240993,1.585));
#15832 = VERTEX_POINT('',#15833);
#15833 = CARTESIAN_POINT('',(40.381784,-23.190337,1.585));
#15834 = LINE('',#15835,#15836);
#15835 = CARTESIAN_POINT('',(40.275458,-23.240993,1.585));
#15836 = VECTOR('',#15837,1.);
#15837 = DIRECTION('',(0.902779519658,0.430103637378,0.));
#15838 = ORIENTED_EDGE('',*,*,#15839,.T.);
#15839 = EDGE_CURVE('',#15832,#15840,#15842,.T.);
#15840 = VERTEX_POINT('',#15841);
#15841 = CARTESIAN_POINT('',(41.20258,-23.188095,1.585));
#15842 = LINE('',#15843,#15844);
#15843 = CARTESIAN_POINT('',(40.381784,-23.190337,1.585));
#15844 = VECTOR('',#15845,1.);
#15845 = DIRECTION('',(0.999996269489,2.731484602987E-03,0.));
#15846 = ORIENTED_EDGE('',*,*,#15847,.T.);
#15847 = EDGE_CURVE('',#15840,#15848,#15850,.T.);
#15848 = VERTEX_POINT('',#15849);
#15849 = CARTESIAN_POINT('',(41.20258,-23.288095,1.585));
#15850 = CIRCLE('',#15851,5.000000000002E-02);
#15851 = AXIS2_PLACEMENT_3D('',#15852,#15853,#15854);
#15852 = CARTESIAN_POINT('',(41.202579952288,-23.238095,1.585));
#15853 = DIRECTION('',(0.,0.,-1.));
#15854 = DIRECTION('',(9.54236440975E-07,1.,0.));
#15855 = ORIENTED_EDGE('',*,*,#15856,.T.);
#15856 = EDGE_CURVE('',#15848,#15857,#15859,.T.);
#15857 = VERTEX_POINT('',#15858);
#15858 = CARTESIAN_POINT('',(40.404861,-23.288095,1.585));
#15859 = LINE('',#15860,#15861);
#15860 = CARTESIAN_POINT('',(41.20258,-23.288095,1.585));
#15861 = VECTOR('',#15862,1.);
#15862 = DIRECTION('',(-1.,0.,0.));
#15863 = ORIENTED_EDGE('',*,*,#15864,.T.);
#15864 = EDGE_CURVE('',#15857,#15865,#15867,.T.);
#15865 = VERTEX_POINT('',#15866);
#15866 = CARTESIAN_POINT('',(40.25258,-23.440374,1.585));
#15867 = CIRCLE('',#15868,0.215063031663);
#15868 = AXIS2_PLACEMENT_3D('',#15869,#15870,#15871);
#15869 = CARTESIAN_POINT('',(40.460358361586,-23.49587409049,1.585));
#15870 = DIRECTION('',(0.,0.,1.));
#15871 = DIRECTION('',(-0.258051610067,0.966131133202,0.));
#15872 = ORIENTED_EDGE('',*,*,#15873,.T.);
#15873 = EDGE_CURVE('',#15865,#15874,#15876,.T.);
#15874 = VERTEX_POINT('',#15875);
#15875 = CARTESIAN_POINT('',(40.25258,-23.607243,1.585));
#15876 = LINE('',#15877,#15878);
#15877 = CARTESIAN_POINT('',(40.25258,-23.440374,1.585));
#15878 = VECTOR('',#15879,1.);
#15879 = DIRECTION('',(0.,-1.,0.));
#15880 = ORIENTED_EDGE('',*,*,#15881,.T.);
#15881 = EDGE_CURVE('',#15874,#15882,#15884,.T.);
#15882 = VERTEX_POINT('',#15883);
#15883 = CARTESIAN_POINT('',(40.404861,-23.759523,1.585));
#15884 = CIRCLE('',#15885,0.215063792962);
#15885 = AXIS2_PLACEMENT_3D('',#15886,#15887,#15888);
#15886 = CARTESIAN_POINT('',(40.460359271096,-23.55174336445,1.585));
#15887 = DIRECTION('',(0.,0.,1.));
#15888 = DIRECTION('',(-0.966128552996,-0.258061270024,0.));
#15889 = ORIENTED_EDGE('',*,*,#15890,.T.);
#15890 = EDGE_CURVE('',#15882,#15891,#15893,.T.);
#15891 = VERTEX_POINT('',#15892);
#15892 = CARTESIAN_POINT('',(41.20258,-23.759523,1.585));
#15893 = LINE('',#15894,#15895);
#15894 = CARTESIAN_POINT('',(40.404861,-23.759523,1.585));
#15895 = VECTOR('',#15896,1.);
#15896 = DIRECTION('',(1.,0.,0.));
#15897 = ORIENTED_EDGE('',*,*,#15898,.T.);
#15898 = EDGE_CURVE('',#15891,#15899,#15901,.T.);
#15899 = VERTEX_POINT('',#15900);
#15900 = CARTESIAN_POINT('',(41.20258,-23.859523,1.585));
#15901 = CIRCLE('',#15902,5.000000000002E-02);
#15902 = AXIS2_PLACEMENT_3D('',#15903,#15904,#15905);
#15903 = CARTESIAN_POINT('',(41.202579952288,-23.809523,1.585));
#15904 = DIRECTION('',(0.,0.,-1.));
#15905 = DIRECTION('',(9.542364409749E-07,1.,0.));
#15906 = ORIENTED_EDGE('',*,*,#15907,.T.);
#15907 = EDGE_CURVE('',#15899,#15908,#15910,.T.);
#15908 = VERTEX_POINT('',#15909);
#15909 = CARTESIAN_POINT('',(40.381784,-23.85728,1.585));
#15910 = LINE('',#15911,#15912);
#15911 = CARTESIAN_POINT('',(41.20258,-23.859523,1.585));
#15912 = VECTOR('',#15913,1.);
#15913 = DIRECTION('',(-0.99999626616,2.732702918871E-03,0.));
#15914 = ORIENTED_EDGE('',*,*,#15915,.T.);
#15915 = EDGE_CURVE('',#15908,#15916,#15918,.T.);
#15916 = VERTEX_POINT('',#15917);
#15917 = CARTESIAN_POINT('',(40.262463,-23.797259,1.585));
#15918 = LINE('',#15919,#15920);
#15919 = CARTESIAN_POINT('',(40.381784,-23.85728,1.585));
#15920 = VECTOR('',#15921,1.);
#15921 = DIRECTION('',(-0.893344973043,0.449371515718,0.));
#15922 = ORIENTED_EDGE('',*,*,#15923,.T.);
#15923 = EDGE_CURVE('',#15916,#15924,#15926,.T.);
#15924 = VERTEX_POINT('',#15925);
#15925 = CARTESIAN_POINT('',(40.205479,-23.736646,1.585));
#15926 = LINE('',#15927,#15928);
#15927 = CARTESIAN_POINT('',(40.262463,-23.797259,1.585));
#15928 = VECTOR('',#15929,1.);
#15929 = DIRECTION('',(-0.684959655317,0.72858099796,0.));
#15930 = ORIENTED_EDGE('',*,*,#15931,.T.);
#15931 = EDGE_CURVE('',#15924,#15932,#15934,.T.);
#15932 = VERTEX_POINT('',#15933);
#15933 = CARTESIAN_POINT('',(40.214845,-23.297978,1.585));
#15934 = CIRCLE('',#15935,0.375843268046);
#15935 = AXIS2_PLACEMENT_3D('',#15936,#15937,#15938);
#15936 = CARTESIAN_POINT('',(40.515262628068,-23.52382620318,1.585));
#15937 = DIRECTION('',(0.,0.,-1.));
#15938 = DIRECTION('',(-0.824236202708,-0.566246132124,-0.));
#15939 = ORIENTED_EDGE('',*,*,#15940,.T.);
#15940 = EDGE_CURVE('',#15932,#15830,#15941,.T.);
#15941 = LINE('',#15942,#15943);
#15942 = CARTESIAN_POINT('',(40.214845,-23.297978,1.585));
#15943 = VECTOR('',#15944,1.);
#15944 = DIRECTION('',(0.728574999312,0.68496603593,0.));
#15945 = PLANE('',#15946);
#15946 = AXIS2_PLACEMENT_3D('',#15947,#15948,#15949);
#15947 = CARTESIAN_POINT('',(0.,0.,1.585));
#15948 = DIRECTION('',(0.,0.,1.));
#15949 = DIRECTION('',(1.,0.,-0.));
#15950 = SHELL_BASED_SURFACE_MODEL('',(#15951));
#15951 = OPEN_SHELL('',(#15952));
#15952 = ADVANCED_FACE('',(#15953),#16047,.T.);
#15953 = FACE_BOUND('',#15954,.F.);
#15954 = EDGE_LOOP('',(#15955,#15966,#15974,#15982,#15990,#15999,#16007,
    #16016,#16024,#16033,#16041));
#15955 = ORIENTED_EDGE('',*,*,#15956,.T.);
#15956 = EDGE_CURVE('',#15957,#15959,#15961,.T.);
#15957 = VERTEX_POINT('',#15958);
#15958 = CARTESIAN_POINT('',(4.845334,-19.9257,1.585));
#15959 = VERTEX_POINT('',#15960);
#15960 = CARTESIAN_POINT('',(4.9675,-19.95,1.585));
#15961 = CIRCLE('',#15962,6.349983287265E-02);
#15962 = AXIS2_PLACEMENT_3D('',#15963,#15964,#15965);
#15963 = CARTESIAN_POINT('',(4.904000167129,-19.95000040348,1.585));
#15964 = DIRECTION('',(0.,0.,-1.));
#15965 = DIRECTION('',(-0.923879079277,0.382684526568,0.));
#15966 = ORIENTED_EDGE('',*,*,#15967,.T.);
#15967 = EDGE_CURVE('',#15959,#15968,#15970,.T.);
#15968 = VERTEX_POINT('',#15969);
#15969 = CARTESIAN_POINT('',(4.9675,-21.5785,1.585));
#15970 = LINE('',#15971,#15972);
#15971 = CARTESIAN_POINT('',(4.9675,-19.95,1.585));
#15972 = VECTOR('',#15973,1.);
#15973 = DIRECTION('',(0.,-1.,0.));
#15974 = ORIENTED_EDGE('',*,*,#15975,.T.);
#15975 = EDGE_CURVE('',#15968,#15976,#15978,.T.);
#15976 = VERTEX_POINT('',#15977);
#15977 = CARTESIAN_POINT('',(15.2545,-21.5785,1.585));
#15978 = LINE('',#15979,#15980);
#15979 = CARTESIAN_POINT('',(4.9675,-21.5785,1.585));
#15980 = VECTOR('',#15981,1.);
#15981 = DIRECTION('',(1.,0.,0.));
#15982 = ORIENTED_EDGE('',*,*,#15983,.T.);
#15983 = EDGE_CURVE('',#15976,#15984,#15986,.T.);
#15984 = VERTEX_POINT('',#15985);
#15985 = CARTESIAN_POINT('',(15.2545,-19.95,1.585));
#15986 = LINE('',#15987,#15988);
#15987 = CARTESIAN_POINT('',(15.2545,-21.5785,1.585));
#15988 = VECTOR('',#15989,1.);
#15989 = DIRECTION('',(0.,1.,0.));
#15990 = ORIENTED_EDGE('',*,*,#15991,.T.);
#15991 = EDGE_CURVE('',#15984,#15992,#15994,.T.);
#15992 = VERTEX_POINT('',#15993);
#15993 = CARTESIAN_POINT('',(15.3815,-19.95,1.585));
#15994 = CIRCLE('',#15995,6.350000000209E-02);
#15995 = AXIS2_PLACEMENT_3D('',#15996,#15997,#15998);
#15996 = CARTESIAN_POINT('',(15.318,-19.95000051515,1.585));
#15997 = DIRECTION('',(0.,0.,-1.));
#15998 = DIRECTION('',(-0.999999999967,8.112654862584E-06,0.));
#15999 = ORIENTED_EDGE('',*,*,#16000,.T.);
#16000 = EDGE_CURVE('',#15992,#16001,#16003,.T.);
#16001 = VERTEX_POINT('',#16002);
#16002 = CARTESIAN_POINT('',(15.3815,-21.642,1.585));
#16003 = LINE('',#16004,#16005);
#16004 = CARTESIAN_POINT('',(15.3815,-19.95,1.585));
#16005 = VECTOR('',#16006,1.);
#16006 = DIRECTION('',(0.,-1.,0.));
#16007 = ORIENTED_EDGE('',*,*,#16008,.T.);
#16008 = EDGE_CURVE('',#16001,#16009,#16011,.T.);
#16009 = VERTEX_POINT('',#16010);
#16010 = CARTESIAN_POINT('',(15.318,-21.7055,1.585));
#16011 = CIRCLE('',#16012,6.350155257215E-02);
#16012 = AXIS2_PLACEMENT_3D('',#16013,#16014,#16015);
#16013 = CARTESIAN_POINT('',(15.317998447447,-21.64199844744,1.585));
#16014 = DIRECTION('',(0.,0.,-1.));
#16015 = DIRECTION('',(0.999999999701,-2.444905842151E-05,0.));
#16016 = ORIENTED_EDGE('',*,*,#16017,.T.);
#16017 = EDGE_CURVE('',#16009,#16018,#16020,.T.);
#16018 = VERTEX_POINT('',#16019);
#16019 = CARTESIAN_POINT('',(4.904,-21.7055,1.585));
#16020 = LINE('',#16021,#16022);
#16021 = CARTESIAN_POINT('',(15.318,-21.7055,1.585));
#16022 = VECTOR('',#16023,1.);
#16023 = DIRECTION('',(-1.,0.,0.));
#16024 = ORIENTED_EDGE('',*,*,#16025,.T.);
#16025 = EDGE_CURVE('',#16018,#16026,#16028,.T.);
#16026 = VERTEX_POINT('',#16027);
#16027 = CARTESIAN_POINT('',(4.8405,-21.642,1.585));
#16028 = CIRCLE('',#16029,6.350155257216E-02);
#16029 = AXIS2_PLACEMENT_3D('',#16030,#16031,#16032);
#16030 = CARTESIAN_POINT('',(4.904001552553,-21.64199844744,1.585));
#16031 = DIRECTION('',(0.,0.,-1.));
#16032 = DIRECTION('',(-2.444905856138E-05,-0.999999999701,-0.));
#16033 = ORIENTED_EDGE('',*,*,#16034,.T.);
#16034 = EDGE_CURVE('',#16026,#16035,#16037,.T.);
#16035 = VERTEX_POINT('',#16036);
#16036 = CARTESIAN_POINT('',(4.8405,-19.95,1.585));
#16037 = LINE('',#16038,#16039);
#16038 = CARTESIAN_POINT('',(4.8405,-21.642,1.585));
#16039 = VECTOR('',#16040,1.);
#16040 = DIRECTION('',(0.,1.,0.));
#16041 = ORIENTED_EDGE('',*,*,#16042,.T.);
#16042 = EDGE_CURVE('',#16035,#15957,#16043,.T.);
#16043 = LINE('',#16044,#16045);
#16044 = CARTESIAN_POINT('',(4.8405,-19.95,1.585));
#16045 = VECTOR('',#16046,1.);
#16046 = DIRECTION('',(0.195106996365,0.980781963522,0.));
#16047 = PLANE('',#16048);
#16048 = AXIS2_PLACEMENT_3D('',#16049,#16050,#16051);
#16049 = CARTESIAN_POINT('',(0.,0.,1.585));
#16050 = DIRECTION('',(0.,0.,1.));
#16051 = DIRECTION('',(1.,0.,-0.));
#16052 = SHELL_BASED_SURFACE_MODEL('',(#16053));
#16053 = OPEN_SHELL('',(#16054));
#16054 = ADVANCED_FACE('',(#16055),#16159,.T.);
#16055 = FACE_BOUND('',#16056,.F.);
#16056 = EDGE_LOOP('',(#16057,#16068,#16076,#16085,#16093,#16102,#16110,
    #16119,#16127,#16136,#16144,#16153));
#16057 = ORIENTED_EDGE('',*,*,#16058,.T.);
#16058 = EDGE_CURVE('',#16059,#16061,#16063,.T.);
#16059 = VERTEX_POINT('',#16060);
#16060 = CARTESIAN_POINT('',(2.916187,-20.039035,1.585));
#16061 = VERTEX_POINT('',#16062);
#16062 = CARTESIAN_POINT('',(2.930819,-19.890476,1.585));
#16063 = CIRCLE('',#16064,7.500006711464E-02);
#16064 = AXIS2_PLACEMENT_3D('',#16065,#16066,#16067);
#16065 = CARTESIAN_POINT('',(2.930818932885,-19.96547606711,1.585));
#16066 = DIRECTION('',(0.,0.,-1.));
#16067 = DIRECTION('',(-0.195092263891,-0.980784894138,-0.));
#16068 = ORIENTED_EDGE('',*,*,#16069,.T.);
#16069 = EDGE_CURVE('',#16061,#16070,#16072,.T.);
#16070 = VERTEX_POINT('',#16071);
#16071 = CARTESIAN_POINT('',(3.754974,-19.891917,1.585));
#16072 = LINE('',#16073,#16074);
#16073 = CARTESIAN_POINT('',(2.930819,-19.890476,1.585));
#16074 = VECTOR('',#16075,1.);
#16075 = DIRECTION('',(0.999998471452,-1.748454838424E-03,0.));
#16076 = ORIENTED_EDGE('',*,*,#16077,.T.);
#16077 = EDGE_CURVE('',#16070,#16078,#16080,.T.);
#16078 = VERTEX_POINT('',#16079);
#16079 = CARTESIAN_POINT('',(4.004378,-20.14132,1.585));
#16080 = CIRCLE('',#16081,0.347873191155);
#16081 = AXIS2_PLACEMENT_3D('',#16082,#16083,#16084);
#16082 = CARTESIAN_POINT('',(3.667644936593,-20.22865041356,1.585));
#16083 = DIRECTION('',(0.,0.,-1.));
#16084 = DIRECTION('',(0.251037060709,0.967977476055,0.));
#16085 = ORIENTED_EDGE('',*,*,#16086,.T.);
#16086 = EDGE_CURVE('',#16078,#16087,#16089,.T.);
#16087 = VERTEX_POINT('',#16088);
#16088 = CARTESIAN_POINT('',(4.003156,-20.366238,1.585));
#16089 = LINE('',#16090,#16091);
#16090 = CARTESIAN_POINT('',(4.004378,-20.14132,1.585));
#16091 = VECTOR('',#16092,1.);
#16092 = DIRECTION('',(-5.433010984485E-03,-0.999985241087,0.));
#16093 = ORIENTED_EDGE('',*,*,#16094,.T.);
#16094 = EDGE_CURVE('',#16087,#16095,#16097,.T.);
#16095 = VERTEX_POINT('',#16096);
#16096 = CARTESIAN_POINT('',(3.754974,-20.610463,1.585));
#16097 = CIRCLE('',#16098,0.348632713765);
#16098 = AXIS2_PLACEMENT_3D('',#16099,#16100,#16101);
#16099 = CARTESIAN_POINT('',(3.667205973942,-20.27305887627,1.585));
#16100 = DIRECTION('',(0.,0.,-1.));
#16101 = DIRECTION('',(0.963621636162,-0.267270167283,0.));
#16102 = ORIENTED_EDGE('',*,*,#16103,.T.);
#16103 = EDGE_CURVE('',#16095,#16104,#16106,.T.);
#16104 = VERTEX_POINT('',#16105);
#16105 = CARTESIAN_POINT('',(2.916187,-20.610463,1.585));
#16106 = LINE('',#16107,#16108);
#16107 = CARTESIAN_POINT('',(3.754974,-20.610463,1.585));
#16108 = VECTOR('',#16109,1.);
#16109 = DIRECTION('',(-1.,0.,0.));
#16110 = ORIENTED_EDGE('',*,*,#16111,.T.);
#16111 = EDGE_CURVE('',#16104,#16112,#16114,.T.);
#16112 = VERTEX_POINT('',#16113);
#16113 = CARTESIAN_POINT('',(2.930819,-20.461904,1.585));
#16114 = CIRCLE('',#16115,7.500006711464E-02);
#16115 = AXIS2_PLACEMENT_3D('',#16116,#16117,#16118);
#16116 = CARTESIAN_POINT('',(2.930818932885,-20.53690406711,1.585));
#16117 = DIRECTION('',(0.,0.,-1.));
#16118 = DIRECTION('',(-0.195092263891,-0.980784894138,-0.));
#16119 = ORIENTED_EDGE('',*,*,#16120,.T.);
#16120 = EDGE_CURVE('',#16112,#16121,#16123,.T.);
#16121 = VERTEX_POINT('',#16122);
#16122 = CARTESIAN_POINT('',(3.722637,-20.461904,1.585));
#16123 = LINE('',#16124,#16125);
#16124 = CARTESIAN_POINT('',(2.930819,-20.461904,1.585));
#16125 = VECTOR('',#16126,1.);
#16126 = DIRECTION('',(1.,0.,0.));
#16127 = ORIENTED_EDGE('',*,*,#16128,.T.);
#16128 = EDGE_CURVE('',#16121,#16129,#16131,.T.);
#16129 = VERTEX_POINT('',#16130);
#16130 = CARTESIAN_POINT('',(3.855819,-20.328723,1.585));
#16131 = CIRCLE('',#16132,0.186872595955);
#16132 = AXIS2_PLACEMENT_3D('',#16133,#16134,#16135);
#16133 = CARTESIAN_POINT('',(3.67509536766,-20.28118001068,1.585));
#16134 = DIRECTION('',(0.,0.,1.));
#16135 = DIRECTION('',(0.254406656561,-0.967097333828,0.));
#16136 = ORIENTED_EDGE('',*,*,#16137,.T.);
#16137 = EDGE_CURVE('',#16129,#16138,#16140,.T.);
#16138 = VERTEX_POINT('',#16139);
#16139 = CARTESIAN_POINT('',(3.855819,-20.173657,1.585));
#16140 = LINE('',#16141,#16142);
#16141 = CARTESIAN_POINT('',(3.855819,-20.328723,1.585));
#16142 = VECTOR('',#16143,1.);
#16143 = DIRECTION('',(0.,1.,0.));
#16144 = ORIENTED_EDGE('',*,*,#16145,.T.);
#16145 = EDGE_CURVE('',#16138,#16146,#16148,.T.);
#16146 = VERTEX_POINT('',#16147);
#16147 = CARTESIAN_POINT('',(3.722637,-20.040476,1.585));
#16148 = CIRCLE('',#16149,0.18686362259);
#16149 = AXIS2_PLACEMENT_3D('',#16150,#16151,#16152);
#16150 = CARTESIAN_POINT('',(3.675102713837,-20.22119264308,1.585));
#16151 = DIRECTION('',(0.,0.,1.));
#16152 = DIRECTION('',(0.967102551356,0.25438682191,-0.));
#16153 = ORIENTED_EDGE('',*,*,#16154,.T.);
#16154 = EDGE_CURVE('',#16146,#16059,#16155,.T.);
#16155 = LINE('',#16156,#16157);
#16156 = CARTESIAN_POINT('',(3.722637,-20.040476,1.585));
#16157 = VECTOR('',#16158,1.);
#16158 = DIRECTION('',(-0.999998403599,1.786840721172E-03,0.));
#16159 = PLANE('',#16160);
#16160 = AXIS2_PLACEMENT_3D('',#16161,#16162,#16163);
#16161 = CARTESIAN_POINT('',(0.,0.,1.585));
#16162 = DIRECTION('',(0.,0.,1.));
#16163 = DIRECTION('',(1.,0.,-0.));
#16164 = SHELL_BASED_SURFACE_MODEL('',(#16165));
#16165 = OPEN_SHELL('',(#16166));
#16166 = ADVANCED_FACE('',(#16167),#16301,.T.);
#16167 = FACE_BOUND('',#16168,.F.);
#16168 = EDGE_LOOP('',(#16169,#16180,#16188,#16197,#16205,#16213,#16221,
    #16229,#16238,#16246,#16254,#16262,#16271,#16279,#16287,#16295));
#16169 = ORIENTED_EDGE('',*,*,#16170,.T.);
#16170 = EDGE_CURVE('',#16171,#16173,#16175,.T.);
#16171 = VERTEX_POINT('',#16172);
#16172 = CARTESIAN_POINT('',(3.889151,-18.903116,1.585));
#16173 = VERTEX_POINT('',#16174);
#16174 = CARTESIAN_POINT('',(4.005819,-18.965476,1.585));
#16175 = CIRCLE('',#16176,7.500000000003E-02);
#16176 = AXIS2_PLACEMENT_3D('',#16177,#16178,#16179);
#16177 = CARTESIAN_POINT('',(3.930819,-18.96547606555,1.585));
#16178 = DIRECTION('',(0.,0.,-1.));
#16179 = DIRECTION('',(-0.555573333333,0.831467540731,0.));
#16180 = ORIENTED_EDGE('',*,*,#16181,.T.);
#16181 = EDGE_CURVE('',#16173,#16182,#16184,.T.);
#16182 = VERTEX_POINT('',#16183);
#16183 = CARTESIAN_POINT('',(4.004378,-19.551536,1.585));
#16184 = LINE('',#16185,#16186);
#16185 = CARTESIAN_POINT('',(4.005819,-18.965476,1.585));
#16186 = VECTOR('',#16187,1.);
#16187 = DIRECTION('',(-2.458785182611E-03,-0.999996977183,0.));
#16188 = ORIENTED_EDGE('',*,*,#16189,.T.);
#16189 = EDGE_CURVE('',#16182,#16190,#16192,.T.);
#16190 = VERTEX_POINT('',#16191);
#16191 = CARTESIAN_POINT('',(3.855819,-19.536904,1.585));
#16192 = CIRCLE('',#16193,7.500006711464E-02);
#16193 = AXIS2_PLACEMENT_3D('',#16194,#16195,#16196);
#16194 = CARTESIAN_POINT('',(3.930819067115,-19.53690406711,1.585));
#16195 = DIRECTION('',(-0.,0.,-1.));
#16196 = DIRECTION('',(0.980784894138,-0.195092263891,-0.));
#16197 = ORIENTED_EDGE('',*,*,#16198,.T.);
#16198 = EDGE_CURVE('',#16190,#16199,#16201,.T.);
#16199 = VERTEX_POINT('',#16200);
#16200 = CARTESIAN_POINT('',(3.855819,-19.32619,1.585));
#16201 = LINE('',#16202,#16203);
#16202 = CARTESIAN_POINT('',(3.855819,-19.536904,1.585));
#16203 = VECTOR('',#16204,1.);
#16204 = DIRECTION('',(0.,1.,0.));
#16205 = ORIENTED_EDGE('',*,*,#16206,.T.);
#16206 = EDGE_CURVE('',#16199,#16207,#16209,.T.);
#16207 = VERTEX_POINT('',#16208);
#16208 = CARTESIAN_POINT('',(3.159504,-19.32619,1.585));
#16209 = LINE('',#16210,#16211);
#16210 = CARTESIAN_POINT('',(3.855819,-19.32619,1.585));
#16211 = VECTOR('',#16212,1.);
#16212 = DIRECTION('',(-1.,0.,0.));
#16213 = ORIENTED_EDGE('',*,*,#16214,.T.);
#16214 = EDGE_CURVE('',#16207,#16215,#16217,.T.);
#16215 = VERTEX_POINT('',#16216);
#16216 = CARTESIAN_POINT('',(3.232033,-19.40183,1.585));
#16217 = LINE('',#16218,#16219);
#16218 = CARTESIAN_POINT('',(3.159504,-19.32619,1.585));
#16219 = VECTOR('',#16220,1.);
#16220 = DIRECTION('',(0.692107619701,-0.72179432164,0.));
#16221 = ORIENTED_EDGE('',*,*,#16222,.T.);
#16222 = EDGE_CURVE('',#16215,#16223,#16225,.T.);
#16223 = VERTEX_POINT('',#16224);
#16224 = CARTESIAN_POINT('',(3.28887,-19.517094,1.585));
#16225 = LINE('',#16226,#16227);
#16226 = CARTESIAN_POINT('',(3.232033,-19.40183,1.585));
#16227 = VECTOR('',#16228,1.);
#16228 = DIRECTION('',(0.442257930733,-0.896887909777,0.));
#16229 = ORIENTED_EDGE('',*,*,#16230,.T.);
#16230 = EDGE_CURVE('',#16223,#16231,#16233,.T.);
#16231 = VERTEX_POINT('',#16232);
#16232 = CARTESIAN_POINT('',(3.149451,-19.570445,1.585));
#16233 = CIRCLE('',#16234,7.500029440469E-02);
#16234 = AXIS2_PLACEMENT_3D('',#16235,#16236,#16237);
#16235 = CARTESIAN_POINT('',(3.21653305397,-19.53690335132,1.585));
#16236 = DIRECTION('',(0.,0.,-1.));
#16237 = DIRECTION('',(0.964488827732,0.264123647522,0.));
#16238 = ORIENTED_EDGE('',*,*,#16239,.T.);
#16239 = EDGE_CURVE('',#16231,#16240,#16242,.T.);
#16240 = VERTEX_POINT('',#16241);
#16241 = CARTESIAN_POINT('',(3.107275,-19.486093,1.585));
#16242 = LINE('',#16243,#16244);
#16243 = CARTESIAN_POINT('',(3.149451,-19.570445,1.585));
#16244 = VECTOR('',#16245,1.);
#16245 = DIRECTION('',(-0.4472135955,0.894427191,0.));
#16246 = ORIENTED_EDGE('',*,*,#16247,.T.);
#16247 = EDGE_CURVE('',#16240,#16248,#16250,.T.);
#16248 = VERTEX_POINT('',#16249);
#16249 = CARTESIAN_POINT('',(3.025894,-19.404712,1.585));
#16250 = LINE('',#16251,#16252);
#16251 = CARTESIAN_POINT('',(3.107275,-19.486093,1.585));
#16252 = VECTOR('',#16253,1.);
#16253 = DIRECTION('',(-0.707106781187,0.707106781187,0.));
#16254 = ORIENTED_EDGE('',*,*,#16255,.T.);
#16255 = EDGE_CURVE('',#16248,#16256,#16258,.T.);
#16256 = VERTEX_POINT('',#16257);
#16257 = CARTESIAN_POINT('',(2.877841,-19.304278,1.585));
#16258 = LINE('',#16259,#16260);
#16259 = CARTESIAN_POINT('',(3.025894,-19.404712,1.585));
#16260 = VECTOR('',#16261,1.);
#16261 = DIRECTION('',(-0.827555069925,0.561384544,0.));
#16262 = ORIENTED_EDGE('',*,*,#16263,.T.);
#16263 = EDGE_CURVE('',#16256,#16264,#16266,.T.);
#16264 = VERTEX_POINT('',#16265);
#16265 = CARTESIAN_POINT('',(2.930819,-19.17619,1.585));
#16266 = CIRCLE('',#16267,7.499993751709E-02);
#16267 = AXIS2_PLACEMENT_3D('',#16268,#16269,#16270);
#16268 = CARTESIAN_POINT('',(2.930818809027,-19.25118993751,1.585));
#16269 = DIRECTION('',(0.,0.,-1.));
#16270 = DIRECTION('',(-0.706371375515,-0.707841422815,-0.));
#16271 = ORIENTED_EDGE('',*,*,#16272,.T.);
#16272 = EDGE_CURVE('',#16264,#16273,#16275,.T.);
#16273 = VERTEX_POINT('',#16274);
#16274 = CARTESIAN_POINT('',(3.855819,-19.17619,1.585));
#16275 = LINE('',#16276,#16277);
#16276 = CARTESIAN_POINT('',(2.930819,-19.17619,1.585));
#16277 = VECTOR('',#16278,1.);
#16278 = DIRECTION('',(1.,0.,0.));
#16279 = ORIENTED_EDGE('',*,*,#16280,.T.);
#16280 = EDGE_CURVE('',#16273,#16281,#16283,.T.);
#16281 = VERTEX_POINT('',#16282);
#16282 = CARTESIAN_POINT('',(3.85726,-18.950844,1.585));
#16283 = LINE('',#16284,#16285);
#16284 = CARTESIAN_POINT('',(3.855819,-19.17619,1.585));
#16285 = VECTOR('',#16286,1.);
#16286 = DIRECTION('',(6.394480216657E-03,0.999979555102,0.));
#16287 = ORIENTED_EDGE('',*,*,#16288,.T.);
#16288 = EDGE_CURVE('',#16281,#16289,#16291,.T.);
#16289 = VERTEX_POINT('',#16290);
#16290 = CARTESIAN_POINT('',(3.868459,-18.923808,1.585));
#16291 = LINE('',#16292,#16293);
#16292 = CARTESIAN_POINT('',(3.85726,-18.950844,1.585));
#16293 = VECTOR('',#16294,1.);
#16294 = DIRECTION('',(0.38269282806,0.923875640631,0.));
#16295 = ORIENTED_EDGE('',*,*,#16296,.T.);
#16296 = EDGE_CURVE('',#16289,#16171,#16297,.T.);
#16297 = LINE('',#16298,#16299);
#16298 = CARTESIAN_POINT('',(3.868459,-18.923808,1.585));
#16299 = VECTOR('',#16300,1.);
#16300 = DIRECTION('',(0.707106781187,0.707106781187,0.));
#16301 = PLANE('',#16302);
#16302 = AXIS2_PLACEMENT_3D('',#16303,#16304,#16305);
#16303 = CARTESIAN_POINT('',(0.,0.,1.585));
#16304 = DIRECTION('',(0.,0.,1.));
#16305 = DIRECTION('',(1.,0.,-0.));
#16306 = SHELL_BASED_SURFACE_MODEL('',(#16307));
#16307 = OPEN_SHELL('',(#16308));
#16308 = ADVANCED_FACE('',(#16309),#16468,.T.);
#16309 = FACE_BOUND('',#16310,.F.);
#16310 = EDGE_LOOP('',(#16311,#16322,#16330,#16338,#16346,#16354,#16362,
    #16370,#16379,#16387,#16396,#16404,#16412,#16420,#16429,#16437,
    #16445,#16453,#16462));
#16311 = ORIENTED_EDGE('',*,*,#16312,.T.);
#16312 = EDGE_CURVE('',#16313,#16315,#16317,.T.);
#16313 = VERTEX_POINT('',#16314);
#16314 = CARTESIAN_POINT('',(41.752173,-8.435356,1.585));
#16315 = VERTEX_POINT('',#16316);
#16316 = CARTESIAN_POINT('',(42.261568,-8.444686,1.585));
#16317 = CIRCLE('',#16318,0.450326844012);
#16318 = AXIS2_PLACEMENT_3D('',#16319,#16320,#16321);
#16319 = CARTESIAN_POINT('',(42.000070030105,-8.811309891991,1.585));
#16320 = DIRECTION('',(0.,0.,-1.));
#16321 = DIRECTION('',(-0.550482462684,0.834846727416,0.));
#16322 = ORIENTED_EDGE('',*,*,#16323,.T.);
#16323 = EDGE_CURVE('',#16315,#16324,#16326,.T.);
#16324 = VERTEX_POINT('',#16325);
#16325 = CARTESIAN_POINT('',(42.325021,-8.510216,1.585));
#16326 = LINE('',#16327,#16328);
#16327 = CARTESIAN_POINT('',(42.261568,-8.444686,1.585));
#16328 = VECTOR('',#16329,1.);
#16329 = DIRECTION('',(0.695630129574,-0.718400113328,0.));
#16330 = ORIENTED_EDGE('',*,*,#16331,.T.);
#16331 = EDGE_CURVE('',#16324,#16332,#16334,.T.);
#16332 = VERTEX_POINT('',#16333);
#16333 = CARTESIAN_POINT('',(42.383082,-8.630663,1.585));
#16334 = LINE('',#16335,#16336);
#16335 = CARTESIAN_POINT('',(42.325021,-8.510216,1.585));
#16336 = VECTOR('',#16337,1.);
#16337 = DIRECTION('',(0.434228424707,-0.900802794832,0.));
#16338 = ORIENTED_EDGE('',*,*,#16339,.T.);
#16339 = EDGE_CURVE('',#16332,#16340,#16342,.T.);
#16340 = VERTEX_POINT('',#16341);
#16341 = CARTESIAN_POINT('',(42.382323,-8.756995,1.585));
#16342 = LINE('',#16343,#16344);
#16343 = CARTESIAN_POINT('',(42.383082,-8.630663,1.585));
#16344 = VECTOR('',#16345,1.);
#16345 = DIRECTION('',(-6.007870547546E-03,-0.999981952583,0.));
#16346 = ORIENTED_EDGE('',*,*,#16347,.T.);
#16347 = EDGE_CURVE('',#16340,#16348,#16350,.T.);
#16348 = VERTEX_POINT('',#16349);
#16349 = CARTESIAN_POINT('',(42.324265,-8.925058,1.585));
#16350 = LINE('',#16351,#16352);
#16351 = CARTESIAN_POINT('',(42.382323,-8.756995,1.585));
#16352 = VECTOR('',#16353,1.);
#16353 = DIRECTION('',(-0.326519613327,-0.945190426376,0.));
#16354 = ORIENTED_EDGE('',*,*,#16355,.T.);
#16355 = EDGE_CURVE('',#16348,#16356,#16358,.T.);
#16356 = VERTEX_POINT('',#16357);
#16357 = CARTESIAN_POINT('',(41.871542,-9.379819,1.585));
#16358 = LINE('',#16359,#16360);
#16359 = CARTESIAN_POINT('',(42.324265,-8.925058,1.585));
#16360 = VECTOR('',#16361,1.);
#16361 = DIRECTION('',(-0.705517003129,-0.708692992978,0.));
#16362 = ORIENTED_EDGE('',*,*,#16363,.T.);
#16363 = EDGE_CURVE('',#16356,#16364,#16366,.T.);
#16364 = VERTEX_POINT('',#16365);
#16365 = CARTESIAN_POINT('',(42.324155,-9.38126,1.585));
#16366 = LINE('',#16367,#16368);
#16367 = CARTESIAN_POINT('',(41.871542,-9.379819,1.585));
#16368 = VECTOR('',#16369,1.);
#16369 = DIRECTION('',(0.999994931953,-3.183719197072E-03,0.));
#16370 = ORIENTED_EDGE('',*,*,#16371,.T.);
#16371 = EDGE_CURVE('',#16364,#16372,#16374,.T.);
#16372 = VERTEX_POINT('',#16373);
#16373 = CARTESIAN_POINT('',(42.309523,-9.529819,1.585));
#16374 = CIRCLE('',#16375,7.500006711464E-02);
#16375 = AXIS2_PLACEMENT_3D('',#16376,#16377,#16378);
#16376 = CARTESIAN_POINT('',(42.309523067115,-9.454818932885,1.585));
#16377 = DIRECTION('',(0.,0.,-1.));
#16378 = DIRECTION('',(0.195092263891,0.980784894138,0.));
#16379 = ORIENTED_EDGE('',*,*,#16380,.T.);
#16380 = EDGE_CURVE('',#16372,#16381,#16383,.T.);
#16381 = VERTEX_POINT('',#16382);
#16382 = CARTESIAN_POINT('',(41.675844,-9.528378,1.585));
#16383 = LINE('',#16384,#16385);
#16384 = CARTESIAN_POINT('',(42.309523,-9.529819,1.585));
#16385 = VECTOR('',#16386,1.);
#16386 = DIRECTION('',(-0.999997414422,2.274016140951E-03,0.));
#16387 = ORIENTED_EDGE('',*,*,#16388,.T.);
#16388 = EDGE_CURVE('',#16381,#16389,#16391,.T.);
#16389 = VERTEX_POINT('',#16390);
#16390 = CARTESIAN_POINT('',(41.637443,-9.401786,1.585));
#16391 = CIRCLE('',#16392,7.50002101311E-02);
#16392 = AXIS2_PLACEMENT_3D('',#16393,#16394,#16395);
#16393 = CARTESIAN_POINT('',(41.690476316704,-9.454818997644,1.585));
#16394 = DIRECTION('',(0.,0.,-1.));
#16395 = DIRECTION('',(-0.195097009436,-0.980783950169,-0.));
#16396 = ORIENTED_EDGE('',*,*,#16397,.T.);
#16397 = EDGE_CURVE('',#16389,#16398,#16400,.T.);
#16398 = VERTEX_POINT('',#16399);
#16399 = CARTESIAN_POINT('',(42.196351,-8.842876,1.585));
#16400 = LINE('',#16401,#16402);
#16401 = CARTESIAN_POINT('',(41.637443,-9.401786,1.585));
#16402 = VECTOR('',#16403,1.);
#16403 = DIRECTION('',(0.70710551603,0.707108046341,0.));
#16404 = ORIENTED_EDGE('',*,*,#16405,.T.);
#16405 = EDGE_CURVE('',#16398,#16406,#16408,.T.);
#16406 = VERTEX_POINT('',#16407);
#16407 = CARTESIAN_POINT('',(42.234523,-8.728363,1.585));
#16408 = LINE('',#16409,#16410);
#16409 = CARTESIAN_POINT('',(42.196351,-8.842876,1.585));
#16410 = VECTOR('',#16411,1.);
#16411 = DIRECTION('',(0.31623522204,0.948680812677,0.));
#16412 = ORIENTED_EDGE('',*,*,#16413,.T.);
#16413 = EDGE_CURVE('',#16406,#16414,#16416,.T.);
#16414 = VERTEX_POINT('',#16415);
#16415 = CARTESIAN_POINT('',(42.234523,-8.663,1.585));
#16416 = LINE('',#16417,#16418);
#16417 = CARTESIAN_POINT('',(42.234523,-8.728363,1.585));
#16418 = VECTOR('',#16419,1.);
#16419 = DIRECTION('',(0.,1.,0.));
#16420 = ORIENTED_EDGE('',*,*,#16421,.T.);
#16421 = EDGE_CURVE('',#16414,#16422,#16424,.T.);
#16422 = VERTEX_POINT('',#16423);
#16423 = CARTESIAN_POINT('',(42.101342,-8.529819,1.585));
#16424 = CIRCLE('',#16425,0.18686440374);
#16425 = AXIS2_PLACEMENT_3D('',#16426,#16427,#16428);
#16426 = CARTESIAN_POINT('',(42.053806,-8.710536,1.585));
#16427 = DIRECTION('',(0.,0.,1.));
#16428 = DIRECTION('',(0.967102328658,0.254387668538,-0.));
#16429 = ORIENTED_EDGE('',*,*,#16430,.T.);
#16430 = EDGE_CURVE('',#16422,#16431,#16433,.T.);
#16431 = VERTEX_POINT('',#16432);
#16432 = CARTESIAN_POINT('',(41.898657,-8.529819,1.585));
#16433 = LINE('',#16434,#16435);
#16434 = CARTESIAN_POINT('',(42.101342,-8.529819,1.585));
#16435 = VECTOR('',#16436,1.);
#16436 = DIRECTION('',(-1.,0.,0.));
#16437 = ORIENTED_EDGE('',*,*,#16438,.T.);
#16438 = EDGE_CURVE('',#16431,#16439,#16441,.T.);
#16439 = VERTEX_POINT('',#16440);
#16440 = CARTESIAN_POINT('',(41.830141,-8.564077,1.585));
#16441 = LINE('',#16442,#16443);
#16442 = CARTESIAN_POINT('',(41.898657,-8.529819,1.585));
#16443 = VECTOR('',#16444,1.);
#16444 = DIRECTION('',(-0.894427191,-0.4472135955,0.));
#16445 = ORIENTED_EDGE('',*,*,#16446,.T.);
#16446 = EDGE_CURVE('',#16439,#16447,#16449,.T.);
#16447 = VERTEX_POINT('',#16448);
#16448 = CARTESIAN_POINT('',(41.779763,-8.612417,1.585));
#16449 = LINE('',#16450,#16451);
#16450 = CARTESIAN_POINT('',(41.830141,-8.564077,1.585));
#16451 = VECTOR('',#16452,1.);
#16452 = DIRECTION('',(-0.721551016594,-0.692361271629,0.));
#16453 = ORIENTED_EDGE('',*,*,#16454,.T.);
#16454 = EDGE_CURVE('',#16447,#16455,#16457,.T.);
#16455 = VERTEX_POINT('',#16456);
#16456 = CARTESIAN_POINT('',(41.685062,-8.497024,1.585));
#16457 = CIRCLE('',#16458,7.499996838527E-02);
#16458 = AXIS2_PLACEMENT_3D('',#16459,#16460,#16461);
#16459 = CARTESIAN_POINT('',(41.738095,-8.550056972468,1.585));
#16460 = DIRECTION('',(0.,0.,-1.));
#16461 = DIRECTION('',(0.555573567524,-0.831467384248,0.));
#16462 = ORIENTED_EDGE('',*,*,#16463,.T.);
#16463 = EDGE_CURVE('',#16455,#16313,#16464,.T.);
#16464 = LINE('',#16465,#16466);
#16465 = CARTESIAN_POINT('',(41.685062,-8.497024,1.585));
#16466 = VECTOR('',#16467,1.);
#16467 = DIRECTION('',(0.736336089652,0.676615964248,0.));
#16468 = PLANE('',#16469);
#16469 = AXIS2_PLACEMENT_3D('',#16470,#16471,#16472);
#16470 = CARTESIAN_POINT('',(0.,0.,1.585));
#16471 = DIRECTION('',(0.,0.,1.));
#16472 = DIRECTION('',(1.,0.,-0.));
#16473 = SHELL_BASED_SURFACE_MODEL('',(#16474));
#16474 = OPEN_SHELL('',(#16475));
#16475 = ADVANCED_FACE('',(#16476),#16594,.T.);
#16476 = FACE_BOUND('',#16477,.F.);
#16477 = EDGE_LOOP('',(#16478,#16489,#16497,#16505,#16513,#16522,#16530,
    #16539,#16547,#16555,#16563,#16572,#16580,#16588));
#16478 = ORIENTED_EDGE('',*,*,#16479,.T.);
#16479 = EDGE_CURVE('',#16480,#16482,#16484,.T.);
#16480 = VERTEX_POINT('',#16481);
#16481 = CARTESIAN_POINT('',(40.696427,-8.392459,1.585));
#16482 = VERTEX_POINT('',#16483);
#16483 = CARTESIAN_POINT('',(40.813095,-8.454819,1.585));
#16484 = CIRCLE('',#16485,7.500000000003E-02);
#16485 = AXIS2_PLACEMENT_3D('',#16486,#16487,#16488);
#16486 = CARTESIAN_POINT('',(40.738095,-8.454819065555,1.585));
#16487 = DIRECTION('',(0.,0.,-1.));
#16488 = DIRECTION('',(-0.555573333333,0.831467540731,0.));
#16489 = ORIENTED_EDGE('',*,*,#16490,.T.);
#16490 = EDGE_CURVE('',#16482,#16491,#16493,.T.);
#16491 = VERTEX_POINT('',#16492);
#16492 = CARTESIAN_POINT('',(40.813095,-8.856009,1.585));
#16493 = LINE('',#16494,#16495);
#16494 = CARTESIAN_POINT('',(40.813095,-8.454819,1.585));
#16495 = VECTOR('',#16496,1.);
#16496 = DIRECTION('',(0.,-1.,0.));
#16497 = ORIENTED_EDGE('',*,*,#16498,.T.);
#16498 = EDGE_CURVE('',#16491,#16499,#16501,.T.);
#16499 = VERTEX_POINT('',#16500);
#16500 = CARTESIAN_POINT('',(41.234523,-8.856009,1.585));
#16501 = LINE('',#16502,#16503);
#16502 = CARTESIAN_POINT('',(40.813095,-8.856009,1.585));
#16503 = VECTOR('',#16504,1.);
#16504 = DIRECTION('',(1.,0.,0.));
#16505 = ORIENTED_EDGE('',*,*,#16506,.T.);
#16506 = EDGE_CURVE('',#16499,#16507,#16509,.T.);
#16507 = VERTEX_POINT('',#16508);
#16508 = CARTESIAN_POINT('',(41.235964,-8.440187,1.585));
#16509 = LINE('',#16510,#16511);
#16510 = CARTESIAN_POINT('',(41.234523,-8.856009,1.585));
#16511 = VECTOR('',#16512,1.);
#16512 = DIRECTION('',(3.465404301528E-03,0.999993995468,0.));
#16513 = ORIENTED_EDGE('',*,*,#16514,.T.);
#16514 = EDGE_CURVE('',#16507,#16515,#16517,.T.);
#16515 = VERTEX_POINT('',#16516);
#16516 = CARTESIAN_POINT('',(41.384523,-8.454819,1.585));
#16517 = CIRCLE('',#16518,7.500006711464E-02);
#16518 = AXIS2_PLACEMENT_3D('',#16519,#16520,#16521);
#16519 = CARTESIAN_POINT('',(41.309522932885,-8.454818932885,1.585));
#16520 = DIRECTION('',(0.,0.,-1.));
#16521 = DIRECTION('',(-0.980784894138,0.195092263891,0.));
#16522 = ORIENTED_EDGE('',*,*,#16523,.T.);
#16523 = EDGE_CURVE('',#16515,#16524,#16526,.T.);
#16524 = VERTEX_POINT('',#16525);
#16525 = CARTESIAN_POINT('',(41.383082,-9.469451,1.585));
#16526 = LINE('',#16527,#16528);
#16527 = CARTESIAN_POINT('',(41.384523,-8.454819,1.585));
#16528 = VECTOR('',#16529,1.);
#16529 = DIRECTION('',(-1.420217918158E-03,-0.99999899149,0.));
#16530 = ORIENTED_EDGE('',*,*,#16531,.T.);
#16531 = EDGE_CURVE('',#16524,#16532,#16534,.T.);
#16532 = VERTEX_POINT('',#16533);
#16533 = CARTESIAN_POINT('',(41.234523,-9.454819,1.585));
#16534 = CIRCLE('',#16535,7.500006711464E-02);
#16535 = AXIS2_PLACEMENT_3D('',#16536,#16537,#16538);
#16536 = CARTESIAN_POINT('',(41.309523067115,-9.454819067115,1.585));
#16537 = DIRECTION('',(-0.,0.,-1.));
#16538 = DIRECTION('',(0.980784894138,-0.195092263891,-0.));
#16539 = ORIENTED_EDGE('',*,*,#16540,.T.);
#16540 = EDGE_CURVE('',#16532,#16541,#16543,.T.);
#16541 = VERTEX_POINT('',#16542);
#16542 = CARTESIAN_POINT('',(41.234523,-9.006009,1.585));
#16543 = LINE('',#16544,#16545);
#16544 = CARTESIAN_POINT('',(41.234523,-9.454819,1.585));
#16545 = VECTOR('',#16546,1.);
#16546 = DIRECTION('',(0.,1.,0.));
#16547 = ORIENTED_EDGE('',*,*,#16548,.T.);
#16548 = EDGE_CURVE('',#16541,#16549,#16551,.T.);
#16549 = VERTEX_POINT('',#16550);
#16550 = CARTESIAN_POINT('',(40.813095,-9.006009,1.585));
#16551 = LINE('',#16552,#16553);
#16552 = CARTESIAN_POINT('',(41.234523,-9.006009,1.585));
#16553 = VECTOR('',#16554,1.);
#16554 = DIRECTION('',(-1.,0.,0.));
#16555 = ORIENTED_EDGE('',*,*,#16556,.T.);
#16556 = EDGE_CURVE('',#16549,#16557,#16559,.T.);
#16557 = VERTEX_POINT('',#16558);
#16558 = CARTESIAN_POINT('',(40.811654,-9.469451,1.585));
#16559 = LINE('',#16560,#16561);
#16560 = CARTESIAN_POINT('',(40.813095,-9.006009,1.585));
#16561 = VECTOR('',#16562,1.);
#16562 = DIRECTION('',(-3.109327670448E-03,-0.999995166029,0.));
#16563 = ORIENTED_EDGE('',*,*,#16564,.T.);
#16564 = EDGE_CURVE('',#16557,#16565,#16567,.T.);
#16565 = VERTEX_POINT('',#16566);
#16566 = CARTESIAN_POINT('',(40.663095,-9.454819,1.585));
#16567 = CIRCLE('',#16568,7.500006711464E-02);
#16568 = AXIS2_PLACEMENT_3D('',#16569,#16570,#16571);
#16569 = CARTESIAN_POINT('',(40.738095067115,-9.454819067115,1.585));
#16570 = DIRECTION('',(-0.,0.,-1.));
#16571 = DIRECTION('',(0.980784894138,-0.195092263891,-0.));
#16572 = ORIENTED_EDGE('',*,*,#16573,.T.);
#16573 = EDGE_CURVE('',#16565,#16574,#16576,.T.);
#16574 = VERTEX_POINT('',#16575);
#16575 = CARTESIAN_POINT('',(40.664536,-8.440187,1.585));
#16576 = LINE('',#16577,#16578);
#16577 = CARTESIAN_POINT('',(40.663095,-9.454819,1.585));
#16578 = VECTOR('',#16579,1.);
#16579 = DIRECTION('',(1.420217918158E-03,0.99999899149,0.));
#16580 = ORIENTED_EDGE('',*,*,#16581,.T.);
#16581 = EDGE_CURVE('',#16574,#16582,#16584,.T.);
#16582 = VERTEX_POINT('',#16583);
#16583 = CARTESIAN_POINT('',(40.675735,-8.413151,1.585));
#16584 = LINE('',#16585,#16586);
#16585 = CARTESIAN_POINT('',(40.664536,-8.440187,1.585));
#16586 = VECTOR('',#16587,1.);
#16587 = DIRECTION('',(0.38269282806,0.923875640631,0.));
#16588 = ORIENTED_EDGE('',*,*,#16589,.T.);
#16589 = EDGE_CURVE('',#16582,#16480,#16590,.T.);
#16590 = LINE('',#16591,#16592);
#16591 = CARTESIAN_POINT('',(40.675735,-8.413151,1.585));
#16592 = VECTOR('',#16593,1.);
#16593 = DIRECTION('',(0.707106781187,0.707106781187,0.));
#16594 = PLANE('',#16595);
#16595 = AXIS2_PLACEMENT_3D('',#16596,#16597,#16598);
#16596 = CARTESIAN_POINT('',(0.,0.,1.585));
#16597 = DIRECTION('',(0.,0.,1.));
#16598 = DIRECTION('',(1.,0.,-0.));
#16599 = SHELL_BASED_SURFACE_MODEL('',(#16600));
#16600 = OPEN_SHELL('',(#16601));
#16601 = ADVANCED_FACE('',(#16602),#16736,.T.);
#16602 = FACE_BOUND('',#16603,.F.);
#16603 = EDGE_LOOP('',(#16604,#16614,#16622,#16631,#16639,#16647,#16656,
    #16664,#16673,#16681,#16689,#16697,#16705,#16714,#16722,#16730));
#16604 = ORIENTED_EDGE('',*,*,#16605,.T.);
#16605 = EDGE_CURVE('',#16606,#16608,#16610,.T.);
#16606 = VERTEX_POINT('',#16607);
#16607 = CARTESIAN_POINT('',(4.470721,-7.401841,1.585));
#16608 = VERTEX_POINT('',#16609);
#16609 = CARTESIAN_POINT('',(4.509177,-7.38126,1.585));
#16610 = LINE('',#16611,#16612);
#16611 = CARTESIAN_POINT('',(4.470721,-7.401841,1.585));
#16612 = VECTOR('',#16613,1.);
#16613 = DIRECTION('',(0.881674852639,0.471857451169,0.));
#16614 = ORIENTED_EDGE('',*,*,#16615,.T.);
#16615 = EDGE_CURVE('',#16608,#16616,#16618,.T.);
#16616 = VERTEX_POINT('',#16617);
#16617 = CARTESIAN_POINT('',(4.531014,-7.38126,1.585));
#16618 = LINE('',#16619,#16620);
#16619 = CARTESIAN_POINT('',(4.509177,-7.38126,1.585));
#16620 = VECTOR('',#16621,1.);
#16621 = DIRECTION('',(1.,0.,0.));
#16622 = ORIENTED_EDGE('',*,*,#16623,.T.);
#16623 = EDGE_CURVE('',#16616,#16624,#16626,.T.);
#16624 = VERTEX_POINT('',#16625);
#16625 = CARTESIAN_POINT('',(4.598809,-7.454819,1.585));
#16626 = CIRCLE('',#16627,7.216898094227E-02);
#16627 = AXIS2_PLACEMENT_3D('',#16628,#16629,#16630);
#16628 = CARTESIAN_POINT('',(4.526656063893,-7.453297283424,1.585));
#16629 = DIRECTION('',(0.,0.,-1.));
#16630 = DIRECTION('',(6.038516895253E-02,0.998175150648,0.));
#16631 = ORIENTED_EDGE('',*,*,#16632,.T.);
#16632 = EDGE_CURVE('',#16624,#16633,#16635,.T.);
#16633 = VERTEX_POINT('',#16634);
#16634 = CARTESIAN_POINT('',(4.598809,-8.379819,1.585));
#16635 = LINE('',#16636,#16637);
#16636 = CARTESIAN_POINT('',(4.598809,-7.454819,1.585));
#16637 = VECTOR('',#16638,1.);
#16638 = DIRECTION('',(0.,-1.,0.));
#16639 = ORIENTED_EDGE('',*,*,#16640,.T.);
#16640 = EDGE_CURVE('',#16633,#16641,#16643,.T.);
#16641 = VERTEX_POINT('',#16642);
#16642 = CARTESIAN_POINT('',(4.824155,-8.38126,1.585));
#16643 = LINE('',#16644,#16645);
#16644 = CARTESIAN_POINT('',(4.598809,-8.379819,1.585));
#16645 = VECTOR('',#16646,1.);
#16646 = DIRECTION('',(0.999979555102,-6.394480216655E-03,0.));
#16647 = ORIENTED_EDGE('',*,*,#16648,.T.);
#16648 = EDGE_CURVE('',#16641,#16649,#16651,.T.);
#16649 = VERTEX_POINT('',#16650);
#16650 = CARTESIAN_POINT('',(4.809523,-8.529819,1.585));
#16651 = CIRCLE('',#16652,7.500006711464E-02);
#16652 = AXIS2_PLACEMENT_3D('',#16653,#16654,#16655);
#16653 = CARTESIAN_POINT('',(4.809523067115,-8.454818932885,1.585));
#16654 = DIRECTION('',(0.,0.,-1.));
#16655 = DIRECTION('',(0.195092263891,0.980784894138,0.));
#16656 = ORIENTED_EDGE('',*,*,#16657,.T.);
#16657 = EDGE_CURVE('',#16649,#16658,#16660,.T.);
#16658 = VERTEX_POINT('',#16659);
#16659 = CARTESIAN_POINT('',(4.223463,-8.528378,1.585));
#16660 = LINE('',#16661,#16662);
#16661 = CARTESIAN_POINT('',(4.809523,-8.529819,1.585));
#16662 = VECTOR('',#16663,1.);
#16663 = DIRECTION('',(-0.999996977183,2.458785182611E-03,0.));
#16664 = ORIENTED_EDGE('',*,*,#16665,.T.);
#16665 = EDGE_CURVE('',#16658,#16666,#16668,.T.);
#16666 = VERTEX_POINT('',#16667);
#16667 = CARTESIAN_POINT('',(4.238095,-8.379819,1.585));
#16668 = CIRCLE('',#16669,7.500006711464E-02);
#16669 = AXIS2_PLACEMENT_3D('',#16670,#16671,#16672);
#16670 = CARTESIAN_POINT('',(4.238094932885,-8.454819067115,1.585));
#16671 = DIRECTION('',(0.,0.,-1.));
#16672 = DIRECTION('',(-0.195092263891,-0.980784894138,-0.));
#16673 = ORIENTED_EDGE('',*,*,#16674,.T.);
#16674 = EDGE_CURVE('',#16666,#16675,#16677,.T.);
#16675 = VERTEX_POINT('',#16676);
#16676 = CARTESIAN_POINT('',(4.448809,-8.379819,1.585));
#16677 = LINE('',#16678,#16679);
#16678 = CARTESIAN_POINT('',(4.238095,-8.379819,1.585));
#16679 = VECTOR('',#16680,1.);
#16680 = DIRECTION('',(1.,0.,0.));
#16681 = ORIENTED_EDGE('',*,*,#16682,.T.);
#16682 = EDGE_CURVE('',#16675,#16683,#16685,.T.);
#16683 = VERTEX_POINT('',#16684);
#16684 = CARTESIAN_POINT('',(4.448809,-7.683504,1.585));
#16685 = LINE('',#16686,#16687);
#16686 = CARTESIAN_POINT('',(4.448809,-8.379819,1.585));
#16687 = VECTOR('',#16688,1.);
#16688 = DIRECTION('',(0.,1.,0.));
#16689 = ORIENTED_EDGE('',*,*,#16690,.T.);
#16690 = EDGE_CURVE('',#16683,#16691,#16693,.T.);
#16691 = VERTEX_POINT('',#16692);
#16692 = CARTESIAN_POINT('',(4.373173,-7.756031,1.585));
#16693 = LINE('',#16694,#16695);
#16694 = CARTESIAN_POINT('',(4.448809,-7.683504,1.585));
#16695 = VECTOR('',#16696,1.);
#16696 = DIRECTION('',(-0.721785571396,-0.692116745156,0.));
#16697 = ORIENTED_EDGE('',*,*,#16698,.T.);
#16698 = EDGE_CURVE('',#16691,#16699,#16701,.T.);
#16699 = VERTEX_POINT('',#16700);
#16700 = CARTESIAN_POINT('',(4.257904,-7.81287,1.585));
#16701 = LINE('',#16702,#16703);
#16702 = CARTESIAN_POINT('',(4.373173,-7.756031,1.585));
#16703 = VECTOR('',#16704,1.);
#16704 = DIRECTION('',(-0.896889346494,-0.442255017094,0.));
#16705 = ORIENTED_EDGE('',*,*,#16706,.T.);
#16706 = EDGE_CURVE('',#16699,#16707,#16709,.T.);
#16707 = VERTEX_POINT('',#16708);
#16708 = CARTESIAN_POINT('',(4.204554,-7.673451,1.585));
#16709 = CIRCLE('',#16710,7.500005272362E-02);
#16710 = AXIS2_PLACEMENT_3D('',#16711,#16712,#16713);
#16711 = CARTESIAN_POINT('',(4.23809455676,-7.740533329721,1.585));
#16712 = DIRECTION('',(0.,0.,-1.));
#16713 = DIRECTION('',(0.264125724196,-0.964488259036,0.));
#16714 = ORIENTED_EDGE('',*,*,#16715,.T.);
#16715 = EDGE_CURVE('',#16707,#16716,#16718,.T.);
#16716 = VERTEX_POINT('',#16717);
#16717 = CARTESIAN_POINT('',(4.288906,-7.631275,1.585));
#16718 = LINE('',#16719,#16720);
#16719 = CARTESIAN_POINT('',(4.204554,-7.673451,1.585));
#16720 = VECTOR('',#16721,1.);
#16721 = DIRECTION('',(0.894427191,0.4472135955,0.));
#16722 = ORIENTED_EDGE('',*,*,#16723,.T.);
#16723 = EDGE_CURVE('',#16716,#16724,#16726,.T.);
#16724 = VERTEX_POINT('',#16725);
#16725 = CARTESIAN_POINT('',(4.370285,-7.549896,1.585));
#16726 = LINE('',#16727,#16728);
#16727 = CARTESIAN_POINT('',(4.288906,-7.631275,1.585));
#16728 = VECTOR('',#16729,1.);
#16729 = DIRECTION('',(0.707106781187,0.707106781187,0.));
#16730 = ORIENTED_EDGE('',*,*,#16731,.T.);
#16731 = EDGE_CURVE('',#16724,#16606,#16732,.T.);
#16732 = LINE('',#16733,#16734);
#16733 = CARTESIAN_POINT('',(4.370285,-7.549896,1.585));
#16734 = VECTOR('',#16735,1.);
#16735 = DIRECTION('',(0.561387006404,0.82755339951,0.));
#16736 = PLANE('',#16737);
#16737 = AXIS2_PLACEMENT_3D('',#16738,#16739,#16740);
#16738 = CARTESIAN_POINT('',(0.,0.,1.585));
#16739 = DIRECTION('',(0.,0.,1.));
#16740 = DIRECTION('',(1.,0.,-0.));
#16741 = SHELL_BASED_SURFACE_MODEL('',(#16742));
#16742 = OPEN_SHELL('',(#16743));
#16743 = ADVANCED_FACE('',(#16744),#16862,.T.);
#16744 = FACE_BOUND('',#16745,.F.);
#16745 = EDGE_LOOP('',(#16746,#16757,#16765,#16773,#16781,#16790,#16798,
    #16807,#16815,#16823,#16831,#16840,#16848,#16856));
#16746 = ORIENTED_EDGE('',*,*,#16747,.T.);
#16747 = EDGE_CURVE('',#16748,#16750,#16752,.T.);
#16748 = VERTEX_POINT('',#16749);
#16749 = CARTESIAN_POINT('',(3.196427,-7.392459,1.585));
#16750 = VERTEX_POINT('',#16751);
#16751 = CARTESIAN_POINT('',(3.313095,-7.454819,1.585));
#16752 = CIRCLE('',#16753,7.500000000003E-02);
#16753 = AXIS2_PLACEMENT_3D('',#16754,#16755,#16756);
#16754 = CARTESIAN_POINT('',(3.238095,-7.454819065555,1.585));
#16755 = DIRECTION('',(0.,0.,-1.));
#16756 = DIRECTION('',(-0.555573333333,0.831467540731,0.));
#16757 = ORIENTED_EDGE('',*,*,#16758,.T.);
#16758 = EDGE_CURVE('',#16750,#16759,#16761,.T.);
#16759 = VERTEX_POINT('',#16760);
#16760 = CARTESIAN_POINT('',(3.313095,-7.856009,1.585));
#16761 = LINE('',#16762,#16763);
#16762 = CARTESIAN_POINT('',(3.313095,-7.454819,1.585));
#16763 = VECTOR('',#16764,1.);
#16764 = DIRECTION('',(0.,-1.,0.));
#16765 = ORIENTED_EDGE('',*,*,#16766,.T.);
#16766 = EDGE_CURVE('',#16759,#16767,#16769,.T.);
#16767 = VERTEX_POINT('',#16768);
#16768 = CARTESIAN_POINT('',(3.734523,-7.856009,1.585));
#16769 = LINE('',#16770,#16771);
#16770 = CARTESIAN_POINT('',(3.313095,-7.856009,1.585));
#16771 = VECTOR('',#16772,1.);
#16772 = DIRECTION('',(1.,0.,0.));
#16773 = ORIENTED_EDGE('',*,*,#16774,.T.);
#16774 = EDGE_CURVE('',#16767,#16775,#16777,.T.);
#16775 = VERTEX_POINT('',#16776);
#16776 = CARTESIAN_POINT('',(3.735964,-7.440187,1.585));
#16777 = LINE('',#16778,#16779);
#16778 = CARTESIAN_POINT('',(3.734523,-7.856009,1.585));
#16779 = VECTOR('',#16780,1.);
#16780 = DIRECTION('',(3.465404301529E-03,0.999993995468,0.));
#16781 = ORIENTED_EDGE('',*,*,#16782,.T.);
#16782 = EDGE_CURVE('',#16775,#16783,#16785,.T.);
#16783 = VERTEX_POINT('',#16784);
#16784 = CARTESIAN_POINT('',(3.884523,-7.454819,1.585));
#16785 = CIRCLE('',#16786,7.500006711464E-02);
#16786 = AXIS2_PLACEMENT_3D('',#16787,#16788,#16789);
#16787 = CARTESIAN_POINT('',(3.809522932885,-7.454818932885,1.585));
#16788 = DIRECTION('',(0.,0.,-1.));
#16789 = DIRECTION('',(-0.980784894138,0.195092263891,0.));
#16790 = ORIENTED_EDGE('',*,*,#16791,.T.);
#16791 = EDGE_CURVE('',#16783,#16792,#16794,.T.);
#16792 = VERTEX_POINT('',#16793);
#16793 = CARTESIAN_POINT('',(3.883082,-8.469451,1.585));
#16794 = LINE('',#16795,#16796);
#16795 = CARTESIAN_POINT('',(3.884523,-7.454819,1.585));
#16796 = VECTOR('',#16797,1.);
#16797 = DIRECTION('',(-1.420217918159E-03,-0.99999899149,0.));
#16798 = ORIENTED_EDGE('',*,*,#16799,.T.);
#16799 = EDGE_CURVE('',#16792,#16800,#16802,.T.);
#16800 = VERTEX_POINT('',#16801);
#16801 = CARTESIAN_POINT('',(3.734523,-8.454819,1.585));
#16802 = CIRCLE('',#16803,7.500006711464E-02);
#16803 = AXIS2_PLACEMENT_3D('',#16804,#16805,#16806);
#16804 = CARTESIAN_POINT('',(3.809523067115,-8.454819067115,1.585));
#16805 = DIRECTION('',(-0.,0.,-1.));
#16806 = DIRECTION('',(0.980784894138,-0.195092263891,-0.));
#16807 = ORIENTED_EDGE('',*,*,#16808,.T.);
#16808 = EDGE_CURVE('',#16800,#16809,#16811,.T.);
#16809 = VERTEX_POINT('',#16810);
#16810 = CARTESIAN_POINT('',(3.734523,-8.006009,1.585));
#16811 = LINE('',#16812,#16813);
#16812 = CARTESIAN_POINT('',(3.734523,-8.454819,1.585));
#16813 = VECTOR('',#16814,1.);
#16814 = DIRECTION('',(0.,1.,0.));
#16815 = ORIENTED_EDGE('',*,*,#16816,.T.);
#16816 = EDGE_CURVE('',#16809,#16817,#16819,.T.);
#16817 = VERTEX_POINT('',#16818);
#16818 = CARTESIAN_POINT('',(3.313095,-8.006009,1.585));
#16819 = LINE('',#16820,#16821);
#16820 = CARTESIAN_POINT('',(3.734523,-8.006009,1.585));
#16821 = VECTOR('',#16822,1.);
#16822 = DIRECTION('',(-1.,0.,0.));
#16823 = ORIENTED_EDGE('',*,*,#16824,.T.);
#16824 = EDGE_CURVE('',#16817,#16825,#16827,.T.);
#16825 = VERTEX_POINT('',#16826);
#16826 = CARTESIAN_POINT('',(3.311654,-8.469451,1.585));
#16827 = LINE('',#16828,#16829);
#16828 = CARTESIAN_POINT('',(3.313095,-8.006009,1.585));
#16829 = VECTOR('',#16830,1.);
#16830 = DIRECTION('',(-3.109327670449E-03,-0.999995166029,0.));
#16831 = ORIENTED_EDGE('',*,*,#16832,.T.);
#16832 = EDGE_CURVE('',#16825,#16833,#16835,.T.);
#16833 = VERTEX_POINT('',#16834);
#16834 = CARTESIAN_POINT('',(3.163095,-8.454819,1.585));
#16835 = CIRCLE('',#16836,7.500006711464E-02);
#16836 = AXIS2_PLACEMENT_3D('',#16837,#16838,#16839);
#16837 = CARTESIAN_POINT('',(3.238095067115,-8.454819067115,1.585));
#16838 = DIRECTION('',(-0.,0.,-1.));
#16839 = DIRECTION('',(0.980784894138,-0.195092263891,-0.));
#16840 = ORIENTED_EDGE('',*,*,#16841,.T.);
#16841 = EDGE_CURVE('',#16833,#16842,#16844,.T.);
#16842 = VERTEX_POINT('',#16843);
#16843 = CARTESIAN_POINT('',(3.164536,-7.440187,1.585));
#16844 = LINE('',#16845,#16846);
#16845 = CARTESIAN_POINT('',(3.163095,-8.454819,1.585));
#16846 = VECTOR('',#16847,1.);
#16847 = DIRECTION('',(1.420217918158E-03,0.99999899149,0.));
#16848 = ORIENTED_EDGE('',*,*,#16849,.T.);
#16849 = EDGE_CURVE('',#16842,#16850,#16852,.T.);
#16850 = VERTEX_POINT('',#16851);
#16851 = CARTESIAN_POINT('',(3.175735,-7.413151,1.585));
#16852 = LINE('',#16853,#16854);
#16853 = CARTESIAN_POINT('',(3.164536,-7.440187,1.585));
#16854 = VECTOR('',#16855,1.);
#16855 = DIRECTION('',(0.38269282806,0.923875640631,0.));
#16856 = ORIENTED_EDGE('',*,*,#16857,.T.);
#16857 = EDGE_CURVE('',#16850,#16748,#16858,.T.);
#16858 = LINE('',#16859,#16860);
#16859 = CARTESIAN_POINT('',(3.175735,-7.413151,1.585));
#16860 = VECTOR('',#16861,1.);
#16861 = DIRECTION('',(0.707106781187,0.707106781187,0.));
#16862 = PLANE('',#16863);
#16863 = AXIS2_PLACEMENT_3D('',#16864,#16865,#16866);
#16864 = CARTESIAN_POINT('',(0.,0.,1.585));
#16865 = DIRECTION('',(0.,0.,1.));
#16866 = DIRECTION('',(1.,0.,-0.));
#16867 = SHELL_BASED_SURFACE_MODEL('',(#16868));
#16868 = OPEN_SHELL('',(#16869));
#16869 = ADVANCED_FACE('',(#16870),#16906,.T.);
#16870 = FACE_BOUND('',#16871,.F.);
#16871 = EDGE_LOOP('',(#16872,#16883,#16891,#16900));
#16872 = ORIENTED_EDGE('',*,*,#16873,.T.);
#16873 = EDGE_CURVE('',#16874,#16876,#16878,.T.);
#16874 = VERTEX_POINT('',#16875);
#16875 = CARTESIAN_POINT('',(28.321568,-6.023936,1.585));
#16876 = VERTEX_POINT('',#16877);
#16877 = CARTESIAN_POINT('',(28.336434,-5.873,1.585));
#16878 = CIRCLE('',#16879,7.620008338866E-02);
#16879 = AXIS2_PLACEMENT_3D('',#16880,#16881,#16882);
#16880 = CARTESIAN_POINT('',(28.336433916611,-5.949200083389,1.585));
#16881 = DIRECTION('',(0.,0.,-1.));
#16882 = DIRECTION('',(-0.195090555683,-0.980785233924,-0.));
#16883 = ORIENTED_EDGE('',*,*,#16884,.T.);
#16884 = EDGE_CURVE('',#16876,#16885,#16887,.T.);
#16885 = VERTEX_POINT('',#16886);
#16886 = CARTESIAN_POINT('',(28.575935,-5.874464,1.585));
#16887 = LINE('',#16888,#16889);
#16888 = CARTESIAN_POINT('',(28.336434,-5.873,1.585));
#16889 = VECTOR('',#16890,1.);
#16890 = DIRECTION('',(0.999981317916,-6.112595143353E-03,0.));
#16891 = ORIENTED_EDGE('',*,*,#16892,.T.);
#16892 = EDGE_CURVE('',#16885,#16893,#16895,.T.);
#16893 = VERTEX_POINT('',#16894);
#16894 = CARTESIAN_POINT('',(28.561069,-6.0254,1.585));
#16895 = CIRCLE('',#16896,7.620008338867E-02);
#16896 = AXIS2_PLACEMENT_3D('',#16897,#16898,#16899);
#16897 = CARTESIAN_POINT('',(28.561069083389,-5.949199916611,1.585));
#16898 = DIRECTION('',(0.,0.,-1.));
#16899 = DIRECTION('',(0.195090555683,0.980785233924,0.));
#16900 = ORIENTED_EDGE('',*,*,#16901,.T.);
#16901 = EDGE_CURVE('',#16893,#16874,#16902,.T.);
#16902 = LINE('',#16903,#16904);
#16903 = CARTESIAN_POINT('',(28.561069,-6.0254,1.585));
#16904 = VECTOR('',#16905,1.);
#16905 = DIRECTION('',(-0.999981317916,6.112595143357E-03,0.));
#16906 = PLANE('',#16907);
#16907 = AXIS2_PLACEMENT_3D('',#16908,#16909,#16910);
#16908 = CARTESIAN_POINT('',(0.,0.,1.585));
#16909 = DIRECTION('',(0.,0.,1.));
#16910 = DIRECTION('',(1.,0.,-0.));
#16911 = SHELL_BASED_SURFACE_MODEL('',(#16912));
#16912 = OPEN_SHELL('',(#16913));
#16913 = ADVANCED_FACE('',(#16914),#16950,.T.);
#16914 = FACE_BOUND('',#16915,.F.);
#16915 = EDGE_LOOP('',(#16916,#16927,#16935,#16944));
#16916 = ORIENTED_EDGE('',*,*,#16917,.T.);
#16917 = EDGE_CURVE('',#16918,#16920,#16922,.T.);
#16918 = VERTEX_POINT('',#16919);
#16919 = CARTESIAN_POINT('',(30.860453,-6.023936,1.585));
#16920 = VERTEX_POINT('',#16921);
#16921 = CARTESIAN_POINT('',(30.875319,-5.873,1.585));
#16922 = CIRCLE('',#16923,7.620008338866E-02);
#16923 = AXIS2_PLACEMENT_3D('',#16924,#16925,#16926);
#16924 = CARTESIAN_POINT('',(30.875318916611,-5.949200083389,1.585));
#16925 = DIRECTION('',(0.,0.,-1.));
#16926 = DIRECTION('',(-0.195090555683,-0.980785233924,-0.));
#16927 = ORIENTED_EDGE('',*,*,#16928,.T.);
#16928 = EDGE_CURVE('',#16920,#16929,#16931,.T.);
#16929 = VERTEX_POINT('',#16930);
#16930 = CARTESIAN_POINT('',(31.115935,-5.874464,1.585));
#16931 = LINE('',#16932,#16933);
#16932 = CARTESIAN_POINT('',(30.875319,-5.873,1.585));
#16933 = VECTOR('',#16934,1.);
#16934 = DIRECTION('',(0.999981490653,-6.084270797934E-03,0.));
#16935 = ORIENTED_EDGE('',*,*,#16936,.T.);
#16936 = EDGE_CURVE('',#16929,#16937,#16939,.T.);
#16937 = VERTEX_POINT('',#16938);
#16938 = CARTESIAN_POINT('',(31.101069,-6.0254,1.585));
#16939 = CIRCLE('',#16940,7.620008338867E-02);
#16940 = AXIS2_PLACEMENT_3D('',#16941,#16942,#16943);
#16941 = CARTESIAN_POINT('',(31.101069083389,-5.949199916611,1.585));
#16942 = DIRECTION('',(0.,0.,-1.));
#16943 = DIRECTION('',(0.195090555683,0.980785233924,0.));
#16944 = ORIENTED_EDGE('',*,*,#16945,.T.);
#16945 = EDGE_CURVE('',#16937,#16918,#16946,.T.);
#16946 = LINE('',#16947,#16948);
#16947 = CARTESIAN_POINT('',(31.101069,-6.0254,1.585));
#16948 = VECTOR('',#16949,1.);
#16949 = DIRECTION('',(-0.999981490653,6.084270797938E-03,0.));
#16950 = PLANE('',#16951);
#16951 = AXIS2_PLACEMENT_3D('',#16952,#16953,#16954);
#16952 = CARTESIAN_POINT('',(0.,0.,1.585));
#16953 = DIRECTION('',(0.,0.,1.));
#16954 = DIRECTION('',(1.,0.,-0.));
#16955 = SHELL_BASED_SURFACE_MODEL('',(#16956));
#16956 = OPEN_SHELL('',(#16957));
#16957 = ADVANCED_FACE('',(#16958,#17028),#17192,.T.);
#16958 = FACE_BOUND('',#16959,.F.);
#16959 = EDGE_LOOP('',(#16960,#16971,#16979,#16988,#16996,#17005,#17013,
    #17022));
#16960 = ORIENTED_EDGE('',*,*,#16961,.T.);
#16961 = EDGE_CURVE('',#16962,#16964,#16966,.T.);
#16962 = VERTEX_POINT('',#16963);
#16963 = CARTESIAN_POINT('',(25.617558,-4.410334,1.585));
#16964 = VERTEX_POINT('',#16965);
#16965 = CARTESIAN_POINT('',(25.692294,-4.349,1.585));
#16966 = CIRCLE('',#16967,7.620164703099E-02);
#16967 = AXIS2_PLACEMENT_3D('',#16968,#16969,#16970);
#16968 = CARTESIAN_POINT('',(25.692295166673,-4.425201647022,1.585));
#16969 = DIRECTION('',(0.,0.,-1.));
#16970 = DIRECTION('',(-0.98078151306,0.195109260775,0.));
#16971 = ORIENTED_EDGE('',*,*,#16972,.T.);
#16972 = EDGE_CURVE('',#16964,#16973,#16975,.T.);
#16973 = VERTEX_POINT('',#16974);
#16974 = CARTESIAN_POINT('',(33.75896,-4.350464,1.585));
#16975 = LINE('',#16976,#16977);
#16976 = CARTESIAN_POINT('',(25.692294,-4.349,1.585));
#16977 = VECTOR('',#16978,1.);
#16978 = DIRECTION('',(0.999999983531,-1.814876153158E-04,0.));
#16979 = ORIENTED_EDGE('',*,*,#16980,.T.);
#16980 = EDGE_CURVE('',#16973,#16981,#16983,.T.);
#16981 = VERTEX_POINT('',#16982);
#16982 = CARTESIAN_POINT('',(33.820294,-4.4252,1.585));
#16983 = CIRCLE('',#16984,7.620164703099E-02);
#16984 = AXIS2_PLACEMENT_3D('',#16985,#16986,#16987);
#16985 = CARTESIAN_POINT('',(33.744092352978,-4.425201166673,1.585));
#16986 = DIRECTION('',(0.,0.,-1.));
#16987 = DIRECTION('',(0.195109260775,0.98078151306,0.));
#16988 = ORIENTED_EDGE('',*,*,#16989,.T.);
#16989 = EDGE_CURVE('',#16981,#16990,#16992,.T.);
#16990 = VERTEX_POINT('',#16991);
#16991 = CARTESIAN_POINT('',(33.81883,-7.589666,1.585));
#16992 = LINE('',#16993,#16994);
#16993 = CARTESIAN_POINT('',(33.820294,-4.4252,1.585));
#16994 = VECTOR('',#16995,1.);
#16995 = DIRECTION('',(-4.626372485362E-04,-0.999999892983,0.));
#16996 = ORIENTED_EDGE('',*,*,#16997,.T.);
#16997 = EDGE_CURVE('',#16990,#16998,#17000,.T.);
#16998 = VERTEX_POINT('',#16999);
#16999 = CARTESIAN_POINT('',(33.744094,-7.651,1.585));
#17000 = CIRCLE('',#17001,7.620164703099E-02);
#17001 = AXIS2_PLACEMENT_3D('',#17002,#17003,#17004);
#17002 = CARTESIAN_POINT('',(33.744092833327,-7.574798352978,1.585));
#17003 = DIRECTION('',(0.,0.,-1.));
#17004 = DIRECTION('',(0.98078151306,-0.195109260775,0.));
#17005 = ORIENTED_EDGE('',*,*,#17006,.T.);
#17006 = EDGE_CURVE('',#16998,#17007,#17009,.T.);
#17007 = VERTEX_POINT('',#17008);
#17008 = CARTESIAN_POINT('',(25.677428,-7.649536,1.585));
#17009 = LINE('',#17010,#17011);
#17010 = CARTESIAN_POINT('',(33.744094,-7.651,1.585));
#17011 = VECTOR('',#17012,1.);
#17012 = DIRECTION('',(-0.999999983531,1.814876153158E-04,0.));
#17013 = ORIENTED_EDGE('',*,*,#17014,.T.);
#17014 = EDGE_CURVE('',#17007,#17015,#17017,.T.);
#17015 = VERTEX_POINT('',#17016);
#17016 = CARTESIAN_POINT('',(25.616094,-7.5748,1.585));
#17017 = CIRCLE('',#17018,7.6201647031E-02);
#17018 = AXIS2_PLACEMENT_3D('',#17019,#17020,#17021);
#17019 = CARTESIAN_POINT('',(25.692295647022,-7.574798833327,1.585));
#17020 = DIRECTION('',(0.,0.,-1.));
#17021 = DIRECTION('',(-0.195109260775,-0.98078151306,-0.));
#17022 = ORIENTED_EDGE('',*,*,#17023,.T.);
#17023 = EDGE_CURVE('',#17015,#16962,#17024,.T.);
#17024 = LINE('',#17025,#17026);
#17025 = CARTESIAN_POINT('',(25.616094,-7.5748,1.585));
#17026 = VECTOR('',#17027,1.);
#17027 = DIRECTION('',(4.626372485362E-04,0.999999892983,0.));
#17028 = FACE_BOUND('',#17029,.F.);
#17029 = EDGE_LOOP('',(#17030,#17040,#17048,#17056,#17064,#17072,#17080,
    #17089,#17097,#17105,#17113,#17121,#17129,#17137,#17145,#17153,
    #17161,#17170,#17178,#17186));
#17030 = ORIENTED_EDGE('',*,*,#17031,.T.);
#17031 = EDGE_CURVE('',#17032,#17034,#17036,.T.);
#17032 = VERTEX_POINT('',#17033);
#17033 = CARTESIAN_POINT('',(33.667894,-5.894308,1.585));
#17034 = VERTEX_POINT('',#17035);
#17035 = CARTESIAN_POINT('',(33.667894,-4.5014,1.585));
#17036 = LINE('',#17037,#17038);
#17037 = CARTESIAN_POINT('',(33.667894,-5.894308,1.585));
#17038 = VECTOR('',#17039,1.);
#17039 = DIRECTION('',(0.,1.,0.));
#17040 = ORIENTED_EDGE('',*,*,#17041,.T.);
#17041 = EDGE_CURVE('',#17034,#17042,#17044,.T.);
#17042 = VERTEX_POINT('',#17043);
#17043 = CARTESIAN_POINT('',(25.768494,-4.5014,1.585));
#17044 = LINE('',#17045,#17046);
#17045 = CARTESIAN_POINT('',(33.667894,-4.5014,1.585));
#17046 = VECTOR('',#17047,1.);
#17047 = DIRECTION('',(-1.,0.,0.));
#17048 = ORIENTED_EDGE('',*,*,#17049,.T.);
#17049 = EDGE_CURVE('',#17042,#17050,#17052,.T.);
#17050 = VERTEX_POINT('',#17051);
#17051 = CARTESIAN_POINT('',(25.768494,-5.894308,1.585));
#17052 = LINE('',#17053,#17054);
#17053 = CARTESIAN_POINT('',(25.768494,-4.5014,1.585));
#17054 = VECTOR('',#17055,1.);
#17055 = DIRECTION('',(0.,-1.,0.));
#17056 = ORIENTED_EDGE('',*,*,#17057,.T.);
#17057 = EDGE_CURVE('',#17050,#17058,#17060,.T.);
#17058 = VERTEX_POINT('',#17059);
#17059 = CARTESIAN_POINT('',(25.77696,-5.885842,1.585));
#17060 = LINE('',#17061,#17062);
#17061 = CARTESIAN_POINT('',(25.768494,-5.894308,1.585));
#17062 = VECTOR('',#17063,1.);
#17063 = DIRECTION('',(0.707106781187,0.707106781187,0.));
#17064 = ORIENTED_EDGE('',*,*,#17065,.T.);
#17065 = EDGE_CURVE('',#17058,#17066,#17068,.T.);
#17066 = VERTEX_POINT('',#17067);
#17067 = CARTESIAN_POINT('',(25.819294,-5.873,1.585));
#17068 = LINE('',#17069,#17070);
#17069 = CARTESIAN_POINT('',(25.77696,-5.885842,1.585));
#17070 = VECTOR('',#17071,1.);
#17071 = DIRECTION('',(0.95693957283,0.290287192193,0.));
#17072 = ORIENTED_EDGE('',*,*,#17073,.T.);
#17073 = EDGE_CURVE('',#17066,#17074,#17076,.T.);
#17074 = VERTEX_POINT('',#17075);
#17075 = CARTESIAN_POINT('',(26.03482,-5.874464,1.585));
#17076 = LINE('',#17077,#17078);
#17077 = CARTESIAN_POINT('',(25.819294,-5.873,1.585));
#17078 = VECTOR('',#17079,1.);
#17079 = DIRECTION('',(0.999976930521,-6.792527241641E-03,0.));
#17080 = ORIENTED_EDGE('',*,*,#17081,.T.);
#17081 = EDGE_CURVE('',#17074,#17082,#17084,.T.);
#17082 = VERTEX_POINT('',#17083);
#17083 = CARTESIAN_POINT('',(26.019954,-6.0254,1.585));
#17084 = CIRCLE('',#17085,7.620008338867E-02);
#17085 = AXIS2_PLACEMENT_3D('',#17086,#17087,#17088);
#17086 = CARTESIAN_POINT('',(26.019954083389,-5.949199916611,1.585));
#17087 = DIRECTION('',(0.,0.,-1.));
#17088 = DIRECTION('',(0.195090555683,0.980785233924,0.));
#17089 = ORIENTED_EDGE('',*,*,#17090,.T.);
#17090 = EDGE_CURVE('',#17082,#17091,#17093,.T.);
#17091 = VERTEX_POINT('',#17092);
#17092 = CARTESIAN_POINT('',(25.804428,-6.023936,1.585));
#17093 = LINE('',#17094,#17095);
#17094 = CARTESIAN_POINT('',(26.019954,-6.0254,1.585));
#17095 = VECTOR('',#17096,1.);
#17096 = DIRECTION('',(-0.999976930521,6.792527241645E-03,0.));
#17097 = ORIENTED_EDGE('',*,*,#17098,.T.);
#17098 = EDGE_CURVE('',#17091,#17099,#17101,.T.);
#17099 = VERTEX_POINT('',#17100);
#17100 = CARTESIAN_POINT('',(25.77696,-6.012558,1.585));
#17101 = LINE('',#17102,#17103);
#17102 = CARTESIAN_POINT('',(25.804428,-6.023936,1.585));
#17103 = VECTOR('',#17104,1.);
#17104 = DIRECTION('',(-0.923874991407,0.382694395377,0.));
#17105 = ORIENTED_EDGE('',*,*,#17106,.T.);
#17106 = EDGE_CURVE('',#17099,#17107,#17109,.T.);
#17107 = VERTEX_POINT('',#17108);
#17108 = CARTESIAN_POINT('',(25.768494,-6.004092,1.585));
#17109 = LINE('',#17110,#17111);
#17110 = CARTESIAN_POINT('',(25.77696,-6.012558,1.585));
#17111 = VECTOR('',#17112,1.);
#17112 = DIRECTION('',(-0.707106781186,0.707106781187,0.));
#17113 = ORIENTED_EDGE('',*,*,#17114,.T.);
#17114 = EDGE_CURVE('',#17107,#17115,#17117,.T.);
#17115 = VERTEX_POINT('',#17116);
#17116 = CARTESIAN_POINT('',(25.768494,-7.4986,1.585));
#17117 = LINE('',#17118,#17119);
#17118 = CARTESIAN_POINT('',(25.768494,-6.004092,1.585));
#17119 = VECTOR('',#17120,1.);
#17120 = DIRECTION('',(0.,-1.,0.));
#17121 = ORIENTED_EDGE('',*,*,#17122,.T.);
#17122 = EDGE_CURVE('',#17115,#17123,#17125,.T.);
#17123 = VERTEX_POINT('',#17124);
#17124 = CARTESIAN_POINT('',(33.667894,-7.4986,1.585));
#17125 = LINE('',#17126,#17127);
#17126 = CARTESIAN_POINT('',(25.768494,-7.4986,1.585));
#17127 = VECTOR('',#17128,1.);
#17128 = DIRECTION('',(1.,0.,0.));
#17129 = ORIENTED_EDGE('',*,*,#17130,.T.);
#17130 = EDGE_CURVE('',#17123,#17131,#17133,.T.);
#17131 = VERTEX_POINT('',#17132);
#17132 = CARTESIAN_POINT('',(33.667894,-6.004092,1.585));
#17133 = LINE('',#17134,#17135);
#17134 = CARTESIAN_POINT('',(33.667894,-7.4986,1.585));
#17135 = VECTOR('',#17136,1.);
#17136 = DIRECTION('',(0.,1.,0.));
#17137 = ORIENTED_EDGE('',*,*,#17138,.T.);
#17138 = EDGE_CURVE('',#17131,#17139,#17141,.T.);
#17139 = VERTEX_POINT('',#17140);
#17140 = CARTESIAN_POINT('',(33.659428,-6.012558,1.585));
#17141 = LINE('',#17142,#17143);
#17142 = CARTESIAN_POINT('',(33.667894,-6.004092,1.585));
#17143 = VECTOR('',#17144,1.);
#17144 = DIRECTION('',(-0.707106781186,-0.707106781187,0.));
#17145 = ORIENTED_EDGE('',*,*,#17146,.T.);
#17146 = EDGE_CURVE('',#17139,#17147,#17149,.T.);
#17147 = VERTEX_POINT('',#17148);
#17148 = CARTESIAN_POINT('',(33.617094,-6.0254,1.585));
#17149 = LINE('',#17150,#17151);
#17150 = CARTESIAN_POINT('',(33.659428,-6.012558,1.585));
#17151 = VECTOR('',#17152,1.);
#17152 = DIRECTION('',(-0.95693957283,-0.290287192193,0.));
#17153 = ORIENTED_EDGE('',*,*,#17154,.T.);
#17154 = EDGE_CURVE('',#17147,#17155,#17157,.T.);
#17155 = VERTEX_POINT('',#17156);
#17156 = CARTESIAN_POINT('',(33.400453,-6.023936,1.585));
#17157 = LINE('',#17158,#17159);
#17158 = CARTESIAN_POINT('',(33.617094,-6.0254,1.585));
#17159 = VECTOR('',#17160,1.);
#17160 = DIRECTION('',(-0.999977167368,6.757569310642E-03,0.));
#17161 = ORIENTED_EDGE('',*,*,#17162,.T.);
#17162 = EDGE_CURVE('',#17155,#17163,#17165,.T.);
#17163 = VERTEX_POINT('',#17164);
#17164 = CARTESIAN_POINT('',(33.415319,-5.873,1.585));
#17165 = CIRCLE('',#17166,7.620008338867E-02);
#17166 = AXIS2_PLACEMENT_3D('',#17167,#17168,#17169);
#17167 = CARTESIAN_POINT('',(33.415318916611,-5.949200083389,1.585));
#17168 = DIRECTION('',(0.,0.,-1.));
#17169 = DIRECTION('',(-0.195090555683,-0.980785233924,-0.));
#17170 = ORIENTED_EDGE('',*,*,#17171,.T.);
#17171 = EDGE_CURVE('',#17163,#17172,#17174,.T.);
#17172 = VERTEX_POINT('',#17173);
#17173 = CARTESIAN_POINT('',(33.63196,-5.874464,1.585));
#17174 = LINE('',#17175,#17176);
#17175 = CARTESIAN_POINT('',(33.415319,-5.873,1.585));
#17176 = VECTOR('',#17177,1.);
#17177 = DIRECTION('',(0.999977167368,-6.757569310638E-03,0.));
#17178 = ORIENTED_EDGE('',*,*,#17179,.T.);
#17179 = EDGE_CURVE('',#17172,#17180,#17182,.T.);
#17180 = VERTEX_POINT('',#17181);
#17181 = CARTESIAN_POINT('',(33.659428,-5.885842,1.585));
#17182 = LINE('',#17183,#17184);
#17183 = CARTESIAN_POINT('',(33.63196,-5.874464,1.585));
#17184 = VECTOR('',#17185,1.);
#17185 = DIRECTION('',(0.923874991407,-0.382694395377,0.));
#17186 = ORIENTED_EDGE('',*,*,#17187,.T.);
#17187 = EDGE_CURVE('',#17180,#17032,#17188,.T.);
#17188 = LINE('',#17189,#17190);
#17189 = CARTESIAN_POINT('',(33.659428,-5.885842,1.585));
#17190 = VECTOR('',#17191,1.);
#17191 = DIRECTION('',(0.707106781187,-0.707106781187,0.));
#17192 = PLANE('',#17193);
#17193 = AXIS2_PLACEMENT_3D('',#17194,#17195,#17196);
#17194 = CARTESIAN_POINT('',(0.,0.,1.585));
#17195 = DIRECTION('',(0.,0.,1.));
#17196 = DIRECTION('',(1.,0.,-0.));
#17197 = SHELL_BASED_SURFACE_MODEL('',(#17198));
#17198 = OPEN_SHELL('',(#17199));
#17199 = ADVANCED_FACE('',(#17200),#17236,.T.);
#17200 = FACE_BOUND('',#17201,.F.);
#17201 = EDGE_LOOP('',(#17202,#17213,#17221,#17230));
#17202 = ORIENTED_EDGE('',*,*,#17203,.T.);
#17203 = EDGE_CURVE('',#17204,#17206,#17208,.T.);
#17204 = VERTEX_POINT('',#17205);
#17205 = CARTESIAN_POINT('',(16.272936,-6.795,1.585));
#17206 = VERTEX_POINT('',#17207);
#17207 = CARTESIAN_POINT('',(16.272936,-6.675,1.585));
#17208 = CIRCLE('',#17209,6.000000000042E-02);
#17209 = AXIS2_PLACEMENT_3D('',#17210,#17211,#17212);
#17210 = CARTESIAN_POINT('',(16.272935774412,-6.735,1.585));
#17211 = DIRECTION('',(0.,0.,-1.));
#17212 = DIRECTION('',(3.75979413526E-06,-0.999999999993,0.));
#17213 = ORIENTED_EDGE('',*,*,#17214,.T.);
#17214 = EDGE_CURVE('',#17206,#17215,#17217,.T.);
#17215 = VERTEX_POINT('',#17216);
#17216 = CARTESIAN_POINT('',(16.727064,-6.675,1.585));
#17217 = LINE('',#17218,#17219);
#17218 = CARTESIAN_POINT('',(16.272936,-6.675,1.585));
#17219 = VECTOR('',#17220,1.);
#17220 = DIRECTION('',(1.,0.,0.));
#17221 = ORIENTED_EDGE('',*,*,#17222,.T.);
#17222 = EDGE_CURVE('',#17215,#17223,#17225,.T.);
#17223 = VERTEX_POINT('',#17224);
#17224 = CARTESIAN_POINT('',(16.727064,-6.795,1.585));
#17225 = CIRCLE('',#17226,6.000000000042E-02);
#17226 = AXIS2_PLACEMENT_3D('',#17227,#17228,#17229);
#17227 = CARTESIAN_POINT('',(16.727064225588,-6.735,1.585));
#17228 = DIRECTION('',(0.,0.,-1.));
#17229 = DIRECTION('',(-3.75979413526E-06,0.999999999993,-0.));
#17230 = ORIENTED_EDGE('',*,*,#17231,.T.);
#17231 = EDGE_CURVE('',#17223,#17204,#17232,.T.);
#17232 = LINE('',#17233,#17234);
#17233 = CARTESIAN_POINT('',(16.727064,-6.795,1.585));
#17234 = VECTOR('',#17235,1.);
#17235 = DIRECTION('',(-1.,0.,0.));
#17236 = PLANE('',#17237);
#17237 = AXIS2_PLACEMENT_3D('',#17238,#17239,#17240);
#17238 = CARTESIAN_POINT('',(0.,0.,1.585));
#17239 = DIRECTION('',(0.,0.,1.));
#17240 = DIRECTION('',(1.,0.,-0.));
#17241 = SHELL_BASED_SURFACE_MODEL('',(#17242));
#17242 = OPEN_SHELL('',(#17243));
#17243 = ADVANCED_FACE('',(#17244),#17378,.T.);
#17244 = FACE_BOUND('',#17245,.F.);
#17245 = EDGE_LOOP('',(#17246,#17256,#17264,#17273,#17281,#17289,#17298,
    #17306,#17315,#17323,#17331,#17339,#17347,#17356,#17364,#17372));
#17246 = ORIENTED_EDGE('',*,*,#17247,.T.);
#17247 = EDGE_CURVE('',#17248,#17250,#17252,.T.);
#17248 = VERTEX_POINT('',#17249);
#17249 = CARTESIAN_POINT('',(9.327864,-5.401841,1.585));
#17250 = VERTEX_POINT('',#17251);
#17251 = CARTESIAN_POINT('',(9.36632,-5.38126,1.585));
#17252 = LINE('',#17253,#17254);
#17253 = CARTESIAN_POINT('',(9.327864,-5.401841,1.585));
#17254 = VECTOR('',#17255,1.);
#17255 = DIRECTION('',(0.881674852639,0.471857451169,0.));
#17256 = ORIENTED_EDGE('',*,*,#17257,.T.);
#17257 = EDGE_CURVE('',#17250,#17258,#17260,.T.);
#17258 = VERTEX_POINT('',#17259);
#17259 = CARTESIAN_POINT('',(9.388157,-5.38126,1.585));
#17260 = LINE('',#17261,#17262);
#17261 = CARTESIAN_POINT('',(9.36632,-5.38126,1.585));
#17262 = VECTOR('',#17263,1.);
#17263 = DIRECTION('',(1.,0.,0.));
#17264 = ORIENTED_EDGE('',*,*,#17265,.T.);
#17265 = EDGE_CURVE('',#17258,#17266,#17268,.T.);
#17266 = VERTEX_POINT('',#17267);
#17267 = CARTESIAN_POINT('',(9.455952,-5.454819,1.585));
#17268 = CIRCLE('',#17269,7.216898094227E-02);
#17269 = AXIS2_PLACEMENT_3D('',#17270,#17271,#17272);
#17270 = CARTESIAN_POINT('',(9.383799063893,-5.453297283424,1.585));
#17271 = DIRECTION('',(0.,0.,-1.));
#17272 = DIRECTION('',(6.038516895251E-02,0.998175150648,0.));
#17273 = ORIENTED_EDGE('',*,*,#17274,.T.);
#17274 = EDGE_CURVE('',#17266,#17275,#17277,.T.);
#17275 = VERTEX_POINT('',#17276);
#17276 = CARTESIAN_POINT('',(9.455952,-6.379819,1.585));
#17277 = LINE('',#17278,#17279);
#17278 = CARTESIAN_POINT('',(9.455952,-5.454819,1.585));
#17279 = VECTOR('',#17280,1.);
#17280 = DIRECTION('',(0.,-1.,0.));
#17281 = ORIENTED_EDGE('',*,*,#17282,.T.);
#17282 = EDGE_CURVE('',#17275,#17283,#17285,.T.);
#17283 = VERTEX_POINT('',#17284);
#17284 = CARTESIAN_POINT('',(9.681298,-6.38126,1.585));
#17285 = LINE('',#17286,#17287);
#17286 = CARTESIAN_POINT('',(9.455952,-6.379819,1.585));
#17287 = VECTOR('',#17288,1.);
#17288 = DIRECTION('',(0.999979555102,-6.394480216655E-03,0.));
#17289 = ORIENTED_EDGE('',*,*,#17290,.T.);
#17290 = EDGE_CURVE('',#17283,#17291,#17293,.T.);
#17291 = VERTEX_POINT('',#17292);
#17292 = CARTESIAN_POINT('',(9.666666,-6.529819,1.585));
#17293 = CIRCLE('',#17294,7.500006711464E-02);
#17294 = AXIS2_PLACEMENT_3D('',#17295,#17296,#17297);
#17295 = CARTESIAN_POINT('',(9.666666067115,-6.454818932885,1.585));
#17296 = DIRECTION('',(0.,0.,-1.));
#17297 = DIRECTION('',(0.195092263891,0.980784894138,0.));
#17298 = ORIENTED_EDGE('',*,*,#17299,.T.);
#17299 = EDGE_CURVE('',#17291,#17300,#17302,.T.);
#17300 = VERTEX_POINT('',#17301);
#17301 = CARTESIAN_POINT('',(9.080606,-6.528378,1.585));
#17302 = LINE('',#17303,#17304);
#17303 = CARTESIAN_POINT('',(9.666666,-6.529819,1.585));
#17304 = VECTOR('',#17305,1.);
#17305 = DIRECTION('',(-0.999996977183,2.458785182611E-03,0.));
#17306 = ORIENTED_EDGE('',*,*,#17307,.T.);
#17307 = EDGE_CURVE('',#17300,#17308,#17310,.T.);
#17308 = VERTEX_POINT('',#17309);
#17309 = CARTESIAN_POINT('',(9.095238,-6.379819,1.585));
#17310 = CIRCLE('',#17311,7.500006711464E-02);
#17311 = AXIS2_PLACEMENT_3D('',#17312,#17313,#17314);
#17312 = CARTESIAN_POINT('',(9.095237932885,-6.454819067115,1.585));
#17313 = DIRECTION('',(0.,0.,-1.));
#17314 = DIRECTION('',(-0.195092263891,-0.980784894138,-0.));
#17315 = ORIENTED_EDGE('',*,*,#17316,.T.);
#17316 = EDGE_CURVE('',#17308,#17317,#17319,.T.);
#17317 = VERTEX_POINT('',#17318);
#17318 = CARTESIAN_POINT('',(9.305952,-6.379819,1.585));
#17319 = LINE('',#17320,#17321);
#17320 = CARTESIAN_POINT('',(9.095238,-6.379819,1.585));
#17321 = VECTOR('',#17322,1.);
#17322 = DIRECTION('',(1.,0.,0.));
#17323 = ORIENTED_EDGE('',*,*,#17324,.T.);
#17324 = EDGE_CURVE('',#17317,#17325,#17327,.T.);
#17325 = VERTEX_POINT('',#17326);
#17326 = CARTESIAN_POINT('',(9.305952,-5.683504,1.585));
#17327 = LINE('',#17328,#17329);
#17328 = CARTESIAN_POINT('',(9.305952,-6.379819,1.585));
#17329 = VECTOR('',#17330,1.);
#17330 = DIRECTION('',(0.,1.,0.));
#17331 = ORIENTED_EDGE('',*,*,#17332,.T.);
#17332 = EDGE_CURVE('',#17325,#17333,#17335,.T.);
#17333 = VERTEX_POINT('',#17334);
#17334 = CARTESIAN_POINT('',(9.230316,-5.756031,1.585));
#17335 = LINE('',#17336,#17337);
#17336 = CARTESIAN_POINT('',(9.305952,-5.683504,1.585));
#17337 = VECTOR('',#17338,1.);
#17338 = DIRECTION('',(-0.721785571396,-0.692116745156,0.));
#17339 = ORIENTED_EDGE('',*,*,#17340,.T.);
#17340 = EDGE_CURVE('',#17333,#17341,#17343,.T.);
#17341 = VERTEX_POINT('',#17342);
#17342 = CARTESIAN_POINT('',(9.115047,-5.81287,1.585));
#17343 = LINE('',#17344,#17345);
#17344 = CARTESIAN_POINT('',(9.230316,-5.756031,1.585));
#17345 = VECTOR('',#17346,1.);
#17346 = DIRECTION('',(-0.896889346494,-0.442255017094,0.));
#17347 = ORIENTED_EDGE('',*,*,#17348,.T.);
#17348 = EDGE_CURVE('',#17341,#17349,#17351,.T.);
#17349 = VERTEX_POINT('',#17350);
#17350 = CARTESIAN_POINT('',(9.061697,-5.673451,1.585));
#17351 = CIRCLE('',#17352,7.500005272362E-02);
#17352 = AXIS2_PLACEMENT_3D('',#17353,#17354,#17355);
#17353 = CARTESIAN_POINT('',(9.09523755676,-5.740533329721,1.585));
#17354 = DIRECTION('',(0.,0.,-1.));
#17355 = DIRECTION('',(0.264125724196,-0.964488259036,0.));
#17356 = ORIENTED_EDGE('',*,*,#17357,.T.);
#17357 = EDGE_CURVE('',#17349,#17358,#17360,.T.);
#17358 = VERTEX_POINT('',#17359);
#17359 = CARTESIAN_POINT('',(9.146049,-5.631275,1.585));
#17360 = LINE('',#17361,#17362);
#17361 = CARTESIAN_POINT('',(9.061697,-5.673451,1.585));
#17362 = VECTOR('',#17363,1.);
#17363 = DIRECTION('',(0.894427191,0.4472135955,0.));
#17364 = ORIENTED_EDGE('',*,*,#17365,.T.);
#17365 = EDGE_CURVE('',#17358,#17366,#17368,.T.);
#17366 = VERTEX_POINT('',#17367);
#17367 = CARTESIAN_POINT('',(9.227428,-5.549896,1.585));
#17368 = LINE('',#17369,#17370);
#17369 = CARTESIAN_POINT('',(9.146049,-5.631275,1.585));
#17370 = VECTOR('',#17371,1.);
#17371 = DIRECTION('',(0.707106781187,0.707106781187,0.));
#17372 = ORIENTED_EDGE('',*,*,#17373,.T.);
#17373 = EDGE_CURVE('',#17366,#17248,#17374,.T.);
#17374 = LINE('',#17375,#17376);
#17375 = CARTESIAN_POINT('',(9.227428,-5.549896,1.585));
#17376 = VECTOR('',#17377,1.);
#17377 = DIRECTION('',(0.561387006404,0.82755339951,0.));
#17378 = PLANE('',#17379);
#17379 = AXIS2_PLACEMENT_3D('',#17380,#17381,#17382);
#17380 = CARTESIAN_POINT('',(0.,0.,1.585));
#17381 = DIRECTION('',(0.,0.,1.));
#17382 = DIRECTION('',(1.,0.,-0.));
#17383 = SHELL_BASED_SURFACE_MODEL('',(#17384));
#17384 = OPEN_SHELL('',(#17385));
#17385 = ADVANCED_FACE('',(#17386),#17472,.T.);
#17386 = FACE_BOUND('',#17387,.F.);
#17387 = EDGE_LOOP('',(#17388,#17399,#17407,#17416,#17424,#17433,#17441,
    #17450,#17458,#17466));
#17388 = ORIENTED_EDGE('',*,*,#17389,.T.);
#17389 = EDGE_CURVE('',#17390,#17392,#17394,.T.);
#17390 = VERTEX_POINT('',#17391);
#17391 = CARTESIAN_POINT('',(8.624998,-5.392459,1.585));
#17392 = VERTEX_POINT('',#17393);
#17393 = CARTESIAN_POINT('',(8.741666,-5.454819,1.585));
#17394 = CIRCLE('',#17395,7.500000000003E-02);
#17395 = AXIS2_PLACEMENT_3D('',#17396,#17397,#17398);
#17396 = CARTESIAN_POINT('',(8.666666,-5.454819065555,1.585));
#17397 = DIRECTION('',(0.,0.,-1.));
#17398 = DIRECTION('',(-0.555573333333,0.831467540731,0.));
#17399 = ORIENTED_EDGE('',*,*,#17400,.T.);
#17400 = EDGE_CURVE('',#17392,#17401,#17403,.T.);
#17401 = VERTEX_POINT('',#17402);
#17402 = CARTESIAN_POINT('',(8.739466,-6.185566,1.585));
#17403 = LINE('',#17404,#17405);
#17404 = CARTESIAN_POINT('',(8.741666,-5.454819,1.585));
#17405 = VECTOR('',#17406,1.);
#17406 = DIRECTION('',(-3.010604258199E-03,-0.999995468121,0.));
#17407 = ORIENTED_EDGE('',*,*,#17408,.T.);
#17408 = EDGE_CURVE('',#17401,#17409,#17411,.T.);
#17409 = VERTEX_POINT('',#17410);
#17410 = CARTESIAN_POINT('',(8.388357,-6.529089,1.585));
#17411 = CIRCLE('',#17412,0.38184101318);
#17412 = AXIS2_PLACEMENT_3D('',#17413,#17414,#17415);
#17413 = CARTESIAN_POINT('',(8.359443500324,-6.148344244444,1.585));
#17414 = DIRECTION('',(0.,0.,-1.));
#17415 = DIRECTION('',(0.995237511316,-9.747972132589E-02,0.));
#17416 = ORIENTED_EDGE('',*,*,#17417,.T.);
#17417 = EDGE_CURVE('',#17409,#17418,#17420,.T.);
#17418 = VERTEX_POINT('',#17419);
#17419 = CARTESIAN_POINT('',(8.271082,-6.528378,1.585));
#17420 = LINE('',#17421,#17422);
#17421 = CARTESIAN_POINT('',(8.388357,-6.529089,1.585));
#17422 = VECTOR('',#17423,1.);
#17423 = DIRECTION('',(-0.999981622503,6.062561787251E-03,0.));
#17424 = ORIENTED_EDGE('',*,*,#17425,.T.);
#17425 = EDGE_CURVE('',#17418,#17426,#17428,.T.);
#17426 = VERTEX_POINT('',#17427);
#17427 = CARTESIAN_POINT('',(8.285714,-6.379819,1.585));
#17428 = CIRCLE('',#17429,7.500006711464E-02);
#17429 = AXIS2_PLACEMENT_3D('',#17430,#17431,#17432);
#17430 = CARTESIAN_POINT('',(8.285713932885,-6.454819067115,1.585));
#17431 = DIRECTION('',(0.,0.,-1.));
#17432 = DIRECTION('',(-0.195092263891,-0.980784894138,-0.));
#17433 = ORIENTED_EDGE('',*,*,#17434,.T.);
#17434 = EDGE_CURVE('',#17426,#17435,#17437,.T.);
#17435 = VERTEX_POINT('',#17436);
#17436 = CARTESIAN_POINT('',(8.368782,-6.379819,1.585));
#17437 = LINE('',#17438,#17439);
#17438 = CARTESIAN_POINT('',(8.285714,-6.379819,1.585));
#17439 = VECTOR('',#17440,1.);
#17440 = DIRECTION('',(1.,0.,0.));
#17441 = ORIENTED_EDGE('',*,*,#17442,.T.);
#17442 = EDGE_CURVE('',#17435,#17443,#17445,.T.);
#17443 = VERTEX_POINT('',#17444);
#17444 = CARTESIAN_POINT('',(8.591666,-6.156934,1.585));
#17445 = CIRCLE('',#17446,0.239437351684);
#17446 = AXIS2_PLACEMENT_3D('',#17447,#17448,#17449);
#17447 = CARTESIAN_POINT('',(8.352764906584,-6.140917978445,1.585));
#17448 = DIRECTION('',(0.,0.,1.));
#17449 = DIRECTION('',(6.689471506013E-02,-0.997760039838,0.));
#17450 = ORIENTED_EDGE('',*,*,#17451,.T.);
#17451 = EDGE_CURVE('',#17443,#17452,#17454,.T.);
#17452 = VERTEX_POINT('',#17453);
#17453 = CARTESIAN_POINT('',(8.593107,-5.440187,1.585));
#17454 = LINE('',#17455,#17456);
#17455 = CARTESIAN_POINT('',(8.591666,-6.156934,1.585));
#17456 = VECTOR('',#17457,1.);
#17457 = DIRECTION('',(2.010468251347E-03,0.999997979007,0.));
#17458 = ORIENTED_EDGE('',*,*,#17459,.T.);
#17459 = EDGE_CURVE('',#17452,#17460,#17462,.T.);
#17460 = VERTEX_POINT('',#17461);
#17461 = CARTESIAN_POINT('',(8.604306,-5.413151,1.585));
#17462 = LINE('',#17463,#17464);
#17463 = CARTESIAN_POINT('',(8.593107,-5.440187,1.585));
#17464 = VECTOR('',#17465,1.);
#17465 = DIRECTION('',(0.38269282806,0.923875640631,0.));
#17466 = ORIENTED_EDGE('',*,*,#17467,.T.);
#17467 = EDGE_CURVE('',#17460,#17390,#17468,.T.);
#17468 = LINE('',#17469,#17470);
#17469 = CARTESIAN_POINT('',(8.604306,-5.413151,1.585));
#17470 = VECTOR('',#17471,1.);
#17471 = DIRECTION('',(0.707106781187,0.707106781187,0.));
#17472 = PLANE('',#17473);
#17473 = AXIS2_PLACEMENT_3D('',#17474,#17475,#17476);
#17474 = CARTESIAN_POINT('',(0.,0.,1.585));
#17475 = DIRECTION('',(0.,0.,1.));
#17476 = DIRECTION('',(1.,0.,-0.));
#17477 = SHELL_BASED_SURFACE_MODEL('',(#17478));
#17478 = OPEN_SHELL('',(#17479));
#17479 = ADVANCED_FACE('',(#17480,#17491),#17502,.T.);
#17480 = FACE_BOUND('',#17481,.T.);
#17481 = EDGE_LOOP('',(#17482));
#17482 = ORIENTED_EDGE('',*,*,#17483,.T.);
#17483 = EDGE_CURVE('',#17484,#17484,#17486,.T.);
#17484 = VERTEX_POINT('',#17485);
#17485 = CARTESIAN_POINT('',(24.117494,-6.,1.585));
#17486 = CIRCLE('',#17487,0.2032);
#17487 = AXIS2_PLACEMENT_3D('',#17488,#17489,#17490);
#17488 = CARTESIAN_POINT('',(23.914294,-6.,1.585));
#17489 = DIRECTION('',(0.,0.,1.));
#17490 = DIRECTION('',(1.,0.,-0.));
#17491 = FACE_BOUND('',#17492,.F.);
#17492 = EDGE_LOOP('',(#17493));
#17493 = ORIENTED_EDGE('',*,*,#17494,.T.);
#17494 = EDGE_CURVE('',#17495,#17495,#17497,.T.);
#17495 = VERTEX_POINT('',#17496);
#17496 = CARTESIAN_POINT('',(23.969279,-6.,1.585));
#17497 = CIRCLE('',#17498,5.4985E-02);
#17498 = AXIS2_PLACEMENT_3D('',#17499,#17500,#17501);
#17499 = CARTESIAN_POINT('',(23.914294,-6.,1.585));
#17500 = DIRECTION('',(0.,0.,1.));
#17501 = DIRECTION('',(1.,0.,-0.));
#17502 = PLANE('',#17503);
#17503 = AXIS2_PLACEMENT_3D('',#17504,#17505,#17506);
#17504 = CARTESIAN_POINT('',(0.,0.,1.585));
#17505 = DIRECTION('',(0.,0.,1.));
#17506 = DIRECTION('',(1.,0.,-0.));
#17507 = SHELL_BASED_SURFACE_MODEL('',(#17508));
#17508 = OPEN_SHELL('',(#17509));
#17509 = ADVANCED_FACE('',(#17510),#17546,.T.);
#17510 = FACE_BOUND('',#17511,.F.);
#17511 = EDGE_LOOP('',(#17512,#17523,#17531,#17540));
#17512 = ORIENTED_EDGE('',*,*,#17513,.T.);
#17513 = EDGE_CURVE('',#17514,#17516,#17518,.T.);
#17514 = VERTEX_POINT('',#17515);
#17515 = CARTESIAN_POINT('',(16.272936,-5.325,1.585));
#17516 = VERTEX_POINT('',#17517);
#17517 = CARTESIAN_POINT('',(16.272936,-5.205,1.585));
#17518 = CIRCLE('',#17519,6.000000000042E-02);
#17519 = AXIS2_PLACEMENT_3D('',#17520,#17521,#17522);
#17520 = CARTESIAN_POINT('',(16.272935774412,-5.265,1.585));
#17521 = DIRECTION('',(0.,0.,-1.));
#17522 = DIRECTION('',(3.75979413526E-06,-0.999999999993,0.));
#17523 = ORIENTED_EDGE('',*,*,#17524,.T.);
#17524 = EDGE_CURVE('',#17516,#17525,#17527,.T.);
#17525 = VERTEX_POINT('',#17526);
#17526 = CARTESIAN_POINT('',(16.727064,-5.205,1.585));
#17527 = LINE('',#17528,#17529);
#17528 = CARTESIAN_POINT('',(16.272936,-5.205,1.585));
#17529 = VECTOR('',#17530,1.);
#17530 = DIRECTION('',(1.,0.,0.));
#17531 = ORIENTED_EDGE('',*,*,#17532,.T.);
#17532 = EDGE_CURVE('',#17525,#17533,#17535,.T.);
#17533 = VERTEX_POINT('',#17534);
#17534 = CARTESIAN_POINT('',(16.727064,-5.325,1.585));
#17535 = CIRCLE('',#17536,6.000000000042E-02);
#17536 = AXIS2_PLACEMENT_3D('',#17537,#17538,#17539);
#17537 = CARTESIAN_POINT('',(16.727064225588,-5.265,1.585));
#17538 = DIRECTION('',(0.,0.,-1.));
#17539 = DIRECTION('',(-3.75979413526E-06,0.999999999993,-0.));
#17540 = ORIENTED_EDGE('',*,*,#17541,.T.);
#17541 = EDGE_CURVE('',#17533,#17514,#17542,.T.);
#17542 = LINE('',#17543,#17544);
#17543 = CARTESIAN_POINT('',(16.727064,-5.325,1.585));
#17544 = VECTOR('',#17545,1.);
#17545 = DIRECTION('',(-1.,0.,0.));
#17546 = PLANE('',#17547);
#17547 = AXIS2_PLACEMENT_3D('',#17548,#17549,#17550);
#17548 = CARTESIAN_POINT('',(0.,0.,1.585));
#17549 = DIRECTION('',(0.,0.,1.));
#17550 = DIRECTION('',(1.,0.,-0.));
#17551 = SHELL_BASED_SURFACE_MODEL('',(#17552));
#17552 = OPEN_SHELL('',(#17553));
#17553 = ADVANCED_FACE('',(#17554),#17688,.T.);
#17554 = FACE_BOUND('',#17555,.F.);
#17555 = EDGE_LOOP('',(#17556,#17566,#17574,#17583,#17591,#17599,#17608,
    #17616,#17625,#17633,#17641,#17649,#17657,#17666,#17674,#17682));
#17556 = ORIENTED_EDGE('',*,*,#17557,.T.);
#17557 = EDGE_CURVE('',#17558,#17560,#17562,.T.);
#17558 = VERTEX_POINT('',#17559);
#17559 = CARTESIAN_POINT('',(16.946912,-3.751841,1.585));
#17560 = VERTEX_POINT('',#17561);
#17561 = CARTESIAN_POINT('',(16.985368,-3.73126,1.585));
#17562 = LINE('',#17563,#17564);
#17563 = CARTESIAN_POINT('',(16.946912,-3.751841,1.585));
#17564 = VECTOR('',#17565,1.);
#17565 = DIRECTION('',(0.881674852639,0.471857451169,0.));
#17566 = ORIENTED_EDGE('',*,*,#17567,.T.);
#17567 = EDGE_CURVE('',#17560,#17568,#17570,.T.);
#17568 = VERTEX_POINT('',#17569);
#17569 = CARTESIAN_POINT('',(17.007205,-3.73126,1.585));
#17570 = LINE('',#17571,#17572);
#17571 = CARTESIAN_POINT('',(16.985368,-3.73126,1.585));
#17572 = VECTOR('',#17573,1.);
#17573 = DIRECTION('',(1.,0.,0.));
#17574 = ORIENTED_EDGE('',*,*,#17575,.T.);
#17575 = EDGE_CURVE('',#17568,#17576,#17578,.T.);
#17576 = VERTEX_POINT('',#17577);
#17577 = CARTESIAN_POINT('',(17.075,-3.804819,1.585));
#17578 = CIRCLE('',#17579,7.216898094227E-02);
#17579 = AXIS2_PLACEMENT_3D('',#17580,#17581,#17582);
#17580 = CARTESIAN_POINT('',(17.002847063893,-3.803297283424,1.585));
#17581 = DIRECTION('',(0.,0.,-1.));
#17582 = DIRECTION('',(6.038516895251E-02,0.998175150648,0.));
#17583 = ORIENTED_EDGE('',*,*,#17584,.T.);
#17584 = EDGE_CURVE('',#17576,#17585,#17587,.T.);
#17585 = VERTEX_POINT('',#17586);
#17586 = CARTESIAN_POINT('',(17.075,-4.729819,1.585));
#17587 = LINE('',#17588,#17589);
#17588 = CARTESIAN_POINT('',(17.075,-3.804819,1.585));
#17589 = VECTOR('',#17590,1.);
#17590 = DIRECTION('',(0.,-1.,0.));
#17591 = ORIENTED_EDGE('',*,*,#17592,.T.);
#17592 = EDGE_CURVE('',#17585,#17593,#17595,.T.);
#17593 = VERTEX_POINT('',#17594);
#17594 = CARTESIAN_POINT('',(17.300346,-4.73126,1.585));
#17595 = LINE('',#17596,#17597);
#17596 = CARTESIAN_POINT('',(17.075,-4.729819,1.585));
#17597 = VECTOR('',#17598,1.);
#17598 = DIRECTION('',(0.999979555102,-6.394480216655E-03,0.));
#17599 = ORIENTED_EDGE('',*,*,#17600,.T.);
#17600 = EDGE_CURVE('',#17593,#17601,#17603,.T.);
#17601 = VERTEX_POINT('',#17602);
#17602 = CARTESIAN_POINT('',(17.285714,-4.879819,1.585));
#17603 = CIRCLE('',#17604,7.500006711464E-02);
#17604 = AXIS2_PLACEMENT_3D('',#17605,#17606,#17607);
#17605 = CARTESIAN_POINT('',(17.285714067115,-4.804818932885,1.585));
#17606 = DIRECTION('',(0.,0.,-1.));
#17607 = DIRECTION('',(0.195092263891,0.980784894138,0.));
#17608 = ORIENTED_EDGE('',*,*,#17609,.T.);
#17609 = EDGE_CURVE('',#17601,#17610,#17612,.T.);
#17610 = VERTEX_POINT('',#17611);
#17611 = CARTESIAN_POINT('',(16.699654,-4.878378,1.585));
#17612 = LINE('',#17613,#17614);
#17613 = CARTESIAN_POINT('',(17.285714,-4.879819,1.585));
#17614 = VECTOR('',#17615,1.);
#17615 = DIRECTION('',(-0.999996977183,2.458785182612E-03,0.));
#17616 = ORIENTED_EDGE('',*,*,#17617,.T.);
#17617 = EDGE_CURVE('',#17610,#17618,#17620,.T.);
#17618 = VERTEX_POINT('',#17619);
#17619 = CARTESIAN_POINT('',(16.714286,-4.729819,1.585));
#17620 = CIRCLE('',#17621,7.500006711464E-02);
#17621 = AXIS2_PLACEMENT_3D('',#17622,#17623,#17624);
#17622 = CARTESIAN_POINT('',(16.714285932885,-4.804819067115,1.585));
#17623 = DIRECTION('',(0.,0.,-1.));
#17624 = DIRECTION('',(-0.195092263891,-0.980784894138,-0.));
#17625 = ORIENTED_EDGE('',*,*,#17626,.T.);
#17626 = EDGE_CURVE('',#17618,#17627,#17629,.T.);
#17627 = VERTEX_POINT('',#17628);
#17628 = CARTESIAN_POINT('',(16.925,-4.729819,1.585));
#17629 = LINE('',#17630,#17631);
#17630 = CARTESIAN_POINT('',(16.714286,-4.729819,1.585));
#17631 = VECTOR('',#17632,1.);
#17632 = DIRECTION('',(1.,0.,0.));
#17633 = ORIENTED_EDGE('',*,*,#17634,.T.);
#17634 = EDGE_CURVE('',#17627,#17635,#17637,.T.);
#17635 = VERTEX_POINT('',#17636);
#17636 = CARTESIAN_POINT('',(16.925,-4.033504,1.585));
#17637 = LINE('',#17638,#17639);
#17638 = CARTESIAN_POINT('',(16.925,-4.729819,1.585));
#17639 = VECTOR('',#17640,1.);
#17640 = DIRECTION('',(0.,1.,0.));
#17641 = ORIENTED_EDGE('',*,*,#17642,.T.);
#17642 = EDGE_CURVE('',#17635,#17643,#17645,.T.);
#17643 = VERTEX_POINT('',#17644);
#17644 = CARTESIAN_POINT('',(16.849364,-4.106031,1.585));
#17645 = LINE('',#17646,#17647);
#17646 = CARTESIAN_POINT('',(16.925,-4.033504,1.585));
#17647 = VECTOR('',#17648,1.);
#17648 = DIRECTION('',(-0.721785571396,-0.692116745156,0.));
#17649 = ORIENTED_EDGE('',*,*,#17650,.T.);
#17650 = EDGE_CURVE('',#17643,#17651,#17653,.T.);
#17651 = VERTEX_POINT('',#17652);
#17652 = CARTESIAN_POINT('',(16.734095,-4.16287,1.585));
#17653 = LINE('',#17654,#17655);
#17654 = CARTESIAN_POINT('',(16.849364,-4.106031,1.585));
#17655 = VECTOR('',#17656,1.);
#17656 = DIRECTION('',(-0.896889346494,-0.442255017094,0.));
#17657 = ORIENTED_EDGE('',*,*,#17658,.T.);
#17658 = EDGE_CURVE('',#17651,#17659,#17661,.T.);
#17659 = VERTEX_POINT('',#17660);
#17660 = CARTESIAN_POINT('',(16.680745,-4.023451,1.585));
#17661 = CIRCLE('',#17662,7.500005272362E-02);
#17662 = AXIS2_PLACEMENT_3D('',#17663,#17664,#17665);
#17663 = CARTESIAN_POINT('',(16.71428555676,-4.090533329721,1.585));
#17664 = DIRECTION('',(0.,0.,-1.));
#17665 = DIRECTION('',(0.264125724196,-0.964488259036,0.));
#17666 = ORIENTED_EDGE('',*,*,#17667,.T.);
#17667 = EDGE_CURVE('',#17659,#17668,#17670,.T.);
#17668 = VERTEX_POINT('',#17669);
#17669 = CARTESIAN_POINT('',(16.765097,-3.981275,1.585));
#17670 = LINE('',#17671,#17672);
#17671 = CARTESIAN_POINT('',(16.680745,-4.023451,1.585));
#17672 = VECTOR('',#17673,1.);
#17673 = DIRECTION('',(0.894427191,0.4472135955,0.));
#17674 = ORIENTED_EDGE('',*,*,#17675,.T.);
#17675 = EDGE_CURVE('',#17668,#17676,#17678,.T.);
#17676 = VERTEX_POINT('',#17677);
#17677 = CARTESIAN_POINT('',(16.846476,-3.899896,1.585));
#17678 = LINE('',#17679,#17680);
#17679 = CARTESIAN_POINT('',(16.765097,-3.981275,1.585));
#17680 = VECTOR('',#17681,1.);
#17681 = DIRECTION('',(0.707106781187,0.707106781187,0.));
#17682 = ORIENTED_EDGE('',*,*,#17683,.T.);
#17683 = EDGE_CURVE('',#17676,#17558,#17684,.T.);
#17684 = LINE('',#17685,#17686);
#17685 = CARTESIAN_POINT('',(16.846476,-3.899896,1.585));
#17686 = VECTOR('',#17687,1.);
#17687 = DIRECTION('',(0.561387006404,0.82755339951,0.));
#17688 = PLANE('',#17689);
#17689 = AXIS2_PLACEMENT_3D('',#17690,#17691,#17692);
#17690 = CARTESIAN_POINT('',(0.,0.,1.585));
#17691 = DIRECTION('',(0.,0.,1.));
#17692 = DIRECTION('',(1.,0.,-0.));
#17693 = SHELL_BASED_SURFACE_MODEL('',(#17694));
#17694 = OPEN_SHELL('',(#17695));
#17695 = ADVANCED_FACE('',(#17696,#17807),#17859,.T.);
#17696 = FACE_BOUND('',#17697,.F.);
#17697 = EDGE_LOOP('',(#17698,#17709,#17717,#17726,#17734,#17743,#17751,
    #17759,#17768,#17776,#17784,#17792,#17801));
#17698 = ORIENTED_EDGE('',*,*,#17699,.T.);
#17699 = EDGE_CURVE('',#17700,#17702,#17704,.T.);
#17700 = VERTEX_POINT('',#17701);
#17701 = CARTESIAN_POINT('',(15.688346,-3.790187,1.585));
#17702 = VERTEX_POINT('',#17703);
#17703 = CARTESIAN_POINT('',(15.761905,-3.729819,1.585));
#17704 = CIRCLE('',#17705,7.500074938986E-02);
#17705 = AXIS2_PLACEMENT_3D('',#17706,#17707,#17708);
#17706 = CARTESIAN_POINT('',(15.76190546611,-3.804819749388,1.585));
#17707 = DIRECTION('',(0.,0.,-1.));
#17708 = DIRECTION('',(-0.980783081614,0.195101375752,0.));
#17709 = ORIENTED_EDGE('',*,*,#17710,.T.);
#17710 = EDGE_CURVE('',#17702,#17711,#17713,.T.);
#17711 = VERTEX_POINT('',#17712);
#17712 = CARTESIAN_POINT('',(16.157489,-3.73126,1.585));
#17713 = LINE('',#17714,#17715);
#17714 = CARTESIAN_POINT('',(15.761905,-3.729819,1.585));
#17715 = VECTOR('',#17716,1.);
#17716 = DIRECTION('',(0.999993365378,-3.64269141196E-03,0.));
#17717 = ORIENTED_EDGE('',*,*,#17718,.T.);
#17718 = EDGE_CURVE('',#17711,#17719,#17721,.T.);
#17719 = VERTEX_POINT('',#17720);
#17720 = CARTESIAN_POINT('',(16.406892,-3.980663,1.585));
#17721 = CIRCLE('',#17722,0.347870264855);
#17722 = AXIS2_PLACEMENT_3D('',#17723,#17724,#17725);
#17723 = CARTESIAN_POINT('',(16.070161265028,-4.067990734972,1.585));
#17724 = DIRECTION('',(0.,0.,-1.));
#17725 = DIRECTION('',(0.251035353678,0.967977918758,0.));
#17726 = ORIENTED_EDGE('',*,*,#17727,.T.);
#17727 = EDGE_CURVE('',#17719,#17728,#17730,.T.);
#17728 = VERTEX_POINT('',#17729);
#17729 = CARTESIAN_POINT('',(16.40567,-4.157962,1.585));
#17730 = LINE('',#17731,#17732);
#17731 = CARTESIAN_POINT('',(16.406892,-3.980663,1.585));
#17732 = VECTOR('',#17733,1.);
#17733 = DIRECTION('',(-6.892148157132E-03,-0.999976248865,0.));
#17734 = ORIENTED_EDGE('',*,*,#17735,.T.);
#17735 = EDGE_CURVE('',#17728,#17736,#17738,.T.);
#17736 = VERTEX_POINT('',#17737);
#17737 = CARTESIAN_POINT('',(16.157489,-4.402187,1.585));
#17738 = CIRCLE('',#17739,0.348632345849);
#17739 = AXIS2_PLACEMENT_3D('',#17740,#17741,#17742);
#17740 = CARTESIAN_POINT('',(16.069720194037,-4.064783459308,1.585));
#17741 = DIRECTION('',(0.,0.,-1.));
#17742 = DIRECTION('',(0.963622021775,-0.267268776985,0.));
#17743 = ORIENTED_EDGE('',*,*,#17744,.T.);
#17744 = EDGE_CURVE('',#17736,#17745,#17747,.T.);
#17745 = VERTEX_POINT('',#17746);
#17746 = CARTESIAN_POINT('',(16.143972,-4.403518,1.585));
#17747 = LINE('',#17748,#17749);
#17748 = CARTESIAN_POINT('',(16.157489,-4.402187,1.585));
#17749 = VECTOR('',#17750,1.);
#17750 = DIRECTION('',(-0.995186940545,-9.79946598998E-02,0.));
#17751 = ORIENTED_EDGE('',*,*,#17752,.T.);
#17752 = EDGE_CURVE('',#17745,#17753,#17755,.T.);
#17753 = VERTEX_POINT('',#17754);
#17754 = CARTESIAN_POINT('',(16.401986,-4.774623,1.585));
#17755 = LINE('',#17756,#17757);
#17756 = CARTESIAN_POINT('',(16.143972,-4.403518,1.585));
#17757 = VECTOR('',#17758,1.);
#17758 = DIRECTION('',(0.570846789809,-0.821056601316,0.));
#17759 = ORIENTED_EDGE('',*,*,#17760,.T.);
#17760 = EDGE_CURVE('',#17753,#17761,#17763,.T.);
#17761 = VERTEX_POINT('',#17762);
#17762 = CARTESIAN_POINT('',(16.271891,-4.847829,1.585));
#17763 = CIRCLE('',#17764,7.500005951702E-02);
#17764 = AXIS2_PLACEMENT_3D('',#17765,#17766,#17767);
#17765 = CARTESIAN_POINT('',(16.333333062942,-4.804818747396,1.585));
#17766 = DIRECTION('',(0.,0.,-1.));
#17767 = DIRECTION('',(0.915371767708,0.402609645791,0.));
#17768 = ORIENTED_EDGE('',*,*,#17769,.T.);
#17769 = EDGE_CURVE('',#17761,#17770,#17772,.T.);
#17770 = VERTEX_POINT('',#17771);
#17771 = CARTESIAN_POINT('',(15.960951,-4.403628,1.585));
#17772 = LINE('',#17773,#17774);
#17773 = CARTESIAN_POINT('',(16.271891,-4.847829,1.585));
#17774 = VECTOR('',#17775,1.);
#17775 = DIRECTION('',(-0.573461477921,0.819232527028,0.));
#17776 = ORIENTED_EDGE('',*,*,#17777,.T.);
#17777 = EDGE_CURVE('',#17770,#17778,#17780,.T.);
#17778 = VERTEX_POINT('',#17779);
#17779 = CARTESIAN_POINT('',(15.836905,-4.403628,1.585));
#17780 = LINE('',#17781,#17782);
#17781 = CARTESIAN_POINT('',(15.960951,-4.403628,1.585));
#17782 = VECTOR('',#17783,1.);
#17783 = DIRECTION('',(-1.,0.,0.));
#17784 = ORIENTED_EDGE('',*,*,#17785,.T.);
#17785 = EDGE_CURVE('',#17778,#17786,#17788,.T.);
#17786 = VERTEX_POINT('',#17787);
#17787 = CARTESIAN_POINT('',(15.835464,-4.819451,1.585));
#17788 = LINE('',#17789,#17790);
#17789 = CARTESIAN_POINT('',(15.836905,-4.403628,1.585));
#17790 = VECTOR('',#17791,1.);
#17791 = DIRECTION('',(-3.465395967783E-03,-0.999993995497,0.));
#17792 = ORIENTED_EDGE('',*,*,#17793,.T.);
#17793 = EDGE_CURVE('',#17786,#17794,#17796,.T.);
#17794 = VERTEX_POINT('',#17795);
#17795 = CARTESIAN_POINT('',(15.686905,-4.804819,1.585));
#17796 = CIRCLE('',#17797,7.500006711464E-02);
#17797 = AXIS2_PLACEMENT_3D('',#17798,#17799,#17800);
#17798 = CARTESIAN_POINT('',(15.761905067115,-4.804819067115,1.585));
#17799 = DIRECTION('',(-0.,0.,-1.));
#17800 = DIRECTION('',(0.980784894138,-0.195092263891,-0.));
#17801 = ORIENTED_EDGE('',*,*,#17802,.T.);
#17802 = EDGE_CURVE('',#17794,#17700,#17803,.T.);
#17803 = LINE('',#17804,#17805);
#17804 = CARTESIAN_POINT('',(15.686905,-4.804819,1.585));
#17805 = VECTOR('',#17806,1.);
#17806 = DIRECTION('',(1.420217918158E-03,0.99999899149,0.));
#17807 = FACE_BOUND('',#17808,.F.);
#17808 = EDGE_LOOP('',(#17809,#17820,#17828,#17836,#17844,#17853));
#17809 = ORIENTED_EDGE('',*,*,#17810,.T.);
#17810 = EDGE_CURVE('',#17811,#17813,#17815,.T.);
#17811 = VERTEX_POINT('',#17812);
#17812 = CARTESIAN_POINT('',(16.258333,-4.013,1.585));
#17813 = VERTEX_POINT('',#17814);
#17814 = CARTESIAN_POINT('',(16.125152,-3.879819,1.585));
#17815 = CIRCLE('',#17816,0.18686440374);
#17816 = AXIS2_PLACEMENT_3D('',#17817,#17818,#17819);
#17817 = CARTESIAN_POINT('',(16.077616,-4.060536,1.585));
#17818 = DIRECTION('',(0.,0.,1.));
#17819 = DIRECTION('',(0.967102328658,0.254387668538,-0.));
#17820 = ORIENTED_EDGE('',*,*,#17821,.T.);
#17821 = EDGE_CURVE('',#17813,#17822,#17824,.T.);
#17822 = VERTEX_POINT('',#17823);
#17823 = CARTESIAN_POINT('',(15.836905,-3.879819,1.585));
#17824 = LINE('',#17825,#17826);
#17825 = CARTESIAN_POINT('',(16.125152,-3.879819,1.585));
#17826 = VECTOR('',#17827,1.);
#17827 = DIRECTION('',(-1.,0.,0.));
#17828 = ORIENTED_EDGE('',*,*,#17829,.T.);
#17829 = EDGE_CURVE('',#17822,#17830,#17832,.T.);
#17830 = VERTEX_POINT('',#17831);
#17831 = CARTESIAN_POINT('',(15.836905,-4.253628,1.585));
#17832 = LINE('',#17833,#17834);
#17833 = CARTESIAN_POINT('',(15.836905,-3.879819,1.585));
#17834 = VECTOR('',#17835,1.);
#17835 = DIRECTION('',(0.,-1.,0.));
#17836 = ORIENTED_EDGE('',*,*,#17837,.T.);
#17837 = EDGE_CURVE('',#17830,#17838,#17840,.T.);
#17838 = VERTEX_POINT('',#17839);
#17839 = CARTESIAN_POINT('',(16.125152,-4.253628,1.585));
#17840 = LINE('',#17841,#17842);
#17841 = CARTESIAN_POINT('',(15.836905,-4.253628,1.585));
#17842 = VECTOR('',#17843,1.);
#17843 = DIRECTION('',(1.,0.,0.));
#17844 = ORIENTED_EDGE('',*,*,#17845,.T.);
#17845 = EDGE_CURVE('',#17838,#17846,#17848,.T.);
#17846 = VERTEX_POINT('',#17847);
#17847 = CARTESIAN_POINT('',(16.258333,-4.120447,1.585));
#17848 = CIRCLE('',#17849,0.18686440374);
#17849 = AXIS2_PLACEMENT_3D('',#17850,#17851,#17852);
#17850 = CARTESIAN_POINT('',(16.077616,-4.072911,1.585));
#17851 = DIRECTION('',(0.,0.,1.));
#17852 = DIRECTION('',(0.254387668538,-0.967102328658,0.));
#17853 = ORIENTED_EDGE('',*,*,#17854,.T.);
#17854 = EDGE_CURVE('',#17846,#17811,#17855,.T.);
#17855 = LINE('',#17856,#17857);
#17856 = CARTESIAN_POINT('',(16.258333,-4.120447,1.585));
#17857 = VECTOR('',#17858,1.);
#17858 = DIRECTION('',(0.,1.,0.));
#17859 = PLANE('',#17860);
#17860 = AXIS2_PLACEMENT_3D('',#17861,#17862,#17863);
#17861 = CARTESIAN_POINT('',(0.,0.,1.585));
#17862 = DIRECTION('',(0.,0.,1.));
#17863 = DIRECTION('',(1.,0.,-0.));
#17864 = SHELL_BASED_SURFACE_MODEL('',(#17865));
#17865 = OPEN_SHELL('',(#17866));
#17866 = ADVANCED_FACE('',(#17867),#18001,.T.);
#17867 = FACE_BOUND('',#17868,.F.);
#17868 = EDGE_LOOP('',(#17869,#17879,#17887,#17896,#17904,#17912,#17921,
    #17929,#17938,#17946,#17954,#17962,#17970,#17979,#17987,#17995));
#17869 = ORIENTED_EDGE('',*,*,#17870,.T.);
#17870 = EDGE_CURVE('',#17871,#17873,#17875,.T.);
#17871 = VERTEX_POINT('',#17872);
#17872 = CARTESIAN_POINT('',(30.665106,-2.401841,1.585));
#17873 = VERTEX_POINT('',#17874);
#17874 = CARTESIAN_POINT('',(30.703562,-2.38126,1.585));
#17875 = LINE('',#17876,#17877);
#17876 = CARTESIAN_POINT('',(30.665106,-2.401841,1.585));
#17877 = VECTOR('',#17878,1.);
#17878 = DIRECTION('',(0.881674852639,0.471857451169,0.));
#17879 = ORIENTED_EDGE('',*,*,#17880,.T.);
#17880 = EDGE_CURVE('',#17873,#17881,#17883,.T.);
#17881 = VERTEX_POINT('',#17882);
#17882 = CARTESIAN_POINT('',(30.725399,-2.38126,1.585));
#17883 = LINE('',#17884,#17885);
#17884 = CARTESIAN_POINT('',(30.703562,-2.38126,1.585));
#17885 = VECTOR('',#17886,1.);
#17886 = DIRECTION('',(1.,0.,0.));
#17887 = ORIENTED_EDGE('',*,*,#17888,.T.);
#17888 = EDGE_CURVE('',#17881,#17889,#17891,.T.);
#17889 = VERTEX_POINT('',#17890);
#17890 = CARTESIAN_POINT('',(30.793194,-2.454819,1.585));
#17891 = CIRCLE('',#17892,7.216898094228E-02);
#17892 = AXIS2_PLACEMENT_3D('',#17893,#17894,#17895);
#17893 = CARTESIAN_POINT('',(30.721041063893,-2.453297283424,1.585));
#17894 = DIRECTION('',(0.,0.,-1.));
#17895 = DIRECTION('',(6.03851689526E-02,0.998175150648,0.));
#17896 = ORIENTED_EDGE('',*,*,#17897,.T.);
#17897 = EDGE_CURVE('',#17889,#17898,#17900,.T.);
#17898 = VERTEX_POINT('',#17899);
#17899 = CARTESIAN_POINT('',(30.793194,-3.379819,1.585));
#17900 = LINE('',#17901,#17902);
#17901 = CARTESIAN_POINT('',(30.793194,-2.454819,1.585));
#17902 = VECTOR('',#17903,1.);
#17903 = DIRECTION('',(0.,-1.,0.));
#17904 = ORIENTED_EDGE('',*,*,#17905,.T.);
#17905 = EDGE_CURVE('',#17898,#17906,#17908,.T.);
#17906 = VERTEX_POINT('',#17907);
#17907 = CARTESIAN_POINT('',(31.01854,-3.38126,1.585));
#17908 = LINE('',#17909,#17910);
#17909 = CARTESIAN_POINT('',(30.793194,-3.379819,1.585));
#17910 = VECTOR('',#17911,1.);
#17911 = DIRECTION('',(0.999979555102,-6.394480216657E-03,0.));
#17912 = ORIENTED_EDGE('',*,*,#17913,.T.);
#17913 = EDGE_CURVE('',#17906,#17914,#17916,.T.);
#17914 = VERTEX_POINT('',#17915);
#17915 = CARTESIAN_POINT('',(31.003908,-3.529819,1.585));
#17916 = CIRCLE('',#17917,7.500006711464E-02);
#17917 = AXIS2_PLACEMENT_3D('',#17918,#17919,#17920);
#17918 = CARTESIAN_POINT('',(31.003908067115,-3.454818932885,1.585));
#17919 = DIRECTION('',(0.,0.,-1.));
#17920 = DIRECTION('',(0.195092263891,0.980784894138,0.));
#17921 = ORIENTED_EDGE('',*,*,#17922,.T.);
#17922 = EDGE_CURVE('',#17914,#17923,#17925,.T.);
#17923 = VERTEX_POINT('',#17924);
#17924 = CARTESIAN_POINT('',(30.417848,-3.528378,1.585));
#17925 = LINE('',#17926,#17927);
#17926 = CARTESIAN_POINT('',(31.003908,-3.529819,1.585));
#17927 = VECTOR('',#17928,1.);
#17928 = DIRECTION('',(-0.999996977183,2.458785182611E-03,0.));
#17929 = ORIENTED_EDGE('',*,*,#17930,.T.);
#17930 = EDGE_CURVE('',#17923,#17931,#17933,.T.);
#17931 = VERTEX_POINT('',#17932);
#17932 = CARTESIAN_POINT('',(30.43248,-3.379819,1.585));
#17933 = CIRCLE('',#17934,7.500006711464E-02);
#17934 = AXIS2_PLACEMENT_3D('',#17935,#17936,#17937);
#17935 = CARTESIAN_POINT('',(30.432479932885,-3.454819067115,1.585));
#17936 = DIRECTION('',(0.,0.,-1.));
#17937 = DIRECTION('',(-0.195092263891,-0.980784894138,-0.));
#17938 = ORIENTED_EDGE('',*,*,#17939,.T.);
#17939 = EDGE_CURVE('',#17931,#17940,#17942,.T.);
#17940 = VERTEX_POINT('',#17941);
#17941 = CARTESIAN_POINT('',(30.643194,-3.379819,1.585));
#17942 = LINE('',#17943,#17944);
#17943 = CARTESIAN_POINT('',(30.43248,-3.379819,1.585));
#17944 = VECTOR('',#17945,1.);
#17945 = DIRECTION('',(1.,0.,0.));
#17946 = ORIENTED_EDGE('',*,*,#17947,.T.);
#17947 = EDGE_CURVE('',#17940,#17948,#17950,.T.);
#17948 = VERTEX_POINT('',#17949);
#17949 = CARTESIAN_POINT('',(30.643194,-2.683504,1.585));
#17950 = LINE('',#17951,#17952);
#17951 = CARTESIAN_POINT('',(30.643194,-3.379819,1.585));
#17952 = VECTOR('',#17953,1.);
#17953 = DIRECTION('',(0.,1.,0.));
#17954 = ORIENTED_EDGE('',*,*,#17955,.T.);
#17955 = EDGE_CURVE('',#17948,#17956,#17958,.T.);
#17956 = VERTEX_POINT('',#17957);
#17957 = CARTESIAN_POINT('',(30.567558,-2.756031,1.585));
#17958 = LINE('',#17959,#17960);
#17959 = CARTESIAN_POINT('',(30.643194,-2.683504,1.585));
#17960 = VECTOR('',#17961,1.);
#17961 = DIRECTION('',(-0.721785571396,-0.692116745156,0.));
#17962 = ORIENTED_EDGE('',*,*,#17963,.T.);
#17963 = EDGE_CURVE('',#17956,#17964,#17966,.T.);
#17964 = VERTEX_POINT('',#17965);
#17965 = CARTESIAN_POINT('',(30.452289,-2.81287,1.585));
#17966 = LINE('',#17967,#17968);
#17967 = CARTESIAN_POINT('',(30.567558,-2.756031,1.585));
#17968 = VECTOR('',#17969,1.);
#17969 = DIRECTION('',(-0.896889346494,-0.442255017094,0.));
#17970 = ORIENTED_EDGE('',*,*,#17971,.T.);
#17971 = EDGE_CURVE('',#17964,#17972,#17974,.T.);
#17972 = VERTEX_POINT('',#17973);
#17973 = CARTESIAN_POINT('',(30.398939,-2.673451,1.585));
#17974 = CIRCLE('',#17975,7.500005272362E-02);
#17975 = AXIS2_PLACEMENT_3D('',#17976,#17977,#17978);
#17976 = CARTESIAN_POINT('',(30.43247955676,-2.740533329721,1.585));
#17977 = DIRECTION('',(0.,0.,-1.));
#17978 = DIRECTION('',(0.264125724196,-0.964488259036,0.));
#17979 = ORIENTED_EDGE('',*,*,#17980,.T.);
#17980 = EDGE_CURVE('',#17972,#17981,#17983,.T.);
#17981 = VERTEX_POINT('',#17982);
#17982 = CARTESIAN_POINT('',(30.483291,-2.631275,1.585));
#17983 = LINE('',#17984,#17985);
#17984 = CARTESIAN_POINT('',(30.398939,-2.673451,1.585));
#17985 = VECTOR('',#17986,1.);
#17986 = DIRECTION('',(0.894427191,0.4472135955,0.));
#17987 = ORIENTED_EDGE('',*,*,#17988,.T.);
#17988 = EDGE_CURVE('',#17981,#17989,#17991,.T.);
#17989 = VERTEX_POINT('',#17990);
#17990 = CARTESIAN_POINT('',(30.56467,-2.549896,1.585));
#17991 = LINE('',#17992,#17993);
#17992 = CARTESIAN_POINT('',(30.483291,-2.631275,1.585));
#17993 = VECTOR('',#17994,1.);
#17994 = DIRECTION('',(0.707106781187,0.707106781187,0.));
#17995 = ORIENTED_EDGE('',*,*,#17996,.T.);
#17996 = EDGE_CURVE('',#17989,#17871,#17997,.T.);
#17997 = LINE('',#17998,#17999);
#17998 = CARTESIAN_POINT('',(30.56467,-2.549896,1.585));
#17999 = VECTOR('',#18000,1.);
#18000 = DIRECTION('',(0.561387006404,0.82755339951,0.));
#18001 = PLANE('',#18002);
#18002 = AXIS2_PLACEMENT_3D('',#18003,#18004,#18005);
#18003 = CARTESIAN_POINT('',(0.,0.,1.585));
#18004 = DIRECTION('',(0.,0.,1.));
#18005 = DIRECTION('',(1.,0.,-0.));
#18006 = SHELL_BASED_SURFACE_MODEL('',(#18007));
#18007 = OPEN_SHELL('',(#18008));
#18008 = ADVANCED_FACE('',(#18009,#18120),#18172,.T.);
#18009 = FACE_BOUND('',#18010,.F.);
#18010 = EDGE_LOOP('',(#18011,#18022,#18030,#18039,#18047,#18056,#18064,
    #18072,#18081,#18089,#18097,#18105,#18114));
#18011 = ORIENTED_EDGE('',*,*,#18012,.T.);
#18012 = EDGE_CURVE('',#18013,#18015,#18017,.T.);
#18013 = VERTEX_POINT('',#18014);
#18014 = CARTESIAN_POINT('',(29.40654,-2.440187,1.585));
#18015 = VERTEX_POINT('',#18016);
#18016 = CARTESIAN_POINT('',(29.480099,-2.379819,1.585));
#18017 = CIRCLE('',#18018,7.500074938986E-02);
#18018 = AXIS2_PLACEMENT_3D('',#18019,#18020,#18021);
#18019 = CARTESIAN_POINT('',(29.48009946611,-2.454819749388,1.585));
#18020 = DIRECTION('',(0.,0.,-1.));
#18021 = DIRECTION('',(-0.980783081614,0.195101375752,0.));
#18022 = ORIENTED_EDGE('',*,*,#18023,.T.);
#18023 = EDGE_CURVE('',#18015,#18024,#18026,.T.);
#18024 = VERTEX_POINT('',#18025);
#18025 = CARTESIAN_POINT('',(29.875683,-2.38126,1.585));
#18026 = LINE('',#18027,#18028);
#18027 = CARTESIAN_POINT('',(29.480099,-2.379819,1.585));
#18028 = VECTOR('',#18029,1.);
#18029 = DIRECTION('',(0.999993365378,-3.642691411962E-03,0.));
#18030 = ORIENTED_EDGE('',*,*,#18031,.T.);
#18031 = EDGE_CURVE('',#18024,#18032,#18034,.T.);
#18032 = VERTEX_POINT('',#18033);
#18033 = CARTESIAN_POINT('',(30.125086,-2.630663,1.585));
#18034 = CIRCLE('',#18035,0.347870264855);
#18035 = AXIS2_PLACEMENT_3D('',#18036,#18037,#18038);
#18036 = CARTESIAN_POINT('',(29.788355265028,-2.717990734972,1.585));
#18037 = DIRECTION('',(0.,0.,-1.));
#18038 = DIRECTION('',(0.251035353678,0.967977918758,0.));
#18039 = ORIENTED_EDGE('',*,*,#18040,.T.);
#18040 = EDGE_CURVE('',#18032,#18041,#18043,.T.);
#18041 = VERTEX_POINT('',#18042);
#18042 = CARTESIAN_POINT('',(30.123864,-2.807962,1.585));
#18043 = LINE('',#18044,#18045);
#18044 = CARTESIAN_POINT('',(30.125086,-2.630663,1.585));
#18045 = VECTOR('',#18046,1.);
#18046 = DIRECTION('',(-6.892148157132E-03,-0.999976248865,0.));
#18047 = ORIENTED_EDGE('',*,*,#18048,.T.);
#18048 = EDGE_CURVE('',#18041,#18049,#18051,.T.);
#18049 = VERTEX_POINT('',#18050);
#18050 = CARTESIAN_POINT('',(29.875683,-3.052187,1.585));
#18051 = CIRCLE('',#18052,0.348632345849);
#18052 = AXIS2_PLACEMENT_3D('',#18053,#18054,#18055);
#18053 = CARTESIAN_POINT('',(29.787914194037,-2.714783459308,1.585));
#18054 = DIRECTION('',(0.,0.,-1.));
#18055 = DIRECTION('',(0.963622021775,-0.267268776985,0.));
#18056 = ORIENTED_EDGE('',*,*,#18057,.T.);
#18057 = EDGE_CURVE('',#18049,#18058,#18060,.T.);
#18058 = VERTEX_POINT('',#18059);
#18059 = CARTESIAN_POINT('',(29.862166,-3.053518,1.585));
#18060 = LINE('',#18061,#18062);
#18061 = CARTESIAN_POINT('',(29.875683,-3.052187,1.585));
#18062 = VECTOR('',#18063,1.);
#18063 = DIRECTION('',(-0.995186940545,-9.799465989977E-02,0.));
#18064 = ORIENTED_EDGE('',*,*,#18065,.T.);
#18065 = EDGE_CURVE('',#18058,#18066,#18068,.T.);
#18066 = VERTEX_POINT('',#18067);
#18067 = CARTESIAN_POINT('',(30.12018,-3.424623,1.585));
#18068 = LINE('',#18069,#18070);
#18069 = CARTESIAN_POINT('',(29.862166,-3.053518,1.585));
#18070 = VECTOR('',#18071,1.);
#18071 = DIRECTION('',(0.570846789809,-0.821056601316,0.));
#18072 = ORIENTED_EDGE('',*,*,#18073,.T.);
#18073 = EDGE_CURVE('',#18066,#18074,#18076,.T.);
#18074 = VERTEX_POINT('',#18075);
#18075 = CARTESIAN_POINT('',(29.990085,-3.497829,1.585));
#18076 = CIRCLE('',#18077,7.500005951702E-02);
#18077 = AXIS2_PLACEMENT_3D('',#18078,#18079,#18080);
#18078 = CARTESIAN_POINT('',(30.051527062942,-3.454818747396,1.585));
#18079 = DIRECTION('',(0.,0.,-1.));
#18080 = DIRECTION('',(0.915371767708,0.402609645791,0.));
#18081 = ORIENTED_EDGE('',*,*,#18082,.T.);
#18082 = EDGE_CURVE('',#18074,#18083,#18085,.T.);
#18083 = VERTEX_POINT('',#18084);
#18084 = CARTESIAN_POINT('',(29.679145,-3.053628,1.585));
#18085 = LINE('',#18086,#18087);
#18086 = CARTESIAN_POINT('',(29.990085,-3.497829,1.585));
#18087 = VECTOR('',#18088,1.);
#18088 = DIRECTION('',(-0.573461477921,0.819232527028,0.));
#18089 = ORIENTED_EDGE('',*,*,#18090,.T.);
#18090 = EDGE_CURVE('',#18083,#18091,#18093,.T.);
#18091 = VERTEX_POINT('',#18092);
#18092 = CARTESIAN_POINT('',(29.555099,-3.053628,1.585));
#18093 = LINE('',#18094,#18095);
#18094 = CARTESIAN_POINT('',(29.679145,-3.053628,1.585));
#18095 = VECTOR('',#18096,1.);
#18096 = DIRECTION('',(-1.,0.,0.));
#18097 = ORIENTED_EDGE('',*,*,#18098,.T.);
#18098 = EDGE_CURVE('',#18091,#18099,#18101,.T.);
#18099 = VERTEX_POINT('',#18100);
#18100 = CARTESIAN_POINT('',(29.553658,-3.469451,1.585));
#18101 = LINE('',#18102,#18103);
#18102 = CARTESIAN_POINT('',(29.555099,-3.053628,1.585));
#18103 = VECTOR('',#18104,1.);
#18104 = DIRECTION('',(-3.465395967783E-03,-0.999993995497,0.));
#18105 = ORIENTED_EDGE('',*,*,#18106,.T.);
#18106 = EDGE_CURVE('',#18099,#18107,#18109,.T.);
#18107 = VERTEX_POINT('',#18108);
#18108 = CARTESIAN_POINT('',(29.405099,-3.454819,1.585));
#18109 = CIRCLE('',#18110,7.500006711464E-02);
#18110 = AXIS2_PLACEMENT_3D('',#18111,#18112,#18113);
#18111 = CARTESIAN_POINT('',(29.480099067115,-3.454819067115,1.585));
#18112 = DIRECTION('',(-0.,0.,-1.));
#18113 = DIRECTION('',(0.980784894138,-0.195092263891,-0.));
#18114 = ORIENTED_EDGE('',*,*,#18115,.T.);
#18115 = EDGE_CURVE('',#18107,#18013,#18116,.T.);
#18116 = LINE('',#18117,#18118);
#18117 = CARTESIAN_POINT('',(29.405099,-3.454819,1.585));
#18118 = VECTOR('',#18119,1.);
#18119 = DIRECTION('',(1.420217918158E-03,0.99999899149,0.));
#18120 = FACE_BOUND('',#18121,.F.);
#18121 = EDGE_LOOP('',(#18122,#18133,#18141,#18149,#18157,#18166));
#18122 = ORIENTED_EDGE('',*,*,#18123,.T.);
#18123 = EDGE_CURVE('',#18124,#18126,#18128,.T.);
#18124 = VERTEX_POINT('',#18125);
#18125 = CARTESIAN_POINT('',(29.976527,-2.663,1.585));
#18126 = VERTEX_POINT('',#18127);
#18127 = CARTESIAN_POINT('',(29.843346,-2.529819,1.585));
#18128 = CIRCLE('',#18129,0.18686440374);
#18129 = AXIS2_PLACEMENT_3D('',#18130,#18131,#18132);
#18130 = CARTESIAN_POINT('',(29.79581,-2.710536,1.585));
#18131 = DIRECTION('',(0.,0.,1.));
#18132 = DIRECTION('',(0.967102328658,0.254387668538,-0.));
#18133 = ORIENTED_EDGE('',*,*,#18134,.T.);
#18134 = EDGE_CURVE('',#18126,#18135,#18137,.T.);
#18135 = VERTEX_POINT('',#18136);
#18136 = CARTESIAN_POINT('',(29.555099,-2.529819,1.585));
#18137 = LINE('',#18138,#18139);
#18138 = CARTESIAN_POINT('',(29.843346,-2.529819,1.585));
#18139 = VECTOR('',#18140,1.);
#18140 = DIRECTION('',(-1.,0.,0.));
#18141 = ORIENTED_EDGE('',*,*,#18142,.T.);
#18142 = EDGE_CURVE('',#18135,#18143,#18145,.T.);
#18143 = VERTEX_POINT('',#18144);
#18144 = CARTESIAN_POINT('',(29.555099,-2.903628,1.585));
#18145 = LINE('',#18146,#18147);
#18146 = CARTESIAN_POINT('',(29.555099,-2.529819,1.585));
#18147 = VECTOR('',#18148,1.);
#18148 = DIRECTION('',(0.,-1.,0.));
#18149 = ORIENTED_EDGE('',*,*,#18150,.T.);
#18150 = EDGE_CURVE('',#18143,#18151,#18153,.T.);
#18151 = VERTEX_POINT('',#18152);
#18152 = CARTESIAN_POINT('',(29.843346,-2.903628,1.585));
#18153 = LINE('',#18154,#18155);
#18154 = CARTESIAN_POINT('',(29.555099,-2.903628,1.585));
#18155 = VECTOR('',#18156,1.);
#18156 = DIRECTION('',(1.,0.,0.));
#18157 = ORIENTED_EDGE('',*,*,#18158,.T.);
#18158 = EDGE_CURVE('',#18151,#18159,#18161,.T.);
#18159 = VERTEX_POINT('',#18160);
#18160 = CARTESIAN_POINT('',(29.976527,-2.770447,1.585));
#18161 = CIRCLE('',#18162,0.18686440374);
#18162 = AXIS2_PLACEMENT_3D('',#18163,#18164,#18165);
#18163 = CARTESIAN_POINT('',(29.79581,-2.722911,1.585));
#18164 = DIRECTION('',(0.,0.,1.));
#18165 = DIRECTION('',(0.254387668538,-0.967102328658,0.));
#18166 = ORIENTED_EDGE('',*,*,#18167,.T.);
#18167 = EDGE_CURVE('',#18159,#18124,#18168,.T.);
#18168 = LINE('',#18169,#18170);
#18169 = CARTESIAN_POINT('',(29.976527,-2.770447,1.585));
#18170 = VECTOR('',#18171,1.);
#18171 = DIRECTION('',(0.,1.,0.));
#18172 = PLANE('',#18173);
#18173 = AXIS2_PLACEMENT_3D('',#18174,#18175,#18176);
#18174 = CARTESIAN_POINT('',(0.,0.,1.585));
#18175 = DIRECTION('',(0.,0.,1.));
#18176 = DIRECTION('',(1.,0.,-0.));
#18177 = SHELL_BASED_SURFACE_MODEL('',(#18178));
#18178 = OPEN_SHELL('',(#18179));
#18179 = ADVANCED_FACE('',(#18180),#18365,.T.);
#18180 = FACE_BOUND('',#18181,.F.);
#18181 = EDGE_LOOP('',(#18182,#18193,#18201,#18210,#18218,#18227,#18235,
    #18244,#18252,#18260,#18268,#18277,#18285,#18294,#18302,#18311,
    #18319,#18327,#18335,#18343,#18351,#18359));
#18182 = ORIENTED_EDGE('',*,*,#18183,.T.);
#18183 = EDGE_CURVE('',#18184,#18186,#18188,.T.);
#18184 = VERTEX_POINT('',#18185);
#18185 = CARTESIAN_POINT('',(28.585813,-2.437281,1.585));
#18186 = VERTEX_POINT('',#18187);
#18187 = CARTESIAN_POINT('',(29.045576,-2.440078,1.585));
#18188 = CIRCLE('',#18189,0.460785175821);
#18189 = AXIS2_PLACEMENT_3D('',#18190,#18191,#18192);
#18190 = CARTESIAN_POINT('',(28.813265108972,-2.838015970249,1.585));
#18191 = DIRECTION('',(0.,0.,-1.));
#18192 = DIRECTION('',(-0.493618547009,0.869678521092,0.));
#18193 = ORIENTED_EDGE('',*,*,#18194,.T.);
#18194 = EDGE_CURVE('',#18186,#18195,#18197,.T.);
#18195 = VERTEX_POINT('',#18196);
#18196 = CARTESIAN_POINT('',(29.113887,-2.508389,1.585));
#18197 = LINE('',#18198,#18199);
#18198 = CARTESIAN_POINT('',(29.045576,-2.440078,1.585));
#18199 = VECTOR('',#18200,1.);
#18200 = DIRECTION('',(0.707106781187,-0.707106781187,0.));
#18201 = ORIENTED_EDGE('',*,*,#18202,.T.);
#18202 = EDGE_CURVE('',#18195,#18203,#18205,.T.);
#18203 = VERTEX_POINT('',#18204);
#18204 = CARTESIAN_POINT('',(28.998494,-2.60309,1.585));
#18205 = CIRCLE('',#18206,7.500003178656E-02);
#18206 = AXIS2_PLACEMENT_3D('',#18207,#18208,#18209);
#18207 = CARTESIAN_POINT('',(29.051526562127,-2.5500565,1.585));
#18208 = DIRECTION('',(0.,0.,-1.));
#18209 = DIRECTION('',(0.831472152581,0.555566431206,0.));
#18210 = ORIENTED_EDGE('',*,*,#18211,.T.);
#18211 = EDGE_CURVE('',#18203,#18212,#18214,.T.);
#18212 = VERTEX_POINT('',#18213);
#18213 = CARTESIAN_POINT('',(28.963394,-2.56799,1.585));
#18214 = LINE('',#18215,#18216);
#18215 = CARTESIAN_POINT('',(28.998494,-2.60309,1.585));
#18216 = VECTOR('',#18217,1.);
#18217 = DIRECTION('',(-0.707106781187,0.707106781187,0.));
#18218 = ORIENTED_EDGE('',*,*,#18219,.T.);
#18219 = EDGE_CURVE('',#18212,#18220,#18222,.T.);
#18220 = VERTEX_POINT('',#18221);
#18221 = CARTESIAN_POINT('',(28.66347,-2.56799,1.585));
#18222 = CIRCLE('',#18223,0.299308637371);
#18223 = AXIS2_PLACEMENT_3D('',#18224,#18225,#18226);
#18224 = CARTESIAN_POINT('',(28.813432,-2.827021,1.585));
#18225 = DIRECTION('',(0.,0.,1.));
#18226 = DIRECTION('',(0.501027973389,0.865431089043,-0.));
#18227 = ORIENTED_EDGE('',*,*,#18228,.T.);
#18228 = EDGE_CURVE('',#18220,#18229,#18231,.T.);
#18229 = VERTEX_POINT('',#18230);
#18230 = CARTESIAN_POINT('',(28.589357,-2.642103,1.585));
#18231 = LINE('',#18232,#18233);
#18232 = CARTESIAN_POINT('',(28.66347,-2.56799,1.585));
#18233 = VECTOR('',#18234,1.);
#18234 = DIRECTION('',(-0.707106781187,-0.707106781187,0.));
#18235 = ORIENTED_EDGE('',*,*,#18236,.T.);
#18236 = EDGE_CURVE('',#18229,#18237,#18239,.T.);
#18237 = VERTEX_POINT('',#18238);
#18238 = CARTESIAN_POINT('',(28.50748,-3.017013,1.585));
#18239 = CIRCLE('',#18240,0.611712714363);
#18240 = AXIS2_PLACEMENT_3D('',#18241,#18242,#18243);
#18241 = CARTESIAN_POINT('',(29.115885275217,-2.953487682202,1.585));
#18242 = DIRECTION('',(0.,0.,1.));
#18243 = DIRECTION('',(-0.860744370444,0.509037453188,0.));
#18244 = ORIENTED_EDGE('',*,*,#18245,.T.);
#18245 = EDGE_CURVE('',#18237,#18246,#18248,.T.);
#18246 = VERTEX_POINT('',#18247);
#18247 = CARTESIAN_POINT('',(28.550863,-3.190547,1.585));
#18248 = LINE('',#18249,#18250);
#18249 = CARTESIAN_POINT('',(28.50748,-3.017013,1.585));
#18250 = VECTOR('',#18251,1.);
#18251 = DIRECTION('',(0.242532994208,-0.970143157849,0.));
#18252 = ORIENTED_EDGE('',*,*,#18253,.T.);
#18253 = EDGE_CURVE('',#18246,#18254,#18256,.T.);
#18254 = VERTEX_POINT('',#18255);
#18255 = CARTESIAN_POINT('',(28.589357,-3.267534,1.585));
#18256 = LINE('',#18257,#18258);
#18257 = CARTESIAN_POINT('',(28.550863,-3.190547,1.585));
#18258 = VECTOR('',#18259,1.);
#18259 = DIRECTION('',(0.447218242641,-0.894424867414,0.));
#18260 = ORIENTED_EDGE('',*,*,#18261,.T.);
#18261 = EDGE_CURVE('',#18254,#18262,#18264,.T.);
#18262 = VERTEX_POINT('',#18263);
#18263 = CARTESIAN_POINT('',(28.66347,-3.341648,1.585));
#18264 = LINE('',#18265,#18266);
#18265 = CARTESIAN_POINT('',(28.589357,-3.267534,1.585));
#18266 = VECTOR('',#18267,1.);
#18267 = DIRECTION('',(0.707102010739,-0.707111551602,0.));
#18268 = ORIENTED_EDGE('',*,*,#18269,.T.);
#18269 = EDGE_CURVE('',#18262,#18270,#18272,.T.);
#18270 = VERTEX_POINT('',#18271);
#18271 = CARTESIAN_POINT('',(28.963394,-3.341647,1.585));
#18272 = CIRCLE('',#18273,0.299305962385);
#18273 = AXIS2_PLACEMENT_3D('',#18274,#18275,#18276);
#18274 = CARTESIAN_POINT('',(28.813431136355,-3.082619590935,1.585));
#18275 = DIRECTION('',(0.,0.,1.));
#18276 = DIRECTION('',(-0.501029565732,-0.865430167178,0.));
#18277 = ORIENTED_EDGE('',*,*,#18278,.T.);
#18278 = EDGE_CURVE('',#18270,#18279,#18281,.T.);
#18279 = VERTEX_POINT('',#18280);
#18280 = CARTESIAN_POINT('',(29.009859,-3.29722,1.585));
#18281 = LINE('',#18282,#18283);
#18282 = CARTESIAN_POINT('',(28.963394,-3.341647,1.585));
#18283 = VECTOR('',#18284,1.);
#18284 = DIRECTION('',(0.722780013658,0.691078180712,0.));
#18285 = ORIENTED_EDGE('',*,*,#18286,.T.);
#18286 = EDGE_CURVE('',#18279,#18287,#18289,.T.);
#18287 = VERTEX_POINT('',#18288);
#18288 = CARTESIAN_POINT('',(29.10456,-3.412613,1.585));
#18289 = CIRCLE('',#18290,7.499993690111E-02);
#18290 = AXIS2_PLACEMENT_3D('',#18291,#18292,#18293);
#18291 = CARTESIAN_POINT('',(29.051527248309,-3.359579823749,1.585));
#18292 = DIRECTION('',(0.,0.,-1.));
#18293 = DIRECTION('',(-0.555577111536,0.831465016184,0.));
#18294 = ORIENTED_EDGE('',*,*,#18295,.T.);
#18295 = EDGE_CURVE('',#18287,#18296,#18298,.T.);
#18296 = VERTEX_POINT('',#18297);
#18297 = CARTESIAN_POINT('',(29.04105,-3.472357,1.585));
#18298 = LINE('',#18299,#18300);
#18299 = CARTESIAN_POINT('',(29.10456,-3.412613,1.585));
#18300 = VECTOR('',#18301,1.);
#18301 = DIRECTION('',(-0.728372356766,-0.685181516023,0.));
#18302 = ORIENTED_EDGE('',*,*,#18303,.T.);
#18303 = EDGE_CURVE('',#18296,#18304,#18306,.T.);
#18304 = VERTEX_POINT('',#18305);
#18305 = CARTESIAN_POINT('',(28.581288,-3.469561,1.585));
#18306 = CIRCLE('',#18307,0.461067828848);
#18307 = AXIS2_PLACEMENT_3D('',#18308,#18309,#18310);
#18308 = CARTESIAN_POINT('',(28.813599512688,-3.071296133522,1.585));
#18309 = DIRECTION('',(-0.,0.,-1.));
#18310 = DIRECTION('',(0.493312421905,-0.869852202615,-0.));
#18311 = ORIENTED_EDGE('',*,*,#18312,.T.);
#18312 = EDGE_CURVE('',#18304,#18313,#18315,.T.);
#18313 = VERTEX_POINT('',#18314);
#18314 = CARTESIAN_POINT('',(28.464599,-3.351798,1.585));
#18315 = LINE('',#18316,#18317);
#18316 = CARTESIAN_POINT('',(28.581288,-3.469561,1.585));
#18317 = VECTOR('',#18318,1.);
#18318 = DIRECTION('',(-0.703860214178,0.710338510076,0.));
#18319 = ORIENTED_EDGE('',*,*,#18320,.T.);
#18320 = EDGE_CURVE('',#18313,#18321,#18323,.T.);
#18321 = VERTEX_POINT('',#18322);
#18322 = CARTESIAN_POINT('',(28.407338,-3.234913,1.585));
#18323 = LINE('',#18324,#18325);
#18324 = CARTESIAN_POINT('',(28.464599,-3.351798,1.585));
#18325 = VECTOR('',#18326,1.);
#18326 = DIRECTION('',(-0.439936873317,0.89802870082,0.));
#18327 = ORIENTED_EDGE('',*,*,#18328,.T.);
#18328 = EDGE_CURVE('',#18321,#18329,#18331,.T.);
#18329 = VERTEX_POINT('',#18330);
#18330 = CARTESIAN_POINT('',(28.35748,-3.026247,1.585));
#18331 = LINE('',#18332,#18333);
#18332 = CARTESIAN_POINT('',(28.407338,-3.234913,1.585));
#18333 = VECTOR('',#18334,1.);
#18334 = DIRECTION('',(-0.232395123349,0.972621461126,0.));
#18335 = ORIENTED_EDGE('',*,*,#18336,.T.);
#18336 = EDGE_CURVE('',#18329,#18337,#18339,.T.);
#18337 = VERTEX_POINT('',#18338);
#18338 = CARTESIAN_POINT('',(28.359719,-2.8652,1.585));
#18339 = LINE('',#18340,#18341);
#18340 = CARTESIAN_POINT('',(28.35748,-3.026247,1.585));
#18341 = VECTOR('',#18342,1.);
#18342 = DIRECTION('',(1.390143030566E-02,0.999903370449,0.));
#18343 = ORIENTED_EDGE('',*,*,#18344,.T.);
#18344 = EDGE_CURVE('',#18337,#18345,#18347,.T.);
#18345 = VERTEX_POINT('',#18346);
#18346 = CARTESIAN_POINT('',(28.413017,-2.659373,1.585));
#18347 = LINE('',#18348,#18349);
#18348 = CARTESIAN_POINT('',(28.359719,-2.8652,1.585));
#18349 = VECTOR('',#18350,1.);
#18350 = DIRECTION('',(0.250677645339,0.968070616292,0.));
#18351 = ORIENTED_EDGE('',*,*,#18352,.T.);
#18352 = EDGE_CURVE('',#18345,#18353,#18355,.T.);
#18353 = VERTEX_POINT('',#18354);
#18354 = CARTESIAN_POINT('',(28.469966,-2.550392,1.585));
#18355 = LINE('',#18356,#18357);
#18356 = CARTESIAN_POINT('',(28.413017,-2.659373,1.585));
#18357 = VECTOR('',#18358,1.);
#18358 = DIRECTION('',(0.463137057879,0.886286672369,0.));
#18359 = ORIENTED_EDGE('',*,*,#18360,.T.);
#18360 = EDGE_CURVE('',#18353,#18184,#18361,.T.);
#18361 = LINE('',#18362,#18363);
#18362 = CARTESIAN_POINT('',(28.469966,-2.550392,1.585));
#18363 = VECTOR('',#18364,1.);
#18364 = DIRECTION('',(0.715505474306,0.698607125814,0.));
#18365 = PLANE('',#18366);
#18366 = AXIS2_PLACEMENT_3D('',#18367,#18368,#18369);
#18367 = CARTESIAN_POINT('',(0.,0.,1.585));
#18368 = DIRECTION('',(0.,0.,1.));
#18369 = DIRECTION('',(1.,0.,-0.));
#18370 = ( GEOMETRIC_REPRESENTATION_CONTEXT(3) 
GLOBAL_UNCERTAINTY_ASSIGNED_CONTEXT((#18374)) 
GLOBAL_UNIT_ASSIGNED_CONTEXT((#18371,#18372,#18373)) 
REPRESENTATION_CONTEXT('Context #1',
  '3D Context with UNIT and UNCERTAINTY') );
#18371 = ( LENGTH_UNIT() NAMED_UNIT(*) SI_UNIT(.MILLI.,.METRE.) );
#18372 = ( NAMED_UNIT(*) PLANE_ANGLE_UNIT() SI_UNIT($,.RADIAN.) );
#18373 = ( NAMED_UNIT(*) SI_UNIT($,.STERADIAN.) SOLID_ANGLE_UNIT() );
#18374 = UNCERTAINTY_MEASURE_WITH_UNIT(LENGTH_MEASURE(1.E-07),#18371,
  'distance_accuracy_value','confusion accuracy');
#18375 = CONTEXT_DEPENDENT_SHAPE_REPRESENTATION(#18376,#18378);
#18376 = ( REPRESENTATION_RELATIONSHIP('','',#14028,#10) 
REPRESENTATION_RELATIONSHIP_WITH_TRANSFORMATION(#18377) 
SHAPE_REPRESENTATION_RELATIONSHIP() );
#18377 = ITEM_DEFINED_TRANSFORMATION('','',#11,#35);
#18378 = PRODUCT_DEFINITION_SHAPE('Placement','Placement of an item',
  #18379);
#18379 = NEXT_ASSEMBLY_USAGE_OCCURRENCE('6','=>[0:1:1:6]','',#5,#14023,$
  );
#18380 = PRODUCT_RELATED_PRODUCT_CATEGORY('part',$,(#14025));
#18381 = SHAPE_DEFINITION_REPRESENTATION(#18382,#18388);
#18382 = PRODUCT_DEFINITION_SHAPE('','',#18383);
#18383 = PRODUCT_DEFINITION('design','',#18384,#18387);
#18384 = PRODUCT_DEFINITION_FORMATION('','',#18385);
#18385 = PRODUCT('Excite_V1_PCB','Excite_V1_PCB','',(#18386));
#18386 = PRODUCT_CONTEXT('',#2,'mechanical');
#18387 = PRODUCT_DEFINITION_CONTEXT('part definition',#2,'design');
#18388 = ADVANCED_BREP_SHAPE_REPRESENTATION('',(#11,#18389),#18929);
#18389 = MANIFOLD_SOLID_BREP('',#18390);
#18390 = CLOSED_SHELL('',(#18391,#18431,#18462,#18493,#18620,#18747,
    #18759,#18776,#18793,#18810,#18827,#18844,#18861,#18878,#18895,
    #18912));
#18391 = ADVANCED_FACE('',(#18392),#18426,.T.);
#18392 = FACE_BOUND('',#18393,.T.);
#18393 = EDGE_LOOP('',(#18394,#18404,#18412,#18420));
#18394 = ORIENTED_EDGE('',*,*,#18395,.T.);
#18395 = EDGE_CURVE('',#18396,#18398,#18400,.T.);
#18396 = VERTEX_POINT('',#18397);
#18397 = CARTESIAN_POINT('',(45.,-45.,0.));
#18398 = VERTEX_POINT('',#18399);
#18399 = CARTESIAN_POINT('',(45.,-45.,1.51));
#18400 = LINE('',#18401,#18402);
#18401 = CARTESIAN_POINT('',(45.,-45.,0.));
#18402 = VECTOR('',#18403,1.);
#18403 = DIRECTION('',(0.,0.,1.));
#18404 = ORIENTED_EDGE('',*,*,#18405,.T.);
#18405 = EDGE_CURVE('',#18398,#18406,#18408,.T.);
#18406 = VERTEX_POINT('',#18407);
#18407 = CARTESIAN_POINT('',(0.,-45.,1.51));
#18408 = LINE('',#18409,#18410);
#18409 = CARTESIAN_POINT('',(45.,-45.,1.51));
#18410 = VECTOR('',#18411,1.);
#18411 = DIRECTION('',(-1.,0.,0.));
#18412 = ORIENTED_EDGE('',*,*,#18413,.F.);
#18413 = EDGE_CURVE('',#18414,#18406,#18416,.T.);
#18414 = VERTEX_POINT('',#18415);
#18415 = CARTESIAN_POINT('',(0.,-45.,0.));
#18416 = LINE('',#18417,#18418);
#18417 = CARTESIAN_POINT('',(0.,-45.,0.));
#18418 = VECTOR('',#18419,1.);
#18419 = DIRECTION('',(0.,0.,1.));
#18420 = ORIENTED_EDGE('',*,*,#18421,.F.);
#18421 = EDGE_CURVE('',#18396,#18414,#18422,.T.);
#18422 = LINE('',#18423,#18424);
#18423 = CARTESIAN_POINT('',(45.,-45.,0.));
#18424 = VECTOR('',#18425,1.);
#18425 = DIRECTION('',(-1.,0.,0.));
#18426 = PLANE('',#18427);
#18427 = AXIS2_PLACEMENT_3D('',#18428,#18429,#18430);
#18428 = CARTESIAN_POINT('',(45.,-45.,0.));
#18429 = DIRECTION('',(0.,-1.,0.));
#18430 = DIRECTION('',(-1.,0.,0.));
#18431 = ADVANCED_FACE('',(#18432),#18457,.T.);
#18432 = FACE_BOUND('',#18433,.T.);
#18433 = EDGE_LOOP('',(#18434,#18444,#18450,#18451));
#18434 = ORIENTED_EDGE('',*,*,#18435,.T.);
#18435 = EDGE_CURVE('',#18436,#18438,#18440,.T.);
#18436 = VERTEX_POINT('',#18437);
#18437 = CARTESIAN_POINT('',(45.,-0.,0.));
#18438 = VERTEX_POINT('',#18439);
#18439 = CARTESIAN_POINT('',(45.,0.,1.51));
#18440 = LINE('',#18441,#18442);
#18441 = CARTESIAN_POINT('',(45.,-0.,0.));
#18442 = VECTOR('',#18443,1.);
#18443 = DIRECTION('',(0.,0.,1.));
#18444 = ORIENTED_EDGE('',*,*,#18445,.T.);
#18445 = EDGE_CURVE('',#18438,#18398,#18446,.T.);
#18446 = LINE('',#18447,#18448);
#18447 = CARTESIAN_POINT('',(45.,0.,1.51));
#18448 = VECTOR('',#18449,1.);
#18449 = DIRECTION('',(0.,-1.,0.));
#18450 = ORIENTED_EDGE('',*,*,#18395,.F.);
#18451 = ORIENTED_EDGE('',*,*,#18452,.F.);
#18452 = EDGE_CURVE('',#18436,#18396,#18453,.T.);
#18453 = LINE('',#18454,#18455);
#18454 = CARTESIAN_POINT('',(45.,-0.,0.));
#18455 = VECTOR('',#18456,1.);
#18456 = DIRECTION('',(0.,-1.,0.));
#18457 = PLANE('',#18458);
#18458 = AXIS2_PLACEMENT_3D('',#18459,#18460,#18461);
#18459 = CARTESIAN_POINT('',(45.,-0.,0.));
#18460 = DIRECTION('',(1.,0.,-0.));
#18461 = DIRECTION('',(0.,-1.,0.));
#18462 = ADVANCED_FACE('',(#18463),#18488,.T.);
#18463 = FACE_BOUND('',#18464,.T.);
#18464 = EDGE_LOOP('',(#18465,#18466,#18474,#18482));
#18465 = ORIENTED_EDGE('',*,*,#18413,.T.);
#18466 = ORIENTED_EDGE('',*,*,#18467,.T.);
#18467 = EDGE_CURVE('',#18406,#18468,#18470,.T.);
#18468 = VERTEX_POINT('',#18469);
#18469 = CARTESIAN_POINT('',(0.,0.,1.51));
#18470 = LINE('',#18471,#18472);
#18471 = CARTESIAN_POINT('',(0.,-45.,1.51));
#18472 = VECTOR('',#18473,1.);
#18473 = DIRECTION('',(0.,1.,0.));
#18474 = ORIENTED_EDGE('',*,*,#18475,.F.);
#18475 = EDGE_CURVE('',#18476,#18468,#18478,.T.);
#18476 = VERTEX_POINT('',#18477);
#18477 = CARTESIAN_POINT('',(0.,-0.,0.));
#18478 = LINE('',#18479,#18480);
#18479 = CARTESIAN_POINT('',(0.,-0.,0.));
#18480 = VECTOR('',#18481,1.);
#18481 = DIRECTION('',(0.,0.,1.));
#18482 = ORIENTED_EDGE('',*,*,#18483,.F.);
#18483 = EDGE_CURVE('',#18414,#18476,#18484,.T.);
#18484 = LINE('',#18485,#18486);
#18485 = CARTESIAN_POINT('',(0.,-45.,0.));
#18486 = VECTOR('',#18487,1.);
#18487 = DIRECTION('',(0.,1.,0.));
#18488 = PLANE('',#18489);
#18489 = AXIS2_PLACEMENT_3D('',#18490,#18491,#18492);
#18490 = CARTESIAN_POINT('',(0.,-45.,0.));
#18491 = DIRECTION('',(-1.,0.,0.));
#18492 = DIRECTION('',(0.,1.,0.));
#18493 = ADVANCED_FACE('',(#18494,#18505,#18516,#18527,#18538,#18549,
    #18560,#18571,#18582,#18593,#18604),#18615,.F.);
#18494 = FACE_BOUND('',#18495,.F.);
#18495 = EDGE_LOOP('',(#18496,#18497,#18498,#18504));
#18496 = ORIENTED_EDGE('',*,*,#18421,.F.);
#18497 = ORIENTED_EDGE('',*,*,#18452,.F.);
#18498 = ORIENTED_EDGE('',*,*,#18499,.F.);
#18499 = EDGE_CURVE('',#18476,#18436,#18500,.T.);
#18500 = LINE('',#18501,#18502);
#18501 = CARTESIAN_POINT('',(0.,-0.,0.));
#18502 = VECTOR('',#18503,1.);
#18503 = DIRECTION('',(1.,0.,0.));
#18504 = ORIENTED_EDGE('',*,*,#18483,.F.);
#18505 = FACE_BOUND('',#18506,.F.);
#18506 = EDGE_LOOP('',(#18507));
#18507 = ORIENTED_EDGE('',*,*,#18508,.T.);
#18508 = EDGE_CURVE('',#18509,#18509,#18511,.T.);
#18509 = VERTEX_POINT('',#18510);
#18510 = CARTESIAN_POINT('',(4.,-42.85,0.));
#18511 = CIRCLE('',#18512,1.35);
#18512 = AXIS2_PLACEMENT_3D('',#18513,#18514,#18515);
#18513 = CARTESIAN_POINT('',(4.,-41.5,0.));
#18514 = DIRECTION('',(-0.,0.,-1.));
#18515 = DIRECTION('',(-0.,-1.,0.));
#18516 = FACE_BOUND('',#18517,.F.);
#18517 = EDGE_LOOP('',(#18518));
#18518 = ORIENTED_EDGE('',*,*,#18519,.T.);
#18519 = EDGE_CURVE('',#18520,#18520,#18522,.T.);
#18520 = VERTEX_POINT('',#18521);
#18521 = CARTESIAN_POINT('',(3.,-25.903297,0.));
#18522 = CIRCLE('',#18523,0.6);
#18523 = AXIS2_PLACEMENT_3D('',#18524,#18525,#18526);
#18524 = CARTESIAN_POINT('',(3.,-25.303297,0.));
#18525 = DIRECTION('',(-0.,0.,-1.));
#18526 = DIRECTION('',(-0.,-1.,0.));
#18527 = FACE_BOUND('',#18528,.F.);
#18528 = EDGE_LOOP('',(#18529));
#18529 = ORIENTED_EDGE('',*,*,#18530,.T.);
#18530 = EDGE_CURVE('',#18531,#18531,#18533,.T.);
#18531 = VERTEX_POINT('',#18532);
#18532 = CARTESIAN_POINT('',(41.5,-42.85,0.));
#18533 = CIRCLE('',#18534,1.35);
#18534 = AXIS2_PLACEMENT_3D('',#18535,#18536,#18537);
#18535 = CARTESIAN_POINT('',(41.5,-41.5,0.));
#18536 = DIRECTION('',(-0.,0.,-1.));
#18537 = DIRECTION('',(-0.,-1.,0.));
#18538 = FACE_BOUND('',#18539,.F.);
#18539 = EDGE_LOOP('',(#18540));
#18540 = ORIENTED_EDGE('',*,*,#18541,.T.);
#18541 = EDGE_CURVE('',#18542,#18542,#18544,.T.);
#18542 = VERTEX_POINT('',#18543);
#18543 = CARTESIAN_POINT('',(4.,-5.85,0.));
#18544 = CIRCLE('',#18545,1.35);
#18545 = AXIS2_PLACEMENT_3D('',#18546,#18547,#18548);
#18546 = CARTESIAN_POINT('',(4.,-4.5,0.));
#18547 = DIRECTION('',(-0.,0.,-1.));
#18548 = DIRECTION('',(-0.,-1.,0.));
#18549 = FACE_BOUND('',#18550,.F.);
#18550 = EDGE_LOOP('',(#18551));
#18551 = ORIENTED_EDGE('',*,*,#18552,.T.);
#18552 = EDGE_CURVE('',#18553,#18553,#18555,.T.);
#18553 = VERTEX_POINT('',#18554);
#18554 = CARTESIAN_POINT('',(12.,-6.425,0.));
#18555 = CIRCLE('',#18556,0.425);
#18556 = AXIS2_PLACEMENT_3D('',#18557,#18558,#18559);
#18557 = CARTESIAN_POINT('',(12.,-6.,0.));
#18558 = DIRECTION('',(-0.,0.,-1.));
#18559 = DIRECTION('',(-0.,-1.,0.));
#18560 = FACE_BOUND('',#18561,.F.);
#18561 = EDGE_LOOP('',(#18562));
#18562 = ORIENTED_EDGE('',*,*,#18563,.T.);
#18563 = EDGE_CURVE('',#18564,#18564,#18566,.T.);
#18564 = VERTEX_POINT('',#18565);
#18565 = CARTESIAN_POINT('',(12.,-3.425,0.));
#18566 = CIRCLE('',#18567,0.425);
#18567 = AXIS2_PLACEMENT_3D('',#18568,#18569,#18570);
#18568 = CARTESIAN_POINT('',(12.,-3.,0.));
#18569 = DIRECTION('',(-0.,0.,-1.));
#18570 = DIRECTION('',(-0.,-1.,0.));
#18571 = FACE_BOUND('',#18572,.F.);
#18572 = EDGE_LOOP('',(#18573));
#18573 = ORIENTED_EDGE('',*,*,#18574,.T.);
#18574 = EDGE_CURVE('',#18575,#18575,#18577,.T.);
#18575 = VERTEX_POINT('',#18576);
#18576 = CARTESIAN_POINT('',(27.178194,-6.5715,0.));
#18577 = CIRCLE('',#18578,0.5715);
#18578 = AXIS2_PLACEMENT_3D('',#18579,#18580,#18581);
#18579 = CARTESIAN_POINT('',(27.178194,-6.,0.));
#18580 = DIRECTION('',(-0.,0.,-1.));
#18581 = DIRECTION('',(-0.,-1.,0.));
#18582 = FACE_BOUND('',#18583,.F.);
#18583 = EDGE_LOOP('',(#18584));
#18584 = ORIENTED_EDGE('',*,*,#18585,.T.);
#18585 = EDGE_CURVE('',#18586,#18586,#18588,.T.);
#18586 = VERTEX_POINT('',#18587);
#18587 = CARTESIAN_POINT('',(29.718194,-6.5715,0.));
#18588 = CIRCLE('',#18589,0.5715);
#18589 = AXIS2_PLACEMENT_3D('',#18590,#18591,#18592);
#18590 = CARTESIAN_POINT('',(29.718194,-6.,0.));
#18591 = DIRECTION('',(-0.,0.,-1.));
#18592 = DIRECTION('',(-0.,-1.,0.));
#18593 = FACE_BOUND('',#18594,.F.);
#18594 = EDGE_LOOP('',(#18595));
#18595 = ORIENTED_EDGE('',*,*,#18596,.T.);
#18596 = EDGE_CURVE('',#18597,#18597,#18599,.T.);
#18597 = VERTEX_POINT('',#18598);
#18598 = CARTESIAN_POINT('',(32.258194,-6.5715,0.));
#18599 = CIRCLE('',#18600,0.5715);
#18600 = AXIS2_PLACEMENT_3D('',#18601,#18602,#18603);
#18601 = CARTESIAN_POINT('',(32.258194,-6.,0.));
#18602 = DIRECTION('',(-0.,0.,-1.));
#18603 = DIRECTION('',(-0.,-1.,0.));
#18604 = FACE_BOUND('',#18605,.F.);
#18605 = EDGE_LOOP('',(#18606));
#18606 = ORIENTED_EDGE('',*,*,#18607,.T.);
#18607 = EDGE_CURVE('',#18608,#18608,#18610,.T.);
#18608 = VERTEX_POINT('',#18609);
#18609 = CARTESIAN_POINT('',(41.5,-5.85,0.));
#18610 = CIRCLE('',#18611,1.35);
#18611 = AXIS2_PLACEMENT_3D('',#18612,#18613,#18614);
#18612 = CARTESIAN_POINT('',(41.5,-4.5,0.));
#18613 = DIRECTION('',(-0.,0.,-1.));
#18614 = DIRECTION('',(-0.,-1.,0.));
#18615 = PLANE('',#18616);
#18616 = AXIS2_PLACEMENT_3D('',#18617,#18618,#18619);
#18617 = CARTESIAN_POINT('',(0.,0.,0.));
#18618 = DIRECTION('',(0.,0.,1.));
#18619 = DIRECTION('',(1.,0.,-0.));
#18620 = ADVANCED_FACE('',(#18621,#18632,#18643,#18654,#18665,#18676,
    #18687,#18698,#18709,#18720,#18731),#18742,.T.);
#18621 = FACE_BOUND('',#18622,.T.);
#18622 = EDGE_LOOP('',(#18623,#18624,#18625,#18631));
#18623 = ORIENTED_EDGE('',*,*,#18405,.F.);
#18624 = ORIENTED_EDGE('',*,*,#18445,.F.);
#18625 = ORIENTED_EDGE('',*,*,#18626,.F.);
#18626 = EDGE_CURVE('',#18468,#18438,#18627,.T.);
#18627 = LINE('',#18628,#18629);
#18628 = CARTESIAN_POINT('',(0.,0.,1.51));
#18629 = VECTOR('',#18630,1.);
#18630 = DIRECTION('',(1.,0.,0.));
#18631 = ORIENTED_EDGE('',*,*,#18467,.F.);
#18632 = FACE_BOUND('',#18633,.T.);
#18633 = EDGE_LOOP('',(#18634));
#18634 = ORIENTED_EDGE('',*,*,#18635,.T.);
#18635 = EDGE_CURVE('',#18636,#18636,#18638,.T.);
#18636 = VERTEX_POINT('',#18637);
#18637 = CARTESIAN_POINT('',(4.,-42.85,1.51));
#18638 = CIRCLE('',#18639,1.35);
#18639 = AXIS2_PLACEMENT_3D('',#18640,#18641,#18642);
#18640 = CARTESIAN_POINT('',(4.,-41.5,1.51));
#18641 = DIRECTION('',(-0.,0.,-1.));
#18642 = DIRECTION('',(-0.,-1.,0.));
#18643 = FACE_BOUND('',#18644,.T.);
#18644 = EDGE_LOOP('',(#18645));
#18645 = ORIENTED_EDGE('',*,*,#18646,.T.);
#18646 = EDGE_CURVE('',#18647,#18647,#18649,.T.);
#18647 = VERTEX_POINT('',#18648);
#18648 = CARTESIAN_POINT('',(3.,-25.903297,1.51));
#18649 = CIRCLE('',#18650,0.6);
#18650 = AXIS2_PLACEMENT_3D('',#18651,#18652,#18653);
#18651 = CARTESIAN_POINT('',(3.,-25.303297,1.51));
#18652 = DIRECTION('',(-0.,0.,-1.));
#18653 = DIRECTION('',(-0.,-1.,0.));
#18654 = FACE_BOUND('',#18655,.T.);
#18655 = EDGE_LOOP('',(#18656));
#18656 = ORIENTED_EDGE('',*,*,#18657,.T.);
#18657 = EDGE_CURVE('',#18658,#18658,#18660,.T.);
#18658 = VERTEX_POINT('',#18659);
#18659 = CARTESIAN_POINT('',(41.5,-42.85,1.51));
#18660 = CIRCLE('',#18661,1.35);
#18661 = AXIS2_PLACEMENT_3D('',#18662,#18663,#18664);
#18662 = CARTESIAN_POINT('',(41.5,-41.5,1.51));
#18663 = DIRECTION('',(-0.,0.,-1.));
#18664 = DIRECTION('',(-0.,-1.,0.));
#18665 = FACE_BOUND('',#18666,.T.);
#18666 = EDGE_LOOP('',(#18667));
#18667 = ORIENTED_EDGE('',*,*,#18668,.T.);
#18668 = EDGE_CURVE('',#18669,#18669,#18671,.T.);
#18669 = VERTEX_POINT('',#18670);
#18670 = CARTESIAN_POINT('',(4.,-5.85,1.51));
#18671 = CIRCLE('',#18672,1.35);
#18672 = AXIS2_PLACEMENT_3D('',#18673,#18674,#18675);
#18673 = CARTESIAN_POINT('',(4.,-4.5,1.51));
#18674 = DIRECTION('',(-0.,0.,-1.));
#18675 = DIRECTION('',(-0.,-1.,0.));
#18676 = FACE_BOUND('',#18677,.T.);
#18677 = EDGE_LOOP('',(#18678));
#18678 = ORIENTED_EDGE('',*,*,#18679,.T.);
#18679 = EDGE_CURVE('',#18680,#18680,#18682,.T.);
#18680 = VERTEX_POINT('',#18681);
#18681 = CARTESIAN_POINT('',(12.,-6.425,1.51));
#18682 = CIRCLE('',#18683,0.425);
#18683 = AXIS2_PLACEMENT_3D('',#18684,#18685,#18686);
#18684 = CARTESIAN_POINT('',(12.,-6.,1.51));
#18685 = DIRECTION('',(-0.,0.,-1.));
#18686 = DIRECTION('',(-0.,-1.,0.));
#18687 = FACE_BOUND('',#18688,.T.);
#18688 = EDGE_LOOP('',(#18689));
#18689 = ORIENTED_EDGE('',*,*,#18690,.T.);
#18690 = EDGE_CURVE('',#18691,#18691,#18693,.T.);
#18691 = VERTEX_POINT('',#18692);
#18692 = CARTESIAN_POINT('',(12.,-3.425,1.51));
#18693 = CIRCLE('',#18694,0.425);
#18694 = AXIS2_PLACEMENT_3D('',#18695,#18696,#18697);
#18695 = CARTESIAN_POINT('',(12.,-3.,1.51));
#18696 = DIRECTION('',(-0.,0.,-1.));
#18697 = DIRECTION('',(-0.,-1.,0.));
#18698 = FACE_BOUND('',#18699,.T.);
#18699 = EDGE_LOOP('',(#18700));
#18700 = ORIENTED_EDGE('',*,*,#18701,.T.);
#18701 = EDGE_CURVE('',#18702,#18702,#18704,.T.);
#18702 = VERTEX_POINT('',#18703);
#18703 = CARTESIAN_POINT('',(27.178194,-6.5715,1.51));
#18704 = CIRCLE('',#18705,0.5715);
#18705 = AXIS2_PLACEMENT_3D('',#18706,#18707,#18708);
#18706 = CARTESIAN_POINT('',(27.178194,-6.,1.51));
#18707 = DIRECTION('',(-0.,0.,-1.));
#18708 = DIRECTION('',(-0.,-1.,0.));
#18709 = FACE_BOUND('',#18710,.T.);
#18710 = EDGE_LOOP('',(#18711));
#18711 = ORIENTED_EDGE('',*,*,#18712,.T.);
#18712 = EDGE_CURVE('',#18713,#18713,#18715,.T.);
#18713 = VERTEX_POINT('',#18714);
#18714 = CARTESIAN_POINT('',(29.718194,-6.5715,1.51));
#18715 = CIRCLE('',#18716,0.5715);
#18716 = AXIS2_PLACEMENT_3D('',#18717,#18718,#18719);
#18717 = CARTESIAN_POINT('',(29.718194,-6.,1.51));
#18718 = DIRECTION('',(-0.,0.,-1.));
#18719 = DIRECTION('',(-0.,-1.,0.));
#18720 = FACE_BOUND('',#18721,.T.);
#18721 = EDGE_LOOP('',(#18722));
#18722 = ORIENTED_EDGE('',*,*,#18723,.T.);
#18723 = EDGE_CURVE('',#18724,#18724,#18726,.T.);
#18724 = VERTEX_POINT('',#18725);
#18725 = CARTESIAN_POINT('',(32.258194,-6.5715,1.51));
#18726 = CIRCLE('',#18727,0.5715);
#18727 = AXIS2_PLACEMENT_3D('',#18728,#18729,#18730);
#18728 = CARTESIAN_POINT('',(32.258194,-6.,1.51));
#18729 = DIRECTION('',(-0.,0.,-1.));
#18730 = DIRECTION('',(-0.,-1.,0.));
#18731 = FACE_BOUND('',#18732,.T.);
#18732 = EDGE_LOOP('',(#18733));
#18733 = ORIENTED_EDGE('',*,*,#18734,.T.);
#18734 = EDGE_CURVE('',#18735,#18735,#18737,.T.);
#18735 = VERTEX_POINT('',#18736);
#18736 = CARTESIAN_POINT('',(41.5,-5.85,1.51));
#18737 = CIRCLE('',#18738,1.35);
#18738 = AXIS2_PLACEMENT_3D('',#18739,#18740,#18741);
#18739 = CARTESIAN_POINT('',(41.5,-4.5,1.51));
#18740 = DIRECTION('',(-0.,0.,-1.));
#18741 = DIRECTION('',(-0.,-1.,0.));
#18742 = PLANE('',#18743);
#18743 = AXIS2_PLACEMENT_3D('',#18744,#18745,#18746);
#18744 = CARTESIAN_POINT('',(0.,0.,1.51));
#18745 = DIRECTION('',(0.,0.,1.));
#18746 = DIRECTION('',(1.,0.,-0.));
#18747 = ADVANCED_FACE('',(#18748),#18754,.T.);
#18748 = FACE_BOUND('',#18749,.T.);
#18749 = EDGE_LOOP('',(#18750,#18751,#18752,#18753));
#18750 = ORIENTED_EDGE('',*,*,#18475,.T.);
#18751 = ORIENTED_EDGE('',*,*,#18626,.T.);
#18752 = ORIENTED_EDGE('',*,*,#18435,.F.);
#18753 = ORIENTED_EDGE('',*,*,#18499,.F.);
#18754 = PLANE('',#18755);
#18755 = AXIS2_PLACEMENT_3D('',#18756,#18757,#18758);
#18756 = CARTESIAN_POINT('',(0.,0.,0.));
#18757 = DIRECTION('',(0.,1.,0.));
#18758 = DIRECTION('',(1.,0.,0.));
#18759 = ADVANCED_FACE('',(#18760),#18771,.F.);
#18760 = FACE_BOUND('',#18761,.T.);
#18761 = EDGE_LOOP('',(#18762,#18763,#18769,#18770));
#18762 = ORIENTED_EDGE('',*,*,#18508,.T.);
#18763 = ORIENTED_EDGE('',*,*,#18764,.T.);
#18764 = EDGE_CURVE('',#18509,#18636,#18765,.T.);
#18765 = LINE('',#18766,#18767);
#18766 = CARTESIAN_POINT('',(4.,-42.85,-4.6E-02));
#18767 = VECTOR('',#18768,1.);
#18768 = DIRECTION('',(0.,0.,1.));
#18769 = ORIENTED_EDGE('',*,*,#18635,.F.);
#18770 = ORIENTED_EDGE('',*,*,#18764,.F.);
#18771 = CYLINDRICAL_SURFACE('',#18772,1.35);
#18772 = AXIS2_PLACEMENT_3D('',#18773,#18774,#18775);
#18773 = CARTESIAN_POINT('',(4.,-41.5,-4.6E-02));
#18774 = DIRECTION('',(-0.,-0.,-1.));
#18775 = DIRECTION('',(-0.,-1.,0.));
#18776 = ADVANCED_FACE('',(#18777),#18788,.F.);
#18777 = FACE_BOUND('',#18778,.T.);
#18778 = EDGE_LOOP('',(#18779,#18780,#18786,#18787));
#18779 = ORIENTED_EDGE('',*,*,#18519,.T.);
#18780 = ORIENTED_EDGE('',*,*,#18781,.T.);
#18781 = EDGE_CURVE('',#18520,#18647,#18782,.T.);
#18782 = LINE('',#18783,#18784);
#18783 = CARTESIAN_POINT('',(3.,-25.903297,-4.6E-02));
#18784 = VECTOR('',#18785,1.);
#18785 = DIRECTION('',(0.,0.,1.));
#18786 = ORIENTED_EDGE('',*,*,#18646,.F.);
#18787 = ORIENTED_EDGE('',*,*,#18781,.F.);
#18788 = CYLINDRICAL_SURFACE('',#18789,0.6);
#18789 = AXIS2_PLACEMENT_3D('',#18790,#18791,#18792);
#18790 = CARTESIAN_POINT('',(3.,-25.303297,-4.6E-02));
#18791 = DIRECTION('',(-0.,-0.,-1.));
#18792 = DIRECTION('',(-0.,-1.,0.));
#18793 = ADVANCED_FACE('',(#18794),#18805,.F.);
#18794 = FACE_BOUND('',#18795,.T.);
#18795 = EDGE_LOOP('',(#18796,#18797,#18803,#18804));
#18796 = ORIENTED_EDGE('',*,*,#18530,.T.);
#18797 = ORIENTED_EDGE('',*,*,#18798,.T.);
#18798 = EDGE_CURVE('',#18531,#18658,#18799,.T.);
#18799 = LINE('',#18800,#18801);
#18800 = CARTESIAN_POINT('',(41.5,-42.85,-4.6E-02));
#18801 = VECTOR('',#18802,1.);
#18802 = DIRECTION('',(0.,0.,1.));
#18803 = ORIENTED_EDGE('',*,*,#18657,.F.);
#18804 = ORIENTED_EDGE('',*,*,#18798,.F.);
#18805 = CYLINDRICAL_SURFACE('',#18806,1.35);
#18806 = AXIS2_PLACEMENT_3D('',#18807,#18808,#18809);
#18807 = CARTESIAN_POINT('',(41.5,-41.5,-4.6E-02));
#18808 = DIRECTION('',(-0.,-0.,-1.));
#18809 = DIRECTION('',(-0.,-1.,0.));
#18810 = ADVANCED_FACE('',(#18811),#18822,.F.);
#18811 = FACE_BOUND('',#18812,.T.);
#18812 = EDGE_LOOP('',(#18813,#18814,#18820,#18821));
#18813 = ORIENTED_EDGE('',*,*,#18541,.T.);
#18814 = ORIENTED_EDGE('',*,*,#18815,.T.);
#18815 = EDGE_CURVE('',#18542,#18669,#18816,.T.);
#18816 = LINE('',#18817,#18818);
#18817 = CARTESIAN_POINT('',(4.,-5.85,-4.6E-02));
#18818 = VECTOR('',#18819,1.);
#18819 = DIRECTION('',(0.,0.,1.));
#18820 = ORIENTED_EDGE('',*,*,#18668,.F.);
#18821 = ORIENTED_EDGE('',*,*,#18815,.F.);
#18822 = CYLINDRICAL_SURFACE('',#18823,1.35);
#18823 = AXIS2_PLACEMENT_3D('',#18824,#18825,#18826);
#18824 = CARTESIAN_POINT('',(4.,-4.5,-4.6E-02));
#18825 = DIRECTION('',(-0.,-0.,-1.));
#18826 = DIRECTION('',(-0.,-1.,0.));
#18827 = ADVANCED_FACE('',(#18828),#18839,.F.);
#18828 = FACE_BOUND('',#18829,.T.);
#18829 = EDGE_LOOP('',(#18830,#18831,#18837,#18838));
#18830 = ORIENTED_EDGE('',*,*,#18552,.T.);
#18831 = ORIENTED_EDGE('',*,*,#18832,.T.);
#18832 = EDGE_CURVE('',#18553,#18680,#18833,.T.);
#18833 = LINE('',#18834,#18835);
#18834 = CARTESIAN_POINT('',(12.,-6.425,-4.6E-02));
#18835 = VECTOR('',#18836,1.);
#18836 = DIRECTION('',(0.,0.,1.));
#18837 = ORIENTED_EDGE('',*,*,#18679,.F.);
#18838 = ORIENTED_EDGE('',*,*,#18832,.F.);
#18839 = CYLINDRICAL_SURFACE('',#18840,0.425);
#18840 = AXIS2_PLACEMENT_3D('',#18841,#18842,#18843);
#18841 = CARTESIAN_POINT('',(12.,-6.,-4.6E-02));
#18842 = DIRECTION('',(-0.,-0.,-1.));
#18843 = DIRECTION('',(-0.,-1.,0.));
#18844 = ADVANCED_FACE('',(#18845),#18856,.F.);
#18845 = FACE_BOUND('',#18846,.T.);
#18846 = EDGE_LOOP('',(#18847,#18848,#18854,#18855));
#18847 = ORIENTED_EDGE('',*,*,#18563,.T.);
#18848 = ORIENTED_EDGE('',*,*,#18849,.T.);
#18849 = EDGE_CURVE('',#18564,#18691,#18850,.T.);
#18850 = LINE('',#18851,#18852);
#18851 = CARTESIAN_POINT('',(12.,-3.425,-4.6E-02));
#18852 = VECTOR('',#18853,1.);
#18853 = DIRECTION('',(0.,0.,1.));
#18854 = ORIENTED_EDGE('',*,*,#18690,.F.);
#18855 = ORIENTED_EDGE('',*,*,#18849,.F.);
#18856 = CYLINDRICAL_SURFACE('',#18857,0.425);
#18857 = AXIS2_PLACEMENT_3D('',#18858,#18859,#18860);
#18858 = CARTESIAN_POINT('',(12.,-3.,-4.6E-02));
#18859 = DIRECTION('',(-0.,-0.,-1.));
#18860 = DIRECTION('',(-0.,-1.,0.));
#18861 = ADVANCED_FACE('',(#18862),#18873,.F.);
#18862 = FACE_BOUND('',#18863,.T.);
#18863 = EDGE_LOOP('',(#18864,#18865,#18871,#18872));
#18864 = ORIENTED_EDGE('',*,*,#18574,.T.);
#18865 = ORIENTED_EDGE('',*,*,#18866,.T.);
#18866 = EDGE_CURVE('',#18575,#18702,#18867,.T.);
#18867 = LINE('',#18868,#18869);
#18868 = CARTESIAN_POINT('',(27.178194,-6.5715,-4.6E-02));
#18869 = VECTOR('',#18870,1.);
#18870 = DIRECTION('',(0.,0.,1.));
#18871 = ORIENTED_EDGE('',*,*,#18701,.F.);
#18872 = ORIENTED_EDGE('',*,*,#18866,.F.);
#18873 = CYLINDRICAL_SURFACE('',#18874,0.5715);
#18874 = AXIS2_PLACEMENT_3D('',#18875,#18876,#18877);
#18875 = CARTESIAN_POINT('',(27.178194,-6.,-4.6E-02));
#18876 = DIRECTION('',(-0.,-0.,-1.));
#18877 = DIRECTION('',(-0.,-1.,0.));
#18878 = ADVANCED_FACE('',(#18879),#18890,.F.);
#18879 = FACE_BOUND('',#18880,.T.);
#18880 = EDGE_LOOP('',(#18881,#18882,#18888,#18889));
#18881 = ORIENTED_EDGE('',*,*,#18585,.T.);
#18882 = ORIENTED_EDGE('',*,*,#18883,.T.);
#18883 = EDGE_CURVE('',#18586,#18713,#18884,.T.);
#18884 = LINE('',#18885,#18886);
#18885 = CARTESIAN_POINT('',(29.718194,-6.5715,-4.6E-02));
#18886 = VECTOR('',#18887,1.);
#18887 = DIRECTION('',(0.,0.,1.));
#18888 = ORIENTED_EDGE('',*,*,#18712,.F.);
#18889 = ORIENTED_EDGE('',*,*,#18883,.F.);
#18890 = CYLINDRICAL_SURFACE('',#18891,0.5715);
#18891 = AXIS2_PLACEMENT_3D('',#18892,#18893,#18894);
#18892 = CARTESIAN_POINT('',(29.718194,-6.,-4.6E-02));
#18893 = DIRECTION('',(-0.,-0.,-1.));
#18894 = DIRECTION('',(-0.,-1.,0.));
#18895 = ADVANCED_FACE('',(#18896),#18907,.F.);
#18896 = FACE_BOUND('',#18897,.T.);
#18897 = EDGE_LOOP('',(#18898,#18899,#18905,#18906));
#18898 = ORIENTED_EDGE('',*,*,#18596,.T.);
#18899 = ORIENTED_EDGE('',*,*,#18900,.T.);
#18900 = EDGE_CURVE('',#18597,#18724,#18901,.T.);
#18901 = LINE('',#18902,#18903);
#18902 = CARTESIAN_POINT('',(32.258194,-6.5715,-4.6E-02));
#18903 = VECTOR('',#18904,1.);
#18904 = DIRECTION('',(0.,0.,1.));
#18905 = ORIENTED_EDGE('',*,*,#18723,.F.);
#18906 = ORIENTED_EDGE('',*,*,#18900,.F.);
#18907 = CYLINDRICAL_SURFACE('',#18908,0.5715);
#18908 = AXIS2_PLACEMENT_3D('',#18909,#18910,#18911);
#18909 = CARTESIAN_POINT('',(32.258194,-6.,-4.6E-02));
#18910 = DIRECTION('',(-0.,-0.,-1.));
#18911 = DIRECTION('',(-0.,-1.,0.));
#18912 = ADVANCED_FACE('',(#18913),#18924,.F.);
#18913 = FACE_BOUND('',#18914,.T.);
#18914 = EDGE_LOOP('',(#18915,#18916,#18922,#18923));
#18915 = ORIENTED_EDGE('',*,*,#18607,.T.);
#18916 = ORIENTED_EDGE('',*,*,#18917,.T.);
#18917 = EDGE_CURVE('',#18608,#18735,#18918,.T.);
#18918 = LINE('',#18919,#18920);
#18919 = CARTESIAN_POINT('',(41.5,-5.85,-4.6E-02));
#18920 = VECTOR('',#18921,1.);
#18921 = DIRECTION('',(0.,0.,1.));
#18922 = ORIENTED_EDGE('',*,*,#18734,.F.);
#18923 = ORIENTED_EDGE('',*,*,#18917,.F.);
#18924 = CYLINDRICAL_SURFACE('',#18925,1.35);
#18925 = AXIS2_PLACEMENT_3D('',#18926,#18927,#18928);
#18926 = CARTESIAN_POINT('',(41.5,-4.5,-4.6E-02));
#18927 = DIRECTION('',(-0.,-0.,-1.));
#18928 = DIRECTION('',(-0.,-1.,0.));
#18929 = ( GEOMETRIC_REPRESENTATION_CONTEXT(3) 
GLOBAL_UNCERTAINTY_ASSIGNED_CONTEXT((#18933)) 
GLOBAL_UNIT_ASSIGNED_CONTEXT((#18930,#18931,#18932)) 
REPRESENTATION_CONTEXT('Context #1',
  '3D Context with UNIT and UNCERTAINTY') );
#18930 = ( LENGTH_UNIT() NAMED_UNIT(*) SI_UNIT(.MILLI.,.METRE.) );
#18931 = ( NAMED_UNIT(*) PLANE_ANGLE_UNIT() SI_UNIT($,.RADIAN.) );
#18932 = ( NAMED_UNIT(*) SI_UNIT($,.STERADIAN.) SOLID_ANGLE_UNIT() );
#18933 = UNCERTAINTY_MEASURE_WITH_UNIT(LENGTH_MEASURE(1.E-07),#18930,
  'distance_accuracy_value','confusion accuracy');
#18934 = CONTEXT_DEPENDENT_SHAPE_REPRESENTATION(#18935,#18937);
#18935 = ( REPRESENTATION_RELATIONSHIP('','',#18388,#10) 
REPRESENTATION_RELATIONSHIP_WITH_TRANSFORMATION(#18936) 
SHAPE_REPRESENTATION_RELATIONSHIP() );
#18936 = ITEM_DEFINED_TRANSFORMATION('','',#11,#39);
#18937 = PRODUCT_DEFINITION_SHAPE('Placement','Placement of an item',
  #18938);
#18938 = NEXT_ASSEMBLY_USAGE_OCCURRENCE('7','=>[0:1:1:7]','',#5,#18383,$
  );
#18939 = PRODUCT_RELATED_PRODUCT_CATEGORY('part',$,(#18385));
#18940 = MECHANICAL_DESIGN_GEOMETRIC_PRESENTATION_REPRESENTATION('',(
    #18941,#18949,#18956,#18963,#18970,#18977,#18984,#18991,#18999,
    #19006,#19013,#19020,#19027,#19034,#19042,#19049,#19056,#19063,
    #19070,#19077,#19084,#19091,#19098,#19105,#19112,#19119),#2059);
#18941 = STYLED_ITEM('color',(#18942),#1271);
#18942 = PRESENTATION_STYLE_ASSIGNMENT((#18943));
#18943 = SURFACE_STYLE_USAGE(.BOTH.,#18944);
#18944 = SURFACE_SIDE_STYLE('',(#18945));
#18945 = SURFACE_STYLE_FILL_AREA(#18946);
#18946 = FILL_AREA_STYLE('',(#18947));
#18947 = FILL_AREA_STYLE_COLOUR('',#18948);
#18948 = COLOUR_RGB('',0.823999987314,0.819999987296,0.781000009244);
#18949 = STYLED_ITEM('color',(#18950),#1311);
#18950 = PRESENTATION_STYLE_ASSIGNMENT((#18951));
#18951 = SURFACE_STYLE_USAGE(.BOTH.,#18952);
#18952 = SURFACE_SIDE_STYLE('',(#18953));
#18953 = SURFACE_STYLE_FILL_AREA(#18954);
#18954 = FILL_AREA_STYLE('',(#18955));
#18955 = FILL_AREA_STYLE_COLOUR('',#18948);
#18956 = STYLED_ITEM('color',(#18957),#1394);
#18957 = PRESENTATION_STYLE_ASSIGNMENT((#18958));
#18958 = SURFACE_STYLE_USAGE(.BOTH.,#18959);
#18959 = SURFACE_SIDE_STYLE('',(#18960));
#18960 = SURFACE_STYLE_FILL_AREA(#18961);
#18961 = FILL_AREA_STYLE('',(#18962));
#18962 = FILL_AREA_STYLE_COLOUR('',#18948);
#18963 = STYLED_ITEM('color',(#18964),#1419);
#18964 = PRESENTATION_STYLE_ASSIGNMENT((#18965));
#18965 = SURFACE_STYLE_USAGE(.BOTH.,#18966);
#18966 = SURFACE_SIDE_STYLE('',(#18967));
#18967 = SURFACE_STYLE_FILL_AREA(#18968);
#18968 = FILL_AREA_STYLE('',(#18969));
#18969 = FILL_AREA_STYLE_COLOUR('',#18948);
#18970 = STYLED_ITEM('color',(#18971),#1444);
#18971 = PRESENTATION_STYLE_ASSIGNMENT((#18972));
#18972 = SURFACE_STYLE_USAGE(.BOTH.,#18973);
#18973 = SURFACE_SIDE_STYLE('',(#18974));
#18974 = SURFACE_STYLE_FILL_AREA(#18975);
#18975 = FILL_AREA_STYLE('',(#18976));
#18976 = FILL_AREA_STYLE_COLOUR('',#18948);
#18977 = STYLED_ITEM('color',(#18978),#1511);
#18978 = PRESENTATION_STYLE_ASSIGNMENT((#18979));
#18979 = SURFACE_STYLE_USAGE(.BOTH.,#18980);
#18980 = SURFACE_SIDE_STYLE('',(#18981));
#18981 = SURFACE_STYLE_FILL_AREA(#18982);
#18982 = FILL_AREA_STYLE('',(#18983));
#18983 = FILL_AREA_STYLE_COLOUR('',#18948);
#18984 = STYLED_ITEM('color',(#18985),#1528);
#18985 = PRESENTATION_STYLE_ASSIGNMENT((#18986));
#18986 = SURFACE_STYLE_USAGE(.BOTH.,#18987);
#18987 = SURFACE_SIDE_STYLE('',(#18988));
#18988 = SURFACE_STYLE_FILL_AREA(#18989);
#18989 = FILL_AREA_STYLE('',(#18990));
#18990 = FILL_AREA_STYLE_COLOUR('',#18948);
#18991 = STYLED_ITEM('color',(#18992),#1545);
#18992 = PRESENTATION_STYLE_ASSIGNMENT((#18993));
#18993 = SURFACE_STYLE_USAGE(.BOTH.,#18994);
#18994 = SURFACE_SIDE_STYLE('',(#18995));
#18995 = SURFACE_STYLE_FILL_AREA(#18996);
#18996 = FILL_AREA_STYLE('',(#18997));
#18997 = FILL_AREA_STYLE_COLOUR('',#18998);
#18998 = COLOUR_RGB('',0.894999966383,0.890999961016,0.813000030345);
#18999 = STYLED_ITEM('color',(#19000),#1594);
#19000 = PRESENTATION_STYLE_ASSIGNMENT((#19001));
#19001 = SURFACE_STYLE_USAGE(.BOTH.,#19002);
#19002 = SURFACE_SIDE_STYLE('',(#19003));
#19003 = SURFACE_STYLE_FILL_AREA(#19004);
#19004 = FILL_AREA_STYLE('',(#19005));
#19005 = FILL_AREA_STYLE_COLOUR('',#18948);
#19006 = STYLED_ITEM('color',(#19007),#1611);
#19007 = PRESENTATION_STYLE_ASSIGNMENT((#19008));
#19008 = SURFACE_STYLE_USAGE(.BOTH.,#19009);
#19009 = SURFACE_SIDE_STYLE('',(#19010));
#19010 = SURFACE_STYLE_FILL_AREA(#19011);
#19011 = FILL_AREA_STYLE('',(#19012));
#19012 = FILL_AREA_STYLE_COLOUR('',#18948);
#19013 = STYLED_ITEM('color',(#19014),#1628);
#19014 = PRESENTATION_STYLE_ASSIGNMENT((#19015));
#19015 = SURFACE_STYLE_USAGE(.BOTH.,#19016);
#19016 = SURFACE_SIDE_STYLE('',(#19017));
#19017 = SURFACE_STYLE_FILL_AREA(#19018);
#19018 = FILL_AREA_STYLE('',(#19019));
#19019 = FILL_AREA_STYLE_COLOUR('',#18998);
#19020 = STYLED_ITEM('color',(#19021),#1677);
#19021 = PRESENTATION_STYLE_ASSIGNMENT((#19022));
#19022 = SURFACE_STYLE_USAGE(.BOTH.,#19023);
#19023 = SURFACE_SIDE_STYLE('',(#19024));
#19024 = SURFACE_STYLE_FILL_AREA(#19025);
#19025 = FILL_AREA_STYLE('',(#19026));
#19026 = FILL_AREA_STYLE_COLOUR('',#18998);
#19027 = STYLED_ITEM('color',(#19028),#1694);
#19028 = PRESENTATION_STYLE_ASSIGNMENT((#19029));
#19029 = SURFACE_STYLE_USAGE(.BOTH.,#19030);
#19030 = SURFACE_SIDE_STYLE('',(#19031));
#19031 = SURFACE_STYLE_FILL_AREA(#19032);
#19032 = FILL_AREA_STYLE('',(#19033));
#19033 = FILL_AREA_STYLE_COLOUR('',#18948);
#19034 = STYLED_ITEM('color',(#19035),#1763);
#19035 = PRESENTATION_STYLE_ASSIGNMENT((#19036));
#19036 = SURFACE_STYLE_USAGE(.BOTH.,#19037);
#19037 = SURFACE_SIDE_STYLE('',(#19038));
#19038 = SURFACE_STYLE_FILL_AREA(#19039);
#19039 = FILL_AREA_STYLE('',(#19040));
#19040 = FILL_AREA_STYLE_COLOUR('',#19041);
#19041 = COLOUR_RGB('',8.200000279077E-02,8.600000121357E-02,
  9.399999706163E-02);
#19042 = STYLED_ITEM('color',(#19043),#1794);
#19043 = PRESENTATION_STYLE_ASSIGNMENT((#19044));
#19044 = SURFACE_STYLE_USAGE(.BOTH.,#19045);
#19045 = SURFACE_SIDE_STYLE('',(#19046));
#19046 = SURFACE_STYLE_FILL_AREA(#19047);
#19047 = FILL_AREA_STYLE('',(#19048));
#19048 = FILL_AREA_STYLE_COLOUR('',#19041);
#19049 = STYLED_ITEM('color',(#19050),#1818);
#19050 = PRESENTATION_STYLE_ASSIGNMENT((#19051));
#19051 = SURFACE_STYLE_USAGE(.BOTH.,#19052);
#19052 = SURFACE_SIDE_STYLE('',(#19053));
#19053 = SURFACE_STYLE_FILL_AREA(#19054);
#19054 = FILL_AREA_STYLE('',(#19055));
#19055 = FILL_AREA_STYLE_COLOUR('',#18948);
#19056 = STYLED_ITEM('color',(#19057),#1887);
#19057 = PRESENTATION_STYLE_ASSIGNMENT((#19058));
#19058 = SURFACE_STYLE_USAGE(.BOTH.,#19059);
#19059 = SURFACE_SIDE_STYLE('',(#19060));
#19060 = SURFACE_STYLE_FILL_AREA(#19061);
#19061 = FILL_AREA_STYLE('',(#19062));
#19062 = FILL_AREA_STYLE_COLOUR('',#19041);
#19063 = STYLED_ITEM('color',(#19064),#1911);
#19064 = PRESENTATION_STYLE_ASSIGNMENT((#19065));
#19065 = SURFACE_STYLE_USAGE(.BOTH.,#19066);
#19066 = SURFACE_SIDE_STYLE('',(#19067));
#19067 = SURFACE_STYLE_FILL_AREA(#19068);
#19068 = FILL_AREA_STYLE('',(#19069));
#19069 = FILL_AREA_STYLE_COLOUR('',#18948);
#19070 = STYLED_ITEM('color',(#19071),#1928);
#19071 = PRESENTATION_STYLE_ASSIGNMENT((#19072));
#19072 = SURFACE_STYLE_USAGE(.BOTH.,#19073);
#19073 = SURFACE_SIDE_STYLE('',(#19074));
#19074 = SURFACE_STYLE_FILL_AREA(#19075);
#19075 = FILL_AREA_STYLE('',(#19076));
#19076 = FILL_AREA_STYLE_COLOUR('',#18948);
#19077 = STYLED_ITEM('color',(#19078),#1945);
#19078 = PRESENTATION_STYLE_ASSIGNMENT((#19079));
#19079 = SURFACE_STYLE_USAGE(.BOTH.,#19080);
#19080 = SURFACE_SIDE_STYLE('',(#19081));
#19081 = SURFACE_STYLE_FILL_AREA(#19082);
#19082 = FILL_AREA_STYLE('',(#19083));
#19083 = FILL_AREA_STYLE_COLOUR('',#18948);
#19084 = STYLED_ITEM('color',(#19085),#1962);
#19085 = PRESENTATION_STYLE_ASSIGNMENT((#19086));
#19086 = SURFACE_STYLE_USAGE(.BOTH.,#19087);
#19087 = SURFACE_SIDE_STYLE('',(#19088));
#19088 = SURFACE_STYLE_FILL_AREA(#19089);
#19089 = FILL_AREA_STYLE('',(#19090));
#19090 = FILL_AREA_STYLE_COLOUR('',#18948);
#19091 = STYLED_ITEM('color',(#19092),#1979);
#19092 = PRESENTATION_STYLE_ASSIGNMENT((#19093));
#19093 = SURFACE_STYLE_USAGE(.BOTH.,#19094);
#19094 = SURFACE_SIDE_STYLE('',(#19095));
#19095 = SURFACE_STYLE_FILL_AREA(#19096);
#19096 = FILL_AREA_STYLE('',(#19097));
#19097 = FILL_AREA_STYLE_COLOUR('',#18948);
#19098 = STYLED_ITEM('color',(#19099),#1996);
#19099 = PRESENTATION_STYLE_ASSIGNMENT((#19100));
#19100 = SURFACE_STYLE_USAGE(.BOTH.,#19101);
#19101 = SURFACE_SIDE_STYLE('',(#19102));
#19102 = SURFACE_STYLE_FILL_AREA(#19103);
#19103 = FILL_AREA_STYLE('',(#19104));
#19104 = FILL_AREA_STYLE_COLOUR('',#18948);
#19105 = STYLED_ITEM('color',(#19106),#2013);
#19106 = PRESENTATION_STYLE_ASSIGNMENT((#19107));
#19107 = SURFACE_STYLE_USAGE(.BOTH.,#19108);
#19108 = SURFACE_SIDE_STYLE('',(#19109));
#19109 = SURFACE_STYLE_FILL_AREA(#19110);
#19110 = FILL_AREA_STYLE('',(#19111));
#19111 = FILL_AREA_STYLE_COLOUR('',#18948);
#19112 = STYLED_ITEM('color',(#19113),#2030);
#19113 = PRESENTATION_STYLE_ASSIGNMENT((#19114));
#19114 = SURFACE_STYLE_USAGE(.BOTH.,#19115);
#19115 = SURFACE_SIDE_STYLE('',(#19116));
#19116 = SURFACE_STYLE_FILL_AREA(#19117);
#19117 = FILL_AREA_STYLE('',(#19118));
#19118 = FILL_AREA_STYLE_COLOUR('',#19041);
#19119 = STYLED_ITEM('color',(#19120),#2047);
#19120 = PRESENTATION_STYLE_ASSIGNMENT((#19121));
#19121 = SURFACE_STYLE_USAGE(.BOTH.,#19122);
#19122 = SURFACE_SIDE_STYLE('',(#19123));
#19123 = SURFACE_STYLE_FILL_AREA(#19124);
#19124 = FILL_AREA_STYLE('',(#19125));
#19125 = FILL_AREA_STYLE_COLOUR('',#19041);
#19126 = MECHANICAL_DESIGN_GEOMETRIC_PRESENTATION_REPRESENTATION('',(
    #19127),#18929);
#19127 = STYLED_ITEM('color',(#19128),#18389);
#19128 = PRESENTATION_STYLE_ASSIGNMENT((#19129));
#19129 = SURFACE_STYLE_USAGE(.BOTH.,#19130);
#19130 = SURFACE_SIDE_STYLE('',(#19131));
#19131 = SURFACE_STYLE_FILL_AREA(#19132);
#19132 = FILL_AREA_STYLE('',(#19133));
#19133 = FILL_AREA_STYLE_COLOUR('',#19134);
#19134 = COLOUR_RGB('',0.313304153717,0.484529207832,0.410020903123);
#19135 = MECHANICAL_DESIGN_GEOMETRIC_PRESENTATION_REPRESENTATION('',(
    #19136,#19146,#19155,#19164,#19173,#19182,#19191,#19200,#19209,
    #19218,#19227,#19236,#19245,#19254,#19263,#19272,#19281,#19290,
    #19299,#19308,#19317,#19326,#19335,#19344,#19353,#19362,#19371,
    #19380,#19389,#19398,#19407,#19416,#19425,#19434),#18370);
#19136 = STYLED_ITEM('color',(#19137),#14031);
#19137 = PRESENTATION_STYLE_ASSIGNMENT((#19138));
#19138 = SURFACE_STYLE_USAGE(.BOTH.,#19139);
#19139 = SURFACE_SIDE_STYLE('',(#19140,#19144));
#19140 = SURFACE_STYLE_FILL_AREA(#19141);
#19141 = FILL_AREA_STYLE('',(#19142));
#19142 = FILL_AREA_STYLE_COLOUR('',#19143);
#19143 = DRAUGHTING_PRE_DEFINED_COLOUR('white');
#19144 = SURFACE_STYLE_RENDERING_WITH_PROPERTIES(.NORMAL_SHADING.,#19143
  ,(#19145));
#19145 = SURFACE_STYLE_TRANSPARENT(0.100000023842);
#19146 = STYLED_ITEM('color',(#19147),#14157);
#19147 = PRESENTATION_STYLE_ASSIGNMENT((#19148));
#19148 = SURFACE_STYLE_USAGE(.BOTH.,#19149);
#19149 = SURFACE_SIDE_STYLE('',(#19150,#19153));
#19150 = SURFACE_STYLE_FILL_AREA(#19151);
#19151 = FILL_AREA_STYLE('',(#19152));
#19152 = FILL_AREA_STYLE_COLOUR('',#19143);
#19153 = SURFACE_STYLE_RENDERING_WITH_PROPERTIES(.NORMAL_SHADING.,#19143
  ,(#19154));
#19154 = SURFACE_STYLE_TRANSPARENT(0.100000023842);
#19155 = STYLED_ITEM('color',(#19156),#14351);
#19156 = PRESENTATION_STYLE_ASSIGNMENT((#19157));
#19157 = SURFACE_STYLE_USAGE(.BOTH.,#19158);
#19158 = SURFACE_SIDE_STYLE('',(#19159,#19162));
#19159 = SURFACE_STYLE_FILL_AREA(#19160);
#19160 = FILL_AREA_STYLE('',(#19161));
#19161 = FILL_AREA_STYLE_COLOUR('',#19143);
#19162 = SURFACE_STYLE_RENDERING_WITH_PROPERTIES(.NORMAL_SHADING.,#19143
  ,(#19163));
#19163 = SURFACE_STYLE_TRANSPARENT(0.100000023842);
#19164 = STYLED_ITEM('color',(#19165),#14477);
#19165 = PRESENTATION_STYLE_ASSIGNMENT((#19166));
#19166 = SURFACE_STYLE_USAGE(.BOTH.,#19167);
#19167 = SURFACE_SIDE_STYLE('',(#19168,#19171));
#19168 = SURFACE_STYLE_FILL_AREA(#19169);
#19169 = FILL_AREA_STYLE('',(#19170));
#19170 = FILL_AREA_STYLE_COLOUR('',#19143);
#19171 = SURFACE_STYLE_RENDERING_WITH_PROPERTIES(.NORMAL_SHADING.,#19143
  ,(#19172));
#19172 = SURFACE_STYLE_TRANSPARENT(0.100000023842);
#19173 = STYLED_ITEM('color',(#19174),#14620);
#19174 = PRESENTATION_STYLE_ASSIGNMENT((#19175));
#19175 = SURFACE_STYLE_USAGE(.BOTH.,#19176);
#19176 = SURFACE_SIDE_STYLE('',(#19177,#19180));
#19177 = SURFACE_STYLE_FILL_AREA(#19178);
#19178 = FILL_AREA_STYLE('',(#19179));
#19179 = FILL_AREA_STYLE_COLOUR('',#19143);
#19180 = SURFACE_STYLE_RENDERING_WITH_PROPERTIES(.NORMAL_SHADING.,#19143
  ,(#19181));
#19181 = SURFACE_STYLE_TRANSPARENT(0.100000023842);
#19182 = STYLED_ITEM('color',(#19183),#14714);
#19183 = PRESENTATION_STYLE_ASSIGNMENT((#19184));
#19184 = SURFACE_STYLE_USAGE(.BOTH.,#19185);
#19185 = SURFACE_SIDE_STYLE('',(#19186,#19189));
#19186 = SURFACE_STYLE_FILL_AREA(#19187);
#19187 = FILL_AREA_STYLE('',(#19188));
#19188 = FILL_AREA_STYLE_COLOUR('',#19143);
#19189 = SURFACE_STYLE_RENDERING_WITH_PROPERTIES(.NORMAL_SHADING.,#19143
  ,(#19190));
#19190 = SURFACE_STYLE_TRANSPARENT(0.100000023842);
#19191 = STYLED_ITEM('color',(#19192),#14808);
#19192 = PRESENTATION_STYLE_ASSIGNMENT((#19193));
#19193 = SURFACE_STYLE_USAGE(.BOTH.,#19194);
#19194 = SURFACE_SIDE_STYLE('',(#19195,#19198));
#19195 = SURFACE_STYLE_FILL_AREA(#19196);
#19196 = FILL_AREA_STYLE('',(#19197));
#19197 = FILL_AREA_STYLE_COLOUR('',#19143);
#19198 = SURFACE_STYLE_RENDERING_WITH_PROPERTIES(.NORMAL_SHADING.,#19143
  ,(#19199));
#19199 = SURFACE_STYLE_TRANSPARENT(0.100000023842);
#19200 = STYLED_ITEM('color',(#19201),#15001);
#19201 = PRESENTATION_STYLE_ASSIGNMENT((#19202));
#19202 = SURFACE_STYLE_USAGE(.BOTH.,#19203);
#19203 = SURFACE_SIDE_STYLE('',(#19204,#19207));
#19204 = SURFACE_STYLE_FILL_AREA(#19205);
#19205 = FILL_AREA_STYLE('',(#19206));
#19206 = FILL_AREA_STYLE_COLOUR('',#19143);
#19207 = SURFACE_STYLE_RENDERING_WITH_PROPERTIES(.NORMAL_SHADING.,#19143
  ,(#19208));
#19208 = SURFACE_STYLE_TRANSPARENT(0.100000023842);
#19209 = STYLED_ITEM('color',(#19210),#15113);
#19210 = PRESENTATION_STYLE_ASSIGNMENT((#19211));
#19211 = SURFACE_STYLE_USAGE(.BOTH.,#19212);
#19212 = SURFACE_SIDE_STYLE('',(#19213,#19216));
#19213 = SURFACE_STYLE_FILL_AREA(#19214);
#19214 = FILL_AREA_STYLE('',(#19215));
#19215 = FILL_AREA_STYLE_COLOUR('',#19143);
#19216 = SURFACE_STYLE_RENDERING_WITH_PROPERTIES(.NORMAL_SHADING.,#19143
  ,(#19217));
#19217 = SURFACE_STYLE_TRANSPARENT(0.100000023842);
#19218 = STYLED_ITEM('color',(#19219),#15306);
#19219 = PRESENTATION_STYLE_ASSIGNMENT((#19220));
#19220 = SURFACE_STYLE_USAGE(.BOTH.,#19221);
#19221 = SURFACE_SIDE_STYLE('',(#19222,#19225));
#19222 = SURFACE_STYLE_FILL_AREA(#19223);
#19223 = FILL_AREA_STYLE('',(#19224));
#19224 = FILL_AREA_STYLE_COLOUR('',#19143);
#19225 = SURFACE_STYLE_RENDERING_WITH_PROPERTIES(.NORMAL_SHADING.,#19143
  ,(#19226));
#19226 = SURFACE_STYLE_TRANSPARENT(0.100000023842);
#19227 = STYLED_ITEM('color',(#19228),#15489);
#19228 = PRESENTATION_STYLE_ASSIGNMENT((#19229));
#19229 = SURFACE_STYLE_USAGE(.BOTH.,#19230);
#19230 = SURFACE_SIDE_STYLE('',(#19231,#19234));
#19231 = SURFACE_STYLE_FILL_AREA(#19232);
#19232 = FILL_AREA_STYLE('',(#19233));
#19233 = FILL_AREA_STYLE_COLOUR('',#19143);
#19234 = SURFACE_STYLE_RENDERING_WITH_PROPERTIES(.NORMAL_SHADING.,#19143
  ,(#19235));
#19235 = SURFACE_STYLE_TRANSPARENT(0.100000023842);
#19236 = STYLED_ITEM('color',(#19237),#15631);
#19237 = PRESENTATION_STYLE_ASSIGNMENT((#19238));
#19238 = SURFACE_STYLE_USAGE(.BOTH.,#19239);
#19239 = SURFACE_SIDE_STYLE('',(#19240,#19243));
#19240 = SURFACE_STYLE_FILL_AREA(#19241);
#19241 = FILL_AREA_STYLE('',(#19242));
#19242 = FILL_AREA_STYLE_COLOUR('',#19143);
#19243 = SURFACE_STYLE_RENDERING_WITH_PROPERTIES(.NORMAL_SHADING.,#19143
  ,(#19244));
#19244 = SURFACE_STYLE_TRANSPARENT(0.100000023842);
#19245 = STYLED_ITEM('color',(#19246),#15650);
#19246 = PRESENTATION_STYLE_ASSIGNMENT((#19247));
#19247 = SURFACE_STYLE_USAGE(.BOTH.,#19248);
#19248 = SURFACE_SIDE_STYLE('',(#19249,#19252));
#19249 = SURFACE_STYLE_FILL_AREA(#19250);
#19250 = FILL_AREA_STYLE('',(#19251));
#19251 = FILL_AREA_STYLE_COLOUR('',#19143);
#19252 = SURFACE_STYLE_RENDERING_WITH_PROPERTIES(.NORMAL_SHADING.,#19143
  ,(#19253));
#19253 = SURFACE_STYLE_TRANSPARENT(0.100000023842);
#19254 = STYLED_ITEM('color',(#19255),#15825);
#19255 = PRESENTATION_STYLE_ASSIGNMENT((#19256));
#19256 = SURFACE_STYLE_USAGE(.BOTH.,#19257);
#19257 = SURFACE_SIDE_STYLE('',(#19258,#19261));
#19258 = SURFACE_STYLE_FILL_AREA(#19259);
#19259 = FILL_AREA_STYLE('',(#19260));
#19260 = FILL_AREA_STYLE_COLOUR('',#19143);
#19261 = SURFACE_STYLE_RENDERING_WITH_PROPERTIES(.NORMAL_SHADING.,#19143
  ,(#19262));
#19262 = SURFACE_STYLE_TRANSPARENT(0.100000023842);
#19263 = STYLED_ITEM('color',(#19264),#15952);
#19264 = PRESENTATION_STYLE_ASSIGNMENT((#19265));
#19265 = SURFACE_STYLE_USAGE(.BOTH.,#19266);
#19266 = SURFACE_SIDE_STYLE('',(#19267,#19270));
#19267 = SURFACE_STYLE_FILL_AREA(#19268);
#19268 = FILL_AREA_STYLE('',(#19269));
#19269 = FILL_AREA_STYLE_COLOUR('',#19143);
#19270 = SURFACE_STYLE_RENDERING_WITH_PROPERTIES(.NORMAL_SHADING.,#19143
  ,(#19271));
#19271 = SURFACE_STYLE_TRANSPARENT(0.100000023842);
#19272 = STYLED_ITEM('color',(#19273),#16054);
#19273 = PRESENTATION_STYLE_ASSIGNMENT((#19274));
#19274 = SURFACE_STYLE_USAGE(.BOTH.,#19275);
#19275 = SURFACE_SIDE_STYLE('',(#19276,#19279));
#19276 = SURFACE_STYLE_FILL_AREA(#19277);
#19277 = FILL_AREA_STYLE('',(#19278));
#19278 = FILL_AREA_STYLE_COLOUR('',#19143);
#19279 = SURFACE_STYLE_RENDERING_WITH_PROPERTIES(.NORMAL_SHADING.,#19143
  ,(#19280));
#19280 = SURFACE_STYLE_TRANSPARENT(0.100000023842);
#19281 = STYLED_ITEM('color',(#19282),#16166);
#19282 = PRESENTATION_STYLE_ASSIGNMENT((#19283));
#19283 = SURFACE_STYLE_USAGE(.BOTH.,#19284);
#19284 = SURFACE_SIDE_STYLE('',(#19285,#19288));
#19285 = SURFACE_STYLE_FILL_AREA(#19286);
#19286 = FILL_AREA_STYLE('',(#19287));
#19287 = FILL_AREA_STYLE_COLOUR('',#19143);
#19288 = SURFACE_STYLE_RENDERING_WITH_PROPERTIES(.NORMAL_SHADING.,#19143
  ,(#19289));
#19289 = SURFACE_STYLE_TRANSPARENT(0.100000023842);
#19290 = STYLED_ITEM('color',(#19291),#16308);
#19291 = PRESENTATION_STYLE_ASSIGNMENT((#19292));
#19292 = SURFACE_STYLE_USAGE(.BOTH.,#19293);
#19293 = SURFACE_SIDE_STYLE('',(#19294,#19297));
#19294 = SURFACE_STYLE_FILL_AREA(#19295);
#19295 = FILL_AREA_STYLE('',(#19296));
#19296 = FILL_AREA_STYLE_COLOUR('',#19143);
#19297 = SURFACE_STYLE_RENDERING_WITH_PROPERTIES(.NORMAL_SHADING.,#19143
  ,(#19298));
#19298 = SURFACE_STYLE_TRANSPARENT(0.100000023842);
#19299 = STYLED_ITEM('color',(#19300),#16475);
#19300 = PRESENTATION_STYLE_ASSIGNMENT((#19301));
#19301 = SURFACE_STYLE_USAGE(.BOTH.,#19302);
#19302 = SURFACE_SIDE_STYLE('',(#19303,#19306));
#19303 = SURFACE_STYLE_FILL_AREA(#19304);
#19304 = FILL_AREA_STYLE('',(#19305));
#19305 = FILL_AREA_STYLE_COLOUR('',#19143);
#19306 = SURFACE_STYLE_RENDERING_WITH_PROPERTIES(.NORMAL_SHADING.,#19143
  ,(#19307));
#19307 = SURFACE_STYLE_TRANSPARENT(0.100000023842);
#19308 = STYLED_ITEM('color',(#19309),#16601);
#19309 = PRESENTATION_STYLE_ASSIGNMENT((#19310));
#19310 = SURFACE_STYLE_USAGE(.BOTH.,#19311);
#19311 = SURFACE_SIDE_STYLE('',(#19312,#19315));
#19312 = SURFACE_STYLE_FILL_AREA(#19313);
#19313 = FILL_AREA_STYLE('',(#19314));
#19314 = FILL_AREA_STYLE_COLOUR('',#19143);
#19315 = SURFACE_STYLE_RENDERING_WITH_PROPERTIES(.NORMAL_SHADING.,#19143
  ,(#19316));
#19316 = SURFACE_STYLE_TRANSPARENT(0.100000023842);
#19317 = STYLED_ITEM('color',(#19318),#16743);
#19318 = PRESENTATION_STYLE_ASSIGNMENT((#19319));
#19319 = SURFACE_STYLE_USAGE(.BOTH.,#19320);
#19320 = SURFACE_SIDE_STYLE('',(#19321,#19324));
#19321 = SURFACE_STYLE_FILL_AREA(#19322);
#19322 = FILL_AREA_STYLE('',(#19323));
#19323 = FILL_AREA_STYLE_COLOUR('',#19143);
#19324 = SURFACE_STYLE_RENDERING_WITH_PROPERTIES(.NORMAL_SHADING.,#19143
  ,(#19325));
#19325 = SURFACE_STYLE_TRANSPARENT(0.100000023842);
#19326 = STYLED_ITEM('color',(#19327),#16869);
#19327 = PRESENTATION_STYLE_ASSIGNMENT((#19328));
#19328 = SURFACE_STYLE_USAGE(.BOTH.,#19329);
#19329 = SURFACE_SIDE_STYLE('',(#19330,#19333));
#19330 = SURFACE_STYLE_FILL_AREA(#19331);
#19331 = FILL_AREA_STYLE('',(#19332));
#19332 = FILL_AREA_STYLE_COLOUR('',#19143);
#19333 = SURFACE_STYLE_RENDERING_WITH_PROPERTIES(.NORMAL_SHADING.,#19143
  ,(#19334));
#19334 = SURFACE_STYLE_TRANSPARENT(0.100000023842);
#19335 = STYLED_ITEM('color',(#19336),#16913);
#19336 = PRESENTATION_STYLE_ASSIGNMENT((#19337));
#19337 = SURFACE_STYLE_USAGE(.BOTH.,#19338);
#19338 = SURFACE_SIDE_STYLE('',(#19339,#19342));
#19339 = SURFACE_STYLE_FILL_AREA(#19340);
#19340 = FILL_AREA_STYLE('',(#19341));
#19341 = FILL_AREA_STYLE_COLOUR('',#19143);
#19342 = SURFACE_STYLE_RENDERING_WITH_PROPERTIES(.NORMAL_SHADING.,#19143
  ,(#19343));
#19343 = SURFACE_STYLE_TRANSPARENT(0.100000023842);
#19344 = STYLED_ITEM('color',(#19345),#16957);
#19345 = PRESENTATION_STYLE_ASSIGNMENT((#19346));
#19346 = SURFACE_STYLE_USAGE(.BOTH.,#19347);
#19347 = SURFACE_SIDE_STYLE('',(#19348,#19351));
#19348 = SURFACE_STYLE_FILL_AREA(#19349);
#19349 = FILL_AREA_STYLE('',(#19350));
#19350 = FILL_AREA_STYLE_COLOUR('',#19143);
#19351 = SURFACE_STYLE_RENDERING_WITH_PROPERTIES(.NORMAL_SHADING.,#19143
  ,(#19352));
#19352 = SURFACE_STYLE_TRANSPARENT(0.100000023842);
#19353 = STYLED_ITEM('color',(#19354),#17199);
#19354 = PRESENTATION_STYLE_ASSIGNMENT((#19355));
#19355 = SURFACE_STYLE_USAGE(.BOTH.,#19356);
#19356 = SURFACE_SIDE_STYLE('',(#19357,#19360));
#19357 = SURFACE_STYLE_FILL_AREA(#19358);
#19358 = FILL_AREA_STYLE('',(#19359));
#19359 = FILL_AREA_STYLE_COLOUR('',#19143);
#19360 = SURFACE_STYLE_RENDERING_WITH_PROPERTIES(.NORMAL_SHADING.,#19143
  ,(#19361));
#19361 = SURFACE_STYLE_TRANSPARENT(0.100000023842);
#19362 = STYLED_ITEM('color',(#19363),#17243);
#19363 = PRESENTATION_STYLE_ASSIGNMENT((#19364));
#19364 = SURFACE_STYLE_USAGE(.BOTH.,#19365);
#19365 = SURFACE_SIDE_STYLE('',(#19366,#19369));
#19366 = SURFACE_STYLE_FILL_AREA(#19367);
#19367 = FILL_AREA_STYLE('',(#19368));
#19368 = FILL_AREA_STYLE_COLOUR('',#19143);
#19369 = SURFACE_STYLE_RENDERING_WITH_PROPERTIES(.NORMAL_SHADING.,#19143
  ,(#19370));
#19370 = SURFACE_STYLE_TRANSPARENT(0.100000023842);
#19371 = STYLED_ITEM('color',(#19372),#17385);
#19372 = PRESENTATION_STYLE_ASSIGNMENT((#19373));
#19373 = SURFACE_STYLE_USAGE(.BOTH.,#19374);
#19374 = SURFACE_SIDE_STYLE('',(#19375,#19378));
#19375 = SURFACE_STYLE_FILL_AREA(#19376);
#19376 = FILL_AREA_STYLE('',(#19377));
#19377 = FILL_AREA_STYLE_COLOUR('',#19143);
#19378 = SURFACE_STYLE_RENDERING_WITH_PROPERTIES(.NORMAL_SHADING.,#19143
  ,(#19379));
#19379 = SURFACE_STYLE_TRANSPARENT(0.100000023842);
#19380 = STYLED_ITEM('color',(#19381),#17479);
#19381 = PRESENTATION_STYLE_ASSIGNMENT((#19382));
#19382 = SURFACE_STYLE_USAGE(.BOTH.,#19383);
#19383 = SURFACE_SIDE_STYLE('',(#19384,#19387));
#19384 = SURFACE_STYLE_FILL_AREA(#19385);
#19385 = FILL_AREA_STYLE('',(#19386));
#19386 = FILL_AREA_STYLE_COLOUR('',#19143);
#19387 = SURFACE_STYLE_RENDERING_WITH_PROPERTIES(.NORMAL_SHADING.,#19143
  ,(#19388));
#19388 = SURFACE_STYLE_TRANSPARENT(0.100000023842);
#19389 = STYLED_ITEM('color',(#19390),#17509);
#19390 = PRESENTATION_STYLE_ASSIGNMENT((#19391));
#19391 = SURFACE_STYLE_USAGE(.BOTH.,#19392);
#19392 = SURFACE_SIDE_STYLE('',(#19393,#19396));
#19393 = SURFACE_STYLE_FILL_AREA(#19394);
#19394 = FILL_AREA_STYLE('',(#19395));
#19395 = FILL_AREA_STYLE_COLOUR('',#19143);
#19396 = SURFACE_STYLE_RENDERING_WITH_PROPERTIES(.NORMAL_SHADING.,#19143
  ,(#19397));
#19397 = SURFACE_STYLE_TRANSPARENT(0.100000023842);
#19398 = STYLED_ITEM('color',(#19399),#17553);
#19399 = PRESENTATION_STYLE_ASSIGNMENT((#19400));
#19400 = SURFACE_STYLE_USAGE(.BOTH.,#19401);
#19401 = SURFACE_SIDE_STYLE('',(#19402,#19405));
#19402 = SURFACE_STYLE_FILL_AREA(#19403);
#19403 = FILL_AREA_STYLE('',(#19404));
#19404 = FILL_AREA_STYLE_COLOUR('',#19143);
#19405 = SURFACE_STYLE_RENDERING_WITH_PROPERTIES(.NORMAL_SHADING.,#19143
  ,(#19406));
#19406 = SURFACE_STYLE_TRANSPARENT(0.100000023842);
#19407 = STYLED_ITEM('color',(#19408),#17695);
#19408 = PRESENTATION_STYLE_ASSIGNMENT((#19409));
#19409 = SURFACE_STYLE_USAGE(.BOTH.,#19410);
#19410 = SURFACE_SIDE_STYLE('',(#19411,#19414));
#19411 = SURFACE_STYLE_FILL_AREA(#19412);
#19412 = FILL_AREA_STYLE('',(#19413));
#19413 = FILL_AREA_STYLE_COLOUR('',#19143);
#19414 = SURFACE_STYLE_RENDERING_WITH_PROPERTIES(.NORMAL_SHADING.,#19143
  ,(#19415));
#19415 = SURFACE_STYLE_TRANSPARENT(0.100000023842);
#19416 = STYLED_ITEM('color',(#19417),#17866);
#19417 = PRESENTATION_STYLE_ASSIGNMENT((#19418));
#19418 = SURFACE_STYLE_USAGE(.BOTH.,#19419);
#19419 = SURFACE_SIDE_STYLE('',(#19420,#19423));
#19420 = SURFACE_STYLE_FILL_AREA(#19421);
#19421 = FILL_AREA_STYLE('',(#19422));
#19422 = FILL_AREA_STYLE_COLOUR('',#19143);
#19423 = SURFACE_STYLE_RENDERING_WITH_PROPERTIES(.NORMAL_SHADING.,#19143
  ,(#19424));
#19424 = SURFACE_STYLE_TRANSPARENT(0.100000023842);
#19425 = STYLED_ITEM('color',(#19426),#18008);
#19426 = PRESENTATION_STYLE_ASSIGNMENT((#19427));
#19427 = SURFACE_STYLE_USAGE(.BOTH.,#19428);
#19428 = SURFACE_SIDE_STYLE('',(#19429,#19432));
#19429 = SURFACE_STYLE_FILL_AREA(#19430);
#19430 = FILL_AREA_STYLE('',(#19431));
#19431 = FILL_AREA_STYLE_COLOUR('',#19143);
#19432 = SURFACE_STYLE_RENDERING_WITH_PROPERTIES(.NORMAL_SHADING.,#19143
  ,(#19433));
#19433 = SURFACE_STYLE_TRANSPARENT(0.100000023842);
#19434 = STYLED_ITEM('color',(#19435),#18179);
#19435 = PRESENTATION_STYLE_ASSIGNMENT((#19436));
#19436 = SURFACE_STYLE_USAGE(.BOTH.,#19437);
#19437 = SURFACE_SIDE_STYLE('',(#19438,#19441));
#19438 = SURFACE_STYLE_FILL_AREA(#19439);
#19439 = FILL_AREA_STYLE('',(#19440));
#19440 = FILL_AREA_STYLE_COLOUR('',#19143);
#19441 = SURFACE_STYLE_RENDERING_WITH_PROPERTIES(.NORMAL_SHADING.,#19143
  ,(#19442));
#19442 = SURFACE_STYLE_TRANSPARENT(0.100000023842);
#19443 = MECHANICAL_DESIGN_GEOMETRIC_PRESENTATION_REPRESENTATION('',(
    #19444,#19451,#19458,#19465,#19472,#19479,#19486,#19493,#19500,
    #19507,#19514,#19522,#19529,#19536,#19543,#19550,#19557,#19564,
    #19571,#19578,#19585,#19592,#19599,#19606,#19613,#19620,#19627,
    #19634,#19641,#19648,#19655,#19662,#19669,#19676,#19683,#19690,
    #19698,#19705,#19712,#19719),#1245);
#19444 = STYLED_ITEM('color',(#19445),#59);
#19445 = PRESENTATION_STYLE_ASSIGNMENT((#19446));
#19446 = SURFACE_STYLE_USAGE(.BOTH.,#19447);
#19447 = SURFACE_SIDE_STYLE('',(#19448));
#19448 = SURFACE_STYLE_FILL_AREA(#19449);
#19449 = FILL_AREA_STYLE('',(#19450));
#19450 = FILL_AREA_STYLE_COLOUR('',#18948);
#19451 = STYLED_ITEM('color',(#19452),#99);
#19452 = PRESENTATION_STYLE_ASSIGNMENT((#19453));
#19453 = SURFACE_STYLE_USAGE(.BOTH.,#19454);
#19454 = SURFACE_SIDE_STYLE('',(#19455));
#19455 = SURFACE_STYLE_FILL_AREA(#19456);
#19456 = FILL_AREA_STYLE('',(#19457));
#19457 = FILL_AREA_STYLE_COLOUR('',#18948);
#19458 = STYLED_ITEM('color',(#19459),#182);
#19459 = PRESENTATION_STYLE_ASSIGNMENT((#19460));
#19460 = SURFACE_STYLE_USAGE(.BOTH.,#19461);
#19461 = SURFACE_SIDE_STYLE('',(#19462));
#19462 = SURFACE_STYLE_FILL_AREA(#19463);
#19463 = FILL_AREA_STYLE('',(#19464));
#19464 = FILL_AREA_STYLE_COLOUR('',#18948);
#19465 = STYLED_ITEM('color',(#19466),#207);
#19466 = PRESENTATION_STYLE_ASSIGNMENT((#19467));
#19467 = SURFACE_STYLE_USAGE(.BOTH.,#19468);
#19468 = SURFACE_SIDE_STYLE('',(#19469));
#19469 = SURFACE_STYLE_FILL_AREA(#19470);
#19470 = FILL_AREA_STYLE('',(#19471));
#19471 = FILL_AREA_STYLE_COLOUR('',#18948);
#19472 = STYLED_ITEM('color',(#19473),#282);
#19473 = PRESENTATION_STYLE_ASSIGNMENT((#19474));
#19474 = SURFACE_STYLE_USAGE(.BOTH.,#19475);
#19475 = SURFACE_SIDE_STYLE('',(#19476));
#19476 = SURFACE_STYLE_FILL_AREA(#19477);
#19477 = FILL_AREA_STYLE('',(#19478));
#19478 = FILL_AREA_STYLE_COLOUR('',#18948);
#19479 = STYLED_ITEM('color',(#19480),#299);
#19480 = PRESENTATION_STYLE_ASSIGNMENT((#19481));
#19481 = SURFACE_STYLE_USAGE(.BOTH.,#19482);
#19482 = SURFACE_SIDE_STYLE('',(#19483));
#19483 = SURFACE_STYLE_FILL_AREA(#19484);
#19484 = FILL_AREA_STYLE('',(#19485));
#19485 = FILL_AREA_STYLE_COLOUR('',#18948);
#19486 = STYLED_ITEM('color',(#19487),#316);
#19487 = PRESENTATION_STYLE_ASSIGNMENT((#19488));
#19488 = SURFACE_STYLE_USAGE(.BOTH.,#19489);
#19489 = SURFACE_SIDE_STYLE('',(#19490));
#19490 = SURFACE_STYLE_FILL_AREA(#19491);
#19491 = FILL_AREA_STYLE('',(#19492));
#19492 = FILL_AREA_STYLE_COLOUR('',#18948);
#19493 = STYLED_ITEM('color',(#19494),#333);
#19494 = PRESENTATION_STYLE_ASSIGNMENT((#19495));
#19495 = SURFACE_STYLE_USAGE(.BOTH.,#19496);
#19496 = SURFACE_SIDE_STYLE('',(#19497));
#19497 = SURFACE_STYLE_FILL_AREA(#19498);
#19498 = FILL_AREA_STYLE('',(#19499));
#19499 = FILL_AREA_STYLE_COLOUR('',#18948);
#19500 = STYLED_ITEM('color',(#19501),#350);
#19501 = PRESENTATION_STYLE_ASSIGNMENT((#19502));
#19502 = SURFACE_STYLE_USAGE(.BOTH.,#19503);
#19503 = SURFACE_SIDE_STYLE('',(#19504));
#19504 = SURFACE_STYLE_FILL_AREA(#19505);
#19505 = FILL_AREA_STYLE('',(#19506));
#19506 = FILL_AREA_STYLE_COLOUR('',#18948);
#19507 = STYLED_ITEM('color',(#19508),#367);
#19508 = PRESENTATION_STYLE_ASSIGNMENT((#19509));
#19509 = SURFACE_STYLE_USAGE(.BOTH.,#19510);
#19510 = SURFACE_SIDE_STYLE('',(#19511));
#19511 = SURFACE_STYLE_FILL_AREA(#19512);
#19512 = FILL_AREA_STYLE('',(#19513));
#19513 = FILL_AREA_STYLE_COLOUR('',#18948);
#19514 = STYLED_ITEM('color',(#19515),#383);
#19515 = PRESENTATION_STYLE_ASSIGNMENT((#19516));
#19516 = SURFACE_STYLE_USAGE(.BOTH.,#19517);
#19517 = SURFACE_SIDE_STYLE('',(#19518));
#19518 = SURFACE_STYLE_FILL_AREA(#19519);
#19519 = FILL_AREA_STYLE('',(#19520));
#19520 = FILL_AREA_STYLE_COLOUR('',#19521);
#19521 = COLOUR_RGB('',0.832000011642,0.68000001254,6.599999832223E-02);
#19522 = STYLED_ITEM('color',(#19523),#430);
#19523 = PRESENTATION_STYLE_ASSIGNMENT((#19524));
#19524 = SURFACE_STYLE_USAGE(.BOTH.,#19525);
#19525 = SURFACE_SIDE_STYLE('',(#19526));
#19526 = SURFACE_STYLE_FILL_AREA(#19527);
#19527 = FILL_AREA_STYLE('',(#19528));
#19528 = FILL_AREA_STYLE_COLOUR('',#19521);
#19529 = STYLED_ITEM('color',(#19530),#531);
#19530 = PRESENTATION_STYLE_ASSIGNMENT((#19531));
#19531 = SURFACE_STYLE_USAGE(.BOTH.,#19532);
#19532 = SURFACE_SIDE_STYLE('',(#19533));
#19533 = SURFACE_STYLE_FILL_AREA(#19534);
#19534 = FILL_AREA_STYLE('',(#19535));
#19535 = FILL_AREA_STYLE_COLOUR('',#19521);
#19536 = STYLED_ITEM('color',(#19537),#554);
#19537 = PRESENTATION_STYLE_ASSIGNMENT((#19538));
#19538 = SURFACE_STYLE_USAGE(.BOTH.,#19539);
#19539 = SURFACE_SIDE_STYLE('',(#19540));
#19540 = SURFACE_STYLE_FILL_AREA(#19541);
#19541 = FILL_AREA_STYLE('',(#19542));
#19542 = FILL_AREA_STYLE_COLOUR('',#19521);
#19543 = STYLED_ITEM('color',(#19544),#583);
#19544 = PRESENTATION_STYLE_ASSIGNMENT((#19545));
#19545 = SURFACE_STYLE_USAGE(.BOTH.,#19546);
#19546 = SURFACE_SIDE_STYLE('',(#19547));
#19547 = SURFACE_STYLE_FILL_AREA(#19548);
#19548 = FILL_AREA_STYLE('',(#19549));
#19549 = FILL_AREA_STYLE_COLOUR('',#19521);
#19550 = STYLED_ITEM('color',(#19551),#606);
#19551 = PRESENTATION_STYLE_ASSIGNMENT((#19552));
#19552 = SURFACE_STYLE_USAGE(.BOTH.,#19553);
#19553 = SURFACE_SIDE_STYLE('',(#19554));
#19554 = SURFACE_STYLE_FILL_AREA(#19555);
#19555 = FILL_AREA_STYLE('',(#19556));
#19556 = FILL_AREA_STYLE_COLOUR('',#19521);
#19557 = STYLED_ITEM('color',(#19558),#649);
#19558 = PRESENTATION_STYLE_ASSIGNMENT((#19559));
#19559 = SURFACE_STYLE_USAGE(.BOTH.,#19560);
#19560 = SURFACE_SIDE_STYLE('',(#19561));
#19561 = SURFACE_STYLE_FILL_AREA(#19562);
#19562 = FILL_AREA_STYLE('',(#19563));
#19563 = FILL_AREA_STYLE_COLOUR('',#18948);
#19564 = STYLED_ITEM('color',(#19565),#723);
#19565 = PRESENTATION_STYLE_ASSIGNMENT((#19566));
#19566 = SURFACE_STYLE_USAGE(.BOTH.,#19567);
#19567 = SURFACE_SIDE_STYLE('',(#19568));
#19568 = SURFACE_STYLE_FILL_AREA(#19569);
#19569 = FILL_AREA_STYLE('',(#19570));
#19570 = FILL_AREA_STYLE_COLOUR('',#18948);
#19571 = STYLED_ITEM('color',(#19572),#747);
#19572 = PRESENTATION_STYLE_ASSIGNMENT((#19573));
#19573 = SURFACE_STYLE_USAGE(.BOTH.,#19574);
#19574 = SURFACE_SIDE_STYLE('',(#19575));
#19575 = SURFACE_STYLE_FILL_AREA(#19576);
#19576 = FILL_AREA_STYLE('',(#19577));
#19577 = FILL_AREA_STYLE_COLOUR('',#18948);
#19578 = STYLED_ITEM('color',(#19579),#814);
#19579 = PRESENTATION_STYLE_ASSIGNMENT((#19580));
#19580 = SURFACE_STYLE_USAGE(.BOTH.,#19581);
#19581 = SURFACE_SIDE_STYLE('',(#19582));
#19582 = SURFACE_STYLE_FILL_AREA(#19583);
#19583 = FILL_AREA_STYLE('',(#19584));
#19584 = FILL_AREA_STYLE_COLOUR('',#19521);
#19585 = STYLED_ITEM('color',(#19586),#843);
#19586 = PRESENTATION_STYLE_ASSIGNMENT((#19587));
#19587 = SURFACE_STYLE_USAGE(.BOTH.,#19588);
#19588 = SURFACE_SIDE_STYLE('',(#19589));
#19589 = SURFACE_STYLE_FILL_AREA(#19590);
#19590 = FILL_AREA_STYLE('',(#19591));
#19591 = FILL_AREA_STYLE_COLOUR('',#19521);
#19592 = STYLED_ITEM('color',(#19593),#866);
#19593 = PRESENTATION_STYLE_ASSIGNMENT((#19594));
#19594 = SURFACE_STYLE_USAGE(.BOTH.,#19595);
#19595 = SURFACE_SIDE_STYLE('',(#19596));
#19596 = SURFACE_STYLE_FILL_AREA(#19597);
#19597 = FILL_AREA_STYLE('',(#19598));
#19598 = FILL_AREA_STYLE_COLOUR('',#19521);
#19599 = STYLED_ITEM('color',(#19600),#889);
#19600 = PRESENTATION_STYLE_ASSIGNMENT((#19601));
#19601 = SURFACE_STYLE_USAGE(.BOTH.,#19602);
#19602 = SURFACE_SIDE_STYLE('',(#19603));
#19603 = SURFACE_STYLE_FILL_AREA(#19604);
#19604 = FILL_AREA_STYLE('',(#19605));
#19605 = FILL_AREA_STYLE_COLOUR('',#19521);
#19606 = STYLED_ITEM('color',(#19607),#906);
#19607 = PRESENTATION_STYLE_ASSIGNMENT((#19608));
#19608 = SURFACE_STYLE_USAGE(.BOTH.,#19609);
#19609 = SURFACE_SIDE_STYLE('',(#19610));
#19610 = SURFACE_STYLE_FILL_AREA(#19611);
#19611 = FILL_AREA_STYLE('',(#19612));
#19612 = FILL_AREA_STYLE_COLOUR('',#19521);
#19613 = STYLED_ITEM('color',(#19614),#929);
#19614 = PRESENTATION_STYLE_ASSIGNMENT((#19615));
#19615 = SURFACE_STYLE_USAGE(.BOTH.,#19616);
#19616 = SURFACE_SIDE_STYLE('',(#19617));
#19617 = SURFACE_STYLE_FILL_AREA(#19618);
#19618 = FILL_AREA_STYLE('',(#19619));
#19619 = FILL_AREA_STYLE_COLOUR('',#19521);
#19620 = STYLED_ITEM('color',(#19621),#952);
#19621 = PRESENTATION_STYLE_ASSIGNMENT((#19622));
#19622 = SURFACE_STYLE_USAGE(.BOTH.,#19623);
#19623 = SURFACE_SIDE_STYLE('',(#19624));
#19624 = SURFACE_STYLE_FILL_AREA(#19625);
#19625 = FILL_AREA_STYLE('',(#19626));
#19626 = FILL_AREA_STYLE_COLOUR('',#19521);
#19627 = STYLED_ITEM('color',(#19628),#1003);
#19628 = PRESENTATION_STYLE_ASSIGNMENT((#19629));
#19629 = SURFACE_STYLE_USAGE(.BOTH.,#19630);
#19630 = SURFACE_SIDE_STYLE('',(#19631));
#19631 = SURFACE_STYLE_FILL_AREA(#19632);
#19632 = FILL_AREA_STYLE('',(#19633));
#19633 = FILL_AREA_STYLE_COLOUR('',#19521);
#19634 = STYLED_ITEM('color',(#19635),#1015);
#19635 = PRESENTATION_STYLE_ASSIGNMENT((#19636));
#19636 = SURFACE_STYLE_USAGE(.BOTH.,#19637);
#19637 = SURFACE_SIDE_STYLE('',(#19638));
#19638 = SURFACE_STYLE_FILL_AREA(#19639);
#19639 = FILL_AREA_STYLE('',(#19640));
#19640 = FILL_AREA_STYLE_COLOUR('',#18948);
#19641 = STYLED_ITEM('color',(#19642),#1032);
#19642 = PRESENTATION_STYLE_ASSIGNMENT((#19643));
#19643 = SURFACE_STYLE_USAGE(.BOTH.,#19644);
#19644 = SURFACE_SIDE_STYLE('',(#19645));
#19645 = SURFACE_STYLE_FILL_AREA(#19646);
#19646 = FILL_AREA_STYLE('',(#19647));
#19647 = FILL_AREA_STYLE_COLOUR('',#18948);
#19648 = STYLED_ITEM('color',(#19649),#1054);
#19649 = PRESENTATION_STYLE_ASSIGNMENT((#19650));
#19650 = SURFACE_STYLE_USAGE(.BOTH.,#19651);
#19651 = SURFACE_SIDE_STYLE('',(#19652));
#19652 = SURFACE_STYLE_FILL_AREA(#19653);
#19653 = FILL_AREA_STYLE('',(#19654));
#19654 = FILL_AREA_STYLE_COLOUR('',#18948);
#19655 = STYLED_ITEM('color',(#19656),#1066);
#19656 = PRESENTATION_STYLE_ASSIGNMENT((#19657));
#19657 = SURFACE_STYLE_USAGE(.BOTH.,#19658);
#19658 = SURFACE_SIDE_STYLE('',(#19659));
#19659 = SURFACE_STYLE_FILL_AREA(#19660);
#19660 = FILL_AREA_STYLE('',(#19661));
#19661 = FILL_AREA_STYLE_COLOUR('',#18948);
#19662 = STYLED_ITEM('color',(#19663),#1083);
#19663 = PRESENTATION_STYLE_ASSIGNMENT((#19664));
#19664 = SURFACE_STYLE_USAGE(.BOTH.,#19665);
#19665 = SURFACE_SIDE_STYLE('',(#19666));
#19666 = SURFACE_STYLE_FILL_AREA(#19667);
#19667 = FILL_AREA_STYLE('',(#19668));
#19668 = FILL_AREA_STYLE_COLOUR('',#18948);
#19669 = STYLED_ITEM('color',(#19670),#1100);
#19670 = PRESENTATION_STYLE_ASSIGNMENT((#19671));
#19671 = SURFACE_STYLE_USAGE(.BOTH.,#19672);
#19672 = SURFACE_SIDE_STYLE('',(#19673));
#19673 = SURFACE_STYLE_FILL_AREA(#19674);
#19674 = FILL_AREA_STYLE('',(#19675));
#19675 = FILL_AREA_STYLE_COLOUR('',#18948);
#19676 = STYLED_ITEM('color',(#19677),#1117);
#19677 = PRESENTATION_STYLE_ASSIGNMENT((#19678));
#19678 = SURFACE_STYLE_USAGE(.BOTH.,#19679);
#19679 = SURFACE_SIDE_STYLE('',(#19680));
#19680 = SURFACE_STYLE_FILL_AREA(#19681);
#19681 = FILL_AREA_STYLE('',(#19682));
#19682 = FILL_AREA_STYLE_COLOUR('',#18948);
#19683 = STYLED_ITEM('color',(#19684),#1129);
#19684 = PRESENTATION_STYLE_ASSIGNMENT((#19685));
#19685 = SURFACE_STYLE_USAGE(.BOTH.,#19686);
#19686 = SURFACE_SIDE_STYLE('',(#19687));
#19687 = SURFACE_STYLE_FILL_AREA(#19688);
#19688 = FILL_AREA_STYLE('',(#19689));
#19689 = FILL_AREA_STYLE_COLOUR('',#19521);
#19690 = STYLED_ITEM('color',(#19691),#1141);
#19691 = PRESENTATION_STYLE_ASSIGNMENT((#19692));
#19692 = SURFACE_STYLE_USAGE(.BOTH.,#19693);
#19693 = SURFACE_SIDE_STYLE('',(#19694));
#19694 = SURFACE_STYLE_FILL_AREA(#19695);
#19695 = FILL_AREA_STYLE('',(#19696));
#19696 = FILL_AREA_STYLE_COLOUR('',#19697);
#19697 = COLOUR_RGB('',0.809000013735,0.426000008053,0.147999998088);
#19698 = STYLED_ITEM('color',(#19699),#1170);
#19699 = PRESENTATION_STYLE_ASSIGNMENT((#19700));
#19700 = SURFACE_STYLE_USAGE(.BOTH.,#19701);
#19701 = SURFACE_SIDE_STYLE('',(#19702));
#19702 = SURFACE_STYLE_FILL_AREA(#19703);
#19703 = FILL_AREA_STYLE('',(#19704));
#19704 = FILL_AREA_STYLE_COLOUR('',#19697);
#19705 = STYLED_ITEM('color',(#19706),#1193);
#19706 = PRESENTATION_STYLE_ASSIGNMENT((#19707));
#19707 = SURFACE_STYLE_USAGE(.BOTH.,#19708);
#19708 = SURFACE_SIDE_STYLE('',(#19709));
#19709 = SURFACE_STYLE_FILL_AREA(#19710);
#19710 = FILL_AREA_STYLE('',(#19711));
#19711 = FILL_AREA_STYLE_COLOUR('',#19697);
#19712 = STYLED_ITEM('color',(#19713),#1216);
#19713 = PRESENTATION_STYLE_ASSIGNMENT((#19714));
#19714 = SURFACE_STYLE_USAGE(.BOTH.,#19715);
#19715 = SURFACE_SIDE_STYLE('',(#19716));
#19716 = SURFACE_STYLE_FILL_AREA(#19717);
#19717 = FILL_AREA_STYLE('',(#19718));
#19718 = FILL_AREA_STYLE_COLOUR('',#19697);
#19719 = STYLED_ITEM('color',(#19720),#1233);
#19720 = PRESENTATION_STYLE_ASSIGNMENT((#19721));
#19721 = SURFACE_STYLE_USAGE(.BOTH.,#19722);
#19722 = SURFACE_SIDE_STYLE('',(#19723));
#19723 = SURFACE_STYLE_FILL_AREA(#19724);
#19724 = FILL_AREA_STYLE('',(#19725));
#19725 = FILL_AREA_STYLE_COLOUR('',#19697);
#19726 = MECHANICAL_DESIGN_GEOMETRIC_PRESENTATION_REPRESENTATION('',(
    #19727,#19735,#19742,#19749,#19756,#19763,#19770,#19777,#19784,
    #19791),#6405);
#19727 = STYLED_ITEM('color',(#19728),#2078);
#19728 = PRESENTATION_STYLE_ASSIGNMENT((#19729));
#19729 = SURFACE_STYLE_USAGE(.BOTH.,#19730);
#19730 = SURFACE_SIDE_STYLE('',(#19731));
#19731 = SURFACE_STYLE_FILL_AREA(#19732);
#19732 = FILL_AREA_STYLE('',(#19733));
#19733 = FILL_AREA_STYLE_COLOUR('',#19734);
#19734 = COLOUR_RGB('',0.854305825093,0.803630995277,0.);
#19735 = STYLED_ITEM('color',(#19736),#2298);
#19736 = PRESENTATION_STYLE_ASSIGNMENT((#19737));
#19737 = SURFACE_STYLE_USAGE(.BOTH.,#19738);
#19738 = SURFACE_SIDE_STYLE('',(#19739));
#19739 = SURFACE_STYLE_FILL_AREA(#19740);
#19740 = FILL_AREA_STYLE('',(#19741));
#19741 = FILL_AREA_STYLE_COLOUR('',#19734);
#19742 = STYLED_ITEM('color',(#19743),#3054);
#19743 = PRESENTATION_STYLE_ASSIGNMENT((#19744));
#19744 = SURFACE_STYLE_USAGE(.BOTH.,#19745);
#19745 = SURFACE_SIDE_STYLE('',(#19746));
#19746 = SURFACE_STYLE_FILL_AREA(#19747);
#19747 = FILL_AREA_STYLE('',(#19748));
#19748 = FILL_AREA_STYLE_COLOUR('',#19734);
#19749 = STYLED_ITEM('color',(#19750),#3711);
#19750 = PRESENTATION_STYLE_ASSIGNMENT((#19751));
#19751 = SURFACE_STYLE_USAGE(.BOTH.,#19752);
#19752 = SURFACE_SIDE_STYLE('',(#19753));
#19753 = SURFACE_STYLE_FILL_AREA(#19754);
#19754 = FILL_AREA_STYLE('',(#19755));
#19755 = FILL_AREA_STYLE_COLOUR('',#19734);
#19756 = STYLED_ITEM('color',(#19757),#4065);
#19757 = PRESENTATION_STYLE_ASSIGNMENT((#19758));
#19758 = SURFACE_STYLE_USAGE(.BOTH.,#19759);
#19759 = SURFACE_SIDE_STYLE('',(#19760));
#19760 = SURFACE_STYLE_FILL_AREA(#19761);
#19761 = FILL_AREA_STYLE('',(#19762));
#19762 = FILL_AREA_STYLE_COLOUR('',#19734);
#19763 = STYLED_ITEM('color',(#19764),#4660);
#19764 = PRESENTATION_STYLE_ASSIGNMENT((#19765));
#19765 = SURFACE_STYLE_USAGE(.BOTH.,#19766);
#19766 = SURFACE_SIDE_STYLE('',(#19767));
#19767 = SURFACE_STYLE_FILL_AREA(#19768);
#19768 = FILL_AREA_STYLE('',(#19769));
#19769 = FILL_AREA_STYLE_COLOUR('',#19734);
#19770 = STYLED_ITEM('color',(#19771),#4880);
#19771 = PRESENTATION_STYLE_ASSIGNMENT((#19772));
#19772 = SURFACE_STYLE_USAGE(.BOTH.,#19773);
#19773 = SURFACE_SIDE_STYLE('',(#19774));
#19774 = SURFACE_STYLE_FILL_AREA(#19775);
#19775 = FILL_AREA_STYLE('',(#19776));
#19776 = FILL_AREA_STYLE_COLOUR('',#19734);
#19777 = STYLED_ITEM('color',(#19778),#5201);
#19778 = PRESENTATION_STYLE_ASSIGNMENT((#19779));
#19779 = SURFACE_STYLE_USAGE(.BOTH.,#19780);
#19780 = SURFACE_SIDE_STYLE('',(#19781));
#19781 = SURFACE_STYLE_FILL_AREA(#19782);
#19782 = FILL_AREA_STYLE('',(#19783));
#19783 = FILL_AREA_STYLE_COLOUR('',#19734);
#19784 = STYLED_ITEM('color',(#19785),#5394);
#19785 = PRESENTATION_STYLE_ASSIGNMENT((#19786));
#19786 = SURFACE_STYLE_USAGE(.BOTH.,#19787);
#19787 = SURFACE_SIDE_STYLE('',(#19788));
#19788 = SURFACE_STYLE_FILL_AREA(#19789);
#19789 = FILL_AREA_STYLE('',(#19790));
#19790 = FILL_AREA_STYLE_COLOUR('',#19734);
#19791 = STYLED_ITEM('color',(#19792),#5750);
#19792 = PRESENTATION_STYLE_ASSIGNMENT((#19793));
#19793 = SURFACE_STYLE_USAGE(.BOTH.,#19794);
#19794 = SURFACE_SIDE_STYLE('',(#19795));
#19795 = SURFACE_STYLE_FILL_AREA(#19796);
#19796 = FILL_AREA_STYLE('',(#19797));
#19797 = FILL_AREA_STYLE_COLOUR('',#19734);
#19798 = MECHANICAL_DESIGN_GEOMETRIC_PRESENTATION_REPRESENTATION('',(
    #19799,#19807,#19814,#19821,#19828,#19835,#19842,#19849,#19856,
    #19863,#19870,#19877,#19884,#19891,#19898,#19905,#19912,#19919,
    #19926,#19933,#19940,#19947,#19954,#19961,#19968,#19975,#19982,
    #19989,#19996,#20003,#20010,#20017,#20024,#20031,#20038,#20045,
    #20052,#20059,#20066,#20073,#20080,#20087,#20094),#14010);
#19799 = STYLED_ITEM('color',(#19800),#6424);
#19800 = PRESENTATION_STYLE_ASSIGNMENT((#19801));
#19801 = SURFACE_STYLE_USAGE(.BOTH.,#19802);
#19802 = SURFACE_SIDE_STYLE('',(#19803));
#19803 = SURFACE_STYLE_FILL_AREA(#19804);
#19804 = FILL_AREA_STYLE('',(#19805));
#19805 = FILL_AREA_STYLE_COLOUR('',#19806);
#19806 = COLOUR_RGB('',0.735356983052,0.735356983052,0.735356983052);
#19807 = STYLED_ITEM('color',(#19808),#6574);
#19808 = PRESENTATION_STYLE_ASSIGNMENT((#19809));
#19809 = SURFACE_STYLE_USAGE(.BOTH.,#19810);
#19810 = SURFACE_SIDE_STYLE('',(#19811));
#19811 = SURFACE_STYLE_FILL_AREA(#19812);
#19812 = FILL_AREA_STYLE('',(#19813));
#19813 = FILL_AREA_STYLE_COLOUR('',#19806);
#19814 = STYLED_ITEM('color',(#19815),#6864);
#19815 = PRESENTATION_STYLE_ASSIGNMENT((#19816));
#19816 = SURFACE_STYLE_USAGE(.BOTH.,#19817);
#19817 = SURFACE_SIDE_STYLE('',(#19818));
#19818 = SURFACE_STYLE_FILL_AREA(#19819);
#19819 = FILL_AREA_STYLE('',(#19820));
#19820 = FILL_AREA_STYLE_COLOUR('',#19806);
#19821 = STYLED_ITEM('color',(#19822),#6956);
#19822 = PRESENTATION_STYLE_ASSIGNMENT((#19823));
#19823 = SURFACE_STYLE_USAGE(.BOTH.,#19824);
#19824 = SURFACE_SIDE_STYLE('',(#19825));
#19825 = SURFACE_STYLE_FILL_AREA(#19826);
#19826 = FILL_AREA_STYLE('',(#19827));
#19827 = FILL_AREA_STYLE_COLOUR('',#19806);
#19828 = STYLED_ITEM('color',(#19829),#7048);
#19829 = PRESENTATION_STYLE_ASSIGNMENT((#19830));
#19830 = SURFACE_STYLE_USAGE(.BOTH.,#19831);
#19831 = SURFACE_SIDE_STYLE('',(#19832));
#19832 = SURFACE_STYLE_FILL_AREA(#19833);
#19833 = FILL_AREA_STYLE('',(#19834));
#19834 = FILL_AREA_STYLE_COLOUR('',#19806);
#19835 = STYLED_ITEM('color',(#19836),#7140);
#19836 = PRESENTATION_STYLE_ASSIGNMENT((#19837));
#19837 = SURFACE_STYLE_USAGE(.BOTH.,#19838);
#19838 = SURFACE_SIDE_STYLE('',(#19839));
#19839 = SURFACE_STYLE_FILL_AREA(#19840);
#19840 = FILL_AREA_STYLE('',(#19841));
#19841 = FILL_AREA_STYLE_COLOUR('',#19806);
#19842 = STYLED_ITEM('color',(#19843),#7232);
#19843 = PRESENTATION_STYLE_ASSIGNMENT((#19844));
#19844 = SURFACE_STYLE_USAGE(.BOTH.,#19845);
#19845 = SURFACE_SIDE_STYLE('',(#19846));
#19846 = SURFACE_STYLE_FILL_AREA(#19847);
#19847 = FILL_AREA_STYLE('',(#19848));
#19848 = FILL_AREA_STYLE_COLOUR('',#19806);
#19849 = STYLED_ITEM('color',(#19850),#7324);
#19850 = PRESENTATION_STYLE_ASSIGNMENT((#19851));
#19851 = SURFACE_STYLE_USAGE(.BOTH.,#19852);
#19852 = SURFACE_SIDE_STYLE('',(#19853));
#19853 = SURFACE_STYLE_FILL_AREA(#19854);
#19854 = FILL_AREA_STYLE('',(#19855));
#19855 = FILL_AREA_STYLE_COLOUR('',#19806);
#19856 = STYLED_ITEM('color',(#19857),#7416);
#19857 = PRESENTATION_STYLE_ASSIGNMENT((#19858));
#19858 = SURFACE_STYLE_USAGE(.BOTH.,#19859);
#19859 = SURFACE_SIDE_STYLE('',(#19860));
#19860 = SURFACE_STYLE_FILL_AREA(#19861);
#19861 = FILL_AREA_STYLE('',(#19862));
#19862 = FILL_AREA_STYLE_COLOUR('',#19806);
#19863 = STYLED_ITEM('color',(#19864),#7566);
#19864 = PRESENTATION_STYLE_ASSIGNMENT((#19865));
#19865 = SURFACE_STYLE_USAGE(.BOTH.,#19866);
#19866 = SURFACE_SIDE_STYLE('',(#19867));
#19867 = SURFACE_STYLE_FILL_AREA(#19868);
#19868 = FILL_AREA_STYLE('',(#19869));
#19869 = FILL_AREA_STYLE_COLOUR('',#19806);
#19870 = STYLED_ITEM('color',(#19871),#7658);
#19871 = PRESENTATION_STYLE_ASSIGNMENT((#19872));
#19872 = SURFACE_STYLE_USAGE(.BOTH.,#19873);
#19873 = SURFACE_SIDE_STYLE('',(#19874));
#19874 = SURFACE_STYLE_FILL_AREA(#19875);
#19875 = FILL_AREA_STYLE('',(#19876));
#19876 = FILL_AREA_STYLE_COLOUR('',#19806);
#19877 = STYLED_ITEM('color',(#19878),#7750);
#19878 = PRESENTATION_STYLE_ASSIGNMENT((#19879));
#19879 = SURFACE_STYLE_USAGE(.BOTH.,#19880);
#19880 = SURFACE_SIDE_STYLE('',(#19881));
#19881 = SURFACE_STYLE_FILL_AREA(#19882);
#19882 = FILL_AREA_STYLE('',(#19883));
#19883 = FILL_AREA_STYLE_COLOUR('',#19806);
#19884 = STYLED_ITEM('color',(#19885),#7842);
#19885 = PRESENTATION_STYLE_ASSIGNMENT((#19886));
#19886 = SURFACE_STYLE_USAGE(.BOTH.,#19887);
#19887 = SURFACE_SIDE_STYLE('',(#19888));
#19888 = SURFACE_STYLE_FILL_AREA(#19889);
#19889 = FILL_AREA_STYLE('',(#19890));
#19890 = FILL_AREA_STYLE_COLOUR('',#19806);
#19891 = STYLED_ITEM('color',(#19892),#7934);
#19892 = PRESENTATION_STYLE_ASSIGNMENT((#19893));
#19893 = SURFACE_STYLE_USAGE(.BOTH.,#19894);
#19894 = SURFACE_SIDE_STYLE('',(#19895));
#19895 = SURFACE_STYLE_FILL_AREA(#19896);
#19896 = FILL_AREA_STYLE('',(#19897));
#19897 = FILL_AREA_STYLE_COLOUR('',#19806);
#19898 = STYLED_ITEM('color',(#19899),#8026);
#19899 = PRESENTATION_STYLE_ASSIGNMENT((#19900));
#19900 = SURFACE_STYLE_USAGE(.BOTH.,#19901);
#19901 = SURFACE_SIDE_STYLE('',(#19902));
#19902 = SURFACE_STYLE_FILL_AREA(#19903);
#19903 = FILL_AREA_STYLE('',(#19904));
#19904 = FILL_AREA_STYLE_COLOUR('',#19806);
#19905 = STYLED_ITEM('color',(#19906),#8118);
#19906 = PRESENTATION_STYLE_ASSIGNMENT((#19907));
#19907 = SURFACE_STYLE_USAGE(.BOTH.,#19908);
#19908 = SURFACE_SIDE_STYLE('',(#19909));
#19909 = SURFACE_STYLE_FILL_AREA(#19910);
#19910 = FILL_AREA_STYLE('',(#19911));
#19911 = FILL_AREA_STYLE_COLOUR('',#19806);
#19912 = STYLED_ITEM('color',(#19913),#8447);
#19913 = PRESENTATION_STYLE_ASSIGNMENT((#19914));
#19914 = SURFACE_STYLE_USAGE(.BOTH.,#19915);
#19915 = SURFACE_SIDE_STYLE('',(#19916));
#19916 = SURFACE_STYLE_FILL_AREA(#19917);
#19917 = FILL_AREA_STYLE('',(#19918));
#19918 = FILL_AREA_STYLE_COLOUR('',#19806);
#19919 = STYLED_ITEM('color',(#19920),#8776);
#19920 = PRESENTATION_STYLE_ASSIGNMENT((#19921));
#19921 = SURFACE_STYLE_USAGE(.BOTH.,#19922);
#19922 = SURFACE_SIDE_STYLE('',(#19923));
#19923 = SURFACE_STYLE_FILL_AREA(#19924);
#19924 = FILL_AREA_STYLE('',(#19925));
#19925 = FILL_AREA_STYLE_COLOUR('',#19806);
#19926 = STYLED_ITEM('color',(#19927),#8868);
#19927 = PRESENTATION_STYLE_ASSIGNMENT((#19928));
#19928 = SURFACE_STYLE_USAGE(.BOTH.,#19929);
#19929 = SURFACE_SIDE_STYLE('',(#19930));
#19930 = SURFACE_STYLE_FILL_AREA(#19931);
#19931 = FILL_AREA_STYLE('',(#19932));
#19932 = FILL_AREA_STYLE_COLOUR('',#19806);
#19933 = STYLED_ITEM('color',(#19934),#9158);
#19934 = PRESENTATION_STYLE_ASSIGNMENT((#19935));
#19935 = SURFACE_STYLE_USAGE(.BOTH.,#19936);
#19936 = SURFACE_SIDE_STYLE('',(#19937));
#19937 = SURFACE_STYLE_FILL_AREA(#19938);
#19938 = FILL_AREA_STYLE('',(#19939));
#19939 = FILL_AREA_STYLE_COLOUR('',#19806);
#19940 = STYLED_ITEM('color',(#19941),#9448);
#19941 = PRESENTATION_STYLE_ASSIGNMENT((#19942));
#19942 = SURFACE_STYLE_USAGE(.BOTH.,#19943);
#19943 = SURFACE_SIDE_STYLE('',(#19944));
#19944 = SURFACE_STYLE_FILL_AREA(#19945);
#19945 = FILL_AREA_STYLE('',(#19946));
#19946 = FILL_AREA_STYLE_COLOUR('',#19806);
#19947 = STYLED_ITEM('color',(#19948),#9540);
#19948 = PRESENTATION_STYLE_ASSIGNMENT((#19949));
#19949 = SURFACE_STYLE_USAGE(.BOTH.,#19950);
#19950 = SURFACE_SIDE_STYLE('',(#19951));
#19951 = SURFACE_STYLE_FILL_AREA(#19952);
#19952 = FILL_AREA_STYLE('',(#19953));
#19953 = FILL_AREA_STYLE_COLOUR('',#19806);
#19954 = STYLED_ITEM('color',(#19955),#9632);
#19955 = PRESENTATION_STYLE_ASSIGNMENT((#19956));
#19956 = SURFACE_STYLE_USAGE(.BOTH.,#19957);
#19957 = SURFACE_SIDE_STYLE('',(#19958));
#19958 = SURFACE_STYLE_FILL_AREA(#19959);
#19959 = FILL_AREA_STYLE('',(#19960));
#19960 = FILL_AREA_STYLE_COLOUR('',#19806);
#19961 = STYLED_ITEM('color',(#19962),#9724);
#19962 = PRESENTATION_STYLE_ASSIGNMENT((#19963));
#19963 = SURFACE_STYLE_USAGE(.BOTH.,#19964);
#19964 = SURFACE_SIDE_STYLE('',(#19965));
#19965 = SURFACE_STYLE_FILL_AREA(#19966);
#19966 = FILL_AREA_STYLE('',(#19967));
#19967 = FILL_AREA_STYLE_COLOUR('',#19806);
#19968 = STYLED_ITEM('color',(#19969),#9913);
#19969 = PRESENTATION_STYLE_ASSIGNMENT((#19970));
#19970 = SURFACE_STYLE_USAGE(.BOTH.,#19971);
#19971 = SURFACE_SIDE_STYLE('',(#19972));
#19972 = SURFACE_STYLE_FILL_AREA(#19973);
#19973 = FILL_AREA_STYLE('',(#19974));
#19974 = FILL_AREA_STYLE_COLOUR('',#19806);
#19975 = STYLED_ITEM('color',(#19976),#10102);
#19976 = PRESENTATION_STYLE_ASSIGNMENT((#19977));
#19977 = SURFACE_STYLE_USAGE(.BOTH.,#19978);
#19978 = SURFACE_SIDE_STYLE('',(#19979));
#19979 = SURFACE_STYLE_FILL_AREA(#19980);
#19980 = FILL_AREA_STYLE('',(#19981));
#19981 = FILL_AREA_STYLE_COLOUR('',#19806);
#19982 = STYLED_ITEM('color',(#19983),#10194);
#19983 = PRESENTATION_STYLE_ASSIGNMENT((#19984));
#19984 = SURFACE_STYLE_USAGE(.BOTH.,#19985);
#19985 = SURFACE_SIDE_STYLE('',(#19986));
#19986 = SURFACE_STYLE_FILL_AREA(#19987);
#19987 = FILL_AREA_STYLE('',(#19988));
#19988 = FILL_AREA_STYLE_COLOUR('',#19806);
#19989 = STYLED_ITEM('color',(#19990),#10484);
#19990 = PRESENTATION_STYLE_ASSIGNMENT((#19991));
#19991 = SURFACE_STYLE_USAGE(.BOTH.,#19992);
#19992 = SURFACE_SIDE_STYLE('',(#19993));
#19993 = SURFACE_STYLE_FILL_AREA(#19994);
#19994 = FILL_AREA_STYLE('',(#19995));
#19995 = FILL_AREA_STYLE_COLOUR('',#19806);
#19996 = STYLED_ITEM('color',(#19997),#10576);
#19997 = PRESENTATION_STYLE_ASSIGNMENT((#19998));
#19998 = SURFACE_STYLE_USAGE(.BOTH.,#19999);
#19999 = SURFACE_SIDE_STYLE('',(#20000));
#20000 = SURFACE_STYLE_FILL_AREA(#20001);
#20001 = FILL_AREA_STYLE('',(#20002));
#20002 = FILL_AREA_STYLE_COLOUR('',#19806);
#20003 = STYLED_ITEM('color',(#20004),#10668);
#20004 = PRESENTATION_STYLE_ASSIGNMENT((#20005));
#20005 = SURFACE_STYLE_USAGE(.BOTH.,#20006);
#20006 = SURFACE_SIDE_STYLE('',(#20007));
#20007 = SURFACE_STYLE_FILL_AREA(#20008);
#20008 = FILL_AREA_STYLE('',(#20009));
#20009 = FILL_AREA_STYLE_COLOUR('',#19806);
#20010 = STYLED_ITEM('color',(#20011),#10760);
#20011 = PRESENTATION_STYLE_ASSIGNMENT((#20012));
#20012 = SURFACE_STYLE_USAGE(.BOTH.,#20013);
#20013 = SURFACE_SIDE_STYLE('',(#20014));
#20014 = SURFACE_STYLE_FILL_AREA(#20015);
#20015 = FILL_AREA_STYLE('',(#20016));
#20016 = FILL_AREA_STYLE_COLOUR('',#19806);
#20017 = STYLED_ITEM('color',(#20018),#11050);
#20018 = PRESENTATION_STYLE_ASSIGNMENT((#20019));
#20019 = SURFACE_STYLE_USAGE(.BOTH.,#20020);
#20020 = SURFACE_SIDE_STYLE('',(#20021));
#20021 = SURFACE_STYLE_FILL_AREA(#20022);
#20022 = FILL_AREA_STYLE('',(#20023));
#20023 = FILL_AREA_STYLE_COLOUR('',#19806);
#20024 = STYLED_ITEM('color',(#20025),#11379);
#20025 = PRESENTATION_STYLE_ASSIGNMENT((#20026));
#20026 = SURFACE_STYLE_USAGE(.BOTH.,#20027);
#20027 = SURFACE_SIDE_STYLE('',(#20028));
#20028 = SURFACE_STYLE_FILL_AREA(#20029);
#20029 = FILL_AREA_STYLE('',(#20030));
#20030 = FILL_AREA_STYLE_COLOUR('',#19806);
#20031 = STYLED_ITEM('color',(#20032),#11708);
#20032 = PRESENTATION_STYLE_ASSIGNMENT((#20033));
#20033 = SURFACE_STYLE_USAGE(.BOTH.,#20034);
#20034 = SURFACE_SIDE_STYLE('',(#20035));
#20035 = SURFACE_STYLE_FILL_AREA(#20036);
#20036 = FILL_AREA_STYLE('',(#20037));
#20037 = FILL_AREA_STYLE_COLOUR('',#19806);
#20038 = STYLED_ITEM('color',(#20039),#11800);
#20039 = PRESENTATION_STYLE_ASSIGNMENT((#20040));
#20040 = SURFACE_STYLE_USAGE(.BOTH.,#20041);
#20041 = SURFACE_SIDE_STYLE('',(#20042));
#20042 = SURFACE_STYLE_FILL_AREA(#20043);
#20043 = FILL_AREA_STYLE('',(#20044));
#20044 = FILL_AREA_STYLE_COLOUR('',#19806);
#20045 = STYLED_ITEM('color',(#20046),#12090);
#20046 = PRESENTATION_STYLE_ASSIGNMENT((#20047));
#20047 = SURFACE_STYLE_USAGE(.BOTH.,#20048);
#20048 = SURFACE_SIDE_STYLE('',(#20049));
#20049 = SURFACE_STYLE_FILL_AREA(#20050);
#20050 = FILL_AREA_STYLE('',(#20051));
#20051 = FILL_AREA_STYLE_COLOUR('',#19806);
#20052 = STYLED_ITEM('color',(#20053),#12380);
#20053 = PRESENTATION_STYLE_ASSIGNMENT((#20054));
#20054 = SURFACE_STYLE_USAGE(.BOTH.,#20055);
#20055 = SURFACE_SIDE_STYLE('',(#20056));
#20056 = SURFACE_STYLE_FILL_AREA(#20057);
#20057 = FILL_AREA_STYLE('',(#20058));
#20058 = FILL_AREA_STYLE_COLOUR('',#19806);
#20059 = STYLED_ITEM('color',(#20060),#12530);
#20060 = PRESENTATION_STYLE_ASSIGNMENT((#20061));
#20061 = SURFACE_STYLE_USAGE(.BOTH.,#20062);
#20062 = SURFACE_SIDE_STYLE('',(#20063));
#20063 = SURFACE_STYLE_FILL_AREA(#20064);
#20064 = FILL_AREA_STYLE('',(#20065));
#20065 = FILL_AREA_STYLE_COLOUR('',#19806);
#20066 = STYLED_ITEM('color',(#20067),#12820);
#20067 = PRESENTATION_STYLE_ASSIGNMENT((#20068));
#20068 = SURFACE_STYLE_USAGE(.BOTH.,#20069);
#20069 = SURFACE_SIDE_STYLE('',(#20070));
#20070 = SURFACE_STYLE_FILL_AREA(#20071);
#20071 = FILL_AREA_STYLE('',(#20072));
#20072 = FILL_AREA_STYLE_COLOUR('',#19806);
#20073 = STYLED_ITEM('color',(#20074),#12970);
#20074 = PRESENTATION_STYLE_ASSIGNMENT((#20075));
#20075 = SURFACE_STYLE_USAGE(.BOTH.,#20076);
#20076 = SURFACE_SIDE_STYLE('',(#20077));
#20077 = SURFACE_STYLE_FILL_AREA(#20078);
#20078 = FILL_AREA_STYLE('',(#20079));
#20079 = FILL_AREA_STYLE_COLOUR('',#19806);
#20080 = STYLED_ITEM('color',(#20081),#13260);
#20081 = PRESENTATION_STYLE_ASSIGNMENT((#20082));
#20082 = SURFACE_STYLE_USAGE(.BOTH.,#20083);
#20083 = SURFACE_SIDE_STYLE('',(#20084));
#20084 = SURFACE_STYLE_FILL_AREA(#20085);
#20085 = FILL_AREA_STYLE('',(#20086));
#20086 = FILL_AREA_STYLE_COLOUR('',#19806);
#20087 = STYLED_ITEM('color',(#20088),#13589);
#20088 = PRESENTATION_STYLE_ASSIGNMENT((#20089));
#20089 = SURFACE_STYLE_USAGE(.BOTH.,#20090);
#20090 = SURFACE_SIDE_STYLE('',(#20091));
#20091 = SURFACE_STYLE_FILL_AREA(#20092);
#20092 = FILL_AREA_STYLE('',(#20093));
#20093 = FILL_AREA_STYLE_COLOUR('',#19806);
#20094 = STYLED_ITEM('color',(#20095),#13918);
#20095 = PRESENTATION_STYLE_ASSIGNMENT((#20096));
#20096 = SURFACE_STYLE_USAGE(.BOTH.,#20097);
#20097 = SURFACE_SIDE_STYLE('',(#20098));
#20098 = SURFACE_STYLE_FILL_AREA(#20099);
#20099 = FILL_AREA_STYLE('',(#20100));
#20100 = FILL_AREA_STYLE_COLOUR('',#19806);
ENDSEC;
END-ISO-10303-21;
