received_at,sequence,millis,gain,integration_time,page,415,445,480,515,555,590,630,680,nir,clear
2026-09-11T15:17:15.247428+00:00,3,2108,128x,300ms,0,0,2,4,5,11,19,11,4,0,40
2026-09-11T15:17:15.958470+00:00,4,2822,128x,300ms,0,0,2,4,5,11,19,11,4,0,39
2026-09-11T15:17:16.678185+00:00,5,3535,128x,300ms,0,0,2,4,5,11,19,11,4,0,40
2026-09-11T15:17:17.390707+00:00,6,4250,128x,300ms,1,0,2,4,5,11,19,11,4,0,40
2026-09-11T15:17:18.110956+00:00,7,4965,128x,300ms,1,0,2,4,5,10,19,11,4,0,40
2026-09-11T15:17:18.822876+00:00,8,5680,128x,300ms,1,0,2,4,5,11,19,11,4,0,39
2026-09-11T15:17:19.542416+00:00,9,6395,128x,300ms,1,0,2,4,5,11,19,11,4,0,39
2026-09-11T15:17:20.254675+00:00,10,7110,128x,300ms,1,0,2,4,5,11,19,11,4,0,40
2026-09-11T15:17:20.967385+00:00,11,7825,128x,300ms,0,0,2,4,5,11,19,11,4,0,40
2026-09-11T15:17:21.678315+00:00,12,8540,128x,300ms,0,0,2,3,5,3,5,3,1,0,13
2026-09-11T15:17:22.391289+00:00,13,9253,128x,300ms,0,0,0,0,0,1,3,2,0,0,9
2026-09-11T15:17:23.103237+00:00,14,9967,128x,300ms,0,0,0,0,0,0,2,1,0,0,6
2026-09-11T15:17:23.822523+00:00,15,10681,128x,300ms,0,0,0,0,1,6,11,6,2,0,24
2026-09-11T15:17:24.534985+00:00,16,11395,128x,300ms,1,0,2,3,5,11,19,11,4,0,39
2026-09-11T15:17:25.255046+00:00,17,12109,128x,300ms,1,0,2,4,5,10,19,11,4,0,38
2026-09-11T15:17:25.967051+00:00,18,12825,128x,300ms,1,0,2,4,5,10,19,10,4,0,38
2026-09-11T15:17:26.679105+00:00,19,13541,128x,300ms,1,0,2,4,5,10,19,11,4,0,38
2026-09-11T15:17:27.399522+00:00,20,14256,128x,300ms,1,0,2,4,5,13,23,14,7,0,111
2026-09-11T15:17:28.118692+00:00,21,14971,128x,300ms,0,174,620,64,28,34,50,39,29,2,666
2026-09-11T15:17:28.831367+00:00,22,15689,128x,300ms,0,194,688,71,31,31,46,36,26,1,592
2026-09-11T15:17:29.550661+00:00,23,16407,128x,300ms,0,0,2,3,5,36,53,42,31,2,720
2026-09-11T15:17:30.262758+00:00,24,17122,128x,300ms,0,229,777,80,35,36,53,42,31,2,723
2026-09-11T15:17:30.982708+00:00,25,17840,128x,300ms,0,211,733,76,33,36,53,42,32,2,734
2026-09-11T15:17:31.702532+00:00,26,18556,128x,300ms,1,211,729,75,33,36,53,42,31,1,726
2026-09-11T15:17:32.415234+00:00,27,19273,128x,300ms,1,224,762,79,34,28,39,34,28,0,701
2026-09-11T15:17:33.134747+00:00,28,19991,128x,300ms,1,222,758,74,29,26,36,32,27,1,688
2026-09-11T15:17:33.846762+00:00,29,20709,128x,300ms,1,221,757,75,31,36,52,42,31,2,718
2026-09-11T15:17:34.566583+00:00,30,21426,128x,300ms,1,220,755,78,34,36,53,41,31,2,712
2026-09-11T15:17:35.286368+00:00,31,22142,128x,300ms,0,215,743,77,34,36,52,41,30,2,700
2026-09-11T15:17:35.998492+00:00,32,22859,128x,300ms,0,204,714,74,32,34,51,40,29,2,670
2026-09-11T15:17:36.718793+00:00,33,23577,128x,300ms,0,201,708,74,32,34,51,40,29,2,673
2026-09-11T15:17:37.430848+00:00,34,24295,128x,300ms,0,199,701,73,32,34,51,39,29,2,667
2026-09-11T15:17:38.149802+00:00,35,25012,128x,300ms,0,204,715,74,32,35,51,40,30,2,686
2026-09-11T15:17:38.870446+00:00,36,25730,128x,300ms,1,213,738,77,33,36,52,41,31,2,703
2026-09-11T15:17:39.582673+00:00,37,26447,128x,300ms,1,214,743,77,33,36,52,41,31,2,706
2026-09-11T15:17:40.302992+00:00,38,27164,128x,300ms,1,212,736,76,33,36,52,41,31,2,708
2026-09-11T15:17:41.021970+00:00,39,27881,128x,300ms,1,216,748,78,34,36,52,41,30,2,702
2026-09-11T15:17:41.742934+00:00,40,28599,128x,300ms,1,212,736,77,33,35,52,41,30,2,696
2026-09-11T15:17:42.454981+00:00,41,29317,128x,300ms,0,210,731,76,33,35,52,41,30,2,700
2026-09-11T15:17:43.175524+00:00,42,30033,128x,300ms,0,214,744,78,33,36,52,42,31,2,708
2026-09-11T15:17:43.887153+00:00,43,30751,128x,300ms,0,216,748,77,32,29,40,34,28,1,688
2026-09-11T15:17:44.607220+00:00,44,31468,128x,300ms,0,216,748,75,30,30,42,35,28,0,692
2026-09-11T15:17:45.325909+00:00,45,32186,128x,300ms,0,218,754,77,31,30,43,36,29,1,697
2026-09-11T15:17:46.038957+00:00,46,32904,128x,300ms,1,168,599,61,23,22,31,27,22,0,586
2026-09-11T15:17:46.758723+00:00,47,33620,128x,300ms,1,208,772,78,28,26,36,31,26,0,697
2026-09-11T15:17:47.479321+00:00,48,34338,128x,300ms,1,191,710,72,26,26,37,31,25,0,667
2026-09-11T15:17:48.190710+00:00,49,35055,128x,300ms,1,190,705,72,28,29,42,34,27,1,675
2026-09-11T15:17:48.911008+00:00,50,35772,128x,300ms,1,190,703,74,28,28,40,33,26,1,671
2026-09-11T15:17:49.621974+00:00,51,36490,128x,300ms,0,195,717,74,28,29,41,34,27,1,696
2026-09-11T15:17:50.343061+00:00,52,37207,128x,300ms,0,201,732,75,28,27,39,32,27,0,692
2026-09-11T15:17:51.061940+00:00,53,37924,128x,300ms,0,201,731,77,31,35,51,40,29,1,712
2026-09-11T15:17:51.782348+00:00,54,38641,128x,300ms,0,201,732,78,32,35,52,40,30,2,718
2026-09-11T15:17:52.495293+00:00,55,39359,128x,300ms,0,202,734,79,32,35,52,40,30,2,718
2026-09-11T15:17:53.214783+00:00,56,40077,128x,300ms,1,201,733,79,32,35,52,40,30,2,719
2026-09-11T15:17:53.927152+00:00,57,40795,128x,300ms,1,202,737,79,32,36,52,40,30,2,721
2026-09-11T15:17:54.646982+00:00,58,41511,128x,300ms,1,203,738,79,33,35,52,40,30,2,718
2026-09-11T15:17:55.367421+00:00,59,42229,128x,300ms,1,201,734,79,32,35,52,40,30,2,720
2026-09-11T15:17:56.079459+00:00,60,42947,128x,300ms,1,203,737,79,32,35,52,40,30,2,722
2026-09-11T15:17:56.799186+00:00,61,43665,128x,300ms,0,203,738,79,32,35,52,40,30,2,722
2026-09-11T15:17:57.519224+00:00,62,44383,128x,300ms,0,203,739,80,32,35,52,40,30,2,724
2026-09-11T15:17:58.231553+00:00,63,45101,128x,300ms,0,202,739,80,32,35,52,40,30,2,723
2026-09-11T15:17:58.950605+00:00,64,45818,128x,300ms,0,203,738,80,32,35,51,40,30,3,721
2026-09-11T15:17:59.671329+00:00,65,46536,128x,300ms,0,202,737,78,30,27,38,32,27,1,693
2026-09-11T15:18:00.382556+00:00,66,47254,128x,300ms,1,201,732,76,29,34,50,39,29,2,715
2026-09-11T15:18:01.102547+00:00,67,47972,128x,300ms,1,201,736,79,32,35,51,40,30,2,720
2026-09-11T15:18:01.822436+00:00,68,48689,128x,300ms,1,201,736,79,32,35,51,40,30,2,720
2026-09-11T15:18:02.542049+00:00,69,49406,128x,300ms,1,202,738,79,32,35,51,40,30,2,717
2026-09-11T15:18:03.256375+00:00,70,50123,128x,300ms,1,202,737,80,32,35,51,40,30,2,723
2026-09-11T15:18:03.974883+00:00,71,50841,128x,300ms,0,203,740,80,32,32,46,37,29,1,712
2026-09-11T15:18:04.687345+00:00,72,51559,128x,300ms,0,202,739,78,31,33,49,39,29,2,716
2026-09-11T15:18:05.406917+00:00,73,52277,128x,300ms,0,202,739,80,32,35,51,40,30,2,721
2026-09-11T15:18:06.127061+00:00,74,52995,128x,300ms,0,202,740,80,32,35,52,40,30,2,724
2026-09-11T15:18:06.846556+00:00,75,53712,128x,300ms,0,203,742,80,32,35,52,40,30,2,725
2026-09-11T15:18:07.559043+00:00,76,54430,128x,300ms,1,203,742,81,32,35,52,40,30,2,725
2026-09-11T15:18:08.279209+00:00,77,55148,128x,300ms,1,203,743,81,32,35,52,40,30,2,726
2026-09-11T15:18:08.998332+00:00,78,55866,128x,300ms,1,203,743,81,33,35,52,40,30,2,726
2026-09-11T15:18:09.710504+00:00,79,56584,128x,300ms,1,203,743,81,32,35,52,41,30,2,726
2026-09-11T15:18:10.431025+00:00,80,57300,128x,300ms,1,203,743,81,32,35,52,40,30,2,727
2026-09-11T15:18:11.143316+00:00,81,58018,128x,300ms,0,204,744,81,32,35,52,40,30,2,727
2026-09-11T15:18:11.863489+00:00,82,58735,128x,300ms,0,204,745,81,32,35,52,40,30,2,726
2026-09-11T15:18:12.582791+00:00,83,59454,128x,300ms,0,204,744,81,32,35,52,40,30,2,727
2026-09-11T15:18:13.303164+00:00,84,60171,128x,300ms,0,203,742,81,32,35,51,40,30,2,727
2026-09-11T15:18:14.014107+00:00,85,60889,128x,300ms,0,204,746,81,32,35,52,40,30,2,729
2026-09-11T15:18:14.734689+00:00,86,61606,128x,300ms,1,204,748,82,32,35,52,40,30,2,730
2026-09-11T15:18:15.454956+00:00,87,62324,128x,300ms,1,204,747,81,32,35,51,40,30,2,726
2026-09-11T15:18:16.166163+00:00,88,63042,128x,300ms,1,203,744,81,32,35,51,40,30,2,726
2026-09-11T15:18:16.886200+00:00,89,63759,128x,300ms,1,204,748,81,32,35,52,40,30,2,729
2026-09-11T15:18:17.598977+00:00,90,64477,128x,300ms,1,204,748,81,32,35,51,40,30,2,727
2026-09-11T15:18:18.319319+00:00,91,65193,128x,300ms,0,203,745,81,32,35,52,40,30,2,728
2026-09-11T15:18:19.038435+00:00,92,65911,128x,300ms,0,203,745,82,33,34,50,40,30,2,725
2026-09-11T15:18:19.758481+00:00,93,66629,128x,300ms,0,201,741,78,29,26,36,31,26,1,698
2026-09-11T15:18:20.470565+00:00,94,67347,128x,300ms,0,203,746,78,28,25,34,30,25,0,696
2026-09-11T15:18:21.190184+00:00,95,68065,128x,300ms,0,202,744,77,26,25,34,30,26,0,692
2026-09-11T15:18:21.910610+00:00,96,68783,128x,300ms,1,201,741,77,26,25,33,30,26,0,691
2026-09-11T15:18:22.623081+00:00,97,69500,128x,300ms,1,201,740,77,27,24,33,30,26,0,690
2026-09-11T15:18:23.343496+00:00,98,70217,128x,300ms,1,202,743,77,26,25,33,30,26,0,693
2026-09-11T15:18:24.055437+00:00,99,70935,128x,300ms,1,201,743,77,26,25,34,30,26,0,694
2026-09-11T15:18:24.774303+00:00,100,71653,128x,300ms,1,201,743,77,26,25,34,30,26,1,694
2026-09-11T15:18:25.494313+00:00,101,72371,128x,300ms,0,201,743,77,26,25,34,30,26,0,694
2026-09-11T15:18:26.215122+00:00,102,73089,128x,300ms,0,201,742,77,26,25,33,30,25,0,691
2026-09-11T15:18:26.927002+00:00,103,73805,128x,300ms,0,201,742,77,27,24,34,30,26,0,692
2026-09-11T15:18:27.646775+00:00,104,74523,128x,300ms,0,201,741,77,26,24,34,30,26,0,691
2026-09-11T15:18:28.367512+00:00,105,75241,128x,300ms,0,201,741,77,27,25,34,30,26,0,692
2026-09-11T15:18:29.078817+00:00,106,75958,128x,300ms,1,201,743,77,26,24,34,30,26,0,689
2026-09-11T15:18:29.799447+00:00,107,76676,128x,300ms,1,199,738,77,26,24,34,30,26,0,689
2026-09-11T15:18:30.510548+00:00,108,77393,128x,300ms,1,199,738,77,27,26,35,31,26,0,681
2026-09-11T15:18:31.230812+00:00,109,78111,128x,300ms,1,191,714,76,28,12,19,13,8,1,181
2026-09-11T15:18:31.934914+00:00,110,78828,128x,300ms,1,0,0,1,2,1,3,2,0,0,9
2026-09-11T15:18:32.654974+00:00,111,79542,128x,300ms,0,0,0,0,0,0,2,1,0,0,7
2026-09-11T15:18:33.366471+00:00,112,80256,128x,300ms,0,0,0,0,0,0,2,1,0,0,7
2026-09-11T15:18:34.078122+00:00,113,80970,128x,300ms,0,0,0,0,0,1,2,1,0,0,7
2026-09-11T15:18:34.790094+00:00,114,81684,128x,300ms,0,0,0,0,0,0,2,1,0,0,7
2026-09-11T15:18:35.510924+00:00,115,82398,128x,300ms,0,0,0,0,0,0,2,1,0,0,7
2026-09-11T15:18:36.222615+00:00,116,83112,128x,300ms,1,0,0,0,0,0,1,1,0,0,6
2026-09-11T15:18:36.935352+00:00,117,83826,128x,300ms,1,0,0,0,0,0,2,1,0,0,6
2026-09-11T15:18:37.647328+00:00,118,84541,128x,300ms,1,0,0,0,0,0,2,1,0,0,7
2026-09-11T15:18:38.366634+00:00,119,85255,128x,300ms,1,0,0,0,0,0,1,1,0,0,6
2026-09-11T15:18:39.075357+00:00,120,85968,128x,300ms,1,0,0,0,0,0,1,1,0,0,6
2026-09-11T15:18:39.794187+00:00,121,86682,128x,300ms,0,0,0,0,0,1,2,1,0,0,7
2026-09-11T15:18:40.506697+00:00,122,87397,128x,300ms,0,0,0,0,0,0,2,1,0,0,6
2026-09-11T15:18:41.217757+00:00,123,88111,128x,300ms,0,0,0,0,0,0,1,1,0,0,7
2026-09-11T15:18:41.930217+00:00,124,88824,128x,300ms,0,0,0,0,0,0,1,1,0,0,7
2026-09-11T15:18:42.651359+00:00,125,89539,128x,300ms,0,0,0,0,0,0,2,1,0,0,7
2026-09-11T15:18:43.362403+00:00,126,90253,128x,300ms,1,0,0,0,0,0,1,1,0,0,7
2026-09-11T15:18:44.073944+00:00,127,90967,128x,300ms,1,0,0,0,0,1,1,1,0,0,6
2026-09-11T15:18:44.785823+00:00,128,91681,128x,300ms,1,0,0,0,0,0,1,1,0,0,7
2026-09-11T15:18:45.498911+00:00,129,92395,128x,300ms,1,0,0,0,0,0,2,1,0,0,7
2026-09-11T15:18:46.210201+00:00,130,93109,128x,300ms,1,0,0,0,0,0,2,1,0,0,7
2026-09-11T15:18:46.930316+00:00,131,93822,128x,300ms,0,0,0,0,0,0,2,1,0,0,7
2026-09-11T15:18:47.641692+00:00,132,94537,128x,300ms,0,0,0,0,0,0,1,1,0,0,7
2026-09-11T15:18:48.354393+00:00,133,95251,128x,300ms,0,0,0,0,0,0,2,1,0,0,7
2026-09-11T15:18:49.066864+00:00,134,95966,128x,300ms,0,0,0,0,0,0,2,1,0,0,7
2026-09-11T15:18:49.786876+00:00,135,96679,128x,300ms,0,0,0,0,0,0,2,1,0,0,7
2026-09-11T15:18:50.498279+00:00,136,97393,128x,300ms,1,0,0,0,0,0,2,1,0,0,7
2026-09-11T15:18:51.210375+00:00,137,98108,128x,300ms,1,0,0,0,0,0,2,1,0,0,7
2026-09-11T15:18:51.930846+00:00,138,98822,128x,300ms,1,0,0,0,0,0,2,1,0,0,7
2026-09-11T15:18:52.642034+00:00,139,99535,128x,300ms,1,0,0,0,0,0,2,1,0,0,6
2026-09-11T15:18:53.354958+00:00,140,100250,128x,300ms,1,0,0,0,0,0,2,1,0,0,6
2026-09-11T15:18:54.066746+00:00,141,100965,128x,300ms,0,0,0,0,0,0,2,1,0,0,6
2026-09-11T15:18:54.785756+00:00,142,101679,128x,300ms,0,0,0,0,0,0,2,1,0,0,7
2026-09-11T15:18:55.498176+00:00,143,102393,128x,300ms,0,0,0,0,0,0,2,1,0,0,7
2026-09-11T15:18:56.210348+00:00,144,103107,128x,300ms,0,0,0,0,0,0,2,1,0,0,7
2026-09-11T15:18:56.923155+00:00,145,103822,128x,300ms,0,0,0,0,0,1,2,1,0,0,6
2026-09-11T15:18:57.634918+00:00,146,104536,128x,300ms,1,0,0,1,2,9,16,9,3,0,33
2026-09-11T15:18:58.353998+00:00,147,105250,128x,300ms,1,0,1,3,5,7,12,7,2,0,26
2026-09-11T15:18:59.074222+00:00,148,105966,128x,300ms,1,0,0,0,1,4,8,5,1,0,19
2026-09-11T15:18:59.786153+00:00,149,106681,128x,300ms,1,0,1,3,4,11,20,11,4,0,40
2026-09-11T15:19:00.498215+00:00,150,107397,128x,300ms,1,0,1,4,5,11,20,11,4,0,40
2026-09-11T15:19:01.219065+00:00,151,108112,128x,300ms,0,0,2,4,5,9,16,9,3,0,33
2026-09-11T15:19:01.930262+00:00,152,108827,128x,300ms,0,0,1,3,4,10,19,11,4,0,40
2026-09-11T15:19:02.642903+00:00,153,109541,128x,300ms,0,0,2,4,5,11,19,11,4,0,40
2026-09-11T15:19:03.355340+00:00,154,110256,128x,300ms,0,0,2,4,5,11,19,11,4,0,40
2026-09-11T15:19:04.074085+00:00,155,110970,128x,300ms,0,0,2,4,5,11,20,11,4,0,40
2026-09-11T15:19:04.786154+00:00,156,111685,128x,300ms,1,0,2,4,5,8,15,8,3,0,31
2026-09-11T15:19:05.498160+00:00,157,112400,128x,300ms,1,0,0,2,2,9,16,9,3,0,34
2026-09-11T15:19:06.218106+00:00,158,113116,128x,300ms,1,0,1,2,3,2,5,3,0,0,12
2026-09-11T15:19:06.930850+00:00,159,113830,128x,300ms,1,0,0,0,0,0,2,1,0,0,7
2026-09-11T15:19:07.641226+00:00,160,114544,128x,300ms,1,0,0,0,0,1,2,1,0,0,7
2026-09-11T15:19:08.360679+00:00,161,115259,128x,300ms,0,0,0,0,0,0,2,1,0,0,7
2026-09-11T15:19:09.072752+00:00,162,115973,128x,300ms,0,0,0,0,0,1,2,1,0,0,8
2026-09-11T15:19:09.784730+00:00,163,116686,128x,300ms,0,0,0,0,0,1,2,1,0,0,7
2026-09-11T15:19:10.496946+00:00,164,117401,128x,300ms,0,0,0,0,0,1,2,1,0,0,8
2026-09-11T15:19:11.216893+00:00,165,118115,128x,300ms,0,0,0,0,0,1,2,1,0,0,7
2026-09-11T15:19:11.929336+00:00,166,118829,128x,300ms,1,0,0,0,0,4,8,4,1,0,18
2026-09-11T15:19:12.640203+00:00,167,119543,128x,300ms,1,0,0,2,2,7,11,7,2,0,25
2026-09-11T15:19:13.352983+00:00,168,120259,128x,300ms,1,0,0,0,0,0,0,0,0,0,1
2026-09-11T15:19:14.064746+00:00,169,120973,128x,300ms,1,0,0,0,0,0,0,0,0,0,2
2026-09-11T15:19:14.784979+00:00,170,121688,128x,300ms,1,0,0,0,0,1,0,0,0,0,3
2026-09-11T15:19:15.496903+00:00,171,122402,128x,300ms,0,0,0,0,0,0,0,0,0,0,3
2026-09-11T15:19:16.209276+00:00,172,123117,128x,300ms,0,0,0,0,0,0,0,0,0,0,3
2026-09-11T15:19:16.929291+00:00,173,123831,128x,300ms,0,0,0,0,0,0,0,0,0,0,2
2026-09-11T15:19:17.640174+00:00,174,124546,128x,300ms,0,0,0,0,0,0,0,0,0,0,0
2026-09-11T15:19:18.353520+00:00,175,125259,128x,300ms,0,0,0,0,0,0,0,0,0,0,2
2026-09-11T15:19:19.072605+00:00,176,125974,128x,300ms,1,0,0,0,0,0,0,0,0,0,2
2026-09-11T15:19:19.784546+00:00,177,126689,128x,300ms,1,0,0,0,0,1,2,1,0,0,5
2026-09-11T15:19:20.496985+00:00,178,127403,128x,300ms,1,0,0,0,0,1,2,0,0,0,6
2026-09-11T15:19:21.209522+00:00,179,128117,128x,300ms,1,0,0,0,0,1,2,0,0,0,5
2026-09-11T15:19:21.921378+00:00,180,128832,128x,300ms,1,0,0,0,0,1,2,1,0,0,5
2026-09-11T15:19:22.640129+00:00,181,129547,128x,300ms,0,0,0,0,0,1,1,0,0,0,5
2026-09-11T15:19:23.353123+00:00,182,130260,128x,300ms,0,0,0,0,0,0,1,0,0,0,4
2026-09-11T15:19:24.064665+00:00,183,130974,128x,300ms,0,0,0,0,0,1,1,0,0,0,4
2026-09-11T15:19:24.776625+00:00,184,131689,128x,300ms,0,0,0,0,0,1,1,0,0,0,4
2026-09-11T15:19:25.497251+00:00,185,132403,128x,300ms,0,0,0,0,0,0,1,0,0,0,3
2026-09-11T15:19:26.209737+00:00,186,133117,128x,300ms,1,0,0,0,0,0,0,0,0,0,3
2026-09-11T15:19:26.921660+00:00,187,133831,128x,300ms,1,0,0,0,0,0,0,0,0,0,3
2026-09-11T15:19:27.641007+00:00,188,134546,128x,300ms,1,0,0,0,0,0,0,0,0,0,1
2026-09-11T15:19:28.354524+00:00,189,135261,128x,300ms,1,0,0,0,0,0,0,0,0,0,0
2026-09-11T15:19:29.073762+00:00,190,135975,128x,300ms,1,0,0,0,0,0,0,0,0,0,2
2026-09-11T15:19:29.785538+00:00,191,136690,128x,300ms,0,0,0,0,0,0,0,0,0,0,2
2026-09-11T15:19:30.498926+00:00,192,137405,128x,300ms,0,0,0,0,0,0,0,0,0,0,2
2026-09-11T15:19:31.210461+00:00,193,138119,128x,300ms,0,0,0,0,0,0,0,0,0,0,0
2026-09-11T15:19:31.922933+00:00,194,138833,128x,300ms,0,0,0,0,0,1,1,0,0,0,4
2026-09-11T15:19:32.635212+00:00,195,139547,128x,300ms,0,0,0,0,0,0,1,0,0,0,4
2026-09-11T15:19:33.354689+00:00,196,140262,128x,300ms,1,0,0,0,0,1,1,0,0,0,4
2026-09-11T15:19:34.066745+00:00,197,140976,128x,300ms,1,0,0,0,0,0,1,0,0,0,3
2026-09-11T15:19:34.778928+00:00,198,141690,128x,300ms,1,0,0,0,0,0,1,0,0,0,3
2026-09-11T15:19:35.491373+00:00,199,142404,128x,300ms,1,0,0,0,0,0,1,0,0,0,4
2026-09-11T15:19:36.211689+00:00,200,143119,128x,300ms,1,0,0,0,0,1,1,0,0,0,4
2026-09-11T15:19:36.923894+00:00,201,143834,128x,300ms,0,0,0,0,0,1,1,0,0,0,5
2026-09-11T15:19:37.635662+00:00,202,144547,128x,300ms,0,0,0,0,0,0,0,0,0,0,1
2026-09-11T15:19:38.356211+00:00,203,145262,128x,300ms,0,0,0,0,0,0,0,0,0,0,0
2026-09-11T15:19:39.067361+00:00,204,145976,128x,300ms,0,0,0,0,0,0,0,0,0,0,0
2026-09-11T15:19:39.779673+00:00,205,146691,128x,300ms,0,0,0,0,0,0,0,0,0,0,0
2026-09-11T15:19:40.499609+00:00,206,147404,128x,300ms,1,0,0,0,0,0,0,0,0,0,0
2026-09-11T15:19:41.211684+00:00,207,148119,128x,300ms,1,0,0,0,0,0,0,0,0,0,0
2026-09-11T15:19:41.923733+00:00,208,148834,128x,300ms,1,0,0,0,0,0,0,0,0,0,3
2026-09-11T15:19:42.635359+00:00,209,149549,128x,300ms,1,0,0,0,0,0,0,0,0,0,2
2026-09-11T15:19:43.356214+00:00,210,150263,128x,300ms,1,0,0,0,0,0,1,0,0,0,3
2026-09-11T15:19:44.067819+00:00,211,150978,128x,300ms,0,0,0,0,0,0,1,0,0,0,3
2026-09-11T15:19:44.780457+00:00,212,151692,128x,300ms,0,0,0,0,0,0,0,0,0,0,3
2026-09-11T15:19:45.492100+00:00,213,152407,128x,300ms,0,0,0,0,0,0,0,0,0,0,3
2026-09-11T15:19:46.203778+00:00,214,153120,128x,300ms,0,0,0,0,0,0,0,0,0,0,0
2026-09-11T15:19:46.924391+00:00,215,153835,128x,300ms,0,0,0,0,0,0,0,0,0,0,0
2026-09-11T15:19:47.636184+00:00,216,154549,128x,300ms,1,0,0,0,0,0,0,0,0,0,0
2026-09-11T15:19:48.356577+00:00,217,155264,128x,300ms,1,0,0,0,0,0,0,0,0,0,0
2026-09-11T15:19:49.068087+00:00,218,155978,128x,300ms,1,0,0,0,0,0,0,0,0,0,0
2026-09-11T15:19:49.780839+00:00,219,156693,128x,300ms,1,0,0,0,0,0,0,0,0,0,0
2026-09-11T15:19:50.492765+00:00,220,157408,128x,300ms,1,0,0,0,0,0,0,0,0,0,0
2026-09-11T15:19:51.212869+00:00,221,158123,128x,300ms,0,0,0,0,0,0,0,0,0,0,0
2026-09-11T15:19:51.925097+00:00,222,158836,128x,300ms,0,0,0,0,0,0,0,0,0,0,0
2026-09-11T15:19:52.637260+00:00,223,159551,128x,300ms,0,0,0,0,0,0,0,0,0,0,0
2026-09-11T15:19:53.349333+00:00,224,160266,128x,300ms,0,0,0,0,0,0,0,0,0,0,0
2026-09-11T15:19:54.060429+00:00,225,160979,128x,300ms,0,0,0,0,0,0,0,0,0,0,0
2026-09-11T15:19:54.780631+00:00,226,161694,128x,300ms,1,0,0,0,0,0,0,0,0,0,0
2026-09-11T15:19:55.493034+00:00,227,162409,128x,300ms,1,0,0,0,0,0,0,0,0,0,0
2026-09-11T15:19:56.213393+00:00,228,163124,128x,300ms,1,0,0,0,0,0,0,0,0,0,0
2026-09-11T15:19:56.925422+00:00,229,163838,128x,300ms,1,0,0,0,0,0,0,0,0,0,0
2026-09-11T15:19:57.637070+00:00,230,164552,128x,300ms,1,0,0,0,0,0,0,0,0,0,0
2026-09-11T15:19:58.348576+00:00,231,165268,128x,300ms,0,0,0,0,0,0,0,0,0,0,0
2026-09-11T15:19:59.068504+00:00,232,165982,128x,300ms,0,0,0,0,0,0,0,0,0,0,0
2026-09-11T15:19:59.780126+00:00,233,166696,128x,300ms,0,0,0,0,0,0,0,0,0,0,0
2026-09-11T15:20:00.492631+00:00,234,167410,128x,300ms,0,0,0,0,0,0,0,0,0,0,0
2026-09-11T15:20:01.205426+00:00,235,168125,128x,300ms,0,0,0,0,0,0,0,0,0,0,0
2026-09-11T15:20:01.924925+00:00,236,168839,128x,300ms,1,0,0,0,0,0,0,0,0,0,0
2026-09-11T15:20:02.637413+00:00,237,169553,128x,300ms,1,0,0,0,0,0,0,0,0,0,0
2026-09-11T15:20:03.348988+00:00,238,170268,128x,300ms,1,0,0,0,0,0,0,0,0,0,0
2026-09-11T15:20:04.060675+00:00,239,170983,128x,300ms,1,0,0,0,0,3,3,2,0,0,13
2026-09-11T15:20:04.781077+00:00,240,171698,128x,300ms,1,1,5,2,8,4,4,2,1,0,19
2026-09-11T15:20:05.492912+00:00,241,172412,128x,300ms,0,1,4,0,4,1,0,0,0,0,5
2026-09-11T15:20:06.213221+00:00,242,173126,128x,300ms,0,1,6,2,9,22,12,6,3,0,110
2026-09-11T15:20:06.924797+00:00,243,173841,128x,300ms,0,10,33,8,28,3,2,1,0,0,21
2026-09-11T15:20:07.636824+00:00,244,174557,128x,300ms,0,1,11,3,3,8,5,3,1,0,44
2026-09-11T15:20:08.348293+00:00,245,175270,128x,300ms,0,3,28,11,7,6,3,2,1,0,45
2026-09-11T15:20:09.069050+00:00,246,175985,128x,300ms,1,2,16,5,3,7,3,2,1,0,56
2026-09-11T15:20:09.781204+00:00,247,176700,128x,300ms,1,4,31,10,6,5,3,1,0,0,23
2026-09-11T15:20:10.501554+00:00,248,177415,128x,300ms,1,2,15,5,4,8,4,4,2,0,50
2026-09-11T15:20:11.213537+00:00,249,178130,128x,300ms,1,6,58,30,7,11,8,7,3,0,53
2026-09-11T15:20:11.932880+00:00,250,178845,128x,300ms,1,5,41,20,8,12,9,7,3,0,67
2026-09-11T15:20:12.644848+00:00,251,179560,128x,300ms,0,11,96,44,13,286,286,307,285,86,4295
2026-09-11T15:20:13.365957+00:00,252,180278,128x,300ms,0,28,313,140,64,182,110,121,48,13,318
2026-09-11T15:20:14.093191+00:00,253,180997,128x,300ms,0,42,270,131,143,704,502,524,312,316,9570
2026-09-11T15:20:14.805429+00:00,254,181716,128x,300ms,0,539,4029,1070,440,468,240,255,116,129,1149
2026-09-11T15:20:15.525939+00:00,255,182437,128x,300ms,0,91,381,278,484,518,439,525,217,125,1020
2026-09-11T15:20:16.245466+00:00,256,183157,128x,300ms,1,122,545,154,176,744,314,198,147,88,4686
2026-09-11T15:20:16.965016+00:00,257,183877,128x,300ms,1,6,47,12,10,525,237,154,119,39,2611
2026-09-11T15:20:17.684886+00:00,258,184596,128x,300ms,1,801,2805,520,1344,473,227,156,124,48,3956
2026-09-11T15:20:18.405449+00:00,259,185317,128x,300ms,1,1276,4180,879,2570,790,341,219,168,79,5160
2026-09-11T15:20:19.133443+00:00,260,186038,128x,300ms,1,1052,3564,676,1826,862,388,258,197,88,5934
2026-09-11T15:20:19.845158+00:00,261,186759,128x,300ms,0,313,1214,161,247,234,108,73,54,20,1515
2026-09-11T15:20:20.557610+00:00,262,187478,128x,300ms,0,662,2161,466,1420,365,157,100,73,33,2043
2026-09-11T15:20:21.276763+00:00,263,188198,128x,300ms,0,9,55,7,8,4,3,2,1,0,47
2026-09-11T15:20:21.989108+00:00,264,188913,128x,300ms,0,9,56,8,7,6,4,2,2,0,66
2026-09-11T15:20:22.708915+00:00,265,189628,128x,300ms,0,33,154,22,31,12,7,5,3,0,119
2026-09-11T15:20:23.421599+00:00,266,190345,128x,300ms,1,17,91,12,14,10,6,4,3,0,109
2026-09-11T15:20:24.141070+00:00,267,191060,128x,300ms,1,28,139,19,24,10,5,4,3,0,108
2026-09-11T15:20:24.853233+00:00,268,191776,128x,300ms,1,29,140,19,24,10,6,4,3,0,110
2026-09-11T15:20:25.573270+00:00,269,192492,128x,300ms,1,29,141,19,24,10,6,4,3,0,109
2026-09-11T15:20:26.292994+00:00,270,193209,128x,300ms,1,28,140,19,23,8,5,4,3,0,98
2026-09-11T15:20:27.013177+00:00,271,193924,128x,300ms,0,95,339,61,151,103,50,34,24,6,628
2026-09-11T15:20:27.725382+00:00,272,194642,128x,300ms,0,197,661,123,334,142,68,47,34,10,887
2026-09-11T15:20:28.445785+00:00,273,195361,128x,300ms,0,255,816,148,413,152,74,51,37,11,981
2026-09-11T15:20:29.164938+00:00,274,196080,128x,300ms,0,294,912,161,470,188,91,61,44,14,1133
2026-09-11T15:20:29.884871+00:00,275,196800,128x,300ms,0,223,725,132,371,148,72,49,36,10,894
2026-09-11T15:20:30.605634+00:00,276,197519,128x,300ms,1,397,1305,247,692,372,175,120,88,31,2238
2026-09-11T15:20:31.317074+00:00,277,198239,128x,300ms,1,230,761,139,376,130,65,44,32,9,806
2026-09-11T15:20:32.037111+00:00,278,198958,128x,300ms,1,230,769,140,377,190,93,63,46,15,1154
2026-09-11T15:20:32.757953+00:00,279,199676,128x,300ms,1,208,696,127,339,161,81,56,40,12,993
2026-09-11T15:20:33.477513+00:00,280,200394,128x,300ms,1,320,1053,195,530,334,163,113,84,28,2051
2026-09-11T15:20:34.196983+00:00,281,201114,128x,300ms,0,539,1751,322,876,416,198,136,100,36,2539
2026-09-11T15:20:34.910036+00:00,282,201835,128x,300ms,0,85,282,53,146,55,35,23,14,2,312
2026-09-11T15:20:35.629036+00:00,283,202553,128x,300ms,0,37,123,24,66,13,13,8,3,0,52
2026-09-11T15:20:36.356600+00:00,284,203270,128x,300ms,0,9,31,7,24,116,61,42,29,8,729
2026-09-11T15:20:37.076968+00:00,285,203985,128x,300ms,0,3125,9522,1721,4832,4171,1908,1298,973,401,25830
2026-09-11T15:20:37.797831+00:00,286,204708,128x,300ms,1,9925,30155,5659,16526,6365,2902,1971,1477,618,31644
2026-09-11T15:20:38.525192+00:00,287,205431,128x,300ms,1,10216,30579,5861,17167,6636,3016,2045,1533,645,31787
2026-09-11T15:20:39.245726+00:00,288,206155,128x,300ms,1,9636,29378,5506,16046,6267,2855,1938,1452,608,31522
2026-09-11T15:20:39.973285+00:00,289,206879,128x,300ms,1,9125,27903,5153,14823,5667,2609,1785,1341,551,31199
2026-09-11T15:20:40.693418+00:00,290,207603,128x,300ms,1,9367,28519,5318,15410,5919,2712,1846,1385,575,31332
2026-09-11T15:20:41.421378+00:00,291,208327,128x,300ms,0,9320,28356,5284,15308,5913,2709,1845,1384,574,31321
2026-09-11T15:20:42.148268+00:00,292,209051,128x,300ms,0,9318,28359,5286,15295,5913,2711,1846,1384,574,31329
2026-09-11T15:20:42.869906+00:00,293,209776,128x,300ms,0,9312,28342,5284,15279,5906,2706,1843,1383,573,31327
2026-09-11T15:20:43.589871+00:00,294,210500,128x,300ms,0,9305,28340,5278,15270,5844,2673,1821,1368,567,31257
2026-09-11T15:20:44.318110+00:00,295,211225,128x,300ms,0,9195,28087,5233,15124,5854,2676,1824,1371,569,31270
2026-09-11T15:20:45.037186+00:00,296,211949,128x,300ms,1,9196,28093,5233,15122,5848,2674,1821,1369,567,31262
2026-09-11T15:20:45.764892+00:00,297,212673,128x,300ms,1,9162,28015,5220,15073,5889,2693,1836,1379,572,31310
2026-09-11T15:20:46.485797+00:00,298,213396,128x,300ms,1,9262,28254,5264,15204,5871,2684,1829,1375,570,31285
2026-09-11T15:20:47.205742+00:00,299,214120,128x,300ms,1,9088,27833,5189,14969,5729,2619,1784,1341,556,31093
2026-09-11T15:20:47.933952+00:00,300,214844,128x,300ms,1,9009,27677,5156,14871,5710,2609,1778,1337,555,31106
2026-09-11T15:20:48.652866+00:00,301,215567,128x,300ms,0,8923,27487,5118,14757,5698,2605,1775,1334,553,31086
2026-09-11T15:20:49.381538+00:00,302,216292,128x,300ms,0,8951,27549,5133,14794,5716,2613,1780,1337,555,31108
2026-09-11T15:20:50.102171+00:00,303,217015,128x,300ms,0,8621,26799,4988,14363,5676,2595,1767,1329,550,31006
2026-09-11T15:20:50.822649+00:00,304,217740,128x,300ms,0,8996,27654,5153,14845,5736,2623,1786,1343,557,31140
2026-09-11T15:20:51.549618+00:00,305,218464,128x,300ms,0,8998,27652,5153,14841,5796,2650,1806,1357,563,31162
2026-09-11T15:20:52.277615+00:00,306,219188,128x,300ms,1,9139,27992,5217,15029,5809,2657,1811,1360,564,31170
2026-09-11T15:20:52.997866+00:00,307,219911,128x,300ms,1,9142,28009,5221,15038,5813,2657,1811,1361,564,31228
2026-09-11T15:20:53.717811+00:00,308,220635,128x,300ms,1,9133,27991,5217,15021,5806,2654,1809,1359,564,31228
2026-09-11T15:20:54.445557+00:00,309,221359,128x,300ms,1,9083,27878,5195,14959,5788,2647,1804,1356,562,31165
2026-09-11T15:20:55.164824+00:00,310,222083,128x,300ms,1,9114,27931,5209,14987,5796,2650,1807,1357,563,31159
2026-09-11T15:20:55.894120+00:00,311,222806,128x,300ms,0,9133,28002,5220,15020,5807,2655,1810,1360,564,31228
2026-09-11T15:20:56.614418+00:00,312,223531,128x,300ms,0,9118,27962,5214,14998,5805,2654,1810,1359,564,31232
2026-09-11T15:20:57.342068+00:00,313,224254,128x,300ms,0,9067,27838,5192,14928,5773,2640,1799,1351,560,31156
2026-09-11T15:20:58.061906+00:00,314,224979,128x,300ms,0,9127,28020,5233,15056,6454,2924,1984,1488,626,31585
2026-09-11T15:20:58.781475+00:00,315,225703,128x,300ms,0,9101,28040,5181,14748,5376,2480,1701,1280,522,30905
2026-09-11T15:20:59.509425+00:00,316,226427,128x,300ms,1,8675,27041,4979,14115,6040,2767,1887,1416,588,31361
2026-09-11T15:21:00.229820+00:00,317,227150,128x,300ms,1,887,2811,482,1224,803,389,271,201,73,4878
2026-09-11T15:21:00.957942+00:00,318,227871,128x,300ms,1,5384,16385,3122,9134,4920,2266,1547,1163,479,27412
2026-09-11T15:21:01.678134+00:00,319,228594,128x,300ms,1,8753,25723,4643,12289,8835,4111,2833,2143,879,33291
2026-09-11T15:21:02.397686+00:00,320,229318,128x,300ms,1,13928,32855,8130,23623,8622,3908,2647,1986,845,33056
2026-09-11T15:21:03.126653+00:00,321,230042,128x,300ms,0,13247,32493,7686,22248,7976,3644,2477,1863,781,32779
2026-09-11T15:21:03.845641+00:00,322,230767,128x,300ms,0,11915,31758,6781,19305,7357,3412,2341,1768,723,32509
2026-09-11T15:21:04.565408+00:00,323,231491,128x,300ms,0,9048,25897,5084,14196,294,152,108,78,24,1762
2026-09-11T15:21:05.285616+00:00,324,232214,128x,300ms,0,213,702,117,290,191,103,74,52,15,1121
2026-09-11T15:21:06.013289+00:00,325,232933,128x,300ms,0,1445,4517,821,2238,1828,840,571,424,172,10940
2026-09-11T15:21:06.732940+00:00,326,233656,128x,300ms,1,2091,6498,1233,3515,921,442,308,229,83,5598
2026-09-11T15:21:07.453653+00:00,327,234377,128x,300ms,1,6072,18490,3526,10283,3746,1681,1129,839,357,22072
2026-09-11T15:21:08.181377+00:00,328,235100,128x,300ms,1,8923,27224,5368,16098,6203,2763,1849,1376,599,31251
2026-09-11T15:21:08.901780+00:00,329,235824,128x,300ms,1,8931,27192,5364,16087,6204,2762,1849,1377,600,31287
2026-09-11T15:21:09.629656+00:00,330,236547,128x,300ms,1,8951,27260,5376,16123,6201,2758,1846,1376,599,31288
2026-09-11T15:21:10.349735+00:00,331,237271,128x,300ms,0,8939,27240,5371,16104,6194,2753,1843,1374,599,31266
2026-09-11T15:21:11.070067+00:00,332,237995,128x,300ms,0,8942,27247,5373,16101,6177,2746,1839,1370,597,31195
2026-09-11T15:21:11.797618+00:00,333,238718,128x,300ms,0,8918,27176,5359,16059,6174,2744,1838,1371,596,31210
2026-09-11T15:21:12.517148+00:00,334,239442,128x,300ms,0,8940,27250,5373,16097,6193,2753,1842,1374,598,31273
2026-09-11T15:21:13.238179+00:00,335,240166,128x,300ms,0,8928,27226,5367,16076,5441,2417,1618,1209,527,28054
2026-09-11T15:21:13.957953+00:00,336,240890,128x,300ms,1,1051,3594,643,1611,1884,829,541,411,187,12143
2026-09-11T15:21:14.677180+00:00,337,241612,128x,300ms,1,1,7,0,5,2,2,1,0,0,18
2026-09-11T15:21:15.389715+00:00,338,242327,128x,300ms,1,1,7,1,6,642,311,212,165,66,5397
2026-09-11T15:21:16.109577+00:00,339,243046,128x,300ms,1,275,1098,130,118,27,40,41,34,0,949
2026-09-11T15:21:16.821742+00:00,340,243764,128x,300ms,1,309,1290,134,24,12,18,18,14,0,336
2026-09-11T15:21:17.541786+00:00,341,244482,128x,300ms,0,44,190,19,2,2,4,4,2,0,64
2026-09-11T15:21:18.262562+00:00,342,245197,128x,300ms,0,62,257,25,6,8,10,10,7,0,203
2026-09-11T15:21:18.981943+00:00,343,245913,128x,300ms,0,127,522,53,9,14,22,23,18,0,446
2026-09-11T15:21:19.701726+00:00,344,246631,128x,300ms,0,792,2972,359,407,4450,1974,1315,978,431,25018
2026-09-11T15:21:20.429671+00:00,345,247353,128x,300ms,0,4738,14533,2929,8790,5036,2224,1485,1098,482,29156
2026-09-11T15:21:21.150131+00:00,346,248077,128x,300ms,1,8542,26028,5407,16820,6952,2958,1927,1412,664,31392
2026-09-11T15:21:21.877762+00:00,347,248801,128x,300ms,1,8643,26197,5650,18071,6607,2793,1812,1323,629,31058
2026-09-11T15:21:22.596743+00:00,348,249524,128x,300ms,1,6376,19284,4088,12914,3925,1703,1124,827,372,21714
2026-09-11T15:21:23.317151+00:00,349,250247,128x,300ms,1,5933,17759,3832,12304,4760,2031,1325,969,449,25553
2026-09-11T15:21:24.037936+00:00,350,250970,128x,300ms,1,8552,25884,5535,17574,6910,2947,1925,1411,661,31407
2026-09-11T15:21:24.766447+00:00,351,251694,128x,300ms,0,1781,5148,1113,3406,2,3,2,0,0,11
2026-09-11T15:21:25.485487+00:00,352,252412,128x,300ms,0,3844,11265,2361,7076,5393,2335,1538,1133,514,27435
2026-09-11T15:21:26.205842+00:00,353,253136,128x,300ms,0,4241,12653,2730,8853,4670,1965,1268,924,441,23799
2026-09-11T15:21:26.926267+00:00,354,253859,128x,300ms,0,7322,21867,4843,15966,6236,2623,1692,1233,592,30743
2026-09-11T15:21:27.645888+00:00,355,254584,128x,300ms,0,6035,17985,3970,13105,3828,1599,1024,743,358,19791
2026-09-11T15:21:28.365709+00:00,356,255308,128x,300ms,1,5306,15817,3508,11681,4,5,2,0,0,20
2026-09-11T15:21:29.085609+00:00,357,256025,128x,300ms,1,1,5,1,7,110,53,35,24,7,719
2026-09-11T15:21:29.805969+00:00,358,256742,128x,300ms,1,9760,27990,6050,18850,1648,728,485,356,151,8986
2026-09-11T15:21:30.534353+00:00,359,257464,128x,300ms,1,969,2977,583,1729,1184,522,348,255,106,6266
2026-09-11T15:21:31.261904+00:00,360,258186,128x,300ms,1,5999,17801,3845,12542,4777,2017,1303,951,450,25089
2026-09-11T15:21:31.974414+00:00,361,258910,128x,300ms,0,5667,16834,3659,11987,3823,1633,1064,778,359,20347
2026-09-11T15:21:32.693712+00:00,362,259633,128x,300ms,0,6030,17883,3847,12511,5436,2310,1499,1097,517,27322
2026-09-11T15:21:33.414005+00:00,363,260358,128x,300ms,0,2,10,2,9,6,6,3,1,0,26
2026-09-11T15:21:34.133585+00:00,364,261071,128x,300ms,0,1,7,1,8,1531,692,460,340,149,10297
2026-09-11T15:21:34.854073+00:00,365,261788,128x,300ms,0,4758,14581,3019,9408,2900,1262,827,602,272,15607
2026-09-11T15:21:35.581178+00:00,366,262512,128x,300ms,1,2914,8859,1939,6348,2353,1000,640,464,223,12685
2026-09-11T15:21:36.301638+00:00,367,263235,128x,300ms,1,3010,9156,2023,6679,2869,1212,775,562,271,15163
2026-09-11T15:21:37.022427+00:00,368,263957,128x,300ms,1,3823,11580,2560,8429,3521,1486,952,692,334,18938
2026-09-11T15:21:37.741792+00:00,369,264680,128x,300ms,1,4226,12870,2818,9193,1540,661,427,310,145,8563
2026-09-11T15:21:38.462187+00:00,370,265401,128x,300ms,1,1287,4090,800,2481,380,172,111,81,35,2451
2026-09-11T15:21:39.181167+00:00,371,266121,128x,300ms,0,730,2388,446,1372,488,220,143,105,46,3194
2026-09-11T15:21:39.901628+00:00,372,266842,128x,300ms,0,523,1662,313,963,165,76,49,34,13,974
2026-09-11T15:21:40.621547+00:00,373,267561,128x,300ms,0,130,394,82,289,158,72,46,31,12,911
2026-09-11T15:21:41.342078+00:00,374,268281,128x,300ms,0,285,892,173,565,179,82,53,37,14,1054
2026-09-11T15:21:42.053026+00:00,375,269000,128x,300ms,0,348,1102,210,663,291,132,86,62,25,1835
2026-09-11T15:21:42.782003+00:00,376,269721,128x,300ms,1,350,1100,212,683,288,130,85,61,25,1797
2026-09-11T15:21:43.502538+00:00,377,270441,128x,300ms,1,481,1531,289,898,422,191,125,92,39,2780
2026-09-11T15:21:44.214344+00:00,378,271160,128x,300ms,1,1009,3250,596,1778,2459,1096,731,541,239,15789
2026-09-11T15:21:44.932957+00:00,379,271883,128x,300ms,1,12,40,10,37,37,29,18,8,1,163
2026-09-11T15:21:45.653974+00:00,380,272599,128x,300ms,1,232,763,157,464,547,241,157,114,49,2941
2026-09-11T15:21:46.382089+00:00,381,273319,128x,300ms,0,767,2403,487,1475,584,262,174,127,51,3106
2026-09-11T15:21:47.101496+00:00,382,274040,128x,300ms,0,734,2308,473,1444,587,267,178,128,51,3110
2026-09-11T15:21:47.821356+00:00,383,274760,128x,300ms,0,761,2377,481,1446,569,264,175,124,50,3008
2026-09-11T15:21:48.533571+00:00,384,275481,128x,300ms,0,759,2371,480,1441,559,252,167,121,49,2986
2026-09-11T15:21:49.262046+00:00,385,276202,128x,300ms,0,759,2374,477,1437,558,250,166,121,48,2983
2026-09-11T15:21:49.982083+00:00,386,276923,128x,300ms,1,760,2375,479,1441,556,247,165,121,48,2978
2026-09-11T15:21:50.701925+00:00,387,277643,128x,300ms,1,759,2372,477,1432,555,246,164,120,48,2976
2026-09-11T15:21:51.414156+00:00,388,278364,128x,300ms,1,757,2369,477,1431,544,240,160,118,47,2922
2026-09-11T15:21:52.134383+00:00,389,279085,128x,300ms,1,166,584,118,320,213,90,57,42,16,1152
2026-09-11T15:21:52.853831+00:00,390,279803,128x,300ms,1,232,758,178,548,138,59,38,27,9,758
2026-09-11T15:21:53.574307+00:00,391,280521,128x,300ms,0,159,549,124,363,145,62,40,29,10,786
2026-09-11T15:21:54.293623+00:00,392,281240,128x,300ms,0,686,2063,393,1178,648,293,196,145,58,3711
2026-09-11T15:21:55.014130+00:00,393,281962,128x,300ms,0,974,2927,562,1673,436,195,131,97,39,2521
2026-09-11T15:21:55.733201+00:00,394,282683,128x,300ms,0,421,1273,276,817,303,134,89,66,27,1767
2026-09-11T15:21:56.453870+00:00,395,283402,128x,300ms,0,346,1049,230,676,192,83,53,40,16,1156
2026-09-11T15:21:57.174390+00:00,396,284123,128x,300ms,1,251,792,184,554,215,92,60,44,19,1279
2026-09-11T15:21:57.886226+00:00,397,284841,128x,300ms,1,278,878,205,620,284,121,79,58,26,1680
2026-09-11T15:21:58.606411+00:00,398,285560,128x,300ms,1,280,883,198,585,247,108,71,53,22,1483
2026-09-11T15:21:59.334450+00:00,399,286280,128x,300ms,1,210,693,150,423,65,30,21,16,3,455
2026-09-11T15:22:00.053610+00:00,400,286998,128x,300ms,1,329,1094,227,634,286,128,84,63,24,1733
2026-09-11T15:22:00.773923+00:00,401,287717,128x,300ms,0,844,2600,468,1356,540,250,169,126,48,3276
2026-09-11T15:22:01.493577+00:00,402,288439,128x,300ms,0,855,2634,472,1369,546,251,170,127,48,3299
2026-09-11T15:22:02.213667+00:00,403,289160,128x,300ms,0,855,2631,472,1369,545,251,171,127,48,3299
2026-09-11T15:22:02.934284+00:00,404,289881,128x,300ms,0,854,2632,472,1370,555,263,177,130,50,3324
2026-09-11T15:22:03.654218+00:00,405,290603,128x,300ms,0,856,2635,475,1377,555,263,178,130,49,3323
2026-09-11T15:22:04.373641+00:00,406,291323,128x,300ms,1,856,2636,476,1377,555,263,177,130,50,3322
2026-09-11T15:22:05.093473+00:00,407,292044,128x,300ms,1,854,2630,473,1368,545,252,171,127,48,3298
2026-09-11T15:22:05.813652+00:00,408,292764,128x,300ms,1,858,2641,474,1374,546,253,171,128,49,3306
2026-09-11T15:22:06.542165+00:00,409,293485,128x,300ms,1,860,2646,475,1377,548,253,172,128,49,3314
2026-09-11T15:22:07.261683+00:00,410,294205,128x,300ms,1,821,2535,458,1328,4380,1928,1265,940,420,24784
2026-09-11T15:22:07.989370+00:00,411,294928,128x,300ms,0,8727,25954,5020,15659,5551,2434,1595,1186,533,30614
2026-09-11T15:22:08.709424+00:00,412,295653,128x,300ms,0,9036,26982,5020,15242,6159,2732,1805,1346,595,31252
2026-09-11T15:22:09.438446+00:00,413,296378,128x,300ms,0,8854,26379,5038,15573,6170,2726,1795,1336,596,31231
2026-09-11T15:22:10.158238+00:00,414,297102,128x,300ms,0,8521,25342,4825,14875,5873,2603,1718,1282,567,31059
2026-09-11T15:22:10.878111+00:00,415,297826,128x,300ms,0,8459,25143,4794,14794,5861,2597,1714,1278,566,31043
2026-09-11T15:22:11.605992+00:00,416,298550,128x,300ms,1,8488,25182,4805,14825,5865,2598,1716,1279,566,30978
2026-09-11T15:22:12.334454+00:00,417,299274,128x,300ms,1,8581,25385,4845,14946,5886,2609,1723,1283,569,31013
2026-09-11T15:22:13.053370+00:00,418,299998,128x,300ms,1,8080,24278,4628,14258,5557,2460,1621,1210,537,30770
2026-09-11T15:22:13.781864+00:00,419,300722,128x,300ms,1,8048,24205,4612,14208,5662,2508,1654,1234,547,30855
2026-09-11T15:22:14.501741+00:00,420,301446,128x,300ms,1,8178,24501,4670,14387,5582,2473,1630,1217,539,30780
2026-09-11T15:22:15.221684+00:00,421,302169,128x,300ms,0,7447,22817,4342,13349,5496,2433,1604,1197,530,30655
2026-09-11T15:22:15.950206+00:00,422,302893,128x,300ms,0,7615,23199,4416,13579,5445,2412,1588,1187,526,30503
2026-09-11T15:22:16.678185+00:00,423,303617,128x,300ms,0,7805,23624,4499,13846,5402,2392,1575,1176,521,30549
2026-09-11T15:22:17.397575+00:00,424,304342,128x,300ms,0,7670,23241,4431,13638,5380,2381,1568,1171,519,30460
2026-09-11T15:22:18.117319+00:00,425,305065,128x,300ms,0,7619,23132,4409,13567,5467,2421,1595,1191,528,30652
2026-09-11T15:22:18.845462+00:00,426,305789,128x,300ms,1,8055,24138,4604,14181,5609,2484,1638,1222,542,30820
2026-09-11T15:22:19.565813+00:00,427,306513,128x,300ms,1,8041,24104,4598,14159,5705,2529,1668,1243,551,30932
2026-09-11T15:22:20.294265+00:00,428,307237,128x,300ms,1,8060,24148,4607,14185,5529,2447,1614,1205,535,30715
2026-09-11T15:22:21.014274+00:00,429,307960,128x,300ms,1,7988,23988,4574,14080,5573,2468,1628,1215,538,30765
2026-09-11T15:22:21.734083+00:00,430,308684,128x,300ms,1,8001,24013,4579,14094,5656,2505,1652,1232,547,30843
2026-09-11T15:22:22.462578+00:00,431,309408,128x,300ms,0,8127,24310,4637,14273,5586,2474,1632,1217,539,30746
2026-09-11T15:22:23.190533+00:00,432,310132,128x,300ms,0,8025,24068,4590,14118,5631,2495,1646,1228,544,30785
2026-09-11T15:22:23.909586+00:00,433,310857,128x,300ms,0,7814,23579,4495,13819,5709,2529,1669,1245,551,30866
2026-09-11T15:22:24.630442+00:00,434,311581,128x,300ms,0,8184,24431,4661,14338,5447,2413,1589,1186,525,30575
2026-09-11T15:22:25.357682+00:00,435,312304,128x,300ms,0,7983,23983,4573,14059,5585,2478,1633,1218,539,30785
2026-09-11T15:22:26.078092+00:00,436,313029,128x,300ms,1,8079,24195,4616,14190,5643,2504,1651,1231,545,30837
2026-09-11T15:22:26.805915+00:00,437,313753,128x,300ms,1,8167,24407,4656,14315,5673,2514,1659,1237,548,30900
2026-09-11T15:22:27.526201+00:00,438,314477,128x,300ms,1,8161,24389,4651,14300,5632,2495,1646,1228,544,30856
2026-09-11T15:22:28.254519+00:00,439,315201,128x,300ms,1,8060,24167,4608,14163,5626,2492,1644,1227,543,30846
2026-09-11T15:22:28.973758+00:00,440,315925,128x,300ms,1,8095,24253,4624,14209,5627,2493,1645,1228,544,30852
2026-09-11T15:22:29.702152+00:00,441,316649,128x,300ms,0,8117,24292,4632,14232,5634,2496,1648,1229,544,30803
2026-09-11T15:22:30.421512+00:00,442,317373,128x,300ms,0,8111,24276,4629,14220,5632,2496,1646,1228,543,30798
2026-09-11T15:22:31.150397+00:00,443,318097,128x,300ms,0,8117,24293,4632,14227,5645,2503,1651,1231,545,30832
2026-09-11T15:22:31.869829+00:00,444,318821,128x,300ms,0,8154,24374,4650,14284,5670,2522,1664,1238,548,30889
2026-09-11T15:22:32.589690+00:00,445,319545,128x,300ms,0,8178,24441,4663,14318,5681,2527,1667,1240,549,30931
2026-09-11T15:22:33.317565+00:00,446,320269,128x,300ms,1,8176,24442,4663,14320,5680,2528,1668,1240,549,30930
2026-09-11T15:22:34.045765+00:00,447,320993,128x,300ms,1,8176,24438,4661,14312,5679,2527,1667,1241,549,30931
2026-09-11T15:22:34.765873+00:00,448,321717,128x,300ms,1,8181,24446,4663,14314,5683,2529,1669,1241,550,30932
2026-09-11T15:22:35.485078+00:00,449,322441,128x,300ms,1,8191,24480,4670,14331,5684,2529,1668,1240,549,30883
2026-09-11T15:22:36.214146+00:00,450,323165,128x,300ms,1,8195,24491,4671,14340,5688,2531,1669,1242,550,30891
2026-09-11T15:22:36.941202+00:00,451,323889,128x,300ms,0,8201,24506,4673,14344,5684,2530,1669,1242,549,30879
2026-09-11T15:22:37.661449+00:00,452,324613,128x,300ms,0,8194,24481,4670,14327,5688,2531,1669,1243,549,30864
2026-09-11T15:22:38.381687+00:00,453,325337,128x,300ms,0,8215,24519,4677,14343,5695,2533,1672,1243,550,30872
2026-09-11T15:22:39.109451+00:00,454,326061,128x,300ms,0,8226,24570,4685,14367,5699,2530,1670,1243,551,30918
2026-09-11T15:22:39.830187+00:00,455,326786,128x,300ms,0,8223,24553,4682,14353,5690,2524,1667,1242,549,30875
2026-09-11T15:22:40.557625+00:00,456,327510,128x,300ms,1,8238,24595,4687,14374,5699,2527,1668,1244,550,30932
2026-09-11T15:22:41.277665+00:00,457,328233,128x,300ms,1,8234,24590,4686,14364,5691,2523,1666,1243,549,30861
2026-09-11T15:22:41.997472+00:00,458,328957,128x,300ms,1,8229,24569,4682,14350,5692,2525,1667,1244,549,30872
2026-09-11T15:22:42.725708+00:00,459,329681,128x,300ms,1,8252,24630,4694,14385,5707,2531,1671,1246,551,30937
2026-09-11T15:22:43.453785+00:00,460,330405,128x,300ms,1,8255,24643,4696,14390,5708,2531,1671,1246,552,30937
2026-09-11T15:22:44.173730+00:00,461,331128,128x,300ms,0,8247,24619,4691,14374,5708,2531,1672,1247,551,30941
2026-09-11T15:22:44.893774+00:00,462,331852,128x,300ms,0,8250,24612,4691,14370,5698,2526,1668,1245,550,30876
2026-09-11T15:22:45.621539+00:00,463,332576,128x,300ms,0,8257,24638,4694,14377,5706,2529,1670,1246,550,30890
2026-09-11T15:22:46.346801+00:00,464,333301,128x,300ms,0,8253,24632,4694,14373,5706,2532,1672,1246,551,30928
2026-09-11T15:22:47.067197+00:00,465,334025,128x,300ms,0,8096,24292,4628,14159,5633,2497,1649,1230,544,30818
2026-09-11T15:22:47.795654+00:00,466,334749,128x,300ms,1,8160,24445,4656,14251,5706,2531,1672,1247,551,30880
2026-09-11T15:22:47.826061+00:00,467,335473,128x,300ms,1,8280,24703,4706,14408,5727,2539,1678,1251,552,30937
2026-09-11T15:22:48.546890+00:00,468,336197,128x,300ms,1,8307,24773,4720,14447,5735,2543,1680,1252,554,30968
2026-09-11T15:22:49.987248+00:00,469,336951,64x,300ms,1,4155,12432,2361,7195,2867,1272,839,623,278,17262
2026-09-11T15:22:50.707016+00:00,470,337674,64x,300ms,1,4147,12405,2355,7178,2869,1273,840,623,279,17281
2026-09-11T15:22:50.746856+00:00,471,338395,64x,300ms,0,4159,12442,2362,7198,2864,1270,838,622,278,17246
2026-09-11T15:22:51.466868+00:00,472,339118,64x,300ms,0,4157,12439,2362,7195,2868,1272,840,623,279,17278
2026-09-11T15:22:52.906458+00:00,473,339870,64x,300ms,0,4158,12441,2363,7194,2863,1271,838,621,278,17246
2026-09-11T15:22:53.634193+00:00,474,340592,64x,300ms,0,4160,12447,2363,7195,2870,1273,840,623,279,17285
2026-09-11T15:22:54.354550+00:00,475,341315,64x,300ms,0,4159,12447,2363,7194,2869,1273,840,623,279,17281
2026-09-11T15:22:55.074729+00:00,476,342038,64x,300ms,1,4161,12451,2364,7193,2870,1274,841,623,279,17293
2026-09-11T15:22:55.794745+00:00,477,342759,64x,300ms,1,4164,12458,2364,7197,2871,1274,841,624,279,17299
2026-09-11T15:22:56.515331+00:00,478,343481,64x,300ms,1,4165,12465,2366,7200,2868,1272,840,622,279,17277
2026-09-11T15:22:57.243109+00:00,479,344203,64x,300ms,1,4158,12443,2362,7187,2865,1271,840,622,278,17263
2026-09-11T15:22:57.962619+00:00,480,344925,64x,300ms,1,4160,12449,2363,7189,2871,1274,841,624,279,17303
2026-09-11T15:22:58.683750+00:00,481,345646,64x,300ms,0,4166,12469,2366,7197,2872,1274,841,624,279,17300
2026-09-11T15:22:58.715656+00:00,482,346369,64x,300ms,0,4168,12473,2367,7200,2872,1274,841,624,279,17310
2026-09-11T15:22:59.434796+00:00,483,347091,64x,300ms,0,4169,12474,2367,7198,2872,1274,841,624,279,17309
2026-09-11T15:23:00.874884+00:00,484,347843,16x,300ms,0,1056,3170,603,1830,723,321,213,158,71,4380
2026-09-11T15:23:01.587097+00:00,485,348564,16x,300ms,0,1019,3086,587,1779,712,317,210,155,70,4315
2026-09-11T15:23:02.307551+00:00,486,349285,16x,300ms,1,1048,3152,599,1818,726,323,214,159,71,4402
2026-09-11T15:23:03.026385+00:00,487,350003,16x,300ms,1,1051,3158,601,1822,725,322,213,158,70,4395
2026-09-11T15:23:03.747623+00:00,488,350722,16x,300ms,1,1055,3169,603,1828,727,323,215,159,71,4407
2026-09-11T15:23:04.466811+00:00,489,351441,16x,300ms,1,1053,3163,602,1824,726,322,214,158,70,4401
2026-09-11T15:23:05.187231+00:00,490,352158,16x,300ms,1,1056,3171,603,1828,726,322,213,158,70,4400
2026-09-11T15:23:05.899606+00:00,491,352878,16x,300ms,0,1053,3166,602,1825,726,323,214,159,71,4403
2026-09-11T15:23:06.619047+00:00,492,353597,16x,300ms,0,1054,3168,603,1826,727,324,215,159,71,4406
2026-09-11T15:23:07.339233+00:00,493,354315,16x,300ms,0,1009,3045,585,1764,461,201,132,98,45,2750
2026-09-11T15:23:08.058829+00:00,494,355033,16x,300ms,0,856,2616,554,1712,774,331,217,158,75,4338
2026-09-11T15:23:08.771022+00:00,495,355752,16x,300ms,0,1047,3218,677,2085,803,346,228,166,78,4539
2026-09-11T15:23:09.491744+00:00,496,356472,16x,300ms,1,1045,3212,676,2081,802,344,227,165,77,4530
2026-09-11T15:23:10.211050+00:00,497,357189,16x,300ms,1,1046,3213,676,2081,803,345,228,166,78,4539
2026-09-11T15:23:10.930861+00:00,498,357909,16x,300ms,1,1049,3222,678,2087,575,247,163,119,56,3280
2026-09-11T15:23:11.642992+00:00,499,358628,16x,300ms,1,315,1000,224,674,383,164,107,79,38,2217
2026-09-11T15:23:12.363402+00:00,500,359345,16x,300ms,1,1034,3092,620,1916,747,328,217,160,74,4411
2026-09-11T15:23:13.082668+00:00,501,360061,16x,300ms,0,404,1241,293,938,444,187,119,87,44,2464
2026-09-11T15:23:13.802563+00:00,502,360779,16x,300ms,0,1043,3107,645,2051,781,334,217,158,76,4336
2026-09-11T15:23:14.522460+00:00,503,361499,16x,300ms,0,1006,2963,615,1992,780,333,215,157,75,4325
2026-09-11T15:23:15.234658+00:00,504,362218,16x,300ms,0,1009,2969,617,1996,782,334,217,158,76,4334
2026-09-11T15:23:15.954811+00:00,505,362936,16x,300ms,0,1009,2970,617,1996,782,334,217,158,76,4337
2026-09-11T15:23:16.667009+00:00,506,363654,16x,300ms,1,1007,2965,616,1992,745,315,203,148,73,4131
2026-09-11T15:23:17.386956+00:00,507,364374,16x,300ms,1,758,2276,511,1617,628,271,179,131,62,3698
2026-09-11T15:23:18.099100+00:00,508,365091,16x,300ms,1,0,2,0,1,1,1,0,0,0,3
2026-09-11T15:23:18.819482+00:00,509,365804,16x,300ms,1,1,1,0,1,1,1,0,0,0,3
2026-09-11T15:23:19.530860+00:00,510,366516,16x,300ms,1,1,1,0,1,331,146,96,71,33,1969
2026-09-11T15:23:20.250896+00:00,511,367234,16x,300ms,0,658,1935,412,1339,560,240,156,114,55,3076
2026-09-11T15:23:20.970136+00:00,512,367950,16x,300ms,0,725,2154,462,1488,620,264,172,125,60,3391
2026-09-11T15:23:21.682697+00:00,513,368669,16x,300ms,0,691,2064,433,1372,579,248,161,117,56,3180
2026-09-11T15:23:22.395845+00:00,514,369388,16x,300ms,0,528,1581,334,1069,1,2,1,1,0,4
2026-09-11T15:23:23.114890+00:00,515,370106,16x,300ms,0,233,723,140,417,377,164,108,79,37,2088
2026-09-11T15:23:23.827223+00:00,516,370823,16x,300ms,1,16,52,11,31,28,14,9,6,2,151
2026-09-11T15:23:24.546628+00:00,517,371535,16x,300ms,1,50,157,31,88,351,150,98,71,34,1898
2026-09-11T15:23:25.267484+00:00,518,372250,16x,300ms,1,673,1993,431,1404,352,151,98,71,34,1905
2026-09-11T15:23:25.979378+00:00,519,372967,16x,300ms,1,623,1841,398,1294,245,104,67,49,24,1350
2026-09-11T15:23:26.699599+00:00,520,373686,16x,300ms,1,0,0,0,1,112,51,35,25,11,750
2026-09-11T15:23:27.418969+00:00,521,374402,16x,300ms,0,597,1794,381,1201,585,247,160,116,57,3150
2026-09-11T15:23:28.138281+00:00,522,375120,16x,300ms,0,587,1745,380,1237,570,241,156,113,55,3068
2026-09-11T15:23:28.850825+00:00,523,375838,16x,300ms,0,130,395,78,229,181,79,52,38,17,975
2026-09-11T15:23:29.570085+00:00,524,376557,16x,300ms,0,707,2108,464,1519,626,263,169,122,61,3348
2026-09-11T15:23:30.291572+00:00,525,377277,16x,300ms,0,744,2215,491,1611,607,255,164,118,59,3247
2026-09-11T15:23:31.002980+00:00,526,377994,16x,300ms,1,718,2135,474,1561,607,255,164,118,59,3249
2026-09-11T15:23:31.715504+00:00,527,378714,16x,300ms,1,719,2137,474,1562,281,118,76,55,28,1540
2026-09-11T15:23:32.426487+00:00,528,379429,16x,300ms,1,0,1,0,1,1,1,1,0,0,3
2026-09-11T15:23:33.139678+00:00,529,380141,16x,300ms,1,0,1,0,1,2,2,1,1,0,5
2026-09-11T15:23:33.843560+00:00,530,380853,16x,300ms,1,1,1,1,2,2,2,1,1,0,6
2026-09-11T15:23:34.554879+00:00,531,381564,16x,300ms,0,1,1,1,2,2,2,1,1,0,5
2026-09-11T15:23:35.275008+00:00,532,382274,16x,300ms,0,1,1,1,2,2,3,2,1,0,7
2026-09-11T15:23:35.987463+00:00,533,382985,16x,300ms,0,1,1,1,2,2,3,2,1,0,6
2026-09-11T15:23:36.707523+00:00,534,383695,16x,300ms,0,492,1495,330,1077,635,271,176,127,62,3473
2026-09-11T15:23:37.427315+00:00,535,384416,16x,300ms,0,810,2420,532,1736,579,243,156,113,56,3125
2026-09-11T15:23:38.147610+00:00,536,385136,16x,300ms,1,666,1976,420,1342,518,221,144,104,51,2814
2026-09-11T15:23:38.867242+00:00,537,385853,16x,300ms,1,627,1864,399,1274,537,229,148,107,51,2914
2026-09-11T15:23:39.579428+00:00,538,386571,16x,300ms,1,676,2013,432,1384,536,228,149,108,52,2916
2026-09-11T15:23:40.299404+00:00,539,387290,16x,300ms,1,677,2014,432,1385,537,230,149,108,52,2916
2026-09-11T15:23:41.018704+00:00,540,388007,16x,300ms,1,676,2013,432,1385,536,229,150,108,52,2915
2026-09-11T15:23:41.738610+00:00,541,388725,16x,300ms,0,677,2014,432,1385,536,229,149,107,52,2911
2026-09-11T15:23:42.459124+00:00,542,389443,16x,300ms,0,677,2015,433,1385,538,230,150,108,52,2919
2026-09-11T15:23:43.171517+00:00,543,390162,16x,300ms,0,677,2015,433,1385,538,230,150,109,52,2920
2026-09-11T15:23:43.891306+00:00,544,390883,16x,300ms,0,677,2015,433,1385,536,229,149,107,52,2912
2026-09-11T15:23:44.603802+00:00,545,391600,16x,300ms,0,676,2011,431,1381,536,229,150,108,52,2914
2026-09-11T15:23:45.323086+00:00,546,392316,16x,300ms,1,677,2016,433,1384,537,230,150,108,52,2918
2026-09-11T15:23:46.042289+00:00,547,393034,16x,300ms,1,675,2010,431,1380,537,230,150,108,52,2918
2026-09-11T15:23:46.762754+00:00,548,393754,16x,300ms,1,677,2017,433,1384,537,230,150,108,52,2918
2026-09-11T15:23:47.475613+00:00,549,394473,16x,300ms,1,676,2014,432,1383,537,230,150,109,52,2918
2026-09-11T15:23:48.202693+00:00,550,395192,16x,300ms,1,677,2014,432,1382,537,229,149,108,52,2916
2026-09-11T15:23:48.914651+00:00,551,395910,16x,300ms,0,677,2016,432,1382,535,227,148,108,52,2912
2026-09-11T15:23:49.635351+00:00,552,396628,16x,300ms,0,678,2018,432,1383,534,227,148,107,52,2910
2026-09-11T15:23:50.354811+00:00,553,397346,16x,300ms,0,676,2013,431,1380,536,228,148,107,52,2912
2026-09-11T15:23:51.073983+00:00,554,398065,16x,300ms,0,678,2019,433,1384,536,228,149,108,52,2916
2026-09-11T15:23:51.794740+00:00,555,398785,16x,300ms,0,676,2013,431,1379,534,227,147,107,52,2908
2026-09-11T15:23:52.506211+00:00,556,399505,16x,300ms,1,676,2013,431,1379,535,228,148,108,52,2915
2026-09-11T15:23:53.227203+00:00,557,400223,16x,300ms,1,678,2019,433,1382,534,226,147,107,51,2908
2026-09-11T15:23:53.946898+00:00,558,400941,16x,300ms,1,677,2018,432,1381,535,228,148,108,52,2915
2026-09-11T15:23:54.667488+00:00,559,401659,16x,300ms,1,678,2019,433,1382,535,228,148,108,52,2915
2026-09-11T15:23:55.379375+00:00,560,402377,16x,300ms,1,677,2018,432,1381,535,228,148,108,52,2914
2026-09-11T15:23:56.099105+00:00,561,403096,16x,300ms,0,677,2018,432,1381,533,226,147,107,51,2906
2026-09-11T15:23:56.818629+00:00,562,403815,16x,300ms,0,677,2017,432,1380,535,228,148,108,52,2915
2026-09-11T15:23:57.538092+00:00,563,404534,16x,300ms,0,678,2019,433,1382,535,228,148,108,52,2915
2026-09-11T15:23:58.259392+00:00,564,405252,16x,300ms,0,678,2020,433,1381,534,226,147,107,51,2908
2026-09-11T15:23:58.970645+00:00,565,405969,16x,300ms,0,678,2020,433,1382,535,228,148,108,52,2915
2026-09-11T15:23:59.691359+00:00,566,406688,16x,300ms,1,678,2020,433,1381,534,226,148,108,52,2911
2026-09-11T15:24:00.403112+00:00,567,407407,16x,300ms,1,676,2015,431,1378,535,228,148,108,52,2914
2026-09-11T15:24:01.123477+00:00,568,408125,16x,300ms,1,676,2015,431,1377,535,227,148,108,52,2913
2026-09-11T15:24:01.843468+00:00,569,408843,16x,300ms,1,677,2019,432,1380,535,228,148,108,52,2914
2026-09-11T15:24:02.563514+00:00,570,409560,16x,300ms,1,677,2019,432,1380,533,226,147,107,52,2906
2026-09-11T15:24:03.282701+00:00,571,410277,16x,300ms,0,678,2024,433,1380,535,228,148,108,52,2914
2026-09-11T15:24:03.995247+00:00,572,410996,16x,300ms,0,678,2025,433,1380,535,227,148,108,52,2914
2026-09-11T15:24:04.722813+00:00,573,411716,16x,300ms,0,678,2025,433,1379,534,227,148,108,52,2913
2026-09-11T15:24:05.435614+00:00,574,412436,16x,300ms,0,679,2026,433,1380,535,228,148,108,52,2914
2026-09-11T15:24:06.154697+00:00,575,413154,16x,300ms,0,679,2026,434,1380,533,226,147,107,52,2909
2026-09-11T15:24:06.866791+00:00,576,413873,16x,300ms,1,679,2028,434,1381,536,228,149,108,52,2922
2026-09-11T15:24:07.587510+00:00,577,414592,16x,300ms,1,679,2027,433,1380,536,228,149,108,52,2924
2026-09-11T15:24:08.306729+00:00,578,415308,16x,300ms,1,680,2028,433,1380,535,228,149,108,52,2918
2026-09-11T15:24:09.026980+00:00,579,416026,16x,300ms,1,678,2026,433,1379,534,227,148,108,52,2910
2026-09-11T15:24:09.746289+00:00,580,416746,16x,300ms,1,669,2005,429,1363,528,224,146,106,51,2881
2026-09-11T15:24:10.466459+00:00,581,417464,16x,300ms,0,673,2014,431,1370,530,226,147,107,52,2890
2026-09-11T15:24:11.186691+00:00,582,418183,16x,300ms,0,673,2015,431,1369,531,226,148,107,52,2897
2026-09-11T15:24:11.899690+00:00,583,418903,16x,300ms,0,674,2016,431,1371,532,226,148,107,52,2898
2026-09-11T15:24:12.619015+00:00,584,419621,16x,300ms,0,674,2017,431,1371,530,225,146,106,52,2890
2026-09-11T15:24:13.331113+00:00,585,420338,16x,300ms,0,672,2013,430,1367,531,226,148,107,52,2898
2026-09-11T15:24:14.051351+00:00,586,421055,16x,300ms,1,674,2017,431,1371,530,225,146,106,52,2891
2026-09-11T15:24:14.770908+00:00,587,421774,16x,300ms,1,674,2018,431,1371,532,226,148,107,52,2898
2026-09-11T15:24:15.491597+00:00,588,422494,16x,300ms,1,675,2018,431,1371,533,228,148,108,52,2901
2026-09-11T15:24:16.210808+00:00,589,423213,16x,300ms,1,674,2018,432,1371,534,229,149,108,52,2904
2026-09-11T15:24:16.930044+00:00,590,423930,16x,300ms,1,673,2014,430,1369,533,229,149,108,52,2903
2026-09-11T15:24:17.651746+00:00,591,424651,16x,300ms,0,675,2019,432,1372,533,229,149,108,52,2902
2026-09-11T15:24:18.362940+00:00,592,425369,16x,300ms,0,673,2013,430,1368,533,229,149,108,52,2903
2026-09-11T15:24:19.082655+00:00,593,426089,16x,300ms,0,674,2018,432,1371,532,227,148,107,52,2895
2026-09-11T15:24:19.803342+00:00,594,426807,16x,300ms,0,674,2018,432,1371,533,229,149,108,52,2902
2026-09-11T15:24:20.515326+00:00,595,427526,16x,300ms,0,673,2014,430,1367,533,229,149,108,52,2902
2026-09-11T15:24:21.243360+00:00,596,428246,16x,300ms,1,675,2019,432,1371,533,229,149,108,52,2902
2026-09-11T15:24:21.955024+00:00,597,428963,16x,300ms,1,674,2019,432,1370,533,229,149,108,52,2901
2026-09-11T15:24:22.675303+00:00,598,429681,16x,300ms,1,674,2019,431,1370,531,227,149,108,52,2895
2026-09-11T15:24:23.395073+00:00,599,430400,16x,300ms,1,673,2014,430,1367,533,229,149,108,52,2900
2026-09-11T15:24:24.114824+00:00,600,431119,16x,300ms,1,674,2018,431,1369,533,229,149,108,52,2901
2026-09-11T15:24:24.834952+00:00,601,431838,16x,300ms,0,674,2019,432,1370,533,229,149,108,52,2901
2026-09-11T15:24:25.546615+00:00,602,432556,16x,300ms,0,673,2016,430,1367,533,229,149,108,52,2900
2026-09-11T15:24:26.267334+00:00,603,433274,16x,300ms,0,674,2019,431,1369,531,227,149,108,52,2894
2026-09-11T15:24:26.987690+00:00,604,433993,16x,300ms,0,674,2019,431,1369,533,228,149,108,52,2900
2026-09-11T15:24:27.707519+00:00,605,434712,16x,300ms,0,674,2019,431,1368,532,228,149,108,52,2900
2026-09-11T15:24:28.427094+00:00,606,435430,16x,300ms,1,672,2013,430,1365,533,229,149,108,52,2901
2026-09-11T15:24:29.138267+00:00,607,436151,16x,300ms,1,674,2019,432,1369,532,228,149,108,52,2898
2026-09-11T15:24:29.858745+00:00,608,436869,16x,300ms,1,674,2020,432,1369,531,227,148,107,52,2894
2026-09-11T15:24:30.579544+00:00,609,437585,16x,300ms,1,673,2018,430,1367,532,228,149,108,52,2899
2026-09-11T15:24:31.299594+00:00,610,438303,16x,300ms,1,675,2021,432,1369,533,229,149,108,52,2901
2026-09-11T15:24:32.011107+00:00,611,439023,16x,300ms,0,675,2021,432,1369,532,228,149,108,52,2900
2026-09-11T15:24:32.731335+00:00,612,439740,16x,300ms,0,674,2020,431,1368,532,228,149,108,52,2900
2026-09-11T15:24:33.442926+00:00,613,440459,16x,300ms,0,675,2021,431,1368,531,227,148,107,52,2894
2026-09-11T15:24:34.170569+00:00,614,441177,16x,300ms,0,675,2021,432,1368,532,228,149,108,52,2901
2026-09-11T15:24:34.891746+00:00,615,441895,16x,300ms,0,673,2016,430,1364,532,228,149,108,52,2900
2026-09-11T15:24:35.603246+00:00,616,442615,16x,300ms,1,674,2020,431,1367,532,228,149,108,52,2899
2026-09-11T15:24:36.323117+00:00,617,443334,16x,300ms,1,674,2021,431,1367,532,228,149,108,52,2900
2026-09-11T15:24:37.042213+00:00,618,444054,16x,300ms,1,674,2021,431,1366,532,228,149,108,52,2899
2026-09-11T15:24:37.762778+00:00,619,444773,16x,300ms,1,675,2021,431,1366,530,226,148,107,52,2896
2026-09-11T15:24:38.474845+00:00,620,445490,16x,300ms,1,674,2021,431,1365,528,225,146,106,51,2887
2026-09-11T15:24:39.195678+00:00,621,446209,16x,300ms,0,673,2019,430,1363,530,226,147,107,52,2893
2026-09-11T15:24:39.915256+00:00,622,446927,16x,300ms,0,674,2020,431,1364,530,226,147,107,52,2894
2026-09-11T15:24:40.627592+00:00,623,447646,16x,300ms,0,672,2015,429,1360,530,226,147,107,51,2894
2026-09-11T15:24:41.354934+00:00,624,448365,16x,300ms,0,674,2021,431,1364,530,226,147,107,52,2893
2026-09-11T15:24:42.066871+00:00,625,449083,16x,300ms,0,673,2018,429,1362,528,224,146,106,50,2886
2026-09-11T15:24:42.787201+00:00,626,449803,16x,300ms,1,673,2019,430,1362,529,225,147,107,51,2891
2026-09-11T15:24:43.499378+00:00,627,450520,16x,300ms,1,672,2015,429,1359,529,225,147,107,51,2890
2026-09-11T15:24:44.226750+00:00,628,451237,16x,300ms,1,673,2019,430,1362,529,225,147,107,51,2892
2026-09-11T15:24:44.939501+00:00,629,451956,16x,300ms,1,673,2020,430,1362,529,226,147,107,51,2892
2026-09-11T15:24:45.658528+00:00,630,452674,16x,300ms,1,674,2021,431,1363,530,226,147,107,51,2894
2026-09-11T15:24:46.379394+00:00,631,453393,16x,300ms,0,675,2022,431,1364,530,226,147,107,52,2895
2026-09-11T15:24:47.099121+00:00,632,454113,16x,300ms,0,674,2022,431,1363,529,226,147,107,51,2893
2026-09-11T15:24:47.819216+00:00,633,454832,16x,300ms,0,673,2020,430,1362,529,225,147,107,51,2891
2026-09-11T15:24:48.539336+00:00,634,455550,16x,300ms,0,674,2020,430,1362,529,225,147,107,51,2890
2026-09-11T15:24:49.259031+00:00,635,456271,16x,300ms,0,672,2017,430,1359,528,225,147,107,51,2884
2026-09-11T15:24:49.978960+00:00,636,456991,16x,300ms,1,677,2025,432,1368,532,227,148,108,52,2906
2026-09-11T15:24:50.699145+00:00,637,457712,16x,300ms,1,676,2026,432,1366,530,226,148,107,52,2897
2026-09-11T15:24:51.410862+00:00,638,458430,16x,300ms,1,674,2020,430,1362,528,225,147,107,51,2883
2026-09-11T15:24:52.130869+00:00,639,459149,16x,300ms,1,670,2012,428,1356,528,225,147,107,51,2880
2026-09-11T15:24:52.850210+00:00,640,459865,16x,300ms,1,670,2013,429,1356,528,225,147,107,51,2885
2026-09-11T15:24:53.570988+00:00,641,460583,16x,300ms,0,674,2021,430,1362,529,226,147,107,51,2894
2026-09-11T15:24:54.283474+00:00,642,461302,16x,300ms,0,675,2022,431,1362,528,224,146,106,51,2888
2026-09-11T15:24:55.003007+00:00,643,462021,16x,300ms,0,673,2020,430,1360,529,225,147,107,51,2893
2026-09-11T15:24:55.723736+00:00,644,462740,16x,300ms,0,673,2020,430,1360,527,224,146,106,51,2880
2026-09-11T15:24:56.443154+00:00,645,463458,16x,300ms,0,665,2000,426,1346,523,222,145,105,50,2858
2026-09-11T15:24:57.163053+00:00,646,464179,16x,300ms,1,667,2005,427,1349,526,224,146,107,51,2874
2026-09-11T15:24:57.873935+00:00,647,464899,16x,300ms,1,669,2011,428,1354,526,224,146,107,51,2877
2026-09-11T15:24:58.594806+00:00,648,465616,16x,300ms,1,667,2004,426,1348,524,223,146,106,51,2864
2026-09-11T15:24:59.315434+00:00,649,466335,16x,300ms,1,643,1951,415,1311,508,216,141,102,48,2777
2026-09-11T15:25:00.034994+00:00,650,467051,16x,300ms,1,639,1942,412,1304,504,214,139,101,49,2756
2026-09-11T15:25:00.754728+00:00,651,467770,16x,300ms,0,637,1937,412,1300,500,213,139,101,49,2728
2026-09-11T15:25:01.466747+00:00,652,468490,16x,300ms,0,630,1920,408,1289,497,212,138,101,48,2714
2026-09-11T15:25:02.186764+00:00,653,469209,16x,300ms,0,597,1840,390,1232,485,206,135,99,47,2653
2026-09-11T15:25:02.906366+00:00,654,469925,16x,300ms,0,632,1926,409,1292,498,212,138,101,48,2722
2026-09-11T15:25:03.618572+00:00,655,470645,16x,300ms,0,613,1879,399,1259,504,215,140,102,49,2756
2026-09-11T15:25:04.339444+00:00,656,471363,16x,300ms,1,639,1940,412,1302,495,211,137,100,48,2703
2026-09-11T15:25:05.058397+00:00,657,472080,16x,300ms,1,603,1856,394,1243,490,209,136,99,48,2674
2026-09-11T15:25:05.778658+00:00,658,472799,16x,300ms,1,619,1895,402,1269,507,216,141,103,49,2772
2026-09-11T15:25:06.491722+00:00,659,473518,16x,300ms,1,605,1862,395,1246,489,208,136,99,47,2670
2026-09-11T15:25:07.211034+00:00,660,474235,16x,300ms,1,622,1902,404,1274,495,210,137,99,48,2703
2026-09-11T15:25:07.931659+00:00,661,474954,16x,300ms,0,621,1899,402,1272,509,217,142,103,49,2784
2026-09-11T15:25:08.650036+00:00,662,475671,16x,300ms,0,642,1949,414,1307,508,217,141,103,49,2778
2026-09-11T15:25:09.363030+00:00,663,476390,16x,300ms,0,642,1948,414,1306,503,214,139,101,49,2753
2026-09-11T15:25:10.082658+00:00,664,477109,16x,300ms,0,624,1906,405,1276,484,206,134,98,47,2642
2026-09-11T15:25:10.802961+00:00,665,477826,16x,300ms,0,605,1861,394,1244,479,203,132,96,47,2617
2026-09-11T15:25:11.515075+00:00,666,478544,16x,300ms,1,611,1876,398,1254,480,205,133,97,47,2620
2026-09-11T15:25:12.235122+00:00,667,479262,16x,300ms,1,597,1842,390,1231,468,199,129,94,46,2558
2026-09-11T15:25:12.954682+00:00,668,479980,16x,300ms,1,602,1854,393,1239,491,209,136,99,48,2680
2026-09-11T15:25:13.674978+00:00,669,480697,16x,300ms,1,603,1858,394,1242,492,210,137,100,48,2688
2026-09-11T15:25:14.387615+00:00,670,481416,16x,300ms,1,616,1890,400,1263,490,209,136,99,48,2678
2026-09-11T15:25:15.107738+00:00,671,482134,16x,300ms,0,599,1849,392,1234,483,206,134,98,47,2638
2026-09-11T15:25:15.819067+00:00,672,482850,16x,300ms,0,618,1892,401,1264,492,210,137,100,48,2688
2026-09-11T15:25:16.539732+00:00,673,483568,16x,300ms,0,619,1894,401,1266,492,210,137,100,48,2691
2026-09-11T15:25:17.259403+00:00,674,484287,16x,300ms,0,616,1887,400,1261,488,208,135,99,47,2666
2026-09-11T15:25:17.978200+00:00,675,485006,16x,300ms,0,608,1870,396,1248,481,205,133,97,47,2626
2026-09-11T15:25:18.699540+00:00,676,485724,16x,300ms,1,612,1879,398,1254,485,206,134,98,46,2652
2026-09-11T15:25:19.411234+00:00,677,486441,16x,300ms,1,613,1881,398,1255,486,206,134,98,46,2656
2026-09-11T15:25:20.130915+00:00,678,487160,16x,300ms,1,609,1872,396,1249,478,203,132,96,46,2612
2026-09-11T15:25:20.851447+00:00,679,487878,16x,300ms,1,597,1843,390,1229,487,207,135,98,47,2663
2026-09-11T15:25:21.562874+00:00,680,488595,16x,300ms,1,608,1869,396,1247,487,208,135,99,47,2664
2026-09-11T15:25:22.282329+00:00,681,489312,16x,300ms,0,608,1869,395,1247,494,210,137,100,48,2699
2026-09-11T15:25:23.002618+00:00,682,490030,16x,300ms,0,623,1903,403,1270,493,210,137,100,48,2698
2026-09-11T15:25:23.722734+00:00,683,490748,16x,300ms,0,604,1859,393,1239,490,209,136,99,48,2679
2026-09-11T15:25:24.434956+00:00,684,491467,16x,300ms,0,618,1890,400,1261,490,209,136,99,48,2678
2026-09-11T15:25:25.154518+00:00,685,492186,16x,300ms,0,614,1883,398,1255,490,209,137,100,48,2682
2026-09-11T15:25:25.866598+00:00,686,492904,16x,300ms,1,614,1883,398,1256,490,209,136,99,48,2681
2026-09-11T15:25:26.587412+00:00,687,493621,16x,300ms,1,595,1838,389,1225,485,208,136,98,47,2645
2026-09-11T15:25:27.306493+00:00,688,494339,16x,300ms,1,617,1891,400,1262,498,214,140,101,48,2724
2026-09-11T15:25:28.027198+00:00,689,495058,16x,300ms,1,629,1918,406,1280,497,212,138,101,48,2716
2026-09-11T15:25:28.746237+00:00,690,495776,16x,300ms,1,618,1893,401,1262,493,211,138,100,48,2695
2026-09-11T15:25:29.458673+00:00,691,496495,16x,300ms,0,621,1899,402,1266,489,210,137,99,48,2672
2026-09-11T15:25:30.186976+00:00,692,497213,16x,300ms,0,618,1893,401,1263,496,213,139,101,48,2707
2026-09-11T15:25:30.899373+00:00,693,497932,16x,300ms,0,628,1918,406,1280,500,215,140,102,49,2729
2026-09-11T15:25:31.618972+00:00,694,498651,16x,300ms,0,615,1885,399,1257,498,214,140,101,48,2719
2026-09-11T15:25:32.339673+00:00,695,499369,16x,300ms,0,627,1915,405,1277,493,212,138,100,48,2689
2026-09-11T15:25:33.051731+00:00,696,500088,16x,300ms,1,611,1878,398,1251,498,214,140,101,48,2719
2026-09-11T15:25:33.770737+00:00,697,500806,16x,300ms,1,625,1910,404,1274,497,214,139,101,48,2715
2026-09-11T15:25:34.491549+00:00,698,501524,16x,300ms,1,624,1906,403,1270,492,212,138,100,48,2688
2026-09-11T15:25:35.210243+00:00,699,502243,16x,300ms,1,628,1917,406,1278,497,213,139,100,48,2715
2026-09-11T15:25:35.923178+00:00,700,502961,16x,300ms,1,626,1912,404,1274,497,213,138,100,48,2713
2026-09-11T15:25:36.642435+00:00,701,503680,16x,300ms,0,627,1915,405,1276,498,214,140,101,48,2721
2026-09-11T15:25:37.362809+00:00,702,504396,16x,300ms,0,626,1912,405,1274,495,213,139,101,48,2707
2026-09-11T15:25:38.082638+00:00,703,505114,16x,300ms,0,621,1900,401,1265,501,215,140,102,49,2736
2026-09-11T15:25:38.795320+00:00,704,505832,16x,300ms,0,631,1923,407,1280,498,214,139,101,49,2725
2026-09-11T15:25:39.515244+00:00,705,506553,16x,300ms,0,630,1921,406,1279,499,214,140,101,48,2728
2026-09-11T15:25:40.234128+00:00,706,507270,16x,300ms,1,623,1905,402,1267,483,207,135,98,47,2639
2026-09-11T15:25:40.955598+00:00,707,507990,16x,300ms,1,629,1919,405,1275,499,214,140,101,48,2728
2026-09-11T15:25:41.667481+00:00,708,508707,16x,300ms,1,629,1921,406,1277,500,215,140,102,49,2732
2026-09-11T15:25:42.386929+00:00,709,509424,16x,300ms,1,625,1910,403,1269,492,211,138,100,48,2689
2026-09-11T15:25:43.106841+00:00,710,510144,16x,300ms,1,596,1843,389,1222,490,210,137,100,48,2678
2026-09-11T15:25:43.827229+00:00,711,510861,16x,300ms,0,629,1919,405,1275,497,213,139,101,48,2717
2026-09-11T15:25:44.539380+00:00,712,511578,16x,300ms,0,616,1888,398,1254,488,210,137,99,47,2667
2026-09-11T15:25:45.258104+00:00,713,512295,16x,300ms,0,616,1890,399,1254,491,211,138,100,48,2685
2026-09-11T15:25:45.971044+00:00,714,513014,16x,300ms,0,610,1874,395,1243,493,212,138,100,48,2699
2026-09-11T15:25:46.691031+00:00,715,513731,16x,300ms,0,621,1900,400,1260,487,209,136,99,47,2666
2026-09-11T15:25:47.410574+00:00,716,514449,16x,300ms,1,617,1891,398,1253,482,206,135,98,47,2641
2026-09-11T15:25:48.123543+00:00,717,515167,16x,300ms,1,593,1835,386,1214,492,210,137,99,48,2701
2026-09-11T15:25:48.843237+00:00,718,515883,16x,300ms,1,625,1912,403,1267,493,211,137,100,48,2702
2026-09-11T15:25:49.562266+00:00,719,516600,16x,300ms,1,628,1918,404,1271,497,212,139,101,48,2724
2026-09-11T15:25:50.283070+00:00,720,517319,16x,300ms,1,630,1922,405,1274,497,213,139,101,48,2722
2026-09-11T15:25:50.995373+00:00,721,518038,16x,300ms,0,394,1210,251,766,414,182,121,89,41,2470
2026-09-11T15:25:51.706825+00:00,722,518755,16x,300ms,0,527,1625,304,885,82,38,26,20,9,663
2026-09-11T15:25:52.418716+00:00,723,519473,16x,300ms,0,27,95,19,42,1,1,0,0,0,2
2026-09-11T15:25:53.138699+00:00,724,520187,16x,300ms,0,0,1,0,1,1,1,0,0,0,3
2026-09-11T15:25:53.858493+00:00,725,520898,16x,300ms,0,297,937,196,565,487,204,131,96,50,2840
2026-09-11T15:25:54.570541+00:00,726,521615,16x,300ms,1,614,1860,434,1412,382,159,102,75,40,2217
2026-09-11T15:25:55.283078+00:00,727,522334,16x,300ms,1,421,1277,291,922,339,142,93,68,35,1983
2026-09-11T15:25:56.003715+00:00,728,523049,16x,300ms,1,408,1246,282,882,336,141,92,67,35,1962
2026-09-11T15:25:56.722953+00:00,729,523765,16x,300ms,1,394,1211,274,856,329,139,90,66,34,1921
2026-09-11T15:25:57.443630+00:00,730,524484,16x,300ms,1,529,1610,351,1087,404,172,113,82,41,2365
2026-09-11T15:25:58.153431+00:00,731,525202,16x,300ms,0,503,1534,337,1042,404,172,113,83,41,2362
2026-09-11T15:25:58.873864+00:00,732,525919,16x,300ms,0,504,1538,337,1045,391,166,109,80,40,2289
2026-09-11T15:25:59.593519+00:00,733,526636,16x,300ms,0,516,1564,344,1064,410,175,114,84,42,2399
2026-09-11T15:26:00.305879+00:00,734,527352,16x,300ms,0,514,1560,343,1061,410,175,114,84,42,2398
2026-09-11T15:26:01.026156+00:00,735,528070,16x,300ms,0,520,1574,346,1070,403,172,112,83,41,2360
2026-09-11T15:26:01.737205+00:00,736,528787,16x,300ms,1,519,1573,345,1069,409,174,114,83,42,2394
2026-09-11T15:26:02.449700+00:00,737,529503,16x,300ms,1,518,1569,345,1067,408,174,114,84,42,2388
2026-09-11T15:26:03.169624+00:00,738,530220,16x,300ms,1,511,1553,341,1055,402,171,112,82,41,2354
2026-09-11T15:26:03.890274+00:00,739,530935,16x,300ms,1,513,1557,342,1057,396,168,110,80,40,2316
2026-09-11T15:26:04.602055+00:00,740,531653,16x,300ms,1,514,1558,342,1058,403,172,113,83,41,2361
2026-09-11T15:26:05.321686+00:00,741,532369,16x,300ms,0,506,1541,338,1046,402,172,112,83,41,2355
2026-09-11T15:26:06.041718+00:00,742,533087,16x,300ms,0,507,1543,338,1047,413,176,115,85,42,2418
2026-09-11T15:26:06.761022+00:00,743,533805,16x,300ms,0,539,1618,355,1100,422,180,118,87,43,2475
2026-09-11T15:26:07.473858+00:00,744,534523,16x,300ms,0,541,1622,356,1103,421,179,118,86,43,2469
2026-09-11T15:26:08.193500+00:00,745,535240,16x,300ms,0,539,1619,355,1100,422,180,118,87,43,2475
2026-09-11T15:26:08.905873+00:00,746,535959,16x,300ms,1,540,1621,356,1102,416,177,116,85,42,2437
2026-09-11T15:26:09.625124+00:00,747,536675,16x,300ms,1,528,1592,349,1081,413,176,115,85,42,2420
2026-09-11T15:26:10.337157+00:00,748,537392,16x,300ms,1,523,1580,347,1072,407,174,114,84,41,2386
2026-09-11T15:26:11.057526+00:00,749,538108,16x,300ms,1,520,1573,345,1067,413,176,115,85,42,2418
2026-09-11T15:26:11.778044+00:00,750,538825,16x,300ms,1,506,1541,338,1045,392,167,109,80,40,2295
2026-09-11T15:26:12.490030+00:00,751,539543,16x,300ms,0,516,1564,343,1061,408,174,114,84,41,2389
2026-09-11T15:26:13.210122+00:00,752,540261,16x,300ms,0,495,1515,332,1026,391,166,109,80,40,2293
2026-09-11T15:26:13.929790+00:00,753,540979,16x,300ms,0,514,1559,341,1057,387,165,108,79,40,2270
2026-09-11T15:26:14.649540+00:00,754,541696,16x,300ms,0,497,1520,333,1029,394,168,110,81,40,2306
2026-09-11T15:26:15.361062+00:00,755,542414,16x,300ms,0,526,1586,347,1076,406,173,113,83,41,2382
2026-09-11T15:26:16.082059+00:00,756,543133,16x,300ms,1,519,1571,344,1065,411,176,115,84,42,2410
2026-09-11T15:26:16.802403+00:00,757,543852,16x,300ms,1,511,1552,339,1051,394,167,110,80,40,2308
2026-09-11T15:26:17.513257+00:00,758,544570,16x,300ms,1,486,1494,327,1010,391,167,109,80,40,2292
2026-09-11T15:26:18.233298+00:00,759,545287,16x,300ms,1,522,1579,346,1070,410,175,114,84,42,2403
2026-09-11T15:26:18.945361+00:00,760,546004,16x,300ms,1,522,1580,345,1071,407,174,114,84,41,2388
2026-09-11T15:26:19.666253+00:00,761,546720,16x,300ms,0,529,1595,349,1081,414,177,116,85,42,2429
2026-09-11T15:26:20.385937+00:00,762,547437,16x,300ms,0,527,1591,348,1077,413,176,115,85,42,2423
2026-09-11T15:26:21.105603+00:00,763,548155,16x,300ms,0,529,1594,349,1080,409,174,114,83,42,2402
2026-09-11T15:26:21.818341+00:00,764,548873,16x,300ms,0,526,1588,348,1076,413,176,115,85,42,2422
2026-09-11T15:26:22.529797+00:00,765,549590,16x,300ms,0,528,1593,349,1079,411,175,115,84,42,2407
2026-09-11T15:26:23.249512+00:00,766,550308,16x,300ms,1,516,1564,342,1058,413,176,115,85,42,2424
2026-09-11T15:26:23.969518+00:00,767,551024,16x,300ms,1,529,1596,350,1081,414,177,116,85,42,2428
2026-09-11T15:26:24.681594+00:00,768,551741,16x,300ms,1,528,1593,349,1078,408,174,114,84,41,2390
2026-09-11T15:26:25.401588+00:00,769,552458,16x,300ms,1,516,1565,342,1058,407,174,114,84,41,2387
2026-09-11T15:26:26.121795+00:00,770,553174,16x,300ms,1,517,1567,342,1060,405,172,113,83,41,2378
2026-09-11T15:26:26.841572+00:00,771,553891,16x,300ms,0,518,1571,343,1061,410,175,115,84,42,2405
2026-09-11T15:26:27.553620+00:00,772,554609,16x,300ms,0,522,1581,346,1069,415,177,116,85,42,2438
2026-09-11T15:26:28.273795+00:00,773,555326,16x,300ms,0,531,1600,350,1083,415,177,116,85,42,2437
2026-09-11T15:26:28.994550+00:00,774,556046,16x,300ms,0,531,1600,350,1082,417,178,116,86,42,2446
2026-09-11T15:26:29.706434+00:00,775,556764,16x,300ms,0,534,1608,352,1088,416,177,115,85,42,2442
2026-09-11T15:26:30.425640+00:00,776,557483,16x,300ms,1,532,1602,350,1083,412,176,115,85,42,2418
2026-09-11T15:26:31.137391+00:00,777,558200,16x,300ms,1,528,1593,348,1077,406,173,113,83,41,2379
2026-09-11T15:26:31.857950+00:00,778,558916,16x,300ms,1,513,1556,340,1051,404,172,113,82,41,2370
2026-09-11T15:26:32.578026+00:00,779,559632,16x,300ms,1,514,1560,341,1053,403,172,113,82,41,2365
2026-09-11T15:26:33.290201+00:00,780,560352,16x,300ms,1,512,1556,340,1051,402,172,113,82,41,2359
2026-09-11T15:26:34.017445+00:00,781,561069,16x,300ms,0,512,1555,340,1051,402,173,113,83,41,2358
2026-09-11T15:26:34.729950+00:00,782,561787,16x,300ms,0,511,1553,340,1049,396,171,111,82,40,2319
2026-09-11T15:26:35.449426+00:00,783,562506,16x,300ms,0,492,1509,329,1017,381,164,107,78,39,2229
2026-09-11T15:26:36.161475+00:00,784,563223,16x,300ms,0,482,1485,324,1001,400,172,112,82,41,2339
2026-09-11T15:26:36.881483+00:00,785,563941,16x,300ms,0,500,1529,334,1031,399,171,112,81,41,2339
2026-09-11T15:26:37.593569+00:00,786,564658,16x,300ms,1,509,1549,339,1046,402,173,113,83,41,2354
2026-09-11T15:26:38.314202+00:00,787,565373,16x,300ms,1,508,1545,337,1042,402,173,113,83,41,2354
2026-09-11T15:26:39.026475+00:00,788,566091,16x,300ms,1,509,1548,338,1045,394,169,111,81,40,2309
2026-09-11T15:26:39.745705+00:00,789,566809,16x,300ms,1,505,1538,336,1038,400,172,112,82,41,2338
2026-09-11T15:26:40.465637+00:00,790,567525,16x,300ms,1,506,1542,337,1040,395,170,111,81,40,2309
2026-09-11T15:26:41.186056+00:00,791,568243,16x,300ms,0,501,1529,333,1030,394,169,110,80,40,2306
2026-09-11T15:26:41.905839+00:00,792,568963,16x,300ms,0,488,1499,327,1010,395,170,111,81,40,2310
2026-09-11T15:26:42.626290+00:00,793,569683,16x,300ms,0,493,1510,330,1018,390,168,110,80,40,2283
2026-09-11T15:26:43.345636+00:00,794,570400,16x,300ms,0,474,1465,320,986,373,161,105,77,38,2183
2026-09-11T15:26:44.057674+00:00,795,571120,16x,300ms,0,470,1455,317,979,376,162,106,77,38,2199
2026-09-11T15:26:44.778386+00:00,796,571838,16x,300ms,1,468,1450,316,975,372,160,105,77,38,2175
2026-09-11T15:26:45.490469+00:00,797,572554,16x,300ms,1,480,1481,323,996,380,164,107,78,39,2225
2026-09-11T15:26:46.210070+00:00,798,573272,16x,300ms,1,458,1427,311,958,365,156,102,74,37,2136
2026-09-11T15:26:46.928972+00:00,799,573988,16x,300ms,1,453,1414,308,949,367,158,103,76,37,2143
2026-09-11T15:26:47.640987+00:00,800,574706,16x,300ms,1,454,1416,309,951,365,157,102,75,37,2134
2026-09-11T15:26:48.361851+00:00,801,575424,16x,300ms,0,459,1428,311,959,363,156,102,75,37,2121
2026-09-11T15:26:49.072672+00:00,802,576142,16x,300ms,0,440,1381,300,926,362,156,102,75,37,2116
2026-09-11T15:26:49.793603+00:00,803,576859,16x,300ms,0,493,1509,329,1015,352,152,99,73,36,2057
2026-09-11T15:26:50.506408+00:00,804,577575,16x,300ms,0,553,1650,360,1114,428,184,120,88,44,2512
2026-09-11T15:26:51.226148+00:00,805,578294,16x,300ms,0,554,1653,361,1117,429,185,121,89,44,2520
2026-09-11T15:26:51.945580+00:00,806,579011,16x,300ms,1,555,1655,361,1118,430,185,121,89,44,2522
2026-09-11T15:26:52.665131+00:00,807,579728,16x,300ms,1,555,1656,362,1118,430,185,121,89,44,2521
2026-09-11T15:26:53.385612+00:00,808,580446,16x,300ms,1,554,1652,361,1115,428,185,121,88,44,2511
2026-09-11T15:26:54.097315+00:00,809,581165,16x,300ms,1,554,1653,361,1115,429,185,121,89,44,2518
2026-09-11T15:26:54.818276+00:00,810,581882,16x,300ms,1,553,1650,360,1113,430,185,121,89,44,2524
2026-09-11T15:26:55.528875+00:00,811,582599,16x,300ms,0,556,1655,361,1117,432,186,122,89,44,2540
2026-09-11T15:26:56.249274+00:00,812,583315,16x,300ms,0,561,1668,364,1126,431,186,121,89,44,2528
2026-09-11T15:26:56.969746+00:00,813,584032,16x,300ms,0,563,1673,365,1129,433,186,122,89,44,2545
2026-09-11T15:26:57.689900+00:00,814,584750,16x,300ms,0,561,1669,364,1126,434,187,123,90,44,2549
2026-09-11T15:26:58.402598+00:00,815,585467,16x,300ms,0,564,1675,366,1130,434,186,123,90,44,2551
2026-09-11T15:26:59.122029+00:00,816,586187,16x,300ms,1,564,1676,366,1131,435,187,123,90,44,2554
2026-09-11T15:26:59.834164+00:00,817,586905,16x,300ms,1,564,1676,366,1131,435,187,123,90,44,2554
2026-09-11T15:27:00.553822+00:00,818,587622,16x,300ms,1,564,1676,366,1130,434,187,122,90,44,2551
2026-09-11T15:27:01.265492+00:00,819,588338,16x,300ms,1,564,1675,366,1129,434,187,122,90,44,2551
2026-09-11T15:27:01.985903+00:00,820,589056,16x,300ms,1,563,1674,365,1129,432,186,121,89,44,2539
2026-09-11T15:27:02.705813+00:00,821,589772,16x,300ms,0,563,1674,365,1128,433,185,121,89,44,2550
2026-09-11T15:27:03.417915+00:00,822,590490,16x,300ms,0,563,1673,365,1127,434,186,122,90,44,2555
2026-09-11T15:27:04.137199+00:00,823,591208,16x,300ms,0,562,1672,364,1126,431,184,120,88,44,2541
2026-09-11T15:27:04.857571+00:00,824,591926,16x,300ms,0,563,1674,365,1127,433,185,121,89,44,2549
2026-09-11T15:27:05.569603+00:00,825,592643,16x,300ms,0,565,1679,366,1130,434,186,122,90,44,2555
2026-09-11T15:27:06.289803+00:00,826,593361,16x,300ms,1,565,1680,366,1131,434,186,122,90,44,2557
2026-09-11T15:27:07.009290+00:00,827,594079,16x,300ms,1,565,1679,366,1130,433,186,122,90,44,2553
2026-09-11T15:27:07.721705+00:00,828,594795,16x,300ms,1,566,1681,367,1132,433,185,121,89,44,2552
2026-09-11T15:27:08.441348+00:00,829,595512,16x,300ms,1,565,1679,366,1130,435,186,122,90,44,2559
2026-09-11T15:27:09.161665+00:00,830,596230,16x,300ms,1,566,1682,367,1132,435,186,122,90,44,2559
2026-09-11T15:27:09.873793+00:00,831,596948,16x,300ms,0,566,1682,367,1132,435,186,122,90,44,2559
2026-09-11T15:27:10.593947+00:00,832,597667,16x,300ms,0,566,1682,367,1132,433,185,122,89,44,2551
2026-09-11T15:27:11.313671+00:00,833,598384,16x,300ms,0,566,1682,367,1132,433,185,121,89,44,2550
2026-09-11T15:27:12.026477+00:00,834,599102,16x,300ms,0,566,1681,366,1131,435,186,122,90,44,2558
2026-09-11T15:27:12.746096+00:00,835,599821,16x,300ms,0,566,1682,367,1132,434,186,122,90,44,2556
2026-09-11T15:27:13.457496+00:00,836,600538,16x,300ms,1,566,1682,367,1132,435,186,122,90,44,2559
2026-09-11T15:27:14.178235+00:00,837,601255,16x,300ms,1,565,1679,366,1129,434,186,122,90,44,2557
2026-09-11T15:27:14.897005+00:00,838,601972,16x,300ms,1,566,1681,367,1131,433,185,121,89,44,2550
2026-09-11T15:27:15.618239+00:00,839,602688,16x,300ms,1,564,1676,365,1127,432,184,121,88,44,2547
2026-09-11T15:27:16.329960+00:00,840,603408,16x,300ms,1,564,1675,365,1127,433,185,122,89,44,2550
2026-09-11T15:27:17.049542+00:00,841,604125,16x,300ms,0,565,1680,366,1129,432,184,120,88,44,2544
2026-09-11T15:27:17.769496+00:00,842,604841,16x,300ms,0,565,1680,366,1129,434,186,122,90,44,2554
2026-09-11T15:27:18.482411+00:00,843,605558,16x,300ms,0,565,1680,366,1129,432,184,121,88,44,2547
2026-09-11T15:27:19.202257+00:00,844,606276,16x,300ms,0,565,1680,366,1129,434,186,122,90,44,2553
2026-09-11T15:27:19.914336+00:00,845,606993,16x,300ms,0,563,1675,365,1125,432,184,121,88,44,2547
2026-09-11T15:27:20.633848+00:00,846,607710,16x,300ms,1,565,1681,366,1129,434,186,122,90,44,2555
2026-09-11T15:27:21.353239+00:00,847,608427,16x,300ms,1,565,1680,365,1128,433,185,122,90,44,2554
2026-09-11T15:27:22.073693+00:00,848,609146,16x,300ms,1,564,1679,365,1128,434,186,122,90,44,2557
2026-09-11T15:27:22.785359+00:00,849,609865,16x,300ms,1,566,1683,367,1131,435,186,122,90,44,2559
2026-09-11T15:27:23.506095+00:00,850,610582,16x,300ms,1,567,1684,367,1131,434,186,122,90,44,2559
2026-09-11T15:27:24.225644+00:00,851,611302,16x,300ms,0,567,1685,367,1131,435,186,122,90,44,2561
2026-09-11T15:27:24.946048+00:00,852,612020,16x,300ms,0,567,1686,367,1132,435,186,122,90,44,2562
2026-09-11T15:27:25.665761+00:00,853,612740,16x,300ms,0,567,1686,367,1132,435,186,122,90,44,2562
2026-09-11T15:27:26.378224+00:00,854,613459,16x,300ms,0,568,1686,367,1132,435,186,122,90,44,2563
2026-09-11T15:27:27.096961+00:00,855,614176,16x,300ms,0,568,1687,367,1132,435,186,122,90,44,2561
2026-09-11T15:27:27.818532+00:00,856,614894,16x,300ms,1,565,1680,365,1127,434,185,121,89,44,2557
2026-09-11T15:27:28.537620+00:00,857,615613,16x,300ms,1,566,1684,367,1130,433,185,121,89,44,2553
2026-09-11T15:27:29.249504+00:00,858,616331,16x,300ms,1,567,1686,367,1131,433,185,121,89,44,2554
2026-09-11T15:27:29.969446+00:00,859,617049,16x,300ms,1,567,1686,367,1131,435,186,122,90,44,2562
2026-09-11T15:27:30.690180+00:00,860,617765,16x,300ms,1,568,1687,367,1131,435,186,122,90,44,2561
2026-09-11T15:27:31.409920+00:00,861,618484,16x,300ms,0,568,1687,367,1131,435,186,122,90,44,2563
2026-09-11T15:27:32.121584+00:00,862,619203,16x,300ms,0,568,1687,367,1132,435,186,122,90,44,2562
2026-09-11T15:27:32.841100+00:00,863,619921,16x,300ms,0,567,1686,367,1131,433,185,121,89,44,2555
2026-09-11T15:27:33.561469+00:00,864,620641,16x,300ms,0,567,1687,367,1131,435,186,122,90,44,2561
2026-09-11T15:27:34.282396+00:00,865,621360,16x,300ms,0,568,1687,367,1131,434,186,122,90,44,2560
2026-09-11T15:27:34.993551+00:00,866,622077,16x,300ms,1,567,1686,367,1130,433,185,122,90,44,2558
2026-09-11T15:27:35.714047+00:00,867,622795,16x,300ms,1,567,1686,367,1130,434,186,122,90,44,2560
2026-09-11T15:27:36.434234+00:00,868,623514,16x,300ms,1,567,1686,367,1130,434,186,122,90,44,2560
2026-09-11T15:27:37.153113+00:00,869,624232,16x,300ms,1,567,1686,367,1130,433,185,121,89,44,2553
2026-09-11T15:27:37.873589+00:00,870,624951,16x,300ms,1,567,1687,367,1130,434,186,122,90,44,2560
2026-09-11T15:27:38.585059+00:00,871,625670,16x,300ms,0,567,1687,367,1130,433,185,121,89,44,2553
2026-09-11T15:27:39.306002+00:00,872,626385,16x,300ms,0,566,1684,366,1128,433,186,122,90,44,2555
2026-09-11T15:27:40.017394+00:00,873,627103,16x,300ms,0,566,1684,366,1128,432,185,121,89,44,2550
2026-09-11T15:27:40.745799+00:00,874,627822,16x,300ms,0,566,1684,366,1128,434,186,122,90,44,2556
2026-09-11T15:27:41.457725+00:00,875,628540,16x,300ms,0,563,1677,365,1122,430,184,120,88,44,2537
2026-09-11T15:27:42.177694+00:00,876,629260,16x,300ms,1,560,1669,363,1117,431,185,121,89,44,2541
2026-09-11T15:27:42.890236+00:00,877,629977,16x,300ms,1,562,1675,364,1121,431,185,121,89,44,2543
2026-09-11T15:27:43.610063+00:00,878,630694,16x,300ms,1,563,1678,365,1122,431,184,121,89,44,2539
2026-09-11T15:27:44.329132+00:00,879,631412,16x,300ms,1,563,1677,364,1121,432,185,121,89,44,2544
2026-09-11T15:27:45.049326+00:00,880,632130,16x,300ms,1,563,1678,365,1122,430,184,120,88,44,2538
2026-09-11T15:27:45.761423+00:00,881,632848,16x,300ms,0,563,1677,365,1121,430,184,120,88,44,2538
2026-09-11T15:27:46.482281+00:00,882,633566,16x,300ms,0,563,1679,365,1122,430,184,120,88,44,2537
2026-09-11T15:27:47.202469+00:00,883,634284,16x,300ms,0,564,1679,365,1123,432,185,121,89,44,2545
2026-09-11T15:27:47.913725+00:00,884,635001,16x,300ms,0,562,1674,363,1119,432,185,121,89,44,2546
2026-09-11T15:27:48.633646+00:00,885,635719,16x,300ms,0,562,1674,364,1119,431,184,121,89,44,2545
2026-09-11T15:27:49.353065+00:00,886,636438,16x,300ms,1,564,1679,365,1122,432,185,121,89,44,2547
2026-09-11T15:27:50.065536+00:00,887,637157,16x,300ms,1,562,1675,364,1119,431,185,121,89,44,2547
2026-09-11T15:27:50.785058+00:00,888,637875,16x,300ms,1,565,1681,365,1123,432,185,121,89,44,2547
2026-09-11T15:27:51.505963+00:00,889,638590,16x,300ms,1,564,1681,365,1123,432,185,121,89,44,2548
2026-09-11T15:27:52.218154+00:00,890,639307,16x,300ms,1,565,1681,365,1123,432,185,121,89,44,2549
2026-09-11T15:27:52.936865+00:00,891,640025,16x,300ms,0,564,1680,365,1122,432,185,121,89,44,2546
2026-09-11T15:27:53.657703+00:00,892,640742,16x,300ms,0,565,1682,365,1124,432,185,121,89,44,2547
2026-09-11T15:27:54.377604+00:00,893,641461,16x,300ms,0,564,1680,365,1122,431,184,121,89,44,2540
2026-09-11T15:27:55.090102+00:00,894,642178,16x,300ms,0,562,1675,364,1119,431,185,121,89,44,2541
2026-09-11T15:27:55.810374+00:00,895,642897,16x,300ms,0,560,1671,363,1115,429,184,120,88,44,2532
2026-09-11T15:27:56.521165+00:00,896,643616,16x,300ms,1,562,1677,364,1119,431,185,121,89,44,2541
2026-09-11T15:27:57.242326+00:00,897,644332,16x,300ms,1,563,1677,364,1119,431,184,121,89,44,2540
2026-09-11T15:27:57.961307+00:00,898,645049,16x,300ms,1,563,1679,365,1120,431,185,121,89,44,2545
2026-09-11T15:27:58.673484+00:00,899,645765,16x,300ms,1,564,1680,365,1121,430,184,121,88,44,2540
2026-09-11T15:27:59.394149+00:00,900,646482,16x,300ms,1,563,1680,365,1120,431,185,121,89,44,2541
2026-09-11T15:28:00.106375+00:00,901,647199,16x,300ms,0,564,1681,365,1121,430,184,121,88,44,2539
2026-09-11T15:28:00.826514+00:00,902,647917,16x,300ms,0,563,1677,364,1118,432,185,121,89,44,2547
2026-09-11T15:28:01.545051+00:00,903,648635,16x,300ms,0,563,1678,364,1119,431,185,121,89,44,2545
2026-09-11T15:28:02.265463+00:00,904,649354,16x,300ms,0,563,1679,364,1119,431,185,121,89,44,2545
2026-09-11T15:28:02.977529+00:00,905,650073,16x,300ms,0,564,1681,365,1120,431,185,121,89,44,2544
2026-09-11T15:28:03.697486+00:00,906,650791,16x,300ms,1,562,1676,363,1117,432,185,122,89,44,2551
2026-09-11T15:28:04.418335+00:00,907,651508,16x,300ms,1,568,1688,366,1126,431,185,121,89,44,2543
2026-09-11T15:28:05.129689+00:00,908,652224,16x,300ms,1,546,1639,355,1091,418,179,118,86,42,2466
2026-09-11T15:28:05.849798+00:00,909,652943,16x,300ms,1,542,1630,353,1084,419,180,118,87,43,2472
2026-09-11T15:28:06.570082+00:00,910,653660,16x,300ms,1,542,1630,353,1084,420,179,118,87,43,2479
2026-09-11T15:28:07.290442+00:00,911,654376,16x,300ms,0,530,1604,348,1066,417,179,117,86,42,2459
2026-09-11T15:28:08.000719+00:00,912,655095,16x,300ms,0,538,1620,351,1078,412,176,116,84,42,2432
2026-09-11T15:28:08.722251+00:00,913,655814,16x,300ms,0,546,1639,355,1090,416,178,116,85,42,2458
2026-09-11T15:28:09.432635+00:00,914,656533,16x,300ms,0,542,1630,353,1084,419,180,118,87,43,2474
2026-09-11T15:28:10.152926+00:00,915,657250,16x,300ms,0,543,1632,354,1085,418,179,117,86,42,2464
2026-09-11T15:28:10.872835+00:00,916,657967,16x,300ms,1,537,1618,350,1075,416,178,117,86,42,2455
2026-09-11T15:28:11.585303+00:00,917,658684,16x,300ms,1,546,1640,355,1090,416,178,117,86,42,2456
2026-09-11T15:28:12.296932+00:00,918,659400,16x,300ms,1,538,1621,351,1077,413,176,116,86,42,2441
2026-09-11T15:28:13.025386+00:00,919,660117,16x,300ms,1,533,1610,348,1069,415,178,117,86,42,2451
2026-09-11T15:28:13.736252+00:00,920,660833,16x,300ms,1,542,1630,353,1083,419,179,118,87,42,2471
2026-09-11T15:28:14.457054+00:00,921,661550,16x,300ms,0,545,1638,355,1089,418,179,118,87,42,2469
2026-09-11T15:28:15.168839+00:00,922,662269,16x,300ms,0,544,1635,354,1086,418,179,118,87,42,2469
2026-09-11T15:28:15.889432+00:00,923,662986,16x,300ms,0,543,1633,354,1085,419,179,118,87,43,2471
2026-09-11T15:28:16.608735+00:00,924,663703,16x,300ms,0,545,1636,354,1086,419,179,118,87,43,2472
2026-09-11T15:28:17.328052+00:00,925,664421,16x,300ms,0,546,1640,355,1090,418,179,118,86,43,2473
2026-09-11T15:28:18.040891+00:00,926,665141,16x,300ms,1,548,1645,356,1093,420,180,118,87,43,2481
2026-09-11T15:28:18.760442+00:00,927,665860,16x,300ms,1,548,1645,356,1093,422,181,119,87,43,2491
2026-09-11T15:28:19.473286+00:00,928,666575,16x,300ms,1,549,1646,356,1093,417,179,117,86,42,2461
2026-09-11T15:28:20.192800+00:00,929,667293,16x,300ms,1,543,1632,353,1083,426,183,120,88,43,2515
2026-09-11T15:28:20.912902+00:00,930,668010,16x,300ms,1,550,1650,357,1096,420,179,118,86,43,2483
2026-09-11T15:28:21.625134+00:00,931,668726,16x,300ms,0,540,1626,352,1079,418,179,118,87,42,2471
2026-09-11T15:28:22.344498+00:00,932,669443,16x,300ms,0,545,1638,355,1087,421,181,118,87,43,2486
2026-09-11T15:28:23.065335+00:00,933,670161,16x,300ms,0,553,1655,358,1100,424,182,119,88,43,2502
2026-09-11T15:28:23.784980+00:00,934,670880,16x,300ms,0,552,1654,358,1098,424,182,119,88,43,2505
2026-09-11T15:28:24.496807+00:00,935,671598,16x,300ms,0,552,1654,358,1099,423,181,119,88,43,2500
2026-09-11T15:28:25.208781+00:00,936,672315,16x,300ms,1,555,1660,359,1102,423,181,118,87,43,2500
2026-09-11T15:28:25.929535+00:00,937,673032,16x,300ms,1,553,1656,358,1099,421,181,119,87,43,2488
2026-09-11T15:28:26.640801+00:00,938,673747,16x,300ms,1,549,1647,356,1092,421,181,119,87,43,2489
2026-09-11T15:28:27.360438+00:00,939,674465,16x,300ms,1,551,1652,357,1096,419,179,118,87,43,2472
2026-09-11T15:28:28.081127+00:00,940,675181,16x,300ms,1,545,1638,354,1086,420,180,118,86,43,2482
2026-09-11T15:28:28.792945+00:00,941,675898,16x,300ms,0,551,1652,357,1096,422,181,118,87,43,2497
2026-09-11T15:28:29.513030+00:00,942,676615,16x,300ms,0,557,1666,361,1106,426,183,120,88,43,2517
2026-09-11T15:28:30.232920+00:00,943,677334,16x,300ms,0,557,1663,360,1104,427,183,120,88,43,2522
2026-09-11T15:28:30.952741+00:00,944,678052,16x,300ms,0,550,1649,356,1094,419,180,118,87,43,2476
2026-09-11T15:28:31.664844+00:00,945,678769,16x,300ms,0,542,1631,353,1081,418,179,118,87,42,2471
2026-09-11T15:28:32.376784+00:00,946,679488,16x,300ms,1,552,1654,358,1097,417,179,117,86,42,2460
2026-09-11T15:28:33.097035+00:00,947,680204,16x,300ms,1,549,1647,356,1091,422,181,119,87,43,2492
2026-09-11T15:28:33.817788+00:00,948,680920,16x,300ms,1,552,1653,357,1096,423,181,119,88,43,2496
2026-09-11T15:28:34.537169+00:00,949,681636,16x,300ms,1,552,1655,358,1097,422,182,120,87,43,2491
2026-09-11T15:28:35.249107+00:00,950,682352,16x,300ms,1,553,1656,358,1098,424,183,120,88,43,2500
2026-09-11T15:28:35.969520+00:00,951,683071,16x,300ms,0,551,1651,357,1094,424,183,120,88,43,2501
2026-09-11T15:28:36.688230+00:00,952,683789,16x,300ms,0,553,1656,358,1098,424,183,120,88,43,2501
2026-09-11T15:28:37.401382+00:00,953,684508,16x,300ms,0,553,1657,358,1098,423,183,120,88,43,2496
2026-09-11T15:28:38.120435+00:00,954,685227,16x,300ms,0,552,1654,358,1096,424,183,120,88,43,2502
2026-09-11T15:28:38.840628+00:00,955,685944,16x,300ms,0,553,1657,358,1098,424,183,120,88,43,2502
2026-09-11T15:28:39.552664+00:00,956,686661,16x,300ms,1,553,1657,358,1098,424,183,120,88,43,2502
2026-09-11T15:28:40.272684+00:00,957,687378,16x,300ms,1,553,1657,358,1098,424,183,120,88,43,2502
2026-09-11T15:28:40.992677+00:00,958,688097,16x,300ms,1,553,1657,358,1098,423,182,119,88,43,2501
2026-09-11T15:28:41.713396+00:00,959,688816,16x,300ms,1,553,1657,358,1098,423,182,119,88,43,2501
2026-09-11T15:28:42.425482+00:00,960,689531,16x,300ms,1,553,1658,359,1098,424,184,120,88,43,2504
2026-09-11T15:28:43.144545+00:00,961,690250,16x,300ms,0,554,1658,359,1098,425,183,120,88,43,2504
2026-09-11T15:28:43.864768+00:00,962,690967,16x,300ms,0,554,1658,359,1098,423,182,120,87,43,2496
2026-09-11T15:28:44.584203+00:00,963,691686,16x,300ms,0,554,1659,359,1098,424,184,120,88,43,2504
2026-09-11T15:28:45.297535+00:00,964,692406,16x,300ms,0,552,1652,357,1094,424,183,120,88,43,2503
2026-09-11T15:28:46.016343+00:00,965,693123,16x,300ms,0,554,1658,359,1098,424,183,120,88,43,2503
2026-09-11T15:28:46.728818+00:00,966,693841,16x,300ms,1,552,1653,357,1094,424,183,120,88,43,2503
2026-09-11T15:28:47.448915+00:00,967,694558,16x,300ms,1,552,1652,357,1094,422,183,120,88,43,2497
2026-09-11T15:28:48.169028+00:00,968,695274,16x,300ms,1,552,1653,357,1093,424,183,120,88,43,2503
2026-09-11T15:28:48.889701+00:00,969,695994,16x,300ms,1,554,1659,358,1098,426,184,121,88,43,2512
2026-09-11T15:28:49.601542+00:00,970,696712,16x,300ms,1,554,1660,358,1097,426,184,121,88,43,2512
2026-09-11T15:28:50.320935+00:00,971,697430,16x,300ms,0,555,1662,359,1099,426,184,121,89,43,2513
2026-09-11T15:28:51.040665+00:00,972,698146,16x,300ms,0,556,1665,360,1101,426,184,121,88,43,2513
2026-09-11T15:28:51.752775+00:00,973,698867,16x,300ms,0,554,1661,358,1098,424,183,120,87,43,2504
2026-09-11T15:28:52.472395+00:00,974,699584,16x,300ms,0,556,1666,360,1101,425,183,120,88,43,2509
2026-09-11T15:28:53.192764+00:00,975,700301,16x,300ms,0,556,1666,360,1101,426,184,121,89,43,2513
2026-09-11T15:28:53.905206+00:00,976,701021,16x,300ms,1,554,1661,358,1097,426,184,121,89,43,2513
2026-09-11T15:28:54.624914+00:00,977,701737,16x,300ms,1,554,1661,358,1097,426,184,121,89,43,2513
2026-09-11T15:28:55.344997+00:00,978,702455,16x,300ms,1,556,1667,360,1101,426,184,121,88,43,2513
2026-09-11T15:28:56.056768+00:00,979,703172,16x,300ms,1,556,1666,360,1101,425,184,120,88,43,2512
2026-09-11T15:28:56.777677+00:00,980,703888,16x,300ms,1,556,1667,360,1100,425,183,120,88,43,2511
2026-09-11T15:28:57.497148+00:00,981,704608,16x,300ms,0,556,1667,360,1100,425,183,120,88,43,2511
2026-09-11T15:28:58.216993+00:00,982,705325,16x,300ms,0,556,1667,360,1100,423,182,120,87,43,2504
2026-09-11T15:28:58.929194+00:00,983,706043,16x,300ms,0,555,1664,359,1097,425,184,121,88,43,2512
2026-09-11T15:28:59.648790+00:00,984,706760,16x,300ms,0,556,1667,360,1100,425,183,120,88,43,2511
2026-09-11T15:29:00.361581+00:00,985,707478,16x,300ms,0,556,1667,359,1100,425,184,120,88,43,2512
2026-09-11T15:29:01.081510+00:00,986,708197,16x,300ms,1,554,1662,358,1096,425,184,121,88,43,2513
2026-09-11T15:29:01.800683+00:00,987,708915,16x,300ms,1,556,1668,360,1100,426,184,121,89,43,2513
2026-09-11T15:29:02.513169+00:00,988,709633,16x,300ms,1,557,1668,360,1100,424,183,121,87,43,2505
2026-09-11T15:29:03.232936+00:00,989,710349,16x,300ms,1,556,1668,360,1100,425,184,121,88,43,2513
2026-09-11T15:29:03.953068+00:00,990,711066,16x,300ms,1,555,1664,358,1096,425,184,121,89,43,2513
2026-09-11T15:29:04.665758+00:00,991,711784,16x,300ms,0,557,1668,360,1099,425,184,121,88,43,2513
2026-09-11T15:29:05.385408+00:00,992,712501,16x,300ms,0,557,1668,360,1100,425,184,121,89,43,2513
2026-09-11T15:29:06.111228+00:00,993,713219,16x,300ms,0,555,1662,358,1095,425,184,121,88,43,2513
2026-09-11T15:29:06.822895+00:00,994,713937,16x,300ms,0,557,1668,360,1100,424,183,121,87,43,2506
2026-09-11T15:29:07.543712+00:00,995,714656,16x,300ms,0,557,1668,360,1100,425,184,121,89,43,2513
2026-09-11T15:29:08.255197+00:00,996,715375,16x,300ms,1,557,1668,360,1099,425,184,121,89,43,2513
2026-09-11T15:29:08.975858+00:00,997,716093,16x,300ms,1,557,1668,360,1099,424,183,120,87,43,2506
2026-09-11T15:29:09.688083+00:00,998,716810,16x,300ms,1,557,1668,360,1099,425,184,121,88,43,2512
2026-09-11T15:29:10.407215+00:00,999,717526,16x,300ms,1,557,1669,360,1099,425,184,121,89,43,2513
2026-09-11T15:29:11.126981+00:00,1000,718243,16x,300ms,1,556,1668,360,1098,425,184,121,89,43,2513
2026-09-11T15:29:11.847638+00:00,1001,718961,16x,300ms,0,557,1669,360,1099,425,184,121,88,43,2513
2026-09-11T15:29:12.559045+00:00,1002,719680,16x,300ms,0,555,1665,358,1096,425,184,121,88,43,2514
2026-09-11T15:29:13.279454+00:00,1003,720398,16x,300ms,0,557,1669,360,1099,425,184,121,88,43,2514
2026-09-11T15:29:13.999616+00:00,1004,721115,16x,300ms,0,557,1668,359,1098,425,184,121,89,43,2514
2026-09-11T15:29:14.711190+00:00,1005,721833,16x,300ms,0,557,1670,360,1099,425,184,121,88,43,2510
2026-09-11T15:29:15.431339+00:00,1006,722553,16x,300ms,1,557,1670,360,1099,423,182,120,87,43,2504
2026-09-11T15:29:16.143241+00:00,1007,723269,16x,300ms,1,557,1670,360,1099,425,183,120,88,43,2512
2026-09-11T15:29:16.864004+00:00,1008,723986,16x,300ms,1,557,1669,359,1098,424,183,120,88,43,2511
2026-09-11T15:29:17.584070+00:00,1009,724703,16x,300ms,1,557,1670,360,1099,425,184,121,88,43,2513
2026-09-11T15:29:18.294531+00:00,1010,725420,16x,300ms,1,557,1670,359,1098,423,183,121,88,43,2507
2026-09-11T15:29:19.015534+00:00,1011,726135,16x,300ms,0,555,1664,358,1094,425,184,121,88,43,2512
2026-09-11T15:29:19.735378+00:00,1012,726853,16x,300ms,0,557,1670,359,1097,423,183,120,87,43,2505
2026-09-11T15:29:20.455840+00:00,1013,727570,16x,300ms,0,555,1665,358,1096,425,184,121,88,43,2513
2026-09-11T15:29:21.167718+00:00,1014,728290,16x,300ms,0,557,1670,360,1098,425,184,121,89,43,2514
2026-09-11T15:29:21.887136+00:00,1015,729009,16x,300ms,0,557,1670,360,1098,423,183,119,87,43,2505
2026-09-11T15:29:22.607186+00:00,1016,729725,16x,300ms,1,555,1665,358,1094,425,184,121,89,43,2513
2026-09-11T15:29:23.318182+00:00,1017,730442,16x,300ms,1,557,1670,360,1098,425,184,121,88,43,2513
2026-09-11T15:29:24.031773+00:00,1018,731160,16x,300ms,1,557,1671,359,1098,425,184,121,89,43,2514
2026-09-11T15:29:24.751584+00:00,1019,731876,16x,300ms,1,557,1669,359,1097,425,184,121,89,43,2514
2026-09-11T15:29:25.471476+00:00,1020,732593,16x,300ms,1,557,1671,360,1098,425,184,121,89,43,2514
2026-09-11T15:29:26.191649+00:00,1021,733310,16x,300ms,0,557,1671,359,1098,423,183,121,87,43,2506
2026-09-11T15:29:26.911084+00:00,1022,734030,16x,300ms,0,556,1666,358,1094,424,183,121,89,43,2511
2026-09-11T15:29:27.623084+00:00,1023,734749,16x,300ms,0,556,1666,358,1094,424,183,121,88,43,2510
2026-09-11T15:29:28.343163+00:00,1024,735467,16x,300ms,0,558,1671,359,1098,425,184,121,89,43,2514
2026-09-11T15:29:29.064046+00:00,1025,736184,16x,300ms,0,556,1666,358,1094,425,184,121,89,43,2513
2026-09-11T15:29:29.774804+00:00,1026,736904,16x,300ms,1,558,1671,359,1098,424,184,121,88,43,2509
2026-09-11T15:29:30.495329+00:00,1027,737622,16x,300ms,1,556,1669,359,1095,425,184,121,89,43,2514
2026-09-11T15:29:31.215386+00:00,1028,738337,16x,300ms,1,557,1671,359,1097,423,183,119,87,43,2508
2026-09-11T15:29:31.927306+00:00,1029,739055,16x,300ms,1,557,1671,359,1097,423,182,120,87,43,2505
2026-09-11T15:29:32.647698+00:00,1030,739774,16x,300ms,1,555,1665,358,1093,423,183,120,87,43,2506
2026-09-11T15:29:33.368055+00:00,1031,740491,16x,300ms,0,557,1671,359,1097,425,184,121,88,43,2512
2026-09-11T15:29:34.087771+00:00,1032,741208,16x,300ms,0,557,1670,359,1096,424,184,121,88,43,2511
2026-09-11T15:29:34.799462+00:00,1033,741926,16x,300ms,0,556,1669,359,1095,423,183,121,88,43,2508
2026-09-11T15:29:35.518920+00:00,1034,742645,16x,300ms,0,557,1670,359,1096,424,184,121,88,43,2511
2026-09-11T15:29:36.231835+00:00,1035,743363,16x,300ms,0,557,1670,359,1096,423,182,120,87,43,2504
2026-09-11T15:29:36.952123+00:00,1036,744080,16x,300ms,1,557,1670,359,1096,424,184,121,88,43,2511
2026-09-11T15:29:37.670876+00:00,1037,744798,16x,300ms,1,557,1670,359,1096,423,182,120,87,43,2503
2026-09-11T15:29:38.382338+00:00,1038,745515,16x,300ms,1,557,1670,359,1096,423,183,120,87,43,2507
2026-09-11T15:29:39.102660+00:00,1039,746231,16x,300ms,1,555,1665,358,1092,424,184,121,88,43,2510
2026-09-11T15:29:39.823237+00:00,1040,746949,16x,300ms,1,555,1664,357,1092,424,184,121,88,43,2511
2026-09-11T15:29:40.543040+00:00,1041,747667,16x,300ms,0,555,1665,357,1092,423,183,120,87,43,2506
2026-09-11T15:29:41.255852+00:00,1042,748384,16x,300ms,0,557,1670,359,1095,424,184,120,88,43,2510
2026-09-11T15:29:41.975650+00:00,1043,749103,16x,300ms,0,555,1665,358,1092,424,184,121,88,43,2511
2026-09-11T15:29:42.694323+00:00,1044,749822,16x,300ms,0,557,1670,359,1095,423,182,120,88,43,2507
2026-09-11T15:29:43.407815+00:00,1045,750539,16x,300ms,0,557,1671,359,1095,422,182,120,87,43,2503
2026-09-11T15:29:44.127185+00:00,1046,751260,16x,300ms,1,557,1671,359,1095,424,183,120,88,43,2510
2026-09-11T15:29:44.847460+00:00,1047,751976,16x,300ms,1,557,1670,359,1095,424,183,120,88,43,2511
2026-09-11T15:29:45.559348+00:00,1048,752696,16x,300ms,1,557,1671,359,1094,424,183,120,88,43,2511
2026-09-11T15:29:46.279248+00:00,1049,753413,16x,300ms,1,555,1666,357,1092,423,182,120,88,43,2508
2026-09-11T15:29:46.999541+00:00,1050,754129,16x,300ms,1,557,1671,359,1095,424,183,120,88,43,2509
2026-09-11T15:29:47.718860+00:00,1051,754847,16x,300ms,0,557,1671,359,1094,423,182,120,88,43,2508
2026-09-11T15:29:48.439678+00:00,1052,755566,16x,300ms,0,557,1671,359,1094,423,182,120,88,43,2509
2026-09-11T15:29:49.151386+00:00,1053,756286,16x,300ms,0,557,1672,359,1094,423,182,120,88,43,2508
2026-09-11T15:29:49.871678+00:00,1054,757005,16x,300ms,0,557,1671,359,1094,423,182,120,88,43,2509
2026-09-11T15:29:50.591221+00:00,1055,757724,16x,300ms,0,557,1671,359,1095,422,182,120,87,43,2503
2026-09-11T15:29:51.311736+00:00,1056,758443,16x,300ms,1,555,1666,357,1091,422,182,120,87,43,2502
2026-09-11T15:29:52.031305+00:00,1057,759161,16x,300ms,1,555,1667,357,1091,422,181,120,87,43,2501
2026-09-11T15:29:52.743291+00:00,1058,759879,16x,300ms,1,556,1670,358,1093,423,183,120,88,43,2508
2026-09-11T15:29:53.463656+00:00,1059,760598,16x,300ms,1,557,1671,359,1093,422,182,120,87,43,2501
2026-09-11T15:29:54.183689+00:00,1060,761316,16x,300ms,1,557,1671,359,1094,423,183,120,88,43,2507
2026-09-11T15:29:54.895265+00:00,1061,762033,16x,300ms,0,557,1671,359,1093,422,182,119,87,43,2501
2026-09-11T15:29:55.615033+00:00,1062,762749,16x,300ms,0,557,1671,359,1094,423,183,120,88,43,2508
2026-09-11T15:29:56.327248+00:00,1063,763466,16x,300ms,0,557,1671,359,1093,422,182,120,88,43,2507
2026-09-11T15:29:57.055365+00:00,1064,764184,16x,300ms,0,557,1671,359,1093,423,183,120,88,43,2508
2026-09-11T15:29:57.767177+00:00,1065,764903,16x,300ms,0,557,1671,359,1093,423,183,120,88,43,2507
2026-09-11T15:29:58.486353+00:00,1066,765622,16x,300ms,1,557,1671,359,1093,423,183,120,88,43,2509
2026-09-11T15:29:59.199507+00:00,1067,766338,16x,300ms,1,556,1670,358,1092,423,183,120,88,43,2508
2026-09-11T15:29:59.919481+00:00,1068,767056,16x,300ms,1,557,1672,359,1093,422,182,120,87,43,2501
2026-09-11T15:30:00.639144+00:00,1069,767774,16x,300ms,1,557,1672,359,1093,422,182,119,87,43,2501
2026-09-11T15:30:01.359414+00:00,1070,768492,16x,300ms,1,557,1672,359,1093,424,183,120,88,43,2509
2026-09-11T15:30:02.071144+00:00,1071,769211,16x,300ms,0,557,1672,359,1093,422,182,120,87,43,2501
2026-09-11T15:30:02.791502+00:00,1072,769930,16x,300ms,0,557,1672,359,1093,423,183,120,88,43,2509
2026-09-11T15:30:03.511333+00:00,1073,770647,16x,300ms,0,557,1672,359,1093,423,183,120,88,43,2508
2026-09-11T15:30:04.231637+00:00,1074,771363,16x,300ms,0,556,1668,357,1090,422,182,120,88,43,2501
2026-09-11T15:30:04.943403+00:00,1075,772082,16x,300ms,0,557,1672,359,1093,422,182,120,88,43,2506
2026-09-11T15:30:05.663523+00:00,1076,772800,16x,300ms,1,555,1666,357,1089,423,183,120,88,43,2508
2026-09-11T15:30:06.383066+00:00,1077,773518,16x,300ms,1,557,1672,359,1093,422,182,120,88,43,2502
2026-09-11T15:30:07.094707+00:00,1078,774237,16x,300ms,1,557,1672,359,1093,423,183,120,88,43,2509
2026-09-11T15:30:07.814993+00:00,1079,774955,16x,300ms,1,557,1672,359,1093,423,183,120,88,43,2509
2026-09-11T15:30:08.535307+00:00,1080,775672,16x,300ms,1,557,1672,359,1092,422,182,119,87,43,2502
2026-09-11T15:30:09.247251+00:00,1081,776390,16x,300ms,0,558,1673,359,1093,424,183,120,88,43,2510
2026-09-11T15:30:09.975254+00:00,1082,777110,16x,300ms,0,558,1673,359,1093,424,184,121,88,43,2510
2026-09-11T15:30:10.687660+00:00,1083,777828,16x,300ms,0,557,1671,358,1092,423,183,120,88,43,2510
2026-09-11T15:30:11.406583+00:00,1084,778545,16x,300ms,0,556,1668,357,1089,422,182,119,87,43,2502
2026-09-11T15:30:12.119167+00:00,1085,779264,16x,300ms,0,558,1673,359,1093,423,183,120,88,43,2508
2026-09-11T15:30:12.838962+00:00,1086,779982,16x,300ms,1,557,1673,359,1092,421,181,120,87,43,2501
2026-09-11T15:30:13.559826+00:00,1087,780699,16x,300ms,1,556,1670,357,1090,422,182,120,88,43,2506
2026-09-11T15:30:14.271617+00:00,1088,781416,16x,300ms,1,557,1673,358,1091,422,182,120,88,43,2507
2026-09-11T15:30:14.991547+00:00,1089,782133,16x,300ms,1,557,1673,358,1091,422,182,120,88,43,2507
2026-09-11T15:30:15.703878+00:00,1090,782850,16x,300ms,1,556,1668,357,1088,422,182,120,88,43,2507
2026-09-11T15:30:16.422865+00:00,1091,783566,16x,300ms,0,558,1673,358,1091,422,182,120,88,43,2507
2026-09-11T15:30:17.143152+00:00,1092,784285,16x,300ms,0,557,1672,358,1091,421,181,119,87,43,2499
2026-09-11T15:30:17.863223+00:00,1093,785002,16x,300ms,0,558,1674,359,1092,423,182,120,88,43,2508
2026-09-11T15:30:18.582596+00:00,1094,785721,16x,300ms,0,556,1668,357,1088,423,183,120,88,43,2508
2026-09-11T15:30:19.295532+00:00,1095,786440,16x,300ms,0,558,1673,358,1091,423,183,120,88,43,2509
2026-09-11T15:30:20.015088+00:00,1096,787159,16x,300ms,1,558,1674,359,1091,422,182,120,88,43,2506
2026-09-11T15:30:20.735554+00:00,1097,787875,16x,300ms,1,558,1673,358,1091,421,181,119,87,43,2500
2026-09-11T15:30:21.447791+00:00,1098,788593,16x,300ms,1,557,1672,357,1089,423,182,120,88,43,2508
2026-09-11T15:30:22.167355+00:00,1099,789310,16x,300ms,1,556,1669,357,1088,423,182,120,88,43,2508
2026-09-11T15:30:22.887205+00:00,1100,790029,16x,300ms,1,558,1674,359,1091,422,182,119,87,43,2503
2026-09-11T15:30:23.607460+00:00,1101,790748,16x,300ms,0,558,1674,359,1092,423,183,120,88,43,2510
2026-09-11T15:30:24.319267+00:00,1102,791467,16x,300ms,0,558,1674,359,1092,423,183,121,88,43,2510
2026-09-11T15:30:25.038977+00:00,1103,792185,16x,300ms,0,556,1668,357,1088,422,182,120,88,43,2507
2026-09-11T15:30:25.759325+00:00,1104,792903,16x,300ms,0,558,1674,358,1091,423,183,120,88,43,2509
2026-09-11T15:30:26.471455+00:00,1105,793622,16x,300ms,0,558,1674,359,1091,423,184,121,88,43,2510
2026-09-11T15:30:27.191239+00:00,1106,794341,16x,300ms,1,558,1674,359,1091,424,184,121,88,43,2510
2026-09-11T15:30:27.911779+00:00,1107,795057,16x,300ms,1,557,1673,358,1090,423,184,121,88,43,2510
2026-09-11T15:30:28.623654+00:00,1108,795776,16x,300ms,1,558,1675,359,1091,422,183,120,87,43,2505
2026-09-11T15:30:29.343919+00:00,1109,796493,16x,300ms,1,558,1675,359,1091,423,184,121,88,43,2510
2026-09-11T15:30:30.063049+00:00,1110,797210,16x,300ms,1,558,1675,359,1091,423,184,121,88,43,2510
2026-09-11T15:30:30.783356+00:00,1111,797928,16x,300ms,0,558,1674,358,1091,423,183,121,88,43,2509
2026-09-11T15:30:31.496005+00:00,1112,798645,16x,300ms,0,558,1675,359,1091,423,183,120,88,43,2508
2026-09-11T15:30:32.215157+00:00,1113,799363,16x,300ms,0,558,1675,359,1091,423,184,121,88,43,2510
2026-09-11T15:30:32.926992+00:00,1114,800081,16x,300ms,0,558,1675,359,1091,423,184,121,88,43,2510
2026-09-11T15:30:33.647267+00:00,1115,800798,16x,300ms,0,558,1675,359,1091,423,184,121,88,43,2510
2026-09-11T15:30:34.367702+00:00,1116,801516,16x,300ms,1,558,1675,359,1091,423,184,121,88,43,2510
2026-09-11T15:30:35.078992+00:00,1117,802232,16x,300ms,1,558,1675,359,1090,423,183,121,88,43,2510
2026-09-11T15:30:35.799473+00:00,1118,802950,16x,300ms,1,558,1675,359,1091,423,184,121,88,43,2510
2026-09-11T15:30:36.511306+00:00,1119,803666,16x,300ms,1,558,1675,359,1091,423,183,121,88,43,2510
2026-09-11T15:30:37.239228+00:00,1120,804383,16x,300ms,1,558,1675,359,1091,421,182,120,87,43,2502
2026-09-11T15:30:37.951193+00:00,1121,805101,16x,300ms,0,556,1669,357,1086,423,183,121,88,43,2510
2026-09-11T15:30:38.671623+00:00,1122,805820,16x,300ms,0,558,1675,359,1091,423,184,121,88,43,2510
2026-09-11T15:30:39.391294+00:00,1123,806539,16x,300ms,0,557,1673,358,1088,423,183,121,88,43,2510
2026-09-11T15:30:40.110996+00:00,1124,807258,16x,300ms,0,556,1669,357,1086,423,184,121,88,43,2510
2026-09-11T15:30:40.823093+00:00,1125,807974,16x,300ms,0,558,1676,359,1090,423,184,121,88,43,2510
2026-09-11T15:30:41.542973+00:00,1126,808695,16x,300ms,1,558,1675,358,1090,423,183,121,88,43,2509
2026-09-11T15:30:42.255455+00:00,1127,809412,16x,300ms,1,556,1670,357,1086,421,182,120,87,43,2501
2026-09-11T15:30:42.975312+00:00,1128,810130,16x,300ms,1,558,1675,359,1090,423,183,120,88,43,2507
2026-09-11T15:30:43.695751+00:00,1129,810847,16x,300ms,1,556,1670,357,1086,423,183,121,88,43,2509
2026-09-11T15:30:44.414733+00:00,1130,811565,16x,300ms,1,558,1675,358,1090,421,182,120,87,43,2500
2026-09-11T15:30:45.134785+00:00,1131,812281,16x,300ms,0,558,1675,358,1090,423,183,121,88,43,2509
2026-09-11T15:30:45.847227+00:00,1132,813000,16x,300ms,0,558,1676,358,1090,423,183,121,88,43,2509
2026-09-11T15:30:46.567065+00:00,1133,813721,16x,300ms,0,557,1674,357,1087,422,182,119,87,43,2504
2026-09-11T15:30:47.287849+00:00,1134,814438,16x,300ms,0,557,1675,357,1089,421,182,119,87,43,2501
2026-09-11T15:30:47.999422+00:00,1135,815155,16x,300ms,0,558,1676,358,1089,423,183,121,88,43,2509
2026-09-11T15:30:48.718853+00:00,1136,815873,16x,300ms,1,556,1672,357,1087,423,183,120,88,43,2509
2026-09-11T15:30:49.439291+00:00,1137,816589,16x,300ms,1,558,1675,358,1089,423,183,121,88,43,2509
2026-09-11T15:30:50.159282+00:00,1138,817308,16x,300ms,1,557,1673,357,1087,423,183,120,88,43,2509
2026-09-11T15:30:50.879943+00:00,1139,818027,16x,300ms,1,557,1673,357,1087,423,183,121,88,43,2509
2026-09-11T15:30:51.591485+00:00,1140,818746,16x,300ms,1,558,1676,358,1089,421,182,119,87,43,2500
2026-09-11T15:30:52.311099+00:00,1141,819465,16x,300ms,0,558,1676,358,1089,423,183,121,88,43,2509
2026-09-11T15:30:53.023027+00:00,1142,820185,16x,300ms,0,558,1676,358,1089,421,182,119,87,43,2500
2026-09-11T15:30:53.743629+00:00,1143,820901,16x,300ms,0,557,1671,357,1086,421,182,120,88,43,2502
2026-09-11T15:30:54.462994+00:00,1144,821618,16x,300ms,0,558,1676,358,1089,423,183,120,88,43,2508
2026-09-11T15:30:55.174479+00:00,1145,822336,16x,300ms,0,556,1670,357,1085,423,183,120,88,43,2508
2026-09-11T15:30:55.894660+00:00,1146,823053,16x,300ms,1,557,1673,357,1087,421,182,120,87,43,2500
2026-09-11T15:30:56.615485+00:00,1147,823772,16x,300ms,1,556,1670,357,1085,423,183,120,88,43,2508
2026-09-11T15:30:57.335046+00:00,1148,824489,16x,300ms,1,558,1676,358,1089,421,182,120,88,43,2502
2026-09-11T15:30:58.047106+00:00,1149,825209,16x,300ms,1,558,1676,358,1088,423,183,121,88,43,2508
2026-09-11T15:30:58.767137+00:00,1150,825926,16x,300ms,1,558,1676,358,1088,423,183,120,88,43,2508
2026-09-11T15:30:59.487791+00:00,1151,826643,16x,300ms,0,558,1676,358,1088,423,183,121,88,43,2508
2026-09-11T15:31:00.207382+00:00,1152,827362,16x,300ms,0,558,1676,358,1088,422,183,120,88,43,2507
2026-09-11T15:31:00.919349+00:00,1153,828080,16x,300ms,0,558,1676,358,1088,423,183,121,88,43,2508
2026-09-11T15:31:01.639136+00:00,1154,828797,16x,300ms,0,558,1676,358,1088,423,183,120,88,43,2508
2026-09-11T15:31:02.351595+00:00,1155,829516,16x,300ms,0,558,1676,358,1088,421,182,120,88,43,2505
2026-09-11T15:31:03.078570+00:00,1156,830235,16x,300ms,1,558,1676,358,1088,422,183,120,88,43,2507
2026-09-11T15:31:03.791630+00:00,1157,830952,16x,300ms,1,558,1676,358,1088,422,183,120,88,43,2507
2026-09-11T15:31:04.510935+00:00,1158,831670,16x,300ms,1,557,1672,357,1085,422,183,120,88,43,2508
2026-09-11T15:31:05.222878+00:00,1159,832387,16x,300ms,1,556,1670,356,1084,422,183,120,88,43,2508
2026-09-11T15:31:05.944009+00:00,1160,833103,16x,300ms,1,558,1676,358,1088,422,183,120,88,43,2508
2026-09-11T15:31:06.655782+00:00,1161,833823,16x,300ms,0,557,1674,357,1086,422,183,120,88,43,2507
2026-09-11T15:31:07.375243+00:00,1162,834540,16x,300ms,0,558,1676,358,1087,421,182,120,88,43,2501
2026-09-11T15:31:08.095546+00:00,1163,835258,16x,300ms,0,558,1676,358,1087,422,183,120,88,43,2507
2026-09-11T15:31:08.815959+00:00,1164,835975,16x,300ms,0,556,1673,357,1084,422,183,120,88,43,2507
2026-09-11T15:31:09.527491+00:00,1165,836695,16x,300ms,0,558,1676,358,1087,422,183,120,88,43,2507
2026-09-11T15:31:10.255740+00:00,1166,837412,16x,300ms,1,558,1676,358,1087,420,182,119,87,43,2499
2026-09-11T15:31:10.967131+00:00,1167,838130,16x,300ms,1,557,1674,357,1086,422,183,120,88,43,2503
2026-09-11T15:31:11.687085+00:00,1168,838850,16x,300ms,1,556,1673,356,1084,421,182,120,87,43,2499
2026-09-11T15:31:12.399908+00:00,1169,839567,16x,300ms,1,558,1676,358,1087,422,183,120,88,43,2506
2026-09-11T15:31:13.119209+00:00,1170,840285,16x,300ms,1,556,1671,356,1083,422,183,120,88,43,2507
2026-09-11T15:31:13.839128+00:00,1171,841001,16x,300ms,0,556,1670,356,1083,422,183,120,88,43,2504
2026-09-11T15:31:14.558983+00:00,1172,841720,16x,300ms,0,556,1670,356,1082,422,183,120,88,43,2506
2026-09-11T15:31:15.279616+00:00,1173,842441,16x,300ms,0,558,1676,358,1086,422,183,120,88,43,2506
2026-09-11T15:31:15.992070+00:00,1174,843160,16x,300ms,0,558,1676,358,1086,421,182,120,88,43,2504
2026-09-11T15:31:16.711330+00:00,1175,843879,16x,300ms,0,558,1676,358,1086,422,183,120,88,43,2506
2026-09-11T15:31:17.431805+00:00,1176,844597,16x,300ms,1,558,1676,358,1086,420,182,119,87,43,2499
2026-09-11T15:31:18.151483+00:00,1177,845313,16x,300ms,1,558,1677,358,1086,422,183,120,88,43,2506
2026-09-11T15:31:18.863243+00:00,1178,846029,16x,300ms,1,558,1676,358,1086,422,183,120,88,43,2506
2026-09-11T15:31:19.575062+00:00,1179,846749,16x,300ms,1,556,1672,356,1084,420,182,119,87,43,2499
2026-09-11T15:31:20.295667+00:00,1180,847466,16x,300ms,1,558,1676,358,1086,421,182,119,87,43,2502
2026-09-11T15:31:21.014603+00:00,1181,848182,16x,300ms,0,557,1674,357,1085,420,182,120,87,43,2498
2026-09-11T15:31:21.734894+00:00,1182,848900,16x,300ms,0,558,1677,358,1086,422,183,120,88,43,2506
2026-09-11T15:31:22.447406+00:00,1183,849618,16x,300ms,0,558,1677,358,1086,420,182,119,87,43,2497
2026-09-11T15:31:23.166767+00:00,1184,850335,16x,300ms,0,558,1677,358,1086,422,183,120,88,43,2506
2026-09-11T15:31:23.880061+00:00,1185,851054,16x,300ms,0,558,1677,358,1086,420,182,119,87,43,2498
2026-09-11T15:31:24.599159+00:00,1186,851772,16x,300ms,1,558,1677,358,1086,422,183,120,88,43,2506
2026-09-11T15:31:25.319181+00:00,1187,852489,16x,300ms,1,558,1677,358,1086,420,182,120,87,43,2499
2026-09-11T15:31:26.031751+00:00,1188,853206,16x,300ms,1,556,1674,356,1083,421,183,120,88,43,2504
2026-09-11T15:31:26.751803+00:00,1189,853923,16x,300ms,1,558,1677,358,1085,420,182,119,87,43,2499
2026-09-11T15:31:27.471664+00:00,1190,854640,16x,300ms,1,558,1677,358,1085,422,183,120,88,43,2506
2026-09-11T15:31:28.191212+00:00,1191,855358,16x,300ms,0,556,1671,356,1082,422,183,120,88,43,2506
2026-09-11T15:31:28.911565+00:00,1192,856077,16x,300ms,0,558,1677,358,1085,421,183,120,88,43,2505
2026-09-11T15:31:29.622693+00:00,1193,856794,16x,300ms,0,558,1677,358,1085,422,183,120,88,43,2505
2026-09-11T15:31:30.343994+00:00,1194,857513,16x,300ms,0,558,1677,358,1085,422,183,120,88,43,2506
2026-09-11T15:31:31.062965+00:00,1195,858230,16x,300ms,0,558,1677,358,1085,422,183,120,88,43,2506
2026-09-11T15:31:31.775148+00:00,1196,858948,16x,300ms,1,558,1677,358,1085,422,183,120,88,43,2505
2026-09-11T15:31:32.495154+00:00,1197,859666,16x,300ms,1,558,1677,358,1085,421,182,119,87,43,2501
2026-09-11T15:31:33.214341+00:00,1198,860386,16x,300ms,1,558,1677,358,1085,422,183,120,88,43,2505
2026-09-11T15:31:33.935902+00:00,1199,861102,16x,300ms,1,558,1677,358,1085,422,183,120,88,43,2505
2026-09-11T15:31:34.647231+00:00,1200,861820,16x,300ms,1,558,1677,358,1084,420,182,120,87,43,2498
2026-09-11T15:31:35.367329+00:00,1201,862537,16x,300ms,0,558,1677,358,1084,421,183,120,88,43,2505
2026-09-11T15:31:36.086227+00:00,1202,863256,16x,300ms,0,558,1677,358,1084,421,183,120,88,43,2505
2026-09-11T15:31:36.799659+00:00,1203,863974,16x,300ms,0,558,1677,358,1084,422,183,120,88,43,2505
2026-09-11T15:31:37.519562+00:00,1204,864694,16x,300ms,0,558,1677,358,1084,421,183,120,88,43,2505
2026-09-11T15:31:38.239302+00:00,1205,865412,16x,300ms,0,558,1677,358,1084,420,182,120,88,43,2499
2026-09-11T15:31:38.958840+00:00,1206,866131,16x,300ms,1,558,1677,357,1084,420,182,119,87,43,2497
2026-09-11T15:31:39.672044+00:00,1207,866848,16x,300ms,1,558,1677,358,1084,421,183,120,88,43,2503
2026-09-11T15:31:40.399224+00:00,1208,867567,16x,300ms,1,558,1677,357,1084,420,182,120,88,43,2502
2026-09-11T15:31:41.111053+00:00,1209,868285,16x,300ms,1,558,1677,357,1084,421,183,120,88,43,2504
2026-09-11T15:31:41.831004+00:00,1210,869005,16x,300ms,1,556,1672,356,1080,421,183,120,88,43,2504
2026-09-11T15:31:42.542957+00:00,1211,869722,16x,300ms,0,558,1677,357,1083,421,183,120,88,43,2504
2026-09-11T15:31:43.262988+00:00,1212,870440,16x,300ms,0,558,1676,357,1083,420,182,120,87,43,2497
2026-09-11T15:31:43.983485+00:00,1213,871157,16x,300ms,0,558,1678,357,1083,421,183,120,88,43,2504
2026-09-11T15:31:44.703860+00:00,1214,871875,16x,300ms,0,556,1672,356,1080,420,182,120,87,43,2498
2026-09-11T15:31:45.415802+00:00,1215,872594,16x,300ms,0,558,1678,357,1084,420,182,120,87,43,2498
2026-09-11T15:31:46.135827+00:00,1216,873313,16x,300ms,1,558,1678,357,1083,421,183,120,88,43,2505
2026-09-11T15:31:46.855549+00:00,1217,874030,16x,300ms,1,558,1678,358,1083,421,183,120,88,43,2505
2026-09-11T15:31:47.575009+00:00,1218,874748,16x,300ms,1,557,1677,356,1082,421,183,120,88,43,2505
2026-09-11T15:31:48.287051+00:00,1219,875466,16x,300ms,1,558,1678,357,1083,420,182,119,87,43,2498
2026-09-11T15:31:49.007291+00:00,1220,876184,16x,300ms,1,557,1675,356,1081,421,183,120,88,43,2505
2026-09-11T15:31:49.727077+00:00,1221,876901,16x,300ms,0,559,1678,357,1083,420,182,120,87,43,2498
2026-09-11T15:31:50.447173+00:00,1222,877620,16x,300ms,0,558,1678,357,1083,421,183,120,88,43,2501
2026-09-11T15:31:51.159917+00:00,1223,878340,16x,300ms,0,557,1674,356,1080,421,183,120,88,43,2504
2026-09-11T15:31:51.879414+00:00,1224,879057,16x,300ms,0,558,1678,357,1083,420,182,119,87,43,2498
2026-09-11T15:31:52.591461+00:00,1225,879774,16x,300ms,0,558,1678,357,1083,421,183,120,88,43,2504
2026-09-11T15:31:53.311187+00:00,1226,880493,16x,300ms,1,557,1675,356,1080,421,183,120,88,43,2505
2026-09-11T15:31:54.030846+00:00,1227,881210,16x,300ms,1,557,1673,356,1079,421,183,120,88,43,2505
2026-09-11T15:31:54.742975+00:00,1228,881927,16x,300ms,1,559,1678,357,1083,421,183,120,88,43,2504
2026-09-11T15:31:55.463788+00:00,1229,882646,16x,300ms,1,557,1673,356,1079,421,183,120,88,43,2504
2026-09-11T15:31:56.182579+00:00,1230,883362,16x,300ms,1,557,1674,356,1079,420,183,120,88,43,2501
2026-09-11T15:31:56.895455+00:00,1231,884079,16x,300ms,0,558,1679,357,1082,421,183,120,88,43,2504
2026-09-11T15:31:57.615549+00:00,1232,884796,16x,300ms,0,557,1675,356,1080,419,182,120,87,43,2496
2026-09-11T15:31:58.335348+00:00,1233,885515,16x,300ms,0,558,1678,357,1082,421,183,120,88,43,2503
2026-09-11T15:31:59.054993+00:00,1234,886234,16x,300ms,0,558,1678,357,1082,421,183,120,88,43,2503
2026-09-11T15:31:59.767216+00:00,1235,886952,16x,300ms,0,558,1678,357,1081,419,182,119,87,43,2495
2026-09-11T15:32:00.487934+00:00,1236,887670,16x,300ms,1,558,1679,357,1082,421,183,120,88,43,2504
2026-09-11T15:32:01.206809+00:00,1237,888389,16x,300ms,1,559,1679,357,1082,421,183,120,88,43,2504
2026-09-11T15:32:01.919428+00:00,1238,889106,16x,300ms,1,558,1678,357,1082,421,183,120,88,43,2503
2026-09-11T15:32:02.638732+00:00,1239,889824,16x,300ms,1,557,1675,356,1079,421,183,120,88,43,2503
2026-09-11T15:32:03.351180+00:00,1240,890541,16x,300ms,1,557,1673,356,1078,419,182,120,87,43,2496
2026-09-11T15:32:04.079449+00:00,1241,891257,16x,300ms,0,557,1675,357,1079,421,183,120,88,43,2504
2026-09-11T15:32:04.791481+00:00,1242,891974,16x,300ms,0,558,1679,357,1081,419,181,120,87,43,2495
2026-09-11T15:32:05.511492+00:00,1243,892693,16x,300ms,0,558,1679,357,1081,421,183,120,88,43,2503
2026-09-11T15:32:06.222450+00:00,1244,893412,16x,300ms,0,559,1679,357,1081,421,183,120,88,43,2503
2026-09-11T15:32:06.943429+00:00,1245,894130,16x,300ms,0,559,1679,357,1082,421,183,120,88,43,2504
2026-09-11T15:32:07.663240+00:00,1246,894848,16x,300ms,1,557,1674,356,1077,419,181,119,87,43,2495
2026-09-11T15:32:08.383492+00:00,1247,895564,16x,300ms,1,557,1677,356,1080,420,183,120,88,43,2503
2026-09-11T15:32:09.095729+00:00,1248,896282,16x,300ms,1,558,1678,357,1080,420,183,120,88,43,2502
2026-09-11T15:32:09.815340+00:00,1249,897000,16x,300ms,1,558,1678,357,1080,420,183,120,88,43,2502
2026-09-11T15:32:10.534890+00:00,1250,897717,16x,300ms,1,558,1678,357,1080,419,182,119,87,42,2496
2026-09-11T15:32:11.246963+00:00,1251,898435,16x,300ms,0,557,1676,356,1078,420,183,120,88,43,2501
2026-09-11T15:32:11.967127+00:00,1252,899153,16x,300ms,0,558,1677,356,1079,417,181,119,88,42,2488
2026-09-11T15:32:12.686877+00:00,1253,899870,16x,300ms,0,547,1652,350,1061,413,179,118,87,42,2463
2026-09-11T15:32:13.399199+00:00,1254,900589,16x,300ms,0,549,1656,352,1064,414,179,118,87,42,2467
2026-09-11T15:32:14.118870+00:00,1255,901308,16x,300ms,0,550,1658,352,1066,413,178,118,86,42,2460
2026-09-11T15:32:14.839113+00:00,1256,902027,16x,300ms,1,549,1657,352,1064,414,179,118,87,42,2467
2026-09-11T15:32:15.551110+00:00,1257,902745,16x,300ms,1,550,1660,352,1067,415,180,118,87,42,2471
2026-09-11T15:32:16.271575+00:00,1258,903460,16x,300ms,1,551,1661,353,1067,415,180,119,87,42,2475
2026-09-11T15:32:16.983319+00:00,1259,904177,16x,300ms,1,552,1664,353,1069,416,180,119,87,42,2476
2026-09-11T15:32:17.702838+00:00,1260,904895,16x,300ms,1,553,1665,353,1070,416,180,119,87,42,2479
2026-09-11T15:32:18.422417+00:00,1261,905611,16x,300ms,0,553,1665,353,1069,417,181,119,87,42,2482
2026-09-11T15:32:19.134936+00:00,1262,906329,16x,300ms,0,553,1667,353,1071,415,180,119,86,42,2476
2026-09-11T15:32:19.855745+00:00,1263,907045,16x,300ms,0,553,1666,354,1071,417,181,119,87,42,2481
2026-09-11T15:32:20.567726+00:00,1264,907762,16x,300ms,0,552,1663,352,1068,415,179,119,86,42,2474
2026-09-11T15:32:21.287935+00:00,1265,908481,16x,300ms,0,553,1667,354,1071,416,180,119,87,42,2479
2026-09-11T15:32:22.007519+00:00,1266,909198,16x,300ms,1,554,1667,354,1071,417,181,119,87,42,2484
2026-09-11T15:32:22.719604+00:00,1267,909914,16x,300ms,1,553,1667,354,1071,416,180,118,86,42,2479
2026-09-11T15:32:23.439727+00:00,1268,910632,16x,300ms,1,552,1662,352,1067,417,181,119,88,42,2486
2026-09-11T15:32:24.159344+00:00,1269,911348,16x,300ms,1,555,1671,355,1074,416,180,119,86,42,2479
2026-09-11T15:32:24.870483+00:00,1270,912065,16x,300ms,1,553,1663,352,1068,417,181,119,88,42,2487
2026-09-11T15:32:25.591519+00:00,1271,912781,16x,300ms,0,553,1665,353,1069,418,181,119,88,42,2489
2026-09-11T15:32:26.311161+00:00,1272,913499,16x,300ms,0,555,1671,355,1073,415,179,119,86,42,2477
2026-09-11T15:32:27.023313+00:00,1273,914216,16x,300ms,0,553,1666,353,1069,415,179,118,86,42,2475
2026-09-11T15:32:27.742694+00:00,1274,914936,16x,300ms,0,555,1671,354,1073,415,179,119,86,42,2479
2026-09-11T15:32:28.463141+00:00,1275,915653,16x,300ms,0,556,1672,355,1073,415,179,118,86,42,2480
2026-09-11T15:32:29.175780+00:00,1276,916373,16x,300ms,1,555,1672,355,1073,417,181,119,88,42,2487
2026-09-11T15:32:29.895209+00:00,1277,917089,16x,300ms,1,554,1669,353,1071,415,180,118,87,42,2475
2026-09-11T15:32:30.615024+00:00,1278,917806,16x,300ms,1,552,1663,352,1066,415,179,119,86,42,2474
2026-09-11T15:32:31.327609+00:00,1279,918524,16x,300ms,1,554,1669,354,1071,417,181,119,88,42,2487
2026-09-11T15:32:32.046848+00:00,1280,919241,16x,300ms,1,554,1668,354,1071,414,179,119,86,42,2467
2026-09-11T15:32:32.759321+00:00,1281,919959,16x,300ms,0,552,1664,353,1068,414,179,119,86,42,2467
2026-09-11T15:32:33.479495+00:00,1282,920676,16x,300ms,0,551,1662,352,1066,415,180,119,87,42,2472
2026-09-11T15:32:34.199761+00:00,1283,921394,16x,300ms,0,551,1662,352,1067,415,180,119,87,42,2475
2026-09-11T15:32:34.911192+00:00,1284,922110,16x,300ms,0,551,1662,352,1067,416,181,119,87,42,2476
2026-09-11T15:32:35.631099+00:00,1285,922827,16x,300ms,0,551,1660,352,1065,414,179,119,86,42,2466
2026-09-11T15:32:36.342816+00:00,1286,923545,16x,300ms,1,552,1664,353,1067,415,180,119,87,42,2471
2026-09-11T15:32:37.063037+00:00,1287,924261,16x,300ms,1,551,1662,352,1066,415,180,118,87,42,2471
2026-09-11T15:32:37.783632+00:00,1288,924979,16x,300ms,1,551,1663,352,1066,415,180,119,87,42,2473
2026-09-11T15:32:38.495472+00:00,1289,925694,16x,300ms,1,551,1662,352,1066,415,180,119,87,42,2472
2026-09-11T15:32:39.215340+00:00,1290,926411,16x,300ms,1,552,1663,352,1067,414,180,119,87,42,2472
2026-09-11T15:32:39.935891+00:00,1291,927129,16x,300ms,0,552,1663,353,1067,415,181,119,87,42,2475
2026-09-11T15:32:40.646961+00:00,1292,927848,16x,300ms,0,552,1664,353,1067,416,181,119,87,42,2476
2026-09-11T15:32:41.367011+00:00,1293,928565,16x,300ms,0,553,1665,353,1068,416,181,119,87,42,2476
2026-09-11T15:32:42.087367+00:00,1294,929283,16x,300ms,0,551,1659,351,1064,416,181,119,87,42,2477
2026-09-11T15:32:42.799537+00:00,1295,929999,16x,300ms,0,553,1665,353,1068,416,181,119,87,42,2477
2026-09-11T15:32:43.511730+00:00,1296,930718,16x,300ms,1,552,1661,352,1066,416,181,119,87,42,2477
2026-09-11T15:32:44.230566+00:00,1297,931434,16x,300ms,1,551,1661,352,1065,415,180,119,87,42,2473
2026-09-11T15:32:44.950879+00:00,1298,932151,16x,300ms,1,551,1660,351,1063,416,181,119,87,42,2476
2026-09-11T15:32:45.671273+00:00,1299,932867,16x,300ms,1,550,1660,351,1064,416,181,119,87,42,2477
2026-09-11T15:32:46.383960+00:00,1300,933584,16x,300ms,1,551,1661,351,1064,416,181,119,87,42,2477
2026-09-11T15:32:47.103717+00:00,1301,934301,16x,300ms,0,551,1662,352,1065,416,181,119,87,42,2477
2026-09-11T15:32:47.822498+00:00,1302,935021,16x,300ms,0,553,1665,353,1067,414,180,118,86,42,2472
2026-09-11T15:32:48.542487+00:00,1303,935741,16x,300ms,0,553,1665,353,1067,416,181,119,87,42,2477
2026-09-11T15:32:49.263949+00:00,1304,936460,16x,300ms,0,553,1666,353,1068,416,181,119,87,42,2478
2026-09-11T15:32:49.975564+00:00,1305,937180,16x,300ms,0,552,1665,353,1066,415,179,118,87,42,2476
2026-09-11T15:32:50.694792+00:00,1306,937897,16x,300ms,1,551,1662,351,1064,414,179,118,87,42,2472
2026-09-11T15:32:51.415268+00:00,1307,938613,16x,300ms,1,552,1663,351,1065,413,178,118,87,42,2471
2026-09-11T15:32:52.127757+00:00,1308,939331,16x,300ms,1,552,1664,352,1066,416,181,119,87,42,2479
2026-09-11T15:32:52.839679+00:00,1309,940048,16x,300ms,1,554,1667,353,1068,416,181,119,87,42,2479
2026-09-11T15:32:53.559159+00:00,1310,940765,16x,300ms,1,554,1667,353,1068,416,181,119,87,42,2479
2026-09-11T15:32:54.279923+00:00,1311,941480,16x,300ms,0,554,1668,353,1068,416,181,119,87,42,2479
2026-09-11T15:32:54.999365+00:00,1312,942198,16x,300ms,0,552,1662,351,1064,415,180,118,87,42,2477
2026-09-11T15:32:55.719925+00:00,1313,942916,16x,300ms,0,554,1667,353,1067,413,178,117,86,42,2471
2026-09-11T15:32:56.430478+00:00,1314,943635,16x,300ms,0,552,1662,351,1063,414,179,118,87,42,2476
2026-09-11T15:32:57.143396+00:00,1315,944354,16x,300ms,0,553,1664,352,1065,416,181,119,87,42,2479
2026-09-11T15:32:57.863419+00:00,1316,945071,16x,300ms,1,553,1667,353,1068,416,181,119,87,42,2478
2026-09-11T15:32:58.583361+00:00,1317,945787,16x,300ms,1,553,1667,353,1067,416,181,119,87,42,2478
2026-09-11T15:32:59.295434+00:00,1318,946503,16x,300ms,1,553,1667,353,1067,416,181,119,87,42,2478
2026-09-11T15:33:00.015445+00:00,1319,947221,16x,300ms,1,553,1667,353,1067,415,180,119,87,42,2475
2026-09-11T15:33:00.735015+00:00,1320,947937,16x,300ms,1,554,1667,353,1067,416,181,119,87,42,2478
2026-09-11T15:33:01.455049+00:00,1321,948655,16x,300ms,0,554,1667,353,1067,416,181,119,87,42,2478
2026-09-11T15:33:02.167670+00:00,1322,949373,16x,300ms,0,554,1668,353,1067,414,180,119,86,42,2472
2026-09-11T15:33:02.887986+00:00,1323,950090,16x,300ms,0,552,1662,351,1064,416,181,119,87,42,2479
2026-09-11T15:33:03.599028+00:00,1324,950808,16x,300ms,0,554,1669,353,1068,415,180,119,87,42,2479
2026-09-11T15:33:04.311076+00:00,1325,951525,16x,300ms,0,554,1669,353,1067,414,179,118,87,42,2477
2026-09-11T15:33:05.031771+00:00,1326,952243,16x,300ms,1,554,1668,352,1066,413,178,118,86,42,2468
2026-09-11T15:33:05.743166+00:00,1327,952960,16x,300ms,1,151,469,94,278,0,0,0,0,0,2
2026-09-11T15:33:06.447200+00:00,1328,953673,16x,300ms,1,0,1,0,1,1,1,1,0,0,2
2026-09-11T15:33:07.158780+00:00,1329,954384,16x,300ms,1,0,1,0,1,1,2,1,0,0,4
2026-09-11T15:33:07.871668+00:00,1330,955095,16x,300ms,1,0,1,0,1,1,1,1,0,0,3
2026-09-11T15:33:08.575268+00:00,1331,955805,16x,300ms,0,0,1,1,2,2,2,1,1,0,5
2026-09-11T15:33:09.287077+00:00,1332,956515,16x,300ms,0,1,2,1,2,2,2,1,1,0,6
2026-09-11T15:33:09.998987+00:00,1333,957225,16x,300ms,0,1,2,1,2,2,2,1,1,0,6
2026-09-11T15:33:10.711711+00:00,1334,957935,16x,300ms,0,1,2,1,2,2,2,1,1,0,6
2026-09-11T15:33:11.423073+00:00,1335,958645,16x,300ms,0,1,2,1,2,2,2,2,1,0,8
2026-09-11T15:33:12.127097+00:00,1336,959355,16x,300ms,1,1,3,1,3,2,3,2,1,0,8
2026-09-11T15:33:12.839333+00:00,1337,960067,16x,300ms,1,0,0,0,2,2,2,2,1,0,5
2026-09-11T15:33:13.558984+00:00,1338,960780,16x,300ms,1,0,0,0,2,1,2,1,1,0,3
2026-09-11T15:33:14.271227+00:00,1339,961489,16x,300ms,1,0,1,1,1,46,38,43,16,18,120
2026-09-11T15:33:14.983412+00:00,1340,962203,16x,300ms,1,13,33,42,52,139,114,115,44,44,330
2026-09-11T15:33:15.703849+00:00,1341,962920,16x,300ms,0,16,43,55,76,168,139,137,51,51,395
2026-09-11T15:33:16.414743+00:00,1342,963634,16x,300ms,0,19,52,66,87,184,154,150,55,52,432
2026-09-11T15:33:17.127491+00:00,1343,964349,16x,300ms,0,19,52,66,87,148,121,120,46,46,347
2026-09-11T15:33:17.847382+00:00,1344,965063,16x,300ms,0,11,27,35,57,95,72,77,33,36,220
2026-09-11T15:33:18.558956+00:00,1345,965778,16x,300ms,0,9,22,29,51,94,71,75,31,32,210
2026-09-11T15:33:19.270909+00:00,1346,966491,16x,300ms,1,9,22,29,50,92,69,73,31,31,204
2026-09-11T15:33:19.982621+00:00,1347,967204,16x,300ms,1,9,22,28,50,92,69,73,31,32,205
2026-09-11T15:33:20.703852+00:00,1348,967919,16x,300ms,1,9,22,28,50,92,69,73,31,32,205
2026-09-11T15:33:21.415413+00:00,1349,968633,16x,300ms,1,9,22,29,51,94,70,74,31,32,209
2026-09-11T15:33:22.127445+00:00,1350,969349,16x,300ms,1,9,22,29,51,93,70,73,31,32,206
2026-09-11T15:33:22.839706+00:00,1351,970064,16x,300ms,0,9,22,28,51,93,70,73,31,33,209
2026-09-11T15:33:23.558902+00:00,1352,970777,16x,300ms,0,9,22,29,51,95,71,75,32,34,214
2026-09-11T15:33:24.264011+00:00,1353,971492,16x,300ms,0,9,23,30,52,96,71,76,32,35,218
2026-09-11T15:33:24.984111+00:00,1354,972205,16x,300ms,0,10,25,33,55,125,98,100,39,42,294
2026-09-11T15:33:25.703847+00:00,1355,972920,16x,300ms,0,17,46,58,81,176,145,140,52,50,414
2026-09-11T15:33:26.415484+00:00,1356,973634,16x,300ms,1,17,45,56,60,250,148,319,68,106,952
2026-09-11T15:33:27.135683+00:00,1357,974351,16x,300ms,1,41,139,136,191,600,362,615,145,159,1639
2026-09-11T15:33:27.848085+00:00,1358,975071,16x,300ms,1,67,231,238,250,289,136,356,62,120,1015
2026-09-11T15:33:28.567224+00:00,1359,975787,16x,300ms,1,18,44,56,59,131,104,128,47,47,295
2026-09-11T15:33:29.278867+00:00,1360,976502,16x,300ms,1,13,34,43,46,122,99,103,39,40,273
2026-09-11T15:33:29.990573+00:00,1361,977217,16x,300ms,0,15,39,50,72,136,107,108,40,41,307
2026-09-11T15:33:30.703233+00:00,1362,977933,16x,300ms,0,12,31,40,63,118,90,92,36,38,265
2026-09-11T15:33:31.423033+00:00,1363,978646,16x,300ms,0,13,33,43,66,135,106,106,40,41,305
2026-09-11T15:33:32.135044+00:00,1364,979361,16x,300ms,0,13,34,44,67,132,103,103,39,41,298
2026-09-11T15:33:32.856097+00:00,1365,980075,16x,300ms,0,13,33,43,66,132,103,103,39,41,298
2026-09-11T15:33:33.567170+00:00,1366,980789,16x,300ms,1,13,33,43,66,130,101,101,39,40,294
2026-09-11T15:33:34.279093+00:00,1367,981505,16x,300ms,1,13,33,43,66,129,100,100,38,40,291
2026-09-11T15:33:34.991605+00:00,1368,982220,16x,300ms,1,12,32,42,65,127,98,98,38,39,286
2026-09-11T15:33:35.711729+00:00,1369,982935,16x,300ms,1,12,31,41,64,127,98,98,38,39,286
2026-09-11T15:33:36.423241+00:00,1370,983650,16x,300ms,1,12,32,42,65,128,99,99,38,40,287
2026-09-11T15:33:37.135673+00:00,1371,984364,16x,300ms,0,12,31,41,64,123,94,95,36,38,274
2026-09-11T15:33:37.855800+00:00,1372,985079,16x,300ms,0,12,30,39,62,122,93,94,36,38,272
2026-09-11T15:33:38.567163+00:00,1373,985796,16x,300ms,0,11,28,37,60,104,76,79,31,34,228
2026-09-11T15:33:39.287170+00:00,1374,986510,16x,300ms,0,9,23,31,54,103,75,79,31,34,229
2026-09-11T15:33:39.999122+00:00,1375,987225,16x,300ms,0,10,24,31,55,105,77,80,31,35,233
2026-09-11T15:33:40.711596+00:00,1376,987940,16x,300ms,1,10,24,32,56,107,78,82,32,35,239
2026-09-11T15:33:41.423231+00:00,1377,988654,16x,300ms,1,10,25,32,56,106,77,81,32,35,234
2026-09-11T15:33:42.143305+00:00,1378,989369,16x,300ms,1,10,25,32,56,114,84,88,34,37,255
2026-09-11T15:33:42.854640+00:00,1379,990083,16x,300ms,1,11,30,39,63,124,92,96,36,38,280
2026-09-11T15:33:43.567108+00:00,1380,990799,16x,300ms,1,10,27,35,58,111,80,85,32,35,247
2026-09-11T15:33:44.287959+00:00,1381,991515,16x,300ms,0,10,26,34,58,111,80,85,32,36,248
2026-09-11T15:33:44.999293+00:00,1382,992229,16x,300ms,0,10,26,33,57,110,80,84,32,35,242
2026-09-11T15:33:45.711244+00:00,1383,992946,16x,300ms,0,10,26,34,58,111,81,85,32,35,245
2026-09-11T15:33:46.430209+00:00,1384,993660,16x,300ms,0,10,26,34,58,113,82,86,33,35,249
2026-09-11T15:33:47.143340+00:00,1385,994374,16x,300ms,0,10,26,34,58,113,82,87,33,36,251
2026-09-11T15:33:47.855586+00:00,1386,995088,16x,300ms,1,11,27,36,60,118,89,90,35,37,263
2026-09-11T15:33:48.574980+00:00,1387,995803,16x,300ms,1,11,29,38,62,122,92,93,36,38,273
2026-09-11T15:33:49.287857+00:00,1388,996518,16x,300ms,1,12,29,38,62,121,92,93,36,39,272
2026-09-11T15:33:50.007630+00:00,1389,997233,16x,300ms,1,13,35,45,69,133,103,103,40,42,300
2026-09-11T15:33:50.718756+00:00,1390,997949,16x,300ms,1,11,27,35,60,105,77,80,32,34,225
2026-09-11T15:33:51.431465+00:00,1391,998666,16x,300ms,0,9,23,31,55,102,74,77,31,32,216
2026-09-11T15:33:52.151472+00:00,1392,999379,16x,300ms,0,9,23,30,55,102,75,77,31,32,217
2026-09-11T15:33:52.863955+00:00,1393,1000096,16x,300ms,0,9,23,31,55,102,74,76,31,32,216
2026-09-11T15:33:53.574941+00:00,1394,1000811,16x,300ms,0,9,23,30,55,101,74,76,31,32,214
2026-09-11T15:33:54.295370+00:00,1395,1001527,16x,300ms,0,9,23,30,55,94,72,76,31,31,200
2026-09-11T15:33:55.007268+00:00,1396,1002240,16x,300ms,1,9,24,30,44,91,74,78,32,30,188
2026-09-11T15:33:55.719441+00:00,1397,1002954,16x,300ms,1,9,24,31,45,94,76,81,33,32,197
2026-09-11T15:33:56.439835+00:00,1398,1003668,16x,300ms,1,10,25,32,46,92,73,78,32,32,201
2026-09-11T15:33:57.151342+00:00,1399,1004382,16x,300ms,1,10,26,33,40,123,109,122,55,57,328
2026-09-11T15:33:57.871807+00:00,1400,1005099,16x,300ms,1,37,137,144,171,870,564,828,210,160,2039
2026-09-11T15:33:58.590770+00:00,1401,1005816,16x,300ms,0,63,210,234,237,290,280,272,101,68,593
2026-09-11T15:33:59.303503+00:00,1402,1006533,16x,300ms,0,77,224,204,295,1028,589,835,238,188,2120
2026-09-11T15:34:00.023764+00:00,1403,1007253,16x,300ms,0,108,397,424,412,1292,844,957,307,164,1972
2026-09-11T15:34:00.742894+00:00,1404,1007971,16x,300ms,0,106,375,328,355,1312,691,917,304,84,1029
2026-09-11T15:34:01.462946+00:00,1405,1008688,16x,300ms,0,109,343,327,279,963,627,654,244,65,620
2026-09-11T15:34:02.176058+00:00,1406,1009408,16x,300ms,1,111,362,330,296,1148,684,812,279,70,671
2026-09-11T15:34:02.887299+00:00,1407,1010123,16x,300ms,1,109,352,304,342,1377,715,970,307,121,1712
2026-09-11T15:34:03.608016+00:00,1408,1010842,16x,300ms,1,126,535,598,580,1407,983,1077,331,87,887
2026-09-11T15:34:04.319734+00:00,1409,1011559,16x,300ms,1,57,190,210,192,94,78,86,34,33,216
2026-09-11T15:34:05.039646+00:00,1410,1012274,16x,300ms,1,9,25,31,35,85,71,76,30,27,180
2026-09-11T15:34:05.750970+00:00,1411,1012987,16x,300ms,0,9,25,31,35,87,73,77,31,28,186
2026-09-11T15:34:06.463160+00:00,1412,1013703,16x,300ms,0,9,25,32,36,88,74,78,31,28,190
2026-09-11T15:34:07.182968+00:00,1413,1014418,16x,300ms,0,9,25,31,35,86,72,76,30,27,184
2026-09-11T15:34:07.895714+00:00,1414,1015135,16x,300ms,0,10,27,34,38,91,77,81,32,29,200
2026-09-11T15:34:08.615894+00:00,1415,1015847,16x,300ms,0,10,27,34,38,92,79,82,32,28,199
2026-09-11T15:34:09.327790+00:00,1416,1016563,16x,300ms,1,10,28,35,39,95,80,84,33,29,206
2026-09-11T15:34:10.047278+00:00,1417,1017279,16x,300ms,1,11,29,36,40,107,89,94,35,29,212
2026-09-11T15:34:10.751745+00:00,1418,1017994,16x,300ms,1,10,29,35,39,92,76,81,32,28,193
2026-09-11T15:34:11.471551+00:00,1419,1018710,16x,300ms,1,10,26,32,36,90,74,79,31,28,190
2026-09-11T15:34:12.182577+00:00,1420,1019423,16x,300ms,1,9,26,32,36,88,73,78,31,28,188
2026-09-11T15:34:12.895702+00:00,1421,1020139,16x,300ms,0,9,25,31,35,88,72,78,31,28,187
2026-09-11T15:34:13.607758+00:00,1422,1020852,16x,300ms,0,9,24,30,34,82,67,73,29,26,172
2026-09-11T15:34:14.327039+00:00,1423,1021565,16x,300ms,0,8,22,28,32,78,64,70,28,26,164
2026-09-11T15:34:15.039450+00:00,1424,1022280,16x,300ms,0,8,21,26,30,73,60,66,26,24,152
2026-09-11T15:34:15.751708+00:00,1425,1022995,16x,300ms,0,8,20,25,29,73,60,66,26,24,150
2026-09-11T15:34:16.471097+00:00,1426,1023708,16x,300ms,1,8,20,25,29,73,60,66,26,24,150
2026-09-11T15:34:17.183974+00:00,1427,1024423,16x,300ms,1,8,20,25,29,73,59,65,26,24,149
2026-09-11T15:34:17.903831+00:00,1428,1025139,16x,300ms,1,8,20,25,29,74,61,67,27,25,152
2026-09-11T15:34:18.614521+00:00,1429,1025855,16x,300ms,1,8,21,26,30,77,63,69,27,25,159
2026-09-11T15:34:19.326978+00:00,1430,1026570,16x,300ms,1,8,21,27,31,77,63,69,27,25,159
2026-09-11T15:34:20.039658+00:00,1431,1027284,16x,300ms,0,8,21,27,30,77,63,69,27,25,158
2026-09-11T15:34:20.750787+00:00,1432,1027998,16x,300ms,0,8,21,26,30,76,62,68,27,25,156
2026-09-11T15:34:21.463230+00:00,1433,1028712,16x,300ms,0,8,21,26,30,71,58,65,26,24,144
2026-09-11T15:34:22.183007+00:00,1434,1029427,16x,300ms,0,7,19,24,28,72,59,65,26,24,144
2026-09-11T15:34:22.903717+00:00,1435,1030140,16x,300ms,0,7,20,25,29,72,58,65,26,24,143
2026-09-11T15:34:23.615518+00:00,1436,1030855,16x,300ms,1,7,19,24,28,70,57,63,26,23,140
2026-09-11T15:34:24.326611+00:00,1437,1031573,16x,300ms,1,7,17,21,24,57,46,55,22,23,135
2026-09-11T15:34:25.047181+00:00,1438,1032289,16x,300ms,1,6,16,20,22,57,46,55,22,23,135
2026-09-11T15:34:25.759051+00:00,1439,1033005,16x,300ms,1,6,16,20,22,54,44,53,21,23,138
2026-09-11T15:34:26.471948+00:00,1440,1033720,16x,300ms,1,6,15,19,21,53,44,52,20,23,140
2026-09-11T15:34:27.184007+00:00,1441,1034434,16x,300ms,0,6,15,20,21,58,48,56,22,24,155
2026-09-11T15:34:27.894357+00:00,1442,1035149,16x,300ms,0,7,18,22,24,60,49,57,22,25,158
2026-09-11T15:34:28.607411+00:00,1443,1035862,16x,300ms,0,6,17,21,23,60,49,57,22,25,158
2026-09-11T15:34:29.327194+00:00,1444,1036575,16x,300ms,0,7,17,22,23,60,49,57,22,25,160
2026-09-11T15:34:30.046983+00:00,1445,1037289,16x,300ms,0,7,18,23,24,62,51,59,23,25,162
2026-09-11T15:34:30.759297+00:00,1446,1038004,16x,300ms,1,7,17,22,24,61,49,58,22,24,158
2026-09-11T15:34:31.471228+00:00,1447,1038720,16x,300ms,1,7,17,21,23,59,48,56,22,24,153
2026-09-11T15:34:32.183663+00:00,1448,1039435,16x,300ms,1,7,17,21,23,63,51,60,23,25,165
2026-09-11T15:34:32.903807+00:00,1449,1040151,16x,300ms,1,7,19,24,26,67,56,64,25,26,171
2026-09-11T15:34:33.614977+00:00,1450,1040865,16x,300ms,1,7,19,24,26,64,53,61,24,25,159
2026-09-11T15:34:34.327041+00:00,1451,1041583,16x,300ms,0,7,17,22,24,60,49,57,22,24,149
2026-09-11T15:34:35.047610+00:00,1452,1042295,16x,300ms,0,6,16,20,22,62,50,58,22,23,147
2026-09-11T15:34:35.759823+00:00,1453,1043010,16x,300ms,0,7,18,22,24,68,54,62,24,25,162
2026-09-11T15:34:36.479654+00:00,1454,1043725,16x,300ms,0,7,18,23,25,72,57,65,25,26,173
2026-09-11T15:34:37.191603+00:00,1455,1044441,16x,300ms,0,8,22,26,28,74,59,68,26,27,179
2026-09-11T15:34:37.911889+00:00,1456,1045155,16x,300ms,1,7,20,25,26,70,56,63,24,25,165
2026-09-11T15:34:38.623217+00:00,1457,1045871,16x,300ms,1,7,19,24,26,70,56,63,24,25,166
2026-09-11T15:34:39.335052+00:00,1458,1046587,16x,300ms,1,7,20,25,26,71,58,65,25,26,171
2026-09-11T15:34:40.047519+00:00,1459,1047301,16x,300ms,1,7,20,25,27,72,58,65,25,26,172
2026-09-11T15:34:40.768025+00:00,1460,1048016,16x,300ms,1,8,20,25,27,72,58,65,25,26,173
2026-09-11T15:34:41.480118+00:00,1461,1048732,16x,300ms,0,7,20,25,27,70,56,64,25,26,168
2026-09-11T15:34:42.191599+00:00,1462,1049446,16x,300ms,0,8,20,26,27,76,60,69,26,28,183
2026-09-11T15:34:42.911460+00:00,1463,1050162,16x,300ms,0,8,21,26,28,74,59,68,26,28,177
2026-09-11T15:34:43.623873+00:00,1464,1050877,16x,300ms,0,7,19,24,26,67,55,62,24,25,157
2026-09-11T15:34:44.343224+00:00,1465,1051592,16x,300ms,0,7,17,22,24,64,51,60,23,25,151
2026-09-11T15:34:45.054721+00:00,1466,1052305,16x,300ms,1,7,17,22,24,61,50,60,23,25,151
2026-09-11T15:34:45.767235+00:00,1467,1053021,16x,300ms,1,6,16,22,23,63,50,60,23,26,155
2026-09-11T15:34:46.479209+00:00,1468,1053735,16x,300ms,1,6,16,21,23,61,48,60,23,27,160
2026-09-11T15:34:47.198954+00:00,1469,1054451,16x,300ms,1,6,16,21,23,61,48,60,23,27,160
2026-09-11T15:34:47.911375+00:00,1470,1055167,16x,300ms,1,6,16,21,23,61,48,60,23,27,162
2026-09-11T15:34:48.623119+00:00,1471,1055882,16x,300ms,0,6,16,21,23,61,48,60,23,27,163
2026-09-11T15:34:49.334852+00:00,1472,1056595,16x,300ms,0,6,16,21,23,61,48,60,23,28,163
2026-09-11T15:34:50.054627+00:00,1473,1057308,16x,300ms,0,6,16,21,23,61,48,60,23,27,161
2026-09-11T15:34:50.767149+00:00,1474,1058024,16x,300ms,0,6,16,21,23,61,48,60,23,27,159
2026-09-11T15:34:51.487117+00:00,1475,1058738,16x,300ms,0,6,16,21,23,60,48,60,23,27,159
2026-09-11T15:34:52.199088+00:00,1476,1059450,16x,300ms,1,6,16,21,23,60,47,59,23,27,157
2026-09-11T15:34:52.911621+00:00,1477,1060168,16x,300ms,1,6,16,21,23,60,47,59,23,27,158
2026-09-11T15:34:53.631799+00:00,1478,1060884,16x,300ms,1,6,16,20,22,60,48,59,23,27,159
2026-09-11T15:34:54.343204+00:00,1479,1061599,16x,300ms,1,6,16,21,23,61,48,60,24,27,160
2026-09-11T15:34:55.062425+00:00,1480,1062317,16x,300ms,1,6,16,21,23,61,48,60,24,27,160
2026-09-11T15:34:55.775645+00:00,1481,1063030,16x,300ms,0,6,16,21,23,60,47,59,23,27,159
2026-09-11T15:34:56.486834+00:00,1482,1063747,16x,300ms,0,6,16,20,23,60,47,59,23,27,157
2026-09-11T15:34:57.199031+00:00,1483,1064460,16x,300ms,0,6,16,21,22,60,47,59,23,27,156
2026-09-11T15:34:57.919763+00:00,1484,1065172,16x,300ms,0,6,16,20,23,60,47,59,23,27,157
2026-09-11T15:34:58.631711+00:00,1485,1065886,16x,300ms,0,6,16,21,23,60,47,59,23,27,157
2026-09-11T15:34:59.343339+00:00,1486,1066601,16x,300ms,1,6,16,21,23,60,47,59,23,27,157
2026-09-11T15:35:00.063433+00:00,1487,1067316,16x,300ms,1,6,16,21,23,60,47,59,23,26,156
2026-09-11T15:35:00.774903+00:00,1488,1068032,16x,300ms,1,6,16,20,23,60,47,59,23,26,156
2026-09-11T15:35:01.486716+00:00,1489,1068749,16x,300ms,1,6,16,20,23,60,47,59,23,26,157
2026-09-11T15:35:02.199445+00:00,1490,1069463,16x,300ms,1,6,16,21,23,60,47,59,23,26,156
2026-09-11T15:35:02.911752+00:00,1491,1070177,16x,300ms,0,6,16,21,23,60,47,59,23,26,156
2026-09-11T15:35:03.623429+00:00,1492,1070891,16x,300ms,0,6,16,20,22,60,47,59,23,26,157
2026-09-11T15:35:04.343914+00:00,1493,1071603,16x,300ms,0,6,16,21,23,60,47,59,23,27,157
2026-09-11T15:35:05.055577+00:00,1494,1072317,16x,300ms,0,6,16,21,23,60,48,59,23,27,157
2026-09-11T15:35:05.774871+00:00,1495,1073031,16x,300ms,0,6,16,21,23,60,48,59,24,27,158
2026-09-11T15:35:06.487706+00:00,1496,1073745,16x,300ms,1,6,16,21,23,60,48,60,24,27,158
2026-09-11T15:35:07.199006+00:00,1497,1074460,16x,300ms,1,6,16,21,23,60,48,59,24,27,158
2026-09-11T15:35:07.911726+00:00,1498,1075174,16x,300ms,1,6,16,21,23,60,48,59,23,27,158
2026-09-11T15:35:08.623828+00:00,1499,1075888,16x,300ms,1,6,16,21,23,60,48,59,23,27,158
2026-09-11T15:35:09.342970+00:00,1500,1076603,16x,300ms,1,6,16,21,23,60,48,59,23,27,158
2026-09-11T15:35:10.055893+00:00,1501,1077319,16x,300ms,0,6,16,21,23,60,47,59,23,26,156
2026-09-11T15:35:10.767095+00:00,1502,1078033,16x,300ms,0,6,16,21,23,60,47,59,23,26,156
2026-09-11T15:35:11.479318+00:00,1503,1078747,16x,300ms,0,6,16,21,23,60,47,59,23,27,157
2026-09-11T15:35:12.191089+00:00,1504,1079460,16x,300ms,0,6,16,21,23,60,47,59,23,26,157
2026-09-11T15:35:12.911417+00:00,1505,1080173,16x,300ms,0,6,16,21,23,60,47,59,23,26,156
2026-09-11T15:35:13.623557+00:00,1506,1080886,16x,300ms,1,6,16,21,23,60,47,59,23,26,156
2026-09-11T15:35:14.343485+00:00,1507,1081601,16x,300ms,1,6,16,21,23,60,47,59,23,26,156
2026-09-11T15:35:15.055097+00:00,1508,1082317,16x,300ms,1,6,16,20,23,60,47,59,23,27,156
2026-09-11T15:35:15.767019+00:00,1509,1083033,16x,300ms,1,6,16,21,23,60,47,59,23,26,155
2026-09-11T15:35:16.487286+00:00,1510,1083749,16x,300ms,1,6,16,21,23,60,48,59,23,27,156
2026-09-11T15:35:17.198159+00:00,1511,1084465,16x,300ms,0,6,16,21,23,60,48,59,23,27,157
2026-09-11T15:35:17.910963+00:00,1512,1085177,16x,300ms,0,6,16,21,23,60,47,59,23,27,156
2026-09-11T15:35:18.622432+00:00,1513,1085892,16x,300ms,0,6,16,21,23,60,47,59,23,26,156
2026-09-11T15:35:19.343987+00:00,1514,1086607,16x,300ms,0,6,16,21,23,60,47,59,23,26,156
2026-09-11T15:35:20.054915+00:00,1515,1087321,16x,300ms,0,6,16,21,23,60,48,59,23,27,157
2026-09-11T15:35:20.775955+00:00,1516,1088035,16x,300ms,1,6,16,21,23,60,47,59,23,27,157
2026-09-11T15:35:21.487067+00:00,1517,1088751,16x,300ms,1,6,16,21,23,60,47,59,23,26,156
2026-09-11T15:35:22.199768+00:00,1518,1089465,16x,300ms,1,6,16,20,22,60,47,58,23,26,155
2026-09-11T15:35:22.910396+00:00,1519,1090181,16x,300ms,1,6,16,20,22,59,47,58,23,26,154
2026-09-11T15:35:23.623439+00:00,1520,1090896,16x,300ms,1,6,16,20,22,59,47,58,23,26,154
2026-09-11T15:35:24.342891+00:00,1521,1091612,16x,300ms,0,6,16,21,23,60,48,59,23,27,156
2026-09-11T15:35:25.055760+00:00,1522,1092325,16x,300ms,0,6,16,21,23,60,47,59,23,26,155
2026-09-11T15:35:25.775153+00:00,1523,1093040,16x,300ms,0,6,16,20,22,60,47,58,23,26,154
2026-09-11T15:35:26.487815+00:00,1524,1093754,16x,300ms,0,6,16,20,22,60,47,58,23,26,154
2026-09-11T15:35:27.200717+00:00,1525,1094471,16x,300ms,0,6,16,20,22,59,47,58,22,26,153
2026-09-11T15:35:27.920628+00:00,1526,1095186,16x,300ms,1,6,16,20,22,59,47,58,23,26,154
2026-09-11T15:35:28.632375+00:00,1527,1095900,16x,300ms,1,6,16,20,22,59,48,57,23,24,146
2026-09-11T15:35:29.345014+00:00,1528,1096615,16x,300ms,1,6,16,21,23,61,49,60,23,26,155
2026-09-11T15:35:30.064681+00:00,1529,1097329,16x,300ms,1,6,17,21,23,62,49,61,23,26,157
2026-09-11T15:35:30.776690+00:00,1530,1098044,16x,300ms,1,6,16,21,23,59,47,58,23,25,152
2026-09-11T15:35:31.496471+00:00,1531,1098761,16x,300ms,0,6,16,20,22,60,48,59,23,25,153
2026-09-11T15:35:32.208847+00:00,1532,1099474,16x,300ms,0,6,16,20,22,59,47,59,23,26,154
2026-09-11T15:35:32.921734+00:00,1533,1100190,16x,300ms,0,6,16,20,23,59,47,59,23,26,154
2026-09-11T15:35:33.633325+00:00,1534,1100904,16x,300ms,0,6,16,20,23,59,47,59,23,26,154
2026-09-11T15:35:34.345883+00:00,1535,1101618,16x,300ms,0,6,16,20,23,59,47,59,23,26,154
2026-09-11T15:35:35.065198+00:00,1536,1102332,16x,300ms,1,6,16,20,23,59,47,59,23,26,154
2026-09-11T15:35:35.785781+00:00,1537,1103048,16x,300ms,1,6,16,20,23,59,47,59,23,25,154
2026-09-11T15:35:36.498223+00:00,1538,1103766,16x,300ms,1,6,16,20,23,59,47,59,23,26,154
2026-09-11T15:35:37.210146+00:00,1539,1104481,16x,300ms,1,6,16,20,23,59,48,59,23,25,153
2026-09-11T15:35:37.930514+00:00,1540,1105196,16x,300ms,1,7,18,23,25,76,61,72,27,29,186
2026-09-11T15:35:38.642135+00:00,1541,1105912,16x,300ms,0,13,37,44,47,149,121,138,45,40,342
2026-09-11T15:35:39.362477+00:00,1542,1106626,16x,300ms,0,17,50,60,63,166,133,142,48,40,365
2026-09-11T15:35:40.073888+00:00,1543,1107342,16x,300ms,0,16,46,56,55,144,115,127,42,40,323
2026-09-11T15:35:40.785422+00:00,1544,1108058,16x,300ms,0,14,40,50,53,139,110,135,42,40,341
2026-09-11T15:35:41.506717+00:00,1545,1108772,16x,300ms,0,14,39,50,53,139,111,136,42,40,343
2026-09-11T15:35:42.226804+00:00,1546,1109488,16x,300ms,1,14,39,49,53,140,112,136,42,41,344
2026-09-11T15:35:42.938646+00:00,1547,1110206,16x,300ms,1,14,40,50,54,142,112,136,42,41,344
2026-09-11T15:35:43.650413+00:00,1548,1110922,16x,300ms,1,14,40,50,54,142,112,136,42,41,344
2026-09-11T15:35:44.370948+00:00,1549,1111639,16x,300ms,1,14,40,50,54,142,112,136,42,41,345
2026-09-11T15:35:45.082436+00:00,1550,1112353,16x,300ms,1,14,40,50,54,142,112,136,42,41,345
2026-09-11T15:35:45.801912+00:00,1551,1113070,16x,300ms,0,14,40,50,54,142,113,136,42,41,345
2026-09-11T15:35:46.514673+00:00,1552,1113785,16x,300ms,0,14,40,50,54,142,112,135,41,39,342
2026-09-11T15:35:47.227015+00:00,1553,1114501,16x,300ms,0,14,40,50,54,142,112,136,42,40,344
2026-09-11T15:35:47.946446+00:00,1554,1115216,16x,300ms,0,14,40,50,54,142,112,137,42,41,346
2026-09-11T15:35:48.659553+00:00,1555,1115932,16x,300ms,0,14,40,50,54,141,112,136,42,41,346
2026-09-11T15:35:49.371416+00:00,1556,1116648,16x,300ms,1,14,40,49,54,140,111,135,42,40,342
2026-09-11T15:35:50.091207+00:00,1557,1117365,16x,300ms,1,14,40,50,53,140,111,134,41,40,341
2026-09-11T15:35:50.810892+00:00,1558,1118078,16x,300ms,1,14,39,49,53,139,111,134,42,40,342
2026-09-11T15:35:51.522717+00:00,1559,1118795,16x,300ms,1,14,39,49,53,138,111,134,42,40,342
2026-09-11T15:35:52.242666+00:00,1560,1119513,16x,300ms,1,14,39,49,53,137,108,132,41,40,335
2026-09-11T15:35:52.963350+00:00,1561,1120231,16x,300ms,0,14,39,48,52,138,109,132,41,40,335
2026-09-11T15:35:53.675490+00:00,1562,1120947,16x,300ms,0,14,39,49,52,138,109,132,41,40,334
2026-09-11T15:35:54.387204+00:00,1563,1121664,16x,300ms,0,14,39,48,52,118,95,114,37,34,272
2026-09-11T15:35:55.099386+00:00,1564,1122379,16x,300ms,0,17,50,59,62,155,120,136,44,42,346
2026-09-11T15:35:55.818934+00:00,1565,1123095,16x,300ms,0,13,37,45,47,86,70,78,30,29,197
2026-09-11T15:35:56.539858+00:00,1566,1123808,16x,300ms,1,7,19,24,28,54,40,45,18,18,121
2026-09-11T15:35:57.251105+00:00,1567,1124524,16x,300ms,1,5,14,17,26,57,48,54,21,22,139
2026-09-11T15:35:57.963214+00:00,1568,1125239,16x,300ms,1,5,11,14,24,53,42,48,19,19,126
2026-09-11T15:35:58.674291+00:00,1569,1125954,16x,300ms,1,5,13,17,22,57,33,36,15,13,111
2026-09-11T15:35:59.387634+00:00,1570,1126671,16x,300ms,1,2,3,3,16,56,27,28,11,9,92
2026-09-11T15:36:00.099756+00:00,1571,1127386,16x,300ms,0,4,9,12,41,62,31,32,13,11,106
2026-09-11T15:36:00.819435+00:00,1572,1128100,16x,300ms,0,4,9,11,40,61,31,32,13,10,104
2026-09-11T15:36:01.530669+00:00,1573,1128813,16x,300ms,0,4,8,10,38,58,29,30,12,10,97
2026-09-11T15:36:02.252000+00:00,1574,1129529,16x,300ms,0,4,7,10,37,56,28,29,11,9,94
2026-09-11T15:36:02.963767+00:00,1575,1130243,16x,300ms,0,4,7,9,37,58,29,30,12,10,97
2026-09-11T15:36:03.675005+00:00,1576,1130955,16x,300ms,1,4,7,10,37,58,29,30,12,10,97
2026-09-11T15:36:04.387059+00:00,1577,1131672,16x,300ms,1,4,8,10,37,57,28,29,11,9,94
2026-09-11T15:36:05.107602+00:00,1578,1132385,16x,300ms,1,4,7,9,37,57,27,28,11,9,94
2026-09-11T15:36:05.819133+00:00,1579,1133097,16x,300ms,1,4,7,9,37,58,29,30,12,10,97
2026-09-11T15:36:06.530378+00:00,1580,1133812,16x,300ms,1,4,9,11,38,62,33,35,14,11,110
2026-09-11T15:36:07.243693+00:00,1581,1134528,16x,300ms,0,4,10,12,39,62,33,35,14,11,110
2026-09-11T15:36:07.963392+00:00,1582,1135243,16x,300ms,0,4,9,11,39,61,31,33,13,11,106
2026-09-11T15:36:08.675016+00:00,1583,1135956,16x,300ms,0,4,9,11,39,61,32,34,14,11,107
2026-09-11T15:36:09.387949+00:00,1584,1136670,16x,300ms,0,4,9,12,39,63,34,36,14,12,112
2026-09-11T15:36:10.100092+00:00,1585,1137384,16x,300ms,0,5,10,12,39,62,33,35,14,11,111
2026-09-11T15:36:10.819863+00:00,1586,1138099,16x,300ms,1,4,9,11,39,61,31,33,13,11,105
2026-09-11T15:36:11.540191+00:00,1587,1138816,16x,300ms,1,4,9,11,38,62,33,35,14,11,110
2026-09-11T15:36:12.251566+00:00,1588,1139531,16x,300ms,1,5,10,13,39,64,35,38,15,12,118
2026-09-11T15:36:12.964105+00:00,1589,1140246,16x,300ms,1,5,10,13,39,63,35,37,15,12,116
2026-09-11T15:36:13.674922+00:00,1590,1140961,16x,300ms,1,4,9,12,39,61,32,33,13,11,108
2026-09-11T15:36:14.387873+00:00,1591,1141676,16x,300ms,0,4,8,11,38,60,31,33,13,11,105
2026-09-11T15:36:15.108098+00:00,1592,1142390,16x,300ms,0,4,9,12,38,61,33,35,14,11,110
2026-09-11T15:36:15.819273+00:00,1593,1143105,16x,300ms,0,5,10,12,39,62,34,37,15,12,114
2026-09-11T15:36:16.531474+00:00,1594,1143820,16x,300ms,0,5,10,13,39,63,35,37,15,12,115
2026-09-11T15:36:17.243427+00:00,1595,1144534,16x,300ms,0,4,9,12,39,60,31,33,13,11,105
2026-09-11T15:36:17.956224+00:00,1596,1145247,16x,300ms,1,4,8,11,38,59,31,32,13,10,102
2026-09-11T15:36:18.676234+00:00,1597,1145961,16x,300ms,1,4,9,12,38,62,34,37,15,12,114
2026-09-11T15:36:19.395272+00:00,1598,1146675,16x,300ms,1,5,10,13,39,63,35,37,15,12,116
2026-09-11T15:36:20.107556+00:00,1599,1147389,16x,300ms,1,4,9,12,39,61,32,33,13,11,108
2026-09-11T15:36:20.819637+00:00,1600,1148105,16x,300ms,1,4,8,11,38,59,30,32,13,10,101
2026-09-11T15:36:21.531854+00:00,1601,1148820,16x,300ms,0,4,9,11,38,61,33,35,14,11,108
2026-09-11T15:36:22.251625+00:00,1602,1149535,16x,300ms,0,4,9,12,38,62,34,36,15,12,113
2026-09-11T15:36:22.963186+00:00,1603,1150248,16x,300ms,0,4,10,12,38,62,34,36,15,12,114
2026-09-11T15:36:23.674956+00:00,1604,1150963,16x,300ms,0,4,9,12,39,59,31,29,12,11,103
2026-09-11T15:36:24.387411+00:00,1605,1151679,16x,300ms,0,4,8,10,37,57,30,28,12,10,98
2026-09-11T15:36:25.107524+00:00,1606,1152394,16x,300ms,1,4,7,9,35,57,30,28,11,10,98
2026-09-11T15:36:25.819934+00:00,1607,1153107,16x,300ms,1,4,7,10,35,57,31,28,12,11,101
2026-09-11T15:36:26.539247+00:00,1608,1153822,16x,300ms,1,4,8,11,35,54,28,26,11,10,93
2026-09-11T15:36:27.242927+00:00,1609,1154537,16x,300ms,1,4,8,10,35,53,27,25,10,9,90
2026-09-11T15:36:27.956373+00:00,1610,1155252,16x,300ms,1,3,6,9,34,51,25,22,9,8,81
2026-09-11T15:36:28.667934+00:00,1611,1155964,16x,300ms,0,3,6,8,33,51,25,24,10,8,82
2026-09-11T15:36:29.379935+00:00,1612,1156676,16x,300ms,0,3,7,9,33,52,27,25,10,9,86
2026-09-11T15:36:30.091473+00:00,1613,1157390,16x,300ms,0,4,7,10,34,54,28,26,11,10,93
2026-09-11T15:36:30.812960+00:00,1614,1158102,16x,300ms,0,4,7,9,34,51,25,23,9,8,83
2026-09-11T15:36:31.524938+00:00,1615,1158813,16x,300ms,0,3,6,8,32,49,24,22,9,8,78
2026-09-11T15:36:32.236169+00:00,1616,1159525,16x,300ms,1,4,7,9,33,54,28,26,11,10,92
2026-09-11T15:36:32.949706+00:00,1617,1160240,16x,300ms,1,4,7,9,34,54,28,26,11,10,93
2026-09-11T15:36:33.669598+00:00,1618,1160956,16x,300ms,1,4,7,9,34,52,26,23,10,9,85
2026-09-11T15:36:34.373707+00:00,1619,1161671,16x,300ms,1,3,6,8,32,48,23,20,8,7,76
2026-09-11T15:36:35.092643+00:00,1620,1162383,16x,300ms,1,3,5,7,31,48,22,20,8,7,74
2026-09-11T15:36:35.805301+00:00,1621,1163098,16x,300ms,0,3,5,7,31,50,24,22,9,8,79
2026-09-11T15:36:36.517035+00:00,1622,1163810,16x,300ms,0,3,6,8,34,54,27,25,10,9,89
2026-09-11T15:36:37.229696+00:00,1623,1164524,16x,300ms,0,4,7,9,34,56,29,27,11,10,97
2026-09-11T15:36:37.948877+00:00,1624,1165237,16x,300ms,0,4,8,11,35,56,30,28,12,10,99
2026-09-11T15:36:38.661233+00:00,1625,1165950,16x,300ms,0,4,7,10,35,55,28,26,11,10,94
2026-09-11T15:36:39.373176+00:00,1626,1166665,16x,300ms,1,4,7,9,35,52,25,23,9,8,84
2026-09-11T15:36:40.084892+00:00,1627,1167379,16x,300ms,1,3,6,9,34,51,25,23,10,8,83
2026-09-11T15:36:40.804075+00:00,1628,1168094,16x,300ms,1,4,7,9,34,53,28,26,11,9,90
2026-09-11T15:36:41.516871+00:00,1629,1168809,16x,300ms,1,4,7,10,35,55,29,27,11,10,95
2026-09-11T15:36:42.229553+00:00,1630,1169526,16x,300ms,1,4,7,10,35,54,28,27,11,10,94
2026-09-11T15:36:42.940971+00:00,1631,1170239,16x,300ms,0,4,7,9,35,51,24,22,9,8,82
2026-09-11T15:36:43.652681+00:00,1632,1170953,16x,300ms,0,3,6,8,33,50,24,22,9,8,80
2026-09-11T15:36:44.364375+00:00,1633,1171664,16x,300ms,0,3,6,8,33,51,26,24,10,8,84
2026-09-11T15:36:45.077092+00:00,1634,1172376,16x,300ms,0,4,7,9,34,54,28,26,11,10,92
2026-09-11T15:36:45.789640+00:00,1635,1173091,16x,300ms,0,4,7,10,34,54,28,26,11,10,93
2026-09-11T15:36:46.508990+00:00,1636,1173803,16x,300ms,1,3,6,9,34,50,25,23,9,8,82
2026-09-11T15:36:47.220709+00:00,1637,1174515,16x,300ms,1,3,6,7,31,47,22,20,8,7,73
2026-09-11T15:36:47.932691+00:00,1638,1175230,16x,300ms,1,3,6,8,31,49,25,23,9,8,80
2026-09-11T15:36:48.644940+00:00,1639,1175943,16x,300ms,1,3,6,8,31,51,26,24,10,9,85
2026-09-11T15:36:49.357118+00:00,1640,1176655,16x,300ms,1,4,7,9,33,53,28,26,11,9,91
2026-09-11T15:36:50.068980+00:00,1641,1177371,16x,300ms,0,3,6,8,32,48,23,21,9,7,76
2026-09-11T15:36:50.781324+00:00,1642,1178085,16x,300ms,0,3,5,7,29,46,21,19,8,7,70
2026-09-11T15:36:51.492441+00:00,1643,1178797,16x,300ms,0,3,5,6,28,44,21,19,8,7,68
2026-09-11T15:36:52.205356+00:00,1644,1179509,16x,300ms,0,3,5,6,28,44,20,18,7,6,67
2026-09-11T15:36:52.924304+00:00,1645,1180221,16x,300ms,0,3,5,7,29,48,22,20,8,7,75
2026-09-11T15:36:53.636782+00:00,1646,1180933,16x,300ms,1,3,6,8,32,48,23,21,9,7,76
2026-09-11T15:36:54.348720+00:00,1647,1181646,16x,300ms,1,4,7,9,33,53,27,25,10,9,89
2026-09-11T15:36:55.055929+00:00,1648,1182360,16x,300ms,1,4,7,9,34,53,27,25,10,9,89
2026-09-11T15:36:55.775514+00:00,1649,1183073,16x,300ms,1,3,6,8,33,48,23,21,9,7,76
2026-09-11T15:36:56.486642+00:00,1650,1183787,16x,300ms,1,3,5,7,30,44,20,18,7,7,68
2026-09-11T15:36:57.199146+00:00,1651,1184500,16x,300ms,0,3,5,6,28,43,20,17,7,6,65
2026-09-11T15:36:57.911684+00:00,1652,1185214,16x,300ms,0,3,4,6,27,40,18,16,7,6,59
2026-09-11T15:36:58.623688+00:00,1653,1185927,16x,300ms,0,3,4,6,27,41,19,16,7,6,61
2026-09-11T15:36:59.334604+00:00,1654,1186639,16x,300ms,0,2,4,6,26,40,18,16,7,6,59
2026-09-11T15:37:00.055296+00:00,1655,1187353,16x,300ms,0,2,4,6,26,39,18,16,6,6,58
2026-09-11T15:37:00.768183+00:00,1656,1188067,16x,300ms,1,3,5,7,28,50,24,22,9,8,80
2026-09-11T15:37:01.478588+00:00,1657,1188781,16x,300ms,1,3,6,9,33,52,26,24,10,9,86
2026-09-11T15:37:02.190900+00:00,1658,1189495,16x,300ms,1,3,6,8,32,46,21,19,8,7,72
2026-09-11T15:37:02.903204+00:00,1659,1190207,16x,300ms,1,3,5,7,29,46,22,20,8,7,72
2026-09-11T15:37:03.615350+00:00,1660,1190920,16x,300ms,1,3,5,7,30,48,24,22,9,8,78
2026-09-11T15:37:04.327904+00:00,1661,1191633,16x,300ms,0,3,6,8,31,50,25,23,9,8,82
2026-09-11T15:37:05.039714+00:00,1662,1192346,16x,300ms,0,3,6,8,32,50,24,22,9,8,81
2026-09-11T15:37:05.752078+00:00,1663,1193061,16x,300ms,0,3,5,7,30,44,20,18,7,6,67
2026-09-11T15:37:06.463113+00:00,1664,1193773,16x,300ms,0,3,5,6,28,43,20,17,7,6,65
2026-09-11T15:37:07.182599+00:00,1665,1194484,16x,300ms,0,3,5,6,27,42,19,17,7,6,63
2026-09-11T15:37:07.895684+00:00,1666,1195199,16x,300ms,1,3,5,7,30,49,24,22,9,8,80
2026-09-11T15:37:08.615033+00:00,1667,1195915,16x,300ms,1,3,5,7,30,47,22,20,8,7,73
2026-09-11T15:37:09.327511+00:00,1668,1196630,16x,300ms,1,3,6,8,32,52,26,24,10,8,86
2026-09-11T15:37:10.039643+00:00,1669,1197344,16x,300ms,1,4,7,9,33,51,25,22,9,8,83
2026-09-11T15:37:10.751833+00:00,1670,1198059,16x,300ms,1,3,5,7,31,46,22,19,8,7,72
2026-09-11T15:37:11.463851+00:00,1671,1198773,16x,300ms,0,3,5,7,30,48,23,21,9,7,75
2026-09-11T15:37:12.175385+00:00,1672,1199485,16x,300ms,0,3,6,8,32,50,24,22,9,8,81
2026-09-11T15:37:12.895102+00:00,1673,1200200,16x,300ms,0,3,5,7,30,45,20,18,7,6,69
2026-09-11T15:37:13.607267+00:00,1674,1200914,16x,300ms,0,3,4,6,28,43,20,17,7,6,65
2026-09-11T15:37:14.319473+00:00,1675,1201629,16x,300ms,0,3,5,7,29,46,22,20,8,7,72
2026-09-11T15:37:15.039983+00:00,1676,1202340,16x,300ms,1,3,6,7,31,49,24,22,9,8,79
2026-09-11T15:37:15.750751+00:00,1677,1203054,16x,300ms,1,3,6,8,32,52,26,24,10,8,86
2026-09-11T15:37:16.463697+00:00,1678,1203771,16x,300ms,1,3,7,9,33,50,24,22,9,8,82
2026-09-11T15:37:17.175742+00:00,1679,1204483,16x,300ms,1,3,5,7,32,48,22,20,8,7,75
2026-09-11T15:37:17.887251+00:00,1680,1205197,16x,300ms,1,3,6,8,32,51,25,23,9,8,84
2026-09-11T15:37:18.599124+00:00,1681,1205911,16x,300ms,0,3,7,9,33,53,27,25,10,9,90
2026-09-11T15:37:19.311401+00:00,1682,1206625,16x,300ms,0,3,7,9,33,52,26,24,10,9,87
2026-09-11T15:37:20.022869+00:00,1683,1207336,16x,300ms,0,3,6,8,31,51,25,23,9,8,84
2026-09-11T15:37:20.736255+00:00,1684,1208051,16x,300ms,0,3,6,8,32,54,27,25,10,9,91
2026-09-11T15:37:21.455268+00:00,1685,1208763,16x,300ms,0,4,7,10,35,56,30,28,11,10,100
2026-09-11T15:37:22.167393+00:00,1686,1209477,16x,300ms,1,4,8,10,35,54,28,26,11,9,94
2026-09-11T15:37:22.879432+00:00,1687,1210191,16x,300ms,1,3,6,9,33,52,25,23,9,8,85
2026-09-11T15:37:23.592102+00:00,1688,1210905,16x,300ms,1,3,6,8,32,49,24,22,9,8,79
2026-09-11T15:37:24.303410+00:00,1689,1211618,16x,300ms,1,3,5,7,30,48,23,21,9,7,77
2026-09-11T15:37:25.015641+00:00,1690,1212332,16x,300ms,1,3,5,7,30,48,23,21,9,7,77
2026-09-11T15:37:25.727940+00:00,1691,1213045,16x,300ms,0,3,6,8,31,51,25,23,9,8,84
2026-09-11T15:37:26.447411+00:00,1692,1213760,16x,300ms,0,4,7,9,34,54,28,26,11,10,94
2026-09-11T15:37:27.151016+00:00,1693,1214472,16x,300ms,0,4,7,10,34,55,29,27,11,10,96
2026-09-11T15:37:27.870941+00:00,1694,1215183,16x,300ms,0,4,7,9,34,52,26,24,10,9,88
2026-09-11T15:37:28.582412+00:00,1695,1215895,16x,300ms,0,3,6,8,31,51,25,23,9,8,83
2026-09-11T15:37:29.298427+00:00,1696,1216609,16x,300ms,1,3,6,9,32,53,27,25,10,9,90
2026-09-11T15:37:30.010711+00:00,1697,1217321,16x,300ms,1,4,7,9,33,52,27,25,10,9,90
2026-09-11T15:37:30.723000+00:00,1698,1218036,16x,300ms,1,4,7,10,34,54,29,27,11,10,96
2026-09-11T15:37:31.434671+00:00,1699,1218751,16x,300ms,1,4,7,9,33,51,26,24,10,8,86
2026-09-11T15:37:32.147013+00:00,1700,1219467,16x,300ms,1,3,6,8,32,50,25,23,9,8,82
2026-09-11T15:37:32.861163+00:00,1701,1220179,16x,300ms,0,3,6,8,32,51,25,23,9,8,84
2026-09-11T15:37:33.572727+00:00,1702,1220893,16x,300ms,0,3,6,8,32,50,25,23,9,8,82
2026-09-11T15:37:34.284679+00:00,1703,1221605,16x,300ms,0,3,6,8,32,52,27,25,10,9,88
2026-09-11T15:37:35.005068+00:00,1704,1222319,16x,300ms,0,4,7,10,33,54,29,27,11,10,96
2026-09-11T15:37:35.715838+00:00,1705,1223032,16x,300ms,0,4,7,10,34,53,27,25,10,9,90
2026-09-11T15:37:36.428751+00:00,1706,1223744,16x,300ms,1,3,7,9,34,51,25,23,9,8,84
2026-09-11T15:37:37.140214+00:00,1707,1224459,16x,300ms,1,4,7,9,33,53,27,25,10,9,90
2026-09-11T15:37:37.860372+00:00,1708,1225174,16x,300ms,1,4,8,10,34,55,30,28,11,10,99
2026-09-11T15:37:38.572289+00:00,1709,1225888,16x,300ms,1,4,8,10,34,55,29,27,11,10,97
2026-09-11T15:37:39.286611+00:00,1710,1226603,16x,300ms,1,4,7,9,35,53,27,25,10,9,89
2026-09-11T15:37:39.999065+00:00,1711,1227318,16x,300ms,0,4,7,9,34,54,29,27,11,10,95
2026-09-11T15:37:40.719104+00:00,1712,1228030,16x,300ms,0,4,8,10,34,55,31,29,12,11,102
2026-09-11T15:37:41.431017+00:00,1713,1228746,16x,300ms,0,4,8,11,34,57,32,30,13,11,106
2026-09-11T15:37:42.143284+00:00,1714,1229460,16x,300ms,0,4,8,11,36,57,30,28,12,11,103
2026-09-11T15:37:42.855172+00:00,1715,1230173,16x,300ms,0,4,8,10,35,57,31,29,12,11,102
2026-09-11T15:37:43.575742+00:00,1716,1230887,16x,300ms,1,4,8,10,35,56,30,28,12,10,101
2026-09-11T15:37:44.287042+00:00,1717,1231603,16x,300ms,1,4,8,10,35,56,30,28,12,10,100
2026-09-11T15:37:45.006686+00:00,1718,1232319,16x,300ms,1,4,8,10,35,57,31,29,12,11,103
2026-09-11T15:37:45.711499+00:00,1719,1233035,16x,300ms,1,4,8,11,35,57,33,32,13,12,109
2026-09-11T15:37:46.431977+00:00,1720,1233748,16x,300ms,1,4,9,12,33,57,33,31,13,12,109
2026-09-11T15:37:47.143338+00:00,1721,1234462,16x,300ms,0,4,8,11,35,57,31,29,12,11,104
2026-09-11T15:37:47.855588+00:00,1722,1235177,16x,300ms,0,4,8,10,35,57,31,29,12,11,103
2026-09-11T15:37:48.574742+00:00,1723,1235892,16x,300ms,0,4,8,11,34,57,33,31,13,12,107
2026-09-11T15:37:49.286495+00:00,1724,1236606,16x,300ms,0,4,9,11,34,57,33,32,13,12,109
2026-09-11T15:37:49.998968+00:00,1725,1237320,16x,300ms,0,4,9,11,34,57,33,32,13,12,110
2026-09-11T15:37:50.711361+00:00,1726,1238035,16x,300ms,1,4,9,11,34,57,32,30,12,12,107
2026-09-11T15:37:51.431487+00:00,1727,1238750,16x,300ms,1,4,8,11,35,57,32,30,12,11,106
2026-09-11T15:37:52.143088+00:00,1728,1239463,16x,300ms,1,4,8,11,34,57,31,29,12,11,104
2026-09-11T15:37:52.855505+00:00,1729,1240178,16x,300ms,1,4,8,11,34,57,31,29,12,11,104
2026-09-11T15:37:53.575144+00:00,1730,1240893,16x,300ms,1,4,8,11,34,57,31,30,12,11,105
2026-09-11T15:37:54.287088+00:00,1731,1241609,16x,300ms,0,4,9,11,34,56,34,34,14,14,116
2026-09-11T15:37:54.999242+00:00,1732,1242323,16x,300ms,0,5,11,14,24,53,44,48,20,20,126
2026-09-11T15:37:55.718235+00:00,1733,1243036,16x,300ms,0,6,14,18,24,73,64,68,27,26,173
2026-09-11T15:37:56.431706+00:00,1734,1243751,16x,300ms,0,13,35,43,48,100,84,97,33,34,244
2026-09-11T15:37:57.143792+00:00,1735,1244465,16x,300ms,0,12,33,40,44,102,92,95,35,36,257
2026-09-11T15:37:57.855170+00:00,1736,1245178,16x,300ms,1,11,28,35,38,85,76,79,31,32,209
2026-09-11T15:37:58.574497+00:00,1737,1245894,16x,300ms,1,8,20,25,30,70,59,64,25,26,163
2026-09-11T15:37:59.294673+00:00,1738,1246611,16x,300ms,1,7,18,23,29,67,57,62,25,25,164
2026-09-11T15:38:00.006615+00:00,1739,1247327,16x,300ms,1,7,18,23,28,68,60,64,26,25,159
2026-09-11T15:38:00.719721+00:00,1740,1248041,16x,300ms,1,7,17,22,28,63,55,60,24,25,156
2026-09-11T15:38:01.431204+00:00,1741,1248756,16x,300ms,0,7,18,23,29,63,53,58,23,24,154
2026-09-11T15:38:02.144677+00:00,1742,1249471,16x,300ms,0,6,16,21,28,63,54,58,24,24,155
2026-09-11T15:38:02.856487+00:00,1743,1250184,16x,300ms,0,6,16,20,27,61,53,57,23,23,150
2026-09-11T15:38:03.569131+00:00,1744,1250898,16x,300ms,0,6,16,20,26,60,53,57,23,24,150
2026-09-11T15:38:04.287882+00:00,1745,1251612,16x,300ms,0,6,16,20,26,61,54,58,24,24,151
2026-09-11T15:38:05.000944+00:00,1746,1252326,16x,300ms,1,6,17,21,27,61,54,58,24,24,152
2026-09-11T15:38:05.721186+00:00,1747,1253042,16x,300ms,1,6,17,21,26,61,54,58,24,24,151
2026-09-11T15:38:06.432288+00:00,1748,1253756,16x,300ms,1,6,17,22,26,61,54,58,24,24,152
2026-09-11T15:38:07.144753+00:00,1749,1254470,16x,300ms,1,6,16,21,26,61,54,58,23,24,151
2026-09-11T15:38:07.856472+00:00,1750,1255185,16x,300ms,1,6,16,21,26,61,54,58,24,24,152
2026-09-11T15:38:08.575930+00:00,1751,1255901,16x,300ms,0,6,16,21,26,62,54,58,24,24,152
2026-09-11T15:38:09.288611+00:00,1752,1256614,16x,300ms,0,6,17,21,27,62,55,59,24,24,154
2026-09-11T15:38:10.002201+00:00,1753,1257329,16x,300ms,0,6,17,22,27,62,55,59,24,24,154
2026-09-11T15:38:10.714420+00:00,1754,1258042,16x,300ms,0,6,17,22,26,62,55,59,24,24,153
2026-09-11T15:38:11.434353+00:00,1755,1258757,16x,300ms,0,6,17,22,26,62,54,58,24,24,154
2026-09-11T15:38:12.146831+00:00,1756,1259470,16x,300ms,1,6,17,22,27,62,54,58,24,24,154
2026-09-11T15:38:12.858212+00:00,1757,1260186,16x,300ms,1,6,17,21,26,62,54,58,24,24,153
2026-09-11T15:38:13.578690+00:00,1758,1260901,16x,300ms,1,6,17,21,26,61,54,58,23,24,153
2026-09-11T15:38:14.290484+00:00,1759,1261616,16x,300ms,1,6,17,21,26,61,54,58,23,24,152
2026-09-11T15:38:15.003060+00:00,1760,1262331,16x,300ms,1,6,17,21,26,61,54,58,23,24,152
2026-09-11T15:38:15.714841+00:00,1761,1263048,16x,300ms,0,6,17,21,26,61,54,58,23,24,152
2026-09-11T15:38:16.426855+00:00,1762,1263761,16x,300ms,0,6,17,21,26,61,54,58,23,24,152
2026-09-11T15:38:17.146910+00:00,1763,1264477,16x,300ms,0,6,16,21,26,61,53,57,23,24,152
2026-09-11T15:38:17.858938+00:00,1764,1265191,16x,300ms,0,6,16,21,26,60,53,57,23,24,151
2026-09-11T15:38:18.579465+00:00,1765,1265904,16x,300ms,0,6,16,21,26,60,53,57,23,24,151
2026-09-11T15:38:19.290502+00:00,1766,1266620,16x,300ms,1,6,16,21,26,60,53,57,23,24,151
2026-09-11T15:38:20.010777+00:00,1767,1267336,16x,300ms,1,6,16,21,26,60,53,57,23,24,151
2026-09-11T15:38:20.731255+00:00,1768,1268051,16x,300ms,1,6,16,21,26,61,53,57,23,24,151
2026-09-11T15:38:21.442691+00:00,1769,1268768,16x,300ms,1,6,16,21,26,61,53,57,23,24,152
2026-09-11T15:38:22.163130+00:00,1770,1269485,16x,300ms,1,6,17,21,26,61,54,57,23,24,152
2026-09-11T15:38:22.868997+00:00,1771,1270201,16x,300ms,0,6,16,21,26,61,53,57,23,24,152
2026-09-11T15:38:23.580864+00:00,1772,1270916,16x,300ms,0,6,16,21,26,61,53,57,23,24,153
2026-09-11T15:38:24.300279+00:00,1773,1271629,16x,300ms,0,6,16,21,26,60,53,57,23,24,151
2026-09-11T15:38:25.012886+00:00,1774,1272344,16x,300ms,0,6,16,21,26,60,53,57,23,24,151
2026-09-11T15:38:25.725565+00:00,1775,1273061,16x,300ms,0,6,16,21,26,60,53,57,23,24,151
2026-09-11T15:38:26.438397+00:00,1776,1273774,16x,300ms,1,6,16,21,26,60,52,56,23,24,150
2026-09-11T15:38:27.158995+00:00,1777,1274489,16x,300ms,1,6,16,21,26,60,53,57,23,24,151
2026-09-11T15:38:27.871053+00:00,1778,1275203,16x,300ms,1,6,16,21,26,60,53,57,23,24,151
2026-09-11T15:38:28.582120+00:00,1779,1275919,16x,300ms,1,6,16,21,26,60,53,57,23,24,151
2026-09-11T15:38:29.294680+00:00,1780,1276633,16x,300ms,1,6,16,21,26,60,53,57,23,24,153
2026-09-11T15:38:30.007133+00:00,1781,1277347,16x,300ms,0,6,16,21,26,60,53,57,23,24,152
2026-09-11T15:38:30.719045+00:00,1782,1278060,16x,300ms,0,6,16,21,26,61,53,58,24,24,154
2026-09-11T15:38:31.439147+00:00,1783,1278775,16x,300ms,0,7,18,22,29,65,55,66,26,25,172
2026-09-11T15:38:32.151539+00:00,1784,1279488,16x,300ms,0,7,19,24,30,73,63,73,28,28,190
2026-09-11T15:38:32.864131+00:00,1785,1280201,16x,300ms,0,8,21,26,31,73,62,73,28,28,194
2026-09-11T15:38:33.583781+00:00,1786,1280915,16x,300ms,1,8,21,26,32,76,63,77,30,28,197
2026-09-11T15:38:34.295308+00:00,1787,1281630,16x,300ms,1,7,20,25,31,70,59,71,27,28,187
2026-09-11T15:38:35.016158+00:00,1788,1282347,16x,300ms,1,7,20,25,30,70,59,71,27,27,186
2026-09-11T15:38:35.727885+00:00,1789,1283060,16x,300ms,1,7,20,25,30,70,59,71,27,28,188
2026-09-11T15:38:36.440372+00:00,1790,1283778,16x,300ms,1,7,20,24,30,69,59,71,28,27,186
2026-09-11T15:38:37.152254+00:00,1791,1284492,16x,300ms,0,7,19,24,30,68,58,69,27,27,183
2026-09-11T15:38:37.863989+00:00,1792,1285207,16x,300ms,0,7,19,24,30,68,57,69,27,27,182
2026-09-11T15:38:38.576965+00:00,1793,1285919,16x,300ms,0,7,19,24,29,69,59,70,27,27,186
2026-09-11T15:38:39.288617+00:00,1794,1286632,16x,300ms,0,7,19,25,29,68,58,69,27,27,182
2026-09-11T15:38:40.008442+00:00,1795,1287346,16x,300ms,0,7,19,24,29,67,58,68,27,27,180
2026-09-11T15:38:40.720067+00:00,1796,1288059,16x,300ms,1,7,19,24,29,68,57,69,27,27,181
2026-09-11T15:38:41.440271+00:00,1797,1288773,16x,300ms,1,7,19,24,29,69,58,70,27,27,186
2026-09-11T15:38:42.153368+00:00,1798,1289489,16x,300ms,1,7,19,23,28,69,57,69,26,27,184
2026-09-11T15:38:42.864789+00:00,1799,1290207,16x,300ms,1,7,19,24,29,68,57,68,26,27,182
2026-09-11T15:38:43.576609+00:00,1800,1290920,16x,300ms,1,7,19,24,29,68,57,68,26,26,180
2026-09-11T15:38:44.296142+00:00,1801,1291635,16x,300ms,0,7,19,24,29,67,57,68,26,26,179
2026-09-11T15:38:45.008476+00:00,1802,1292349,16x,300ms,0,7,19,24,29,68,58,68,26,27,181
2026-09-11T15:38:45.720035+00:00,1803,1293064,16x,300ms,0,7,19,24,29,69,58,69,26,27,182
2026-09-11T15:38:46.440256+00:00,1804,1293779,16x,300ms,0,7,19,24,29,68,58,69,26,27,181
2026-09-11T15:38:47.152623+00:00,1805,1294492,16x,300ms,0,7,19,24,29,69,58,69,26,27,182
2026-09-11T15:38:47.872559+00:00,1806,1295207,16x,300ms,1,7,19,24,29,69,58,69,26,27,182
2026-09-11T15:38:48.584841+00:00,1807,1295923,16x,300ms,1,7,19,24,29,69,58,69,26,27,181
2026-09-11T15:38:49.304115+00:00,1808,1296640,16x,300ms,1,7,19,24,29,68,58,69,26,27,181
2026-09-11T15:38:50.016113+00:00,1809,1297357,16x,300ms,1,7,19,24,29,68,58,68,26,26,179
2026-09-11T15:38:50.728900+00:00,1810,1298071,16x,300ms,1,7,19,24,29,68,57,68,26,26,181
2026-09-11T15:38:51.440215+00:00,1811,1298786,16x,300ms,0,7,19,24,29,68,58,68,26,26,181
2026-09-11T15:38:52.152575+00:00,1812,1299499,16x,300ms,0,7,19,24,29,68,58,69,26,27,181
2026-09-11T15:38:52.871651+00:00,1813,1300213,16x,300ms,0,7,19,24,29,68,58,69,26,27,181
2026-09-11T15:38:53.584414+00:00,1814,1300927,16x,300ms,0,7,19,24,29,68,58,68,26,27,181
2026-09-11T15:38:54.305037+00:00,1815,1301644,16x,300ms,0,7,19,24,29,68,58,68,26,27,181
2026-09-11T15:38:55.016448+00:00,1816,1302356,16x,300ms,1,7,19,24,29,67,57,68,26,26,178
2026-09-11T15:38:55.728407+00:00,1817,1303070,16x,300ms,1,7,19,24,29,68,58,68,26,26,179
2026-09-11T15:38:56.448818+00:00,1818,1303788,16x,300ms,1,7,19,24,29,68,58,68,26,27,180
2026-09-11T15:38:57.160149+00:00,1819,1304502,16x,300ms,1,7,19,24,29,68,58,68,26,27,179
2026-09-11T15:38:57.872768+00:00,1820,1305218,16x,300ms,1,7,19,24,29,68,58,68,26,27,180
2026-09-11T15:38:58.592670+00:00,1821,1305933,16x,300ms,0,7,19,24,29,68,58,68,26,27,180
2026-09-11T15:38:59.304571+00:00,1822,1306648,16x,300ms,0,7,19,24,29,68,58,69,26,27,181
2026-09-11T15:39:00.016484+00:00,1823,1307363,16x,300ms,0,7,19,24,29,68,58,68,26,27,180
2026-09-11T15:39:00.728847+00:00,1824,1308077,16x,300ms,0,7,19,24,29,68,58,68,26,26,179
2026-09-11T15:39:01.440172+00:00,1825,1308790,16x,300ms,0,7,19,24,29,68,58,69,26,27,181
2026-09-11T15:39:02.159943+00:00,1826,1309503,16x,300ms,1,7,19,24,29,68,58,68,26,27,180
2026-09-11T15:39:02.872252+00:00,1827,1310219,16x,300ms,1,7,19,24,29,69,59,69,26,27,182
2026-09-11T15:39:03.584711+00:00,1828,1310935,16x,300ms,1,7,19,24,29,69,59,69,26,27,183
2026-09-11T15:39:04.304646+00:00,1829,1311648,16x,300ms,1,7,19,24,29,68,58,68,26,27,181
2026-09-11T15:39:05.016923+00:00,1830,1312363,16x,300ms,1,7,18,23,27,65,56,62,24,25,165
2026-09-11T15:39:05.728426+00:00,1831,1313079,16x,300ms,0,7,18,22,27,64,56,61,24,25,163
2026-09-11T15:39:06.440282+00:00,1832,1313794,16x,300ms,0,7,17,22,27,64,56,61,24,25,163
2026-09-11T15:39:07.152295+00:00,1833,1314506,16x,300ms,0,7,17,22,26,63,55,61,24,25,161
2026-09-11T15:39:07.864478+00:00,1834,1315219,16x,300ms,0,6,17,22,26,64,55,61,24,25,162
2026-09-11T15:39:08.585025+00:00,1835,1315932,16x,300ms,0,7,17,22,27,64,55,61,24,25,162
2026-09-11T15:39:09.296742+00:00,1836,1316644,16x,300ms,1,6,17,22,27,64,55,61,24,25,162
2026-09-11T15:39:10.016563+00:00,1837,1317361,16x,300ms,1,7,17,22,27,64,55,61,24,25,162
2026-09-11T15:39:10.727498+00:00,1838,1318078,16x,300ms,1,7,17,22,27,64,55,61,24,25,162
2026-09-11T15:39:11.440080+00:00,1839,1318792,16x,300ms,1,7,17,22,26,63,54,60,24,24,160
2026-09-11T15:39:12.151732+00:00,1840,1319505,16x,300ms,1,6,17,22,26,63,55,60,24,24,160
2026-09-11T15:39:12.872373+00:00,1841,1320222,16x,300ms,0,6,17,22,26,63,55,60,23,24,160
2026-09-11T15:39:13.584068+00:00,1842,1320936,16x,300ms,0,6,17,22,26,63,54,60,24,24,159
2026-09-11T15:39:14.296136+00:00,1843,1321651,16x,300ms,0,6,17,22,26,63,55,60,24,24,160
2026-09-11T15:39:15.016991+00:00,1844,1322363,16x,300ms,0,6,17,22,26,63,55,60,24,24,160
2026-09-11T15:39:15.727632+00:00,1845,1323078,16x,300ms,0,7,18,22,27,65,56,66,25,25,173
2026-09-11T15:39:16.448878+00:00,1846,1323793,16x,300ms,1,7,18,23,28,66,56,66,25,26,175
2026-09-11T15:39:17.160563+00:00,1847,1324510,16x,300ms,1,7,18,23,28,66,56,66,25,25,174
2026-09-11T15:39:17.881306+00:00,1848,1325225,16x,300ms,1,7,18,23,28,67,57,67,26,26,177
2026-09-11T15:39:18.592349+00:00,1849,1325941,16x,300ms,1,7,19,23,28,67,57,67,26,26,177
2026-09-11T15:39:19.304701+00:00,1850,1326658,16x,300ms,1,7,19,23,28,67,57,67,26,26,177
2026-09-11T15:39:20.016237+00:00,1851,1327372,16x,300ms,0,7,19,24,28,67,57,67,26,27,178
2026-09-11T15:39:20.728426+00:00,1852,1328088,16x,300ms,0,7,19,24,28,68,57,68,26,27,180
2026-09-11T15:39:21.448371+00:00,1853,1328800,16x,300ms,0,7,19,24,29,69,58,69,27,27,182
2026-09-11T15:39:22.160903+00:00,1854,1329514,16x,300ms,0,7,19,24,29,68,58,68,26,27,181
2026-09-11T15:39:22.872262+00:00,1855,1330228,16x,300ms,0,7,19,24,29,69,59,69,27,27,183
2026-09-11T15:39:23.585276+00:00,1856,1330940,16x,300ms,1,7,19,24,29,68,58,69,26,27,182
2026-09-11T15:39:24.304978+00:00,1857,1331657,16x,300ms,1,7,19,24,29,68,58,68,26,27,182
2026-09-11T15:39:25.015562+00:00,1858,1332373,16x,300ms,1,7,19,24,29,70,59,70,27,27,185
2026-09-11T15:39:25.728246+00:00,1859,1333087,16x,300ms,1,7,19,24,29,69,59,70,27,27,184
2026-09-11T15:39:26.441301+00:00,1860,1333800,16x,300ms,1,7,19,24,29,70,59,69,27,27,183
2026-09-11T15:39:27.152560+00:00,1861,1334515,16x,300ms,0,7,19,24,29,69,59,69,27,27,183
2026-09-11T15:39:27.872686+00:00,1862,1335228,16x,300ms,0,7,19,24,29,69,58,69,26,27,182
2026-09-11T15:39:28.584581+00:00,1863,1335941,16x,300ms,0,7,19,24,29,69,58,69,26,27,182
2026-09-11T15:39:29.295730+00:00,1864,1336656,16x,300ms,0,7,19,24,29,69,58,69,26,27,181
2026-09-11T15:39:30.016575+00:00,1865,1337371,16x,300ms,0,7,19,24,29,68,58,69,26,27,181
2026-09-11T15:39:30.728474+00:00,1866,1338084,16x,300ms,1,7,19,24,29,69,59,69,27,27,183
2026-09-11T15:39:31.448378+00:00,1867,1338800,16x,300ms,1,7,19,24,29,70,59,70,27,27,185
2026-09-11T15:39:32.160088+00:00,1868,1339515,16x,300ms,1,7,19,24,29,70,58,70,27,27,185
2026-09-11T15:39:32.871600+00:00,1869,1340231,16x,300ms,1,7,19,24,30,69,58,70,27,27,184
2026-09-11T15:39:33.584236+00:00,1870,1340947,16x,300ms,1,7,19,24,29,69,58,69,26,27,183
2026-09-11T15:39:34.296338+00:00,1871,1341661,16x,300ms,0,7,19,24,29,68,57,68,26,27,179
2026-09-11T15:39:35.008676+00:00,1872,1342373,16x,300ms,0,7,19,24,29,68,58,68,26,27,180
2026-09-11T15:39:35.728977+00:00,1873,1343088,16x,300ms,0,7,19,24,29,68,58,68,26,27,180
2026-09-11T15:39:36.441228+00:00,1874,1343801,16x,300ms,0,7,19,24,29,68,57,68,26,27,180
2026-09-11T15:39:37.152350+00:00,1875,1344516,16x,300ms,0,7,19,24,29,69,58,69,26,27,182
2026-09-11T15:39:37.864819+00:00,1876,1345228,16x,300ms,1,7,19,24,29,68,57,68,26,27,180
2026-09-11T15:39:38.584743+00:00,1877,1345943,16x,300ms,1,7,19,24,29,68,57,68,26,27,180
2026-09-11T15:39:39.303697+00:00,1878,1346657,16x,300ms,1,7,19,24,29,68,57,68,26,27,180
2026-09-11T15:39:40.016931+00:00,1879,1347373,16x,300ms,1,7,19,24,29,68,57,68,26,27,179
2026-09-11T15:39:40.720539+00:00,1880,1348088,16x,300ms,1,7,19,24,29,68,57,67,26,26,178
2026-09-11T15:39:41.440319+00:00,1881,1348802,16x,300ms,0,7,19,24,28,67,57,67,26,26,177
2026-09-11T15:39:42.153437+00:00,1882,1349515,16x,300ms,0,7,19,24,28,67,57,67,26,26,178
2026-09-11T15:39:42.864417+00:00,1883,1350230,16x,300ms,0,7,19,23,28,67,57,67,26,26,177
2026-09-11T15:39:43.584301+00:00,1884,1350945,16x,300ms,0,7,19,23,28,67,57,67,26,26,177
2026-09-11T15:39:44.297283+00:00,1885,1351658,16x,300ms,0,7,19,24,29,68,58,69,26,27,180
2026-09-11T15:39:45.008073+00:00,1886,1352373,16x,300ms,1,7,19,24,29,70,60,70,26,27,184
2026-09-11T15:39:45.728849+00:00,1887,1353089,16x,300ms,1,7,19,25,29,70,59,70,26,27,184
2026-09-11T15:39:46.448276+00:00,1888,1353804,16x,300ms,1,7,19,24,29,69,58,69,26,27,181
2026-09-11T15:39:47.160333+00:00,1889,1354521,16x,300ms,1,7,19,24,29,69,58,69,26,27,181
2026-09-11T15:39:47.873214+00:00,1890,1355237,16x,300ms,1,7,19,24,29,68,58,68,26,27,180
2026-09-11T15:39:48.585587+00:00,1891,1355953,16x,300ms,0,7,19,24,29,68,58,68,26,27,179
2026-09-11T15:39:49.305656+00:00,1892,1356667,16x,300ms,0,7,19,24,29,68,58,68,26,26,178
2026-09-11T15:39:50.017569+00:00,1893,1357381,16x,300ms,0,7,19,24,29,69,59,69,26,27,182
2026-09-11T15:39:50.730022+00:00,1894,1358096,16x,300ms,0,7,19,24,29,69,60,69,26,27,182
2026-09-11T15:39:51.442526+00:00,1895,1358811,16x,300ms,0,7,19,24,28,65,55,64,25,27,173
2026-09-11T15:39:52.162547+00:00,1896,1359523,16x,300ms,1,7,18,23,26,60,52,58,22,23,154
2026-09-11T15:39:52.873767+00:00,1897,1360239,16x,300ms,1,6,16,20,23,58,51,56,22,22,145
2026-09-11T15:39:53.593745+00:00,1898,1360955,16x,300ms,1,6,16,20,24,59,51,56,22,23,147
2026-09-11T15:39:54.306363+00:00,1899,1361669,16x,300ms,1,6,16,21,24,60,53,58,23,23,154
2026-09-11T15:39:55.017631+00:00,1900,1362386,16x,300ms,1,6,16,21,24,60,52,57,23,24,154
2026-09-11T15:39:55.729762+00:00,1901,1363100,16x,300ms,0,6,16,20,24,59,51,56,22,23,147
2026-09-11T15:39:56.441534+00:00,1902,1363815,16x,300ms,0,6,16,21,25,61,53,58,23,24,154
2026-09-11T15:39:57.154584+00:00,1903,1364528,16x,300ms,0,6,16,21,25,61,53,58,23,24,157
2026-09-11T15:39:57.874085+00:00,1904,1365240,16x,300ms,0,7,18,24,27,73,64,70,26,27,196
2026-09-11T15:39:58.585653+00:00,1905,1365955,16x,300ms,0,8,20,26,29,71,62,68,25,26,183
2026-09-11T15:39:59.305749+00:00,1906,1366670,16x,300ms,1,8,19,25,29,69,59,67,24,24,169
2026-09-11T15:40:00.017697+00:00,1907,1367384,16x,300ms,1,8,20,25,29,69,60,67,24,25,176
2026-09-11T15:40:00.729031+00:00,1908,1368099,16x,300ms,1,7,19,24,28,68,59,66,24,24,174
2026-09-11T15:40:01.448941+00:00,1909,1368815,16x,300ms,1,7,19,24,28,67,58,65,24,24,171
2026-09-11T15:40:02.161847+00:00,1910,1369531,16x,300ms,1,7,19,24,28,67,58,65,24,24,171
2026-09-11T15:40:02.873665+00:00,1911,1370247,16x,300ms,0,7,19,24,28,66,58,65,24,24,170
2026-09-11T15:40:03.593593+00:00,1912,1370960,16x,300ms,0,7,19,24,27,66,57,64,24,24,168
2026-09-11T15:40:04.305791+00:00,1913,1371675,16x,300ms,0,7,18,24,27,65,57,63,23,24,166
2026-09-11T15:40:05.017678+00:00,1914,1372389,16x,300ms,0,7,18,23,27,65,57,63,23,23,166
2026-09-11T15:40:05.737595+00:00,1915,1373104,16x,300ms,0,7,18,24,27,66,57,64,23,23,166
2026-09-11T15:40:06.449659+00:00,1916,1373816,16x,300ms,1,7,18,24,27,66,57,64,24,24,167
2026-09-11T15:40:07.161833+00:00,1917,1374532,16x,300ms,1,7,18,24,27,67,58,65,24,24,168
2026-09-11T15:40:07.874002+00:00,1918,1375248,16x,300ms,1,7,19,24,28,68,58,66,24,24,167
2026-09-11T15:40:08.594602+00:00,1919,1375963,16x,300ms,1,7,19,24,28,71,60,69,25,25,176
2026-09-11T15:40:09.306190+00:00,1920,1376677,16x,300ms,1,8,21,26,31,73,63,71,25,25,182
2026-09-11T15:40:10.026183+00:00,1921,1377393,16x,300ms,0,8,20,26,30,72,63,70,25,25,182
2026-09-11T15:40:10.738160+00:00,1922,1378110,16x,300ms,0,8,20,26,30,72,63,70,25,25,182
2026-09-11T15:40:11.450052+00:00,1923,1378825,16x,300ms,0,8,20,26,30,72,63,70,25,25,182
2026-09-11T15:40:12.170116+00:00,1924,1379539,16x,300ms,0,8,20,26,30,72,62,70,25,25,181
2026-09-11T15:40:12.890400+00:00,1925,1380254,16x,300ms,0,8,20,26,30,71,62,69,24,25,176
2026-09-11T15:40:13.601524+00:00,1926,1380969,16x,300ms,1,8,20,25,29,70,61,68,24,24,174
2026-09-11T15:40:14.314687+00:00,1927,1381686,16x,300ms,1,8,20,25,29,70,61,68,24,25,175
2026-09-11T15:40:15.034099+00:00,1928,1382403,16x,300ms,1,8,19,25,29,70,60,68,24,24,174
2026-09-11T15:40:15.745693+00:00,1929,1383118,16x,300ms,1,8,19,25,29,69,60,68,24,24,172
2026-09-11T15:40:16.458469+00:00,1930,1383834,16x,300ms,1,8,19,25,29,70,60,68,24,24,175
2026-09-11T15:40:17.170205+00:00,1931,1384549,16x,300ms,0,8,20,25,29,69,60,68,24,24,173
2026-09-11T15:40:17.890774+00:00,1932,1385262,16x,300ms,0,7,19,25,29,69,60,67,24,24,171
2026-09-11T15:40:18.602081+00:00,1933,1385976,16x,300ms,0,7,19,25,29,69,60,67,24,24,171
2026-09-11T15:40:19.313671+00:00,1934,1386691,16x,300ms,0,7,19,24,28,68,59,67,24,24,170
2026-09-11T15:40:20.034604+00:00,1935,1387406,16x,300ms,0,7,19,24,28,68,59,66,24,24,168
2026-09-11T15:40:20.745758+00:00,1936,1388119,16x,300ms,1,7,19,24,28,69,60,67,24,24,169
2026-09-11T15:40:21.457871+00:00,1937,1388832,16x,300ms,1,7,19,25,29,69,60,68,24,24,172
2026-09-11T15:40:22.177154+00:00,1938,1389548,16x,300ms,1,7,19,25,28,69,59,67,24,24,170
2026-09-11T15:40:22.890491+00:00,1939,1390266,16x,300ms,1,7,19,24,28,68,59,67,24,24,170
2026-09-11T15:40:23.602440+00:00,1940,1390981,16x,300ms,1,7,19,24,28,68,59,66,24,24,169
2026-09-11T15:40:24.322589+00:00,1941,1391698,16x,300ms,0,8,19,25,29,71,62,69,25,25,182
2026-09-11T15:40:25.034142+00:00,1942,1392411,16x,300ms,0,8,20,25,28,70,62,66,25,26,182
2026-09-11T15:40:25.745809+00:00,1943,1393125,16x,300ms,0,8,20,25,28,67,60,65,25,25,177
2026-09-11T15:40:26.466695+00:00,1944,1393840,16x,300ms,0,7,17,22,25,59,52,57,22,22,151
2026-09-11T15:40:27.184995+00:00,1945,1394555,16x,300ms,0,6,16,21,24,58,52,57,22,22,150
2026-09-11T15:40:27.897577+00:00,1946,1395271,16x,300ms,1,6,16,21,24,59,52,57,22,22,151
2026-09-11T15:40:28.617730+00:00,1947,1395988,16x,300ms,1,6,16,21,24,59,52,57,22,22,150
2026-09-11T15:40:29.330555+00:00,1948,1396704,16x,300ms,1,6,16,21,24,61,54,59,23,23,159
2026-09-11T15:40:30.042040+00:00,1949,1397422,16x,300ms,1,7,18,24,26,66,60,63,24,24,170
2026-09-11T15:40:30.753875+00:00,1950,1398138,16x,300ms,1,7,17,23,25,61,55,58,22,22,152
2026-09-11T15:40:31.474337+00:00,1951,1398855,16x,300ms,0,7,17,22,25,60,55,57,22,22,151
2026-09-11T15:40:32.185885+00:00,1952,1399569,16x,300ms,0,7,17,22,25,60,54,58,22,22,156
2026-09-11T15:40:32.898529+00:00,1953,1400282,16x,300ms,0,7,17,22,24,59,53,57,22,22,150
2026-09-11T15:40:33.613823+00:00,1954,1400998,16x,300ms,0,6,16,21,24,57,52,55,21,21,146
2026-09-11T15:40:34.332690+00:00,1955,1401711,16x,300ms,0,6,16,21,23,57,51,55,21,21,145
2026-09-11T15:40:35.045742+00:00,1956,1402425,16x,300ms,1,6,16,21,24,60,54,57,22,22,153
2026-09-11T15:40:35.764946+00:00,1957,1403141,16x,300ms,1,7,17,22,24,59,54,56,22,22,150
2026-09-11T15:40:36.477032+00:00,1958,1403856,16x,300ms,1,7,17,22,24,59,54,56,21,22,152
2026-09-11T15:40:37.189373+00:00,1959,1404572,16x,300ms,1,7,17,22,24,60,54,57,22,23,156
2026-09-11T15:40:37.901812+00:00,1960,1405287,16x,300ms,1,6,17,22,24,60,55,57,22,23,158
2026-09-11T15:40:38.621126+00:00,1961,1406001,16x,300ms,0,7,17,22,25,59,54,57,22,23,156
2026-09-11T15:40:39.333205+00:00,1962,1406714,16x,300ms,0,7,17,22,24,59,54,57,22,22,156
2026-09-11T15:40:40.045749+00:00,1963,1407430,16x,300ms,0,7,17,22,24,59,54,57,22,22,155
2026-09-11T15:40:40.757647+00:00,1964,1408143,16x,300ms,0,7,17,22,24,59,54,56,22,22,154
2026-09-11T15:40:41.469984+00:00,1965,1408857,16x,300ms,0,7,17,22,24,59,54,56,22,22,154
2026-09-11T15:40:42.189220+00:00,1966,1409570,16x,300ms,1,7,17,22,24,61,56,58,23,23,162
2026-09-11T15:40:42.902089+00:00,1967,1410286,16x,300ms,1,7,19,25,27,64,57,61,24,26,175
2026-09-11T15:40:43.621544+00:00,1968,1411001,16x,300ms,1,6,16,20,25,59,49,56,23,22,152
2026-09-11T15:40:44.332849+00:00,1969,1411717,16x,300ms,1,5,12,15,24,52,36,43,16,13,108
2026-09-11T15:40:45.045660+00:00,1970,1412431,16x,300ms,1,5,12,15,24,50,42,50,20,20,134
2026-09-11T15:40:45.764994+00:00,1971,1413147,16x,300ms,0,5,13,16,22,50,41,48,19,19,131
2026-09-11T15:40:46.477039+00:00,1972,1413861,16x,300ms,0,5,12,16,22,48,40,47,19,19,128
2026-09-11T15:40:47.189486+00:00,1973,1414576,16x,300ms,0,5,12,15,21,48,39,46,18,19,125
2026-09-11T15:40:47.909759+00:00,1974,1415291,16x,300ms,0,5,12,15,21,48,39,45,18,18,124
2026-09-11T15:40:48.629183+00:00,1975,1416006,16x,300ms,0,5,12,15,21,47,38,44,18,18,123
2026-09-11T15:40:49.341562+00:00,1976,1416722,16x,300ms,1,5,12,15,21,47,38,44,18,18,122
2026-09-11T15:40:50.053367+00:00,1977,1417439,16x,300ms,1,5,12,15,21,47,38,44,18,18,122
2026-09-11T15:40:50.765683+00:00,1978,1418155,16x,300ms,1,5,11,15,21,47,38,44,18,18,121
2026-09-11T15:40:51.485268+00:00,1979,1418868,16x,300ms,1,5,11,15,21,47,38,44,18,18,122
2026-09-11T15:40:52.197226+00:00,1980,1419583,16x,300ms,1,5,12,15,21,47,38,43,18,18,121
2026-09-11T15:40:52.909652+00:00,1981,1420301,16x,300ms,0,5,11,15,21,46,38,44,18,18,121
2026-09-11T15:40:53.621179+00:00,1982,1421015,16x,300ms,0,5,11,15,21,46,38,43,18,18,120
2026-09-11T15:40:54.341208+00:00,1983,1421729,16x,300ms,0,5,11,15,21,46,38,43,18,18,120
2026-09-11T15:40:55.053549+00:00,1984,1422443,16x,300ms,0,5,11,15,21,46,38,44,18,18,122
2026-09-11T15:40:55.766011+00:00,1985,1423157,16x,300ms,0,5,11,15,20,44,37,40,16,18,113
2026-09-11T15:40:56.485998+00:00,1986,1423873,16x,300ms,1,4,11,14,19,44,37,40,16,18,112
2026-09-11T15:40:57.196902+00:00,1987,1424588,16x,300ms,1,4,11,14,19,44,37,40,16,17,112
2026-09-11T15:40:57.909542+00:00,1988,1425303,16x,300ms,1,4,11,14,20,44,37,39,16,17,111
2026-09-11T15:40:58.621390+00:00,1989,1426019,16x,300ms,1,4,11,14,19,44,37,39,16,17,111
2026-09-11T15:40:59.342206+00:00,1990,1426732,16x,300ms,1,4,11,14,19,44,37,39,16,17,112
2026-09-11T15:41:00.053489+00:00,1991,1427447,16x,300ms,0,4,11,14,19,44,37,39,16,17,112
2026-09-11T15:41:00.766239+00:00,1992,1428162,16x,300ms,0,4,11,14,19,44,37,39,16,17,112
2026-09-11T15:41:01.485222+00:00,1993,1428877,16x,300ms,0,4,11,14,19,45,37,40,16,17,113
2026-09-11T15:41:02.197638+00:00,1994,1429588,16x,300ms,0,4,11,14,19,46,38,44,18,19,123
2026-09-11T15:41:02.909326+00:00,1995,1430304,16x,300ms,0,5,12,15,20,46,38,44,18,18,122
2026-09-11T15:41:03.629244+00:00,1996,1431019,16x,300ms,1,5,12,15,21,47,38,44,18,18,123
2026-09-11T15:41:04.341301+00:00,1997,1431733,16x,300ms,1,5,12,15,21,47,39,45,18,18,123
2026-09-11T15:41:05.062665+00:00,1998,1432449,16x,300ms,1,5,12,15,20,46,38,44,18,19,123
2026-09-11T15:41:05.773587+00:00,1999,1433165,16x,300ms,1,4,11,14,19,44,38,41,17,18,115
2026-09-11T15:41:06.486172+00:00,2000,1433880,16x,300ms,1,5,11,14,19,44,38,40,17,18,114
2026-09-11T15:41:07.205727+00:00,2001,1434597,16x,300ms,0,5,11,14,19,45,38,41,17,18,116
2026-09-11T15:41:07.918459+00:00,2002,1435312,16x,300ms,0,5,12,15,21,47,38,44,18,18,123
2026-09-11T15:41:08.630109+00:00,2003,1436027,16x,300ms,0,5,12,15,20,46,38,44,18,18,122
2026-09-11T15:41:09.350367+00:00,2004,1436741,16x,300ms,0,5,12,15,20,46,38,44,18,18,123
2026-09-11T15:41:10.061638+00:00,2005,1437456,16x,300ms,0,5,12,15,20,46,38,44,18,18,123
2026-09-11T15:41:10.781578+00:00,2006,1438171,16x,300ms,1,5,12,15,20,46,38,45,18,19,123
2026-09-11T15:41:11.493495+00:00,2007,1438884,16x,300ms,1,5,12,15,20,46,38,44,18,18,123
2026-09-11T15:41:12.206441+00:00,2008,1439601,16x,300ms,1,5,12,15,20,46,38,44,18,18,122
2026-09-11T15:41:12.925982+00:00,2009,1440317,16x,300ms,1,5,12,15,20,46,38,45,18,19,123
2026-09-11T15:41:13.638098+00:00,2010,1441033,16x,300ms,1,5,12,15,20,46,38,45,18,19,123
2026-09-11T15:41:14.350668+00:00,2011,1441748,16x,300ms,0,5,12,15,20,45,38,43,17,19,121
2026-09-11T15:41:15.062437+00:00,2012,1442462,16x,300ms,0,4,11,14,19,44,37,41,17,18,115
2026-09-11T15:41:15.774423+00:00,2013,1443177,16x,300ms,0,5,11,14,19,45,38,42,17,18,118
2026-09-11T15:41:16.494160+00:00,2014,1443891,16x,300ms,0,5,12,15,20,46,38,44,18,19,123
2026-09-11T15:41:17.205995+00:00,2015,1444603,16x,300ms,0,5,11,15,20,46,38,44,18,18,122
2026-09-11T15:41:17.918443+00:00,2016,1445316,16x,300ms,1,5,12,15,20,45,38,45,18,19,123
2026-09-11T15:41:18.637705+00:00,2017,1446034,16x,300ms,1,5,12,15,20,46,38,45,18,19,123
2026-09-11T15:41:19.349351+00:00,2018,1446748,16x,300ms,1,5,12,15,20,46,39,45,18,19,124
2026-09-11T15:41:20.062704+00:00,2019,1447463,16x,300ms,1,5,12,15,20,46,38,45,18,19,123
2026-09-11T15:41:20.773953+00:00,2020,1448177,16x,300ms,1,5,12,15,20,46,39,46,18,19,126
2026-09-11T15:41:21.493446+00:00,2021,1448893,16x,300ms,0,6,14,18,23,60,50,59,22,24,165
2026-09-11T15:41:22.206441+00:00,2022,1449608,16x,300ms,0,7,17,22,27,62,55,62,23,26,173
2026-09-11T15:41:22.917657+00:00,2023,1450321,16x,300ms,0,7,17,22,27,62,54,63,23,26,173
2026-09-11T15:41:23.629897+00:00,2024,1451034,16x,300ms,0,7,17,22,27,62,54,62,23,25,172
2026-09-11T15:41:24.346899+00:00,2025,1451749,16x,300ms,0,6,17,22,26,62,53,62,23,25,171
2026-09-11T15:41:25.066575+00:00,2026,1452462,16x,300ms,1,7,17,22,27,62,53,62,23,25,170
2026-09-11T15:41:25.778739+00:00,2027,1453177,16x,300ms,1,6,16,21,26,59,51,60,23,25,164
2026-09-11T15:41:26.498076+00:00,2028,1453893,16x,300ms,1,6,16,21,25,59,50,59,22,25,163
2026-09-11T15:41:27.209980+00:00,2029,1454609,16x,300ms,1,6,16,21,25,59,50,59,22,25,163
2026-09-11T15:41:27.923062+00:00,2030,1455325,16x,300ms,1,6,16,21,25,59,51,60,23,25,165
2026-09-11T15:41:28.642820+00:00,2031,1456040,16x,300ms,0,6,16,21,25,59,51,60,23,25,164
2026-09-11T15:41:29.354981+00:00,2032,1456756,16x,300ms,0,6,16,21,25,58,50,59,22,25,162
2026-09-11T15:41:30.067167+00:00,2033,1457471,16x,300ms,0,6,16,21,24,59,51,59,22,25,163
2026-09-11T15:41:30.786867+00:00,2034,1458184,16x,300ms,0,6,16,21,25,60,51,60,23,25,165
2026-09-11T15:41:31.499041+00:00,2035,1458898,16x,300ms,0,6,16,21,25,60,51,60,23,25,165
2026-09-11T15:41:32.210534+00:00,2036,1459614,16x,300ms,1,6,16,21,25,59,51,60,22,25,165
2026-09-11T15:41:32.923451+00:00,2037,1460330,16x,300ms,1,6,16,21,25,59,51,60,22,25,164
2026-09-11T15:41:33.642581+00:00,2038,1461045,16x,300ms,1,6,16,21,25,59,51,60,23,25,165
2026-09-11T15:41:34.355337+00:00,2039,1461760,16x,300ms,1,6,16,21,25,59,51,60,22,25,164
2026-09-11T15:41:35.067323+00:00,2040,1462473,16x,300ms,1,6,16,21,25,59,51,59,22,24,163
2026-09-11T15:41:35.778583+00:00,2041,1463189,16x,300ms,0,6,16,21,24,58,50,59,22,24,162
2026-09-11T15:41:36.490907+00:00,2042,1463904,16x,300ms,0,6,16,21,24,58,50,59,22,24,162
2026-09-11T15:41:37.210849+00:00,2043,1464616,16x,300ms,0,6,16,21,25,59,51,60,22,25,164
2026-09-11T15:41:37.931250+00:00,2044,1465329,16x,300ms,0,6,16,21,25,59,51,60,23,25,164
2026-09-11T15:41:38.643273+00:00,2045,1466046,16x,300ms,0,6,17,21,26,60,51,60,23,25,166
2026-09-11T15:41:39.354915+00:00,2046,1466760,16x,300ms,1,6,16,21,25,58,50,57,22,24,157
2026-09-11T15:41:40.074782+00:00,2047,1467478,16x,300ms,1,6,16,20,24,57,50,56,21,24,155
2026-09-11T15:41:40.786868+00:00,2048,1468193,16x,300ms,1,6,16,20,24,58,51,56,21,24,157
2026-09-11T15:41:41.498922+00:00,2049,1468907,16x,300ms,1,6,16,20,24,58,51,56,21,24,157
2026-09-11T15:41:42.218258+00:00,2050,1469623,16x,300ms,1,6,16,20,24,58,50,56,22,23,153
2026-09-11T15:41:42.931372+00:00,2051,1470337,16x,300ms,0,6,17,22,27,65,55,64,24,25,173
2026-09-11T15:41:43.642624+00:00,2052,1471051,16x,300ms,0,6,16,20,26,60,49,58,23,23,158
2026-09-11T15:41:44.354860+00:00,2053,1471764,16x,300ms,0,6,15,19,25,53,45,53,21,21,141
2026-09-11T15:41:45.066726+00:00,2054,1472478,16x,300ms,0,5,14,18,23,52,45,52,21,21,141
2026-09-11T15:41:45.786294+00:00,2055,1473190,16x,300ms,0,5,14,18,23,53,45,52,21,21,138
2026-09-11T15:41:46.498009+00:00,2056,1473905,16x,300ms,1,5,14,17,23,52,44,52,21,20,138
2026-09-11T15:41:47.211056+00:00,2057,1474621,16x,300ms,1,5,14,17,23,52,45,52,21,21,139
2026-09-11T15:41:47.930011+00:00,2058,1475336,16x,300ms,1,5,14,17,23,52,44,52,21,20,138
2026-09-11T15:41:48.650900+00:00,2059,1476051,16x,300ms,1,5,14,17,23,52,44,51,20,20,136
2026-09-11T15:41:49.362553+00:00,2060,1476769,16x,300ms,1,5,13,17,23,51,44,51,20,20,137
2026-09-11T15:41:50.074590+00:00,2061,1477486,16x,300ms,0,5,14,17,23,51,44,51,21,21,137
2026-09-11T15:41:50.787174+00:00,2062,1478199,16x,300ms,0,5,14,17,23,51,44,52,21,21,138
2026-09-11T15:41:51.498505+00:00,2063,1478914,16x,300ms,0,5,14,17,23,52,44,52,21,21,138
2026-09-11T15:41:52.211602+00:00,2064,1479627,16x,300ms,0,5,14,17,23,52,44,52,21,21,138
2026-09-11T15:41:52.931168+00:00,2065,1480342,16x,300ms,0,5,14,17,23,52,45,52,21,21,139
2026-09-11T15:41:53.650970+00:00,2066,1481056,16x,300ms,1,5,14,18,23,52,45,52,21,21,140
2026-09-11T15:41:54.363657+00:00,2067,1481773,16x,300ms,1,5,14,18,23,52,45,52,21,21,140
2026-09-11T15:41:55.074752+00:00,2068,1482489,16x,300ms,1,5,14,18,23,52,45,52,21,21,140
2026-09-11T15:41:55.789994+00:00,2069,1483204,16x,300ms,1,5,14,18,23,51,45,52,21,21,139
2026-09-11T15:41:56.502971+00:00,2070,1483918,16x,300ms,1,5,14,18,23,52,45,53,21,21,141
2026-09-11T15:41:57.223045+00:00,2071,1484635,16x,300ms,0,5,14,18,23,52,45,53,21,21,141
2026-09-11T15:41:57.934850+00:00,2072,1485347,16x,300ms,0,5,14,18,23,52,45,53,21,21,141
2026-09-11T15:41:58.646861+00:00,2073,1486062,16x,300ms,0,5,14,18,23,52,45,53,21,21,141
2026-09-11T15:41:59.367443+00:00,2074,1486777,16x,300ms,0,5,14,18,23,52,46,53,21,22,142
2026-09-11T15:42:00.078787+00:00,2075,1487490,16x,300ms,0,5,14,18,23,51,45,51,20,21,137
2026-09-11T15:42:00.791132+00:00,2076,1488204,16x,300ms,1,5,13,17,22,50,44,49,20,20,131
2026-09-11T15:42:01.510955+00:00,2077,1488920,16x,300ms,1,5,13,17,22,50,44,48,20,20,130
2026-09-11T15:42:02.230621+00:00,2078,1489636,16x,300ms,1,5,13,17,21,50,44,48,19,20,130
2026-09-11T15:42:02.942438+00:00,2079,1490350,16x,300ms,1,5,13,17,21,50,44,48,20,20,130
2026-09-11T15:42:03.654615+00:00,2080,1491067,16x,300ms,1,5,13,17,21,50,44,49,20,21,132
2026-09-11T15:42:04.366315+00:00,2081,1491784,16x,300ms,0,5,13,17,21,50,44,49,20,20,131
2026-09-11T15:42:05.079622+00:00,2082,1492500,16x,300ms,0,5,13,17,21,50,44,48,19,20,130
2026-09-11T15:42:05.791498+00:00,2083,1493213,16x,300ms,0,5,13,17,21,49,44,48,19,20,129
2026-09-11T15:42:06.511212+00:00,2084,1493925,16x,300ms,0,5,13,17,21,50,44,48,20,20,130
2026-09-11T15:42:07.222691+00:00,2085,1494641,16x,300ms,0,5,13,17,21,50,44,48,19,20,130
2026-09-11T15:42:07.942037+00:00,2086,1495354,16x,300ms,1,5,13,17,21,50,44,48,19,20,129
2026-09-11T15:42:08.654572+00:00,2087,1496070,16x,300ms,1,5,13,17,21,50,44,48,19,20,129
2026-09-11T15:42:09.367389+00:00,2088,1496785,16x,300ms,1,5,13,17,21,50,44,48,19,20,129
2026-09-11T15:42:10.087259+00:00,2089,1497501,16x,300ms,1,5,13,17,21,50,44,48,19,20,129
2026-09-11T15:42:10.799629+00:00,2090,1498217,16x,300ms,1,5,14,18,22,52,45,53,21,21,141
2026-09-11T15:42:11.510723+00:00,2091,1498932,16x,300ms,0,6,15,18,24,55,48,56,22,22,150
2026-09-11T15:42:12.223342+00:00,2092,1499648,16x,300ms,0,6,14,18,23,54,47,55,21,22,148
2026-09-11T15:42:12.934854+00:00,2093,1500361,16x,300ms,0,6,15,18,24,54,47,55,22,22,148
2026-09-11T15:42:13.647305+00:00,2094,1501074,16x,300ms,0,6,15,18,23,54,47,55,21,22,147
2026-09-11T15:42:14.366290+00:00,2095,1501787,16x,300ms,0,6,15,18,23,53,46,54,21,22,145
2026-09-11T15:42:15.079293+00:00,2096,1502499,16x,300ms,1,6,14,18,23,52,45,54,21,22,143
2026-09-11T15:42:15.799636+00:00,2097,1503214,16x,300ms,1,6,14,18,22,52,45,54,21,22,142
2026-09-11T15:42:16.510407+00:00,2098,1503930,16x,300ms,1,6,14,18,22,52,45,54,21,22,143
2026-09-11T15:42:17.222785+00:00,2099,1504646,16x,300ms,1,6,14,18,23,52,45,53,21,22,142
2026-09-11T15:42:17.942907+00:00,2100,1505360,16x,300ms,1,5,14,18,23,52,45,53,21,22,142
2026-09-11T15:42:18.655273+00:00,2101,1506078,16x,300ms,0,5,14,18,22,52,45,53,21,22,143
2026-09-11T15:42:19.367908+00:00,2102,1506793,16x,300ms,0,6,14,18,23,53,46,55,22,23,150
2026-09-11T15:42:20.078799+00:00,2103,1507506,16x,300ms,0,6,15,19,22,54,47,56,22,24,155
2026-09-11T15:42:20.799267+00:00,2104,1508221,16x,300ms,0,7,17,21,24,65,58,63,25,26,181
2026-09-11T15:42:21.511494+00:00,2105,1508934,16x,300ms,0,8,21,26,30,73,65,70,26,27,194
2026-09-11T15:42:22.231912+00:00,2106,1509649,16x,300ms,1,10,28,34,39,102,90,96,33,32,261
2026-09-11T15:42:22.943053+00:00,2107,1510363,16x,300ms,1,12,31,39,44,102,92,96,33,31,263
2026-09-11T15:42:23.662723+00:00,2108,1511079,16x,300ms,1,12,32,40,45,105,94,99,34,32,271
2026-09-11T15:42:24.374765+00:00,2109,1511796,16x,300ms,1,12,30,38,42,93,84,88,31,30,246
2026-09-11T15:42:25.087150+00:00,2110,1512512,16x,300ms,1,10,26,33,37,85,79,80,29,30,236
2026-09-11T15:42:25.806607+00:00,2111,1513227,16x,300ms,0,9,24,31,34,82,76,78,29,30,229
2026-09-11T15:42:26.518933+00:00,2112,1513940,16x,300ms,0,10,25,31,35,93,85,87,30,29,233
2026-09-11T15:42:27.230996+00:00,2113,1514655,16x,300ms,0,10,25,32,35,76,73,72,26,22,174
2026-09-11T15:42:27.951337+00:00,2114,1515370,16x,300ms,0,1,3,3,5,9,12,21,10,7,29
2026-09-11T15:42:28.662802+00:00,2115,1516083,16x,300ms,0,17,48,59,64,122,97,104,37,34,284
2026-09-11T15:42:29.375075+00:00,2116,1516798,16x,300ms,1,11,31,38,43,119,96,108,40,29,207
2026-09-11T15:42:30.087337+00:00,2117,1517513,16x,300ms,1,13,36,44,49,118,99,109,41,31,212
2026-09-11T15:42:30.799751+00:00,2118,1518228,16x,300ms,1,10,27,34,39,89,74,85,34,28,185
2026-09-11T15:42:31.511071+00:00,2119,1518943,16x,300ms,1,9,23,29,34,88,71,84,33,27,174
2026-09-11T15:42:32.223688+00:00,2120,1519656,16x,300ms,1,9,24,30,35,76,62,73,30,25,160
2026-09-11T15:42:32.942124+00:00,2121,1520370,16x,300ms,0,8,20,25,31,72,59,70,28,24,153
2026-09-11T15:42:33.654619+00:00,2122,1521083,16x,300ms,0,7,20,25,30,72,59,69,28,24,152
2026-09-11T15:42:34.366927+00:00,2123,1521799,16x,300ms,0,8,20,25,30,72,59,69,28,24,153
2026-09-11T15:42:35.086872+00:00,2124,1522511,16x,300ms,0,8,20,25,30,72,59,69,28,24,152
2026-09-11T15:42:35.799746+00:00,2125,1523226,16x,300ms,0,7,19,24,29,68,56,66,27,23,145
2026-09-11T15:42:36.519457+00:00,2126,1523941,16x,300ms,1,7,19,23,29,68,56,66,26,23,146
2026-09-11T15:42:37.230490+00:00,2127,1524659,16x,300ms,1,7,19,23,29,68,56,66,27,23,146
2026-09-11T15:42:37.943703+00:00,2128,1525373,16x,300ms,1,7,19,24,29,70,58,67,27,24,148
2026-09-11T15:42:38.654828+00:00,2129,1526088,16x,300ms,1,7,20,25,30,75,61,72,28,25,159
2026-09-11T15:42:39.367522+00:00,2130,1526802,16x,300ms,1,8,21,26,31,75,61,71,28,24,158
2026-09-11T15:42:40.086830+00:00,2131,1527516,16x,300ms,0,8,20,26,31,71,58,68,27,24,151
2026-09-11T15:42:40.799185+00:00,2132,1528230,16x,300ms,0,7,19,24,29,72,58,69,27,24,152
2026-09-11T15:42:41.511631+00:00,2133,1528945,16x,300ms,0,7,20,25,30,71,58,68,27,24,152
2026-09-11T15:42:42.231595+00:00,2134,1529659,16x,300ms,0,7,19,24,29,72,58,69,27,24,153
2026-09-11T15:42:42.950664+00:00,2135,1530372,16x,300ms,0,7,20,25,30,71,58,69,27,24,152
2026-09-11T15:42:43.663594+00:00,2136,1531088,16x,300ms,1,7,19,24,29,69,57,67,27,24,148
2026-09-11T15:42:44.375801+00:00,2137,1531803,16x,300ms,1,7,19,23,29,69,56,65,26,23,145
2026-09-11T15:42:45.087759+00:00,2138,1532518,16x,300ms,1,7,20,25,30,73,59,69,27,24,153
2026-09-11T15:42:45.799203+00:00,2139,1533232,16x,300ms,1,8,20,25,30,74,60,70,28,24,156
2026-09-11T15:42:46.519705+00:00,2140,1533946,16x,300ms,1,8,21,26,31,75,61,72,29,25,157
2026-09-11T15:42:47.230412+00:00,2141,1534662,16x,300ms,0,8,21,26,31,74,61,71,28,24,155
2026-09-11T15:42:47.943050+00:00,2142,1535378,16x,300ms,0,7,19,24,29,65,54,62,25,22,135
2026-09-11T15:42:48.655127+00:00,2143,1536093,16x,300ms,0,7,18,22,27,65,53,62,25,22,134
2026-09-11T15:42:49.374816+00:00,2144,1536806,16x,300ms,0,7,18,22,27,65,54,63,25,22,135
2026-09-11T15:42:50.086861+00:00,2145,1537520,16x,300ms,0,7,18,23,28,67,55,64,26,23,138
2026-09-11T15:42:50.807002+00:00,2146,1538233,16x,300ms,1,7,18,23,28,66,54,63,26,22,136
2026-09-11T15:42:51.518831+00:00,2147,1538950,16x,300ms,1,7,18,22,27,66,55,64,26,22,137
2026-09-11T15:42:52.238630+00:00,2148,1539664,16x,300ms,1,7,19,24,29,80,66,75,29,24,161
2026-09-11T15:42:52.951619+00:00,2149,1540381,16x,300ms,1,9,25,32,37,90,77,84,32,26,178
2026-09-11T15:42:53.663687+00:00,2150,1541098,16x,300ms,1,10,26,32,37,84,72,80,30,25,168
2026-09-11T15:42:54.382881+00:00,2151,1541814,16x,300ms,0,9,24,31,36,85,73,81,31,25,169
2026-09-11T15:42:55.095023+00:00,2152,1542529,16x,300ms,0,9,24,31,35,83,71,78,30,24,165
2026-09-11T15:42:55.807597+00:00,2153,1543241,16x,300ms,0,9,25,32,37,89,77,84,32,25,172
2026-09-11T15:42:56.519121+00:00,2154,1543955,16x,300ms,0,10,25,32,37,84,72,80,31,25,168
2026-09-11T15:42:57.231613+00:00,2155,1544670,16x,300ms,0,9,25,31,35,85,72,81,31,25,169
2026-09-11T15:42:57.951001+00:00,2156,1545385,16x,300ms,1,9,25,32,36,88,76,84,32,25,173
2026-09-11T15:42:58.671983+00:00,2157,1546100,16x,300ms,1,10,27,33,38,92,80,86,33,26,180
2026-09-11T15:42:59.383273+00:00,2158,1546816,16x,300ms,1,10,27,34,38,89,77,84,32,25,178
2026-09-11T15:43:00.095197+00:00,2159,1547532,16x,300ms,1,10,26,33,37,87,76,82,31,24,174
2026-09-11T15:43:00.807692+00:00,2160,1548247,16x,300ms,1,9,25,32,36,88,76,83,31,25,175
2026-09-11T15:43:01.527377+00:00,2161,1548962,16x,300ms,0,10,27,34,39,91,79,86,33,26,179
2026-09-11T15:43:02.238627+00:00,2162,1549676,16x,300ms,0,10,26,33,38,86,74,82,32,25,170
2026-09-11T15:43:02.951498+00:00,2163,1550391,16x,300ms,0,9,25,32,36,87,75,83,32,26,177
2026-09-11T15:43:03.671353+00:00,2164,1551106,16x,300ms,0,10,26,32,37,88,75,84,33,27,181
2026-09-11T15:43:04.382929+00:00,2165,1551820,16x,300ms,0,9,25,32,37,86,73,83,32,27,178
2026-09-11T15:43:05.103746+00:00,2166,1552537,16x,300ms,1,9,25,31,36,79,65,76,31,26,167
2026-09-11T15:43:05.814751+00:00,2167,1553252,16x,300ms,1,8,20,25,30,70,58,69,28,24,149
2026-09-11T15:43:06.534877+00:00,2168,1553968,16x,300ms,1,7,20,25,29,71,58,69,28,24,150
2026-09-11T15:43:07.247055+00:00,2169,1554684,16x,300ms,1,8,20,25,30,71,59,69,28,24,151
2026-09-11T15:43:07.959019+00:00,2170,1555400,16x,300ms,1,7,20,25,29,71,59,69,28,24,150
2026-09-11T15:43:08.679836+00:00,2171,1556117,16x,300ms,0,7,20,25,29,71,59,69,28,24,150
2026-09-11T15:43:09.391066+00:00,2172,1556832,16x,300ms,0,7,20,25,29,71,59,69,28,24,150
2026-09-11T15:43:10.103625+00:00,2173,1557544,16x,300ms,0,8,20,25,30,71,59,69,28,24,151
2026-09-11T15:43:10.822866+00:00,2174,1558259,16x,300ms,0,8,20,25,30,71,59,69,28,24,151
2026-09-11T15:43:11.534856+00:00,2175,1558972,16x,300ms,0,8,20,25,30,70,58,68,27,24,147
2026-09-11T15:43:12.246988+00:00,2176,1559689,16x,300ms,1,7,19,24,28,69,57,67,27,23,144
2026-09-11T15:43:12.967251+00:00,2177,1560402,16x,300ms,1,7,19,24,28,69,57,67,26,23,145
2026-09-11T15:43:13.679273+00:00,2178,1561117,16x,300ms,1,7,20,24,29,71,59,69,27,24,149
2026-09-11T15:43:14.390447+00:00,2179,1561832,16x,300ms,1,7,20,25,29,71,59,70,28,24,150
2026-09-11T15:43:15.102628+00:00,2180,1562549,16x,300ms,1,7,20,25,29,72,59,70,28,24,151
2026-09-11T15:43:15.823659+00:00,2181,1563266,16x,300ms,0,7,20,25,29,72,59,70,28,24,153
2026-09-11T15:43:16.536003+00:00,2182,1563980,16x,300ms,0,8,21,26,31,76,62,75,30,26,162
2026-09-11T15:43:17.246778+00:00,2183,1564694,16x,300ms,0,8,22,28,32,79,64,77,30,26,169
2026-09-11T15:43:17.966364+00:00,2184,1565408,16x,300ms,0,8,22,27,32,79,64,77,30,26,169
2026-09-11T15:43:18.679036+00:00,2185,1566123,16x,300ms,0,9,23,28,33,81,66,79,32,28,175
2026-09-11T15:43:19.399002+00:00,2186,1566838,16x,300ms,1,9,23,29,34,82,67,80,32,28,178
2026-09-11T15:43:20.111725+00:00,2187,1567552,16x,300ms,1,9,23,29,34,81,66,79,32,27,175
2026-09-11T15:43:20.822950+00:00,2188,1568268,16x,300ms,1,9,23,29,34,83,68,80,31,27,179
2026-09-11T15:43:21.536009+00:00,2189,1568983,16x,300ms,1,9,23,29,34,81,67,78,30,27,176
2026-09-11T15:43:22.256016+00:00,2190,1569696,16x,300ms,1,8,23,28,33,85,70,81,31,27,180
2026-09-11T15:43:22.968040+00:00,2191,1570411,16x,300ms,0,9,25,31,36,85,71,81,31,27,178
2026-09-11T15:43:23.687194+00:00,2192,1571128,16x,300ms,0,8,21,26,30,69,58,67,27,23,146
2026-09-11T15:43:24.399916+00:00,2193,1571843,16x,300ms,0,7,19,24,29,69,57,67,27,24,146
2026-09-11T15:43:25.110861+00:00,2194,1572558,16x,300ms,0,7,19,24,29,67,56,65,26,23,141
2026-09-11T15:43:25.823693+00:00,2195,1573271,16x,300ms,0,7,18,23,28,67,55,65,26,23,141
2026-09-11T15:43:26.535914+00:00,2196,1573984,16x,300ms,1,7,19,23,28,67,55,65,26,23,141
2026-09-11T15:43:27.255958+00:00,2197,1574700,16x,300ms,1,7,19,23,28,66,55,64,26,23,140
2026-09-11T15:43:27.975607+00:00,2198,1575415,16x,300ms,1,7,18,23,27,67,55,65,26,23,141
2026-09-11T15:43:28.687329+00:00,2199,1576131,16x,300ms,1,7,20,25,29,71,59,70,28,24,148
2026-09-11T15:43:29.399369+00:00,2200,1576847,16x,300ms,1,7,20,24,28,68,57,68,27,24,145
2026-09-11T15:43:30.111964+00:00,2201,1577564,16x,300ms,0,7,19,23,26,66,55,66,26,24,146
2026-09-11T15:43:30.831510+00:00,2202,1578276,16x,300ms,0,7,20,25,28,70,58,68,27,23,146
2026-09-11T15:43:31.543615+00:00,2203,1578990,16x,300ms,0,7,20,24,28,70,58,67,27,23,145
2026-09-11T15:43:32.255874+00:00,2204,1579705,16x,300ms,0,8,20,25,28,70,59,68,27,23,146
2026-09-11T15:43:32.976030+00:00,2205,1580418,16x,300ms,0,7,20,25,28,69,57,67,27,23,143
2026-09-11T15:43:33.687324+00:00,2206,1581134,16x,300ms,1,7,20,25,28,70,59,68,27,23,146
2026-09-11T15:43:34.400220+00:00,2207,1581850,16x,300ms,1,8,22,28,31,76,66,73,29,24,157
2026-09-11T15:43:35.118545+00:00,2208,1582566,16x,300ms,1,8,22,28,32,77,65,71,28,23,153
2026-09-11T15:43:35.831997+00:00,2209,1583280,16x,300ms,1,7,17,22,47,68,36,36,13,17,143
2026-09-11T15:43:36.543904+00:00,2210,1583993,16x,300ms,1,6,14,18,46,85,68,72,28,23,170
2026-09-11T15:43:37.255293+00:00,2211,1584709,16x,300ms,0,9,24,30,34,80,70,75,29,24,166
2026-09-11T15:43:37.968282+00:00,2212,1585424,16x,300ms,0,9,24,30,34,81,71,76,30,24,169
2026-09-11T15:43:38.687083+00:00,2213,1586139,16x,300ms,0,9,24,31,38,89,69,71,28,24,179
2026-09-11T15:43:39.399215+00:00,2214,1586853,16x,300ms,0,9,23,29,46,90,71,74,29,24,181
2026-09-11T15:43:40.110298+00:00,2215,1587566,16x,300ms,0,10,26,32,36,83,74,78,30,24,175
2026-09-11T15:43:40.831450+00:00,2216,1588280,16x,300ms,1,9,23,29,31,73,64,69,27,23,166
2026-09-11T15:43:41.543167+00:00,2217,1588994,16x,300ms,1,8,22,28,29,68,59,65,25,22,149
2026-09-11T15:43:42.263719+00:00,2218,1589710,16x,300ms,1,7,19,24,26,66,59,63,25,22,146
2026-09-11T15:43:42.974950+00:00,2219,1590425,16x,300ms,1,8,20,25,27,73,62,70,27,23,155
2026-09-11T15:43:43.687291+00:00,2220,1591140,16x,300ms,1,9,23,29,31,81,68,77,29,26,181
2026-09-11T15:43:44.399447+00:00,2221,1591857,16x,300ms,0,9,23,29,31,75,61,73,28,26,174
2026-09-11T15:43:45.111429+00:00,2222,1592571,16x,300ms,0,7,19,25,27,68,55,69,26,26,164
2026-09-11T15:43:45.831127+00:00,2223,1593285,16x,300ms,0,7,18,23,27,66,55,67,26,25,170
2026-09-11T15:43:46.543949+00:00,2224,1594000,16x,300ms,0,7,17,22,28,74,60,72,27,26,189
2026-09-11T15:43:47.255847+00:00,2225,1594715,16x,300ms,0,7,18,23,29,66,56,67,26,24,169
2026-09-11T15:43:47.975097+00:00,2226,1595427,16x,300ms,1,7,18,22,29,66,54,66,25,23,162
2026-09-11T15:43:48.687816+00:00,2227,1596141,16x,300ms,1,7,18,22,29,66,55,66,25,24,165
2026-09-11T15:43:49.407302+00:00,2228,1596858,16x,300ms,1,7,18,22,28,65,54,66,25,23,163
2026-09-11T15:43:50.118531+00:00,2229,1597574,16x,300ms,1,7,17,22,28,64,54,65,25,23,162
2026-09-11T15:43:50.831248+00:00,2230,1598287,16x,300ms,1,7,17,22,28,64,54,66,25,23,162
2026-09-11T15:43:51.550738+00:00,2231,1599005,16x,300ms,0,7,17,22,28,65,54,66,25,24,163
2026-09-11T15:43:52.263425+00:00,2232,1599720,16x,300ms,0,7,18,22,28,65,55,66,25,23,163
2026-09-11T15:43:52.983924+00:00,2233,1600436,16x,300ms,0,7,18,22,28,65,55,66,25,23,163
2026-09-11T15:43:53.694636+00:00,2234,1601150,16x,300ms,0,7,17,22,28,65,54,66,25,24,163
2026-09-11T15:43:54.407298+00:00,2235,1601866,16x,300ms,0,7,18,22,28,65,54,66,25,24,163
2026-09-11T15:43:55.127509+00:00,2236,1602579,16x,300ms,1,7,17,22,28,64,54,65,25,24,162
2026-09-11T15:43:55.839883+00:00,2237,1603295,16x,300ms,1,7,17,22,27,64,54,65,25,24,163
2026-09-11T15:43:56.559131+00:00,2238,1604011,16x,300ms,1,7,17,22,27,64,54,65,25,23,163
2026-09-11T15:43:57.271496+00:00,2239,1604726,16x,300ms,1,7,17,22,27,64,54,65,25,23,161
2026-09-11T15:43:57.983058+00:00,2240,1605442,16x,300ms,1,6,17,22,27,63,53,65,25,24,161
2026-09-11T15:43:58.695793+00:00,2241,1606157,16x,300ms,0,6,17,22,27,63,53,64,25,23,161
2026-09-11T15:43:59.407364+00:00,2242,1606870,16x,300ms,0,7,17,22,27,63,53,65,25,24,162
2026-09-11T15:44:00.126994+00:00,2243,1607581,16x,300ms,0,6,17,22,27,61,52,59,23,23,151
2026-09-11T15:44:00.838837+00:00,2244,1608298,16x,300ms,0,6,16,21,26,60,52,59,23,23,151
2026-09-11T15:44:01.560426+00:00,2245,1609014,16x,300ms,0,6,16,21,25,60,51,59,23,23,150
2026-09-11T15:44:02.270944+00:00,2246,1609729,16x,300ms,1,6,16,21,25,60,52,59,23,23,150
2026-09-11T15:44:02.991778+00:00,2247,1610444,16x,300ms,1,6,16,21,25,60,52,59,23,23,150
2026-09-11T15:44:03.711550+00:00,2248,1611161,16x,300ms,1,6,16,21,25,60,52,59,23,23,150
2026-09-11T15:44:04.423066+00:00,2249,1611879,16x,300ms,1,6,16,20,25,59,51,58,23,23,149
2026-09-11T15:44:05.135525+00:00,2250,1612595,16x,300ms,1,6,16,20,25,59,51,58,23,22,148
2026-09-11T15:44:05.846545+00:00,2251,1613310,16x,300ms,0,6,16,20,25,60,51,59,23,23,149
2026-09-11T15:44:06.567370+00:00,2252,1614025,16x,300ms,0,6,16,20,25,59,51,58,23,23,148
2026-09-11T15:44:07.279891+00:00,2253,1614740,16x,300ms,0,6,16,20,25,60,51,58,23,22,147
2026-09-11T15:44:07.998769+00:00,2254,1615455,16x,300ms,0,6,16,20,25,59,51,58,23,22,148
2026-09-11T15:44:08.714914+00:00,2255,1616171,16x,300ms,0,6,16,20,25,60,52,59,23,23,151
2026-09-11T15:44:18.814421+00:00,4,2837,128x,300ms,0,52,136,174,193,484,417,476,188,172,1149
2026-09-11T15:44:19.534290+00:00,5,3555,128x,300ms,0,49,128,164,183,506,432,496,194,182,1201
2026-09-11T15:44:20.247288+00:00,6,4275,128x,300ms,1,63,168,215,232,681,564,636,231,202,1455
2026-09-11T15:44:20.967030+00:00,7,4996,128x,300ms,1,69,194,238,264,640,525,605,220,192,1367
2026-09-11T15:44:21.686840+00:00,8,5715,128x,300ms,1,63,174,216,243,595,487,574,208,187,1298
2026-09-11T15:44:22.414417+00:00,9,6436,128x,300ms,1,60,165,206,232,582,480,560,205,183,1266
2026-09-11T15:44:23.126565+00:00,10,7156,128x,300ms,1,60,165,206,231,583,481,562,205,182,1263
2026-09-11T15:44:23.846659+00:00,11,7877,128x,300ms,0,60,165,206,232,580,479,558,204,181,1253
2026-09-11T15:44:24.566923+00:00,12,8597,128x,300ms,0,60,164,204,230,584,483,561,205,180,1245
2026-09-11T15:44:25.286504+00:00,13,9317,128x,300ms,0,60,167,207,234,588,484,564,205,180,1245
2026-09-11T15:44:26.006397+00:00,14,10036,128x,300ms,0,61,169,210,237,596,496,577,209,186,1294
2026-09-11T15:44:26.727000+00:00,15,10756,128x,300ms,0,62,170,212,239,598,500,580,212,187,1303
2026-09-11T15:44:27.446535+00:00,16,11474,128x,300ms,1,63,172,215,241,599,503,580,212,189,1318
2026-09-11T15:44:28.166123+00:00,17,12195,128x,300ms,1,64,174,218,244,613,512,592,216,194,1361
2026-09-11T15:44:28.886345+00:00,18,12915,128x,300ms,1,67,183,228,255,644,526,621,224,209,1468
2026-09-11T15:44:29.606796+00:00,19,13636,128x,300ms,1,67,184,230,256,642,532,614,225,212,1499
2026-09-11T15:44:30.326048+00:00,20,14357,128x,300ms,1,58,152,193,223,448,388,435,177,171,1118
2026-09-11T15:44:31.039150+00:00,21,15077,128x,300ms,0,41,104,135,174,407,351,387,161,151,983
2026-09-11T15:44:31.766710+00:00,22,15796,128x,300ms,0,41,105,136,176,411,356,393,162,153,998
2026-09-11T15:44:32.478852+00:00,23,16514,128x,300ms,0,42,107,139,177,417,360,398,164,155,1012
2026-09-11T15:44:33.199079+00:00,24,17232,128x,300ms,0,42,109,142,181,424,366,405,167,158,1035
2026-09-11T15:44:33.918532+00:00,25,17951,128x,300ms,0,44,113,147,186,460,398,449,181,171,1151
2026-09-11T15:44:34.638417+00:00,26,18670,128x,300ms,1,50,130,166,192,487,420,478,186,175,1178
2026-09-11T15:44:35.358780+00:00,27,19391,128x,300ms,1,51,133,171,196,492,423,479,186,172,1183
2026-09-11T15:44:36.078970+00:00,28,20111,128x,300ms,1,51,134,171,198,494,424,479,186,172,1191
2026-09-11T15:44:36.798528+00:00,29,20831,128x,300ms,1,53,137,175,204,503,432,487,189,174,1210
2026-09-11T15:44:37.517777+00:00,30,21551,128x,300ms,1,52,137,174,203,494,425,479,186,172,1198
2026-09-11T15:44:38.238846+00:00,31,22270,128x,300ms,0,52,134,171,200,489,421,474,185,170,1181
2026-09-11T15:44:38.957937+00:00,32,22990,128x,300ms,0,51,132,169,197,485,418,472,184,170,1171
2026-09-11T15:44:39.670991+00:00,33,23709,128x,300ms,0,50,131,167,195,476,412,465,182,168,1157
2026-09-11T15:44:40.390650+00:00,34,24428,128x,300ms,0,50,129,164,194,472,409,461,181,167,1150
2026-09-11T15:44:41.118946+00:00,35,25148,128x,300ms,0,50,129,165,195,474,410,461,180,166,1155
2026-09-11T15:44:41.830243+00:00,36,25867,128x,300ms,1,49,128,164,195,471,408,457,179,165,1146
2026-09-11T15:44:42.550863+00:00,37,26587,128x,300ms,1,49,127,162,194,467,404,454,178,163,1133
2026-09-11T15:44:43.270760+00:00,38,27308,128x,300ms,1,49,127,162,193,467,404,455,178,165,1133
2026-09-11T15:44:43.990618+00:00,39,28027,128x,300ms,1,49,125,160,191,462,400,451,178,164,1122
2026-09-11T15:44:44.710308+00:00,40,28747,128x,300ms,1,48,126,161,192,465,403,453,178,163,1126
2026-09-11T15:44:45.431305+00:00,41,29468,128x,300ms,0,49,128,163,192,477,411,465,181,166,1139
2026-09-11T15:44:46.150452+00:00,42,30187,128x,300ms,0,50,131,168,194,481,414,468,183,168,1149
2026-09-11T15:44:46.862924+00:00,43,30906,128x,300ms,0,49,128,164,192,469,405,459,180,165,1128
2026-09-11T15:44:47.583052+00:00,44,31626,128x,300ms,0,49,128,164,191,468,405,458,179,165,1125
2026-09-11T15:44:48.309713+00:00,45,32345,128x,300ms,0,49,127,163,190,465,403,455,178,164,1118
2026-09-11T15:44:49.031330+00:00,46,33063,128x,300ms,1,48,125,161,188,468,404,456,179,164,1115
2026-09-11T15:44:49.742535+00:00,47,33783,128x,300ms,1,50,133,169,193,490,420,475,185,167,1142
2026-09-11T15:44:50.471162+00:00,48,34504,128x,300ms,1,52,139,177,199,494,432,472,186,168,1147
2026-09-11T15:44:51.190843+00:00,49,35224,128x,300ms,1,53,140,176,199,501,445,473,188,172,1167
2026-09-11T15:44:51.902439+00:00,50,35944,128x,300ms,1,53,142,178,202,498,443,475,188,175,1199
2026-09-11T15:44:52.622901+00:00,51,36664,128x,300ms,0,52,137,172,203,476,419,466,190,193,1267
2026-09-11T15:44:53.342061+00:00,52,37383,128x,300ms,0,47,126,163,207,457,404,440,180,179,1220
2026-09-11T15:44:54.061800+00:00,53,38103,128x,300ms,0,44,116,149,187,423,376,415,172,174,1140
2026-09-11T15:44:54.782269+00:00,54,38821,128x,300ms,0,43,114,147,177,424,378,418,173,178,1159
2026-09-11T15:44:55.502683+00:00,55,39539,128x,300ms,0,43,113,147,179,424,378,416,173,176,1155
2026-09-11T15:44:56.222860+00:00,56,40258,128x,300ms,1,43,114,147,182,437,381,440,181,180,1209
2026-09-11T15:44:56.934485+00:00,57,40979,128x,300ms,1,44,116,148,186,435,379,440,181,185,1227
2026-09-11T15:44:57.662135+00:00,58,41699,128x,300ms,1,44,117,150,184,432,377,439,180,186,1224
2026-09-11T15:44:58.382342+00:00,59,42420,128x,300ms,1,44,117,150,182,428,374,435,179,184,1208
2026-09-11T15:44:59.094332+00:00,60,43140,128x,300ms,1,44,117,150,181,430,376,437,180,186,1216
2026-09-11T15:44:59.814701+00:00,61,43860,128x,300ms,0,45,118,151,184,433,378,440,181,186,1224
2026-09-11T15:45:00.533551+00:00,62,44579,128x,300ms,0,44,117,149,182,420,368,429,176,182,1182
2026-09-11T15:45:01.254568+00:00,63,45298,128x,300ms,0,43,115,147,178,424,372,433,177,183,1191
2026-09-11T15:45:01.973576+00:00,64,46017,128x,300ms,0,44,117,149,181,436,383,447,182,186,1228
2026-09-11T15:45:02.694518+00:00,65,46736,128x,300ms,0,45,122,155,187,444,391,454,187,191,1254
2026-09-11T15:45:03.415069+00:00,66,47455,128x,300ms,1,47,125,160,191,479,420,491,197,208,1347
2026-09-11T15:45:04.134317+00:00,67,48176,128x,300ms,1,50,130,166,194,466,411,481,193,205,1283
2026-09-11T15:45:04.852566+00:00,68,48896,128x,300ms,1,47,125,159,187,443,395,459,186,187,1167
2026-09-11T15:45:05.571647+00:00,69,49615,128x,300ms,1,48,131,165,194,476,419,484,193,196,1289
2026-09-11T15:45:06.292086+00:00,70,50336,128x,300ms,1,48,130,164,196,451,400,464,189,193,1225
2026-09-11T15:45:07.012833+00:00,71,51056,128x,300ms,0,49,128,162,193,484,431,487,197,194,1270
2026-09-11T15:45:07.731953+00:00,72,51776,128x,300ms,0,51,135,170,202,502,441,496,201,197,1314
2026-09-11T15:45:08.452465+00:00,73,52496,128x,300ms,0,75,202,255,282,677,599,623,241,214,1571
2026-09-11T15:45:09.171636+00:00,74,53215,128x,300ms,0,71,189,239,269,650,577,599,234,210,1541
2026-09-11T15:45:09.891959+00:00,75,53935,128x,300ms,0,71,195,243,289,593,535,559,211,181,1300
2026-09-11T15:45:10.612610+00:00,76,54653,128x,300ms,1,68,184,232,258,616,556,582,216,187,1359
2026-09-11T15:45:11.332277+00:00,77,55374,128x,300ms,1,64,174,219,245,606,541,570,212,181,1332
2026-09-11T15:45:12.051769+00:00,78,56094,128x,300ms,1,64,174,219,245,613,548,576,215,182,1361
2026-09-11T15:45:12.773107+00:00,79,56815,128x,300ms,1,65,186,224,248,615,550,578,215,183,1368
2026-09-11T15:45:13.491967+00:00,80,57536,128x,300ms,1,65,184,223,246,665,574,619,225,200,1478
2026-09-11T15:45:14.204296+00:00,81,58256,128x,300ms,0,104,293,357,373,863,786,764,287,255,2110
2026-09-11T15:45:14.932100+00:00,82,58977,128x,300ms,0,78,209,264,284,672,609,616,239,221,1627
2026-09-11T15:45:15.645375+00:00,83,59696,128x,300ms,0,86,231,290,310,760,683,685,262,233,1816
2026-09-11T15:45:16.364784+00:00,84,60416,128x,300ms,0,95,302,316,325,647,567,595,220,191,1450
2026-09-11T15:45:17.091839+00:00,85,61135,128x,300ms,0,67,187,229,251,636,563,585,216,184,1393
2026-09-11T15:45:17.812777+00:00,86,61854,128x,300ms,1,88,244,301,326,954,840,826,308,276,2327
2026-09-11T15:45:18.533077+00:00,87,62575,128x,300ms,1,80,214,270,290,604,543,559,221,202,1435
2026-09-11T15:45:19.252435+00:00,88,63296,128x,300ms,1,66,177,224,245,620,553,574,223,203,1444
2026-09-11T15:45:19.963893+00:00,89,64017,128x,300ms,1,70,186,235,256,620,554,574,224,203,1446
2026-09-11T15:45:20.684500+00:00,90,64737,128x,300ms,1,69,183,230,252,630,564,581,226,205,1459
2026-09-11T15:45:21.412793+00:00,91,65458,128x,300ms,0,72,192,243,264,646,586,592,231,206,1481
2026-09-11T15:45:22.124693+00:00,92,66178,128x,300ms,0,68,184,232,253,616,557,563,218,197,1421
2026-09-11T15:45:22.844524+00:00,93,66896,128x,300ms,0,68,184,233,252,640,574,585,225,204,1491
2026-09-11T15:45:23.564736+00:00,94,67616,128x,300ms,0,70,190,240,260,625,571,567,217,187,1358
2026-09-11T15:45:24.284386+00:00,95,68336,128x,300ms,0,66,181,227,248,584,537,530,207,180,1281
2026-09-11T15:45:25.005398+00:00,96,69056,128x,300ms,1,63,170,215,236,597,555,530,205,177,1321
2026-09-11T15:45:25.724589+00:00,97,69776,128x,300ms,1,64,171,221,239,600,536,540,198,178,1402
2026-09-11T15:45:26.444525+00:00,98,70497,128x,300ms,1,63,168,214,231,535,466,495,182,177,1382
2026-09-11T15:45:27.165228+00:00,99,71217,128x,300ms,1,59,158,203,225,575,539,516,193,175,1403
2026-09-11T15:45:27.884724+00:00,100,71938,128x,300ms,1,60,162,209,229,548,504,496,186,171,1358
2026-09-11T15:45:29.356361+00:00,101,72658,128x,300ms,0,55,147,190,207,571,468,521,191,190,1509
2026-09-11T15:45:29.388936+00:00,102,73377,128x,300ms,0,74,206,251,260,712,564,628,225,196,1659
