received_at,sequence,millis,gain,integration_time,page,415,445,480,515,555,590,630,680,nir,clear
2026-09-11T14:26:54.062586+00:00,3,2051,128x,300ms,0,0,0,0,0,2,2,1,0,0,6
2026-09-11T14:26:54.750629+00:00,4,2741,128x,300ms,0,0,0,0,0,2,2,1,0,0,6
2026-09-11T14:26:55.438541+00:00,5,3431,128x,300ms,1,0,0,0,0,0,0,0,0,0,0
2026-09-11T14:26:56.126563+00:00,6,4121,128x,300ms,1,0,0,0,0,0,0,0,0,0,0
2026-09-11T14:26:56.822367+00:00,7,4812,128x,300ms,1,0,0,0,0,0,0,0,0,0,0
2026-09-11T14:26:57.510221+00:00,8,5502,128x,300ms,1,0,0,0,0,0,0,0,0,0,0
2026-09-11T14:26:58.206462+00:00,9,6193,128x,300ms,0,0,0,0,0,0,0,0,0,0,0
2026-09-11T14:26:58.894249+00:00,10,6883,128x,300ms,0,0,0,0,0,0,0,0,0,0,0
2026-09-11T14:26:59.581789+00:00,11,7573,128x,300ms,0,0,0,0,0,0,0,0,0,0,0
2026-09-11T14:26:59.974930+00:00,12,7966,128x,50ms,0,0,0,0,0,0,0,0,0,0,0
2026-09-11T14:27:00.158736+00:00,13,8153,128x,50ms,0,0,0,0,0,0,0,0,0,0,0
2026-09-11T14:27:00.343137+00:00,14,8339,128x,50ms,0,0,0,0,0,0,0,0,0,0,0
2026-09-11T14:27:00.534734+00:00,15,8525,128x,50ms,0,0,0,0,0,0,0,0,0,0,0
2026-09-11T14:27:00.718675+00:00,16,8712,128x,50ms,0,0,0,0,0,0,0,0,0,0,0
2026-09-11T14:27:00.902019+00:00,17,8897,128x,50ms,0,0,0,0,0,0,0,0,0,0,0
2026-09-11T14:27:01.086916+00:00,18,9083,128x,50ms,1,0,0,0,0,0,0,0,0,0,0
2026-09-11T14:27:01.271132+00:00,19,9270,128x,50ms,1,0,0,0,0,0,0,0,0,0,0
2026-09-11T14:27:01.462452+00:00,20,9456,128x,50ms,1,0,0,0,0,0,0,0,0,0,0
2026-09-11T14:27:01.654893+00:00,21,9644,128x,50ms,1,0,0,0,0,0,0,0,0,0,0
2026-09-11T14:27:01.838011+00:00,22,9830,128x,50ms,1,0,0,0,0,0,0,0,0,0,0
2026-09-11T14:27:02.022342+00:00,23,10017,128x,50ms,1,0,0,0,0,0,0,0,0,0,0
2026-09-11T14:27:02.206803+00:00,24,10204,128x,50ms,1,0,0,0,0,0,0,0,0,0,0
2026-09-11T14:27:02.398422+00:00,25,10390,128x,50ms,1,0,0,0,0,0,0,0,0,0,0
2026-09-11T14:27:02.582413+00:00,26,10577,128x,50ms,1,0,0,0,0,0,0,0,0,0,0
2026-09-11T14:27:02.774098+00:00,27,10764,128x,50ms,1,0,0,0,0,0,0,0,0,0,0
2026-09-11T14:27:03.485656+00:00,28,11480,128x,300ms,1,0,0,0,0,0,0,0,0,0,0
2026-09-11T14:27:04.174322+00:00,29,12170,128x,300ms,0,0,0,0,0,0,0,0,0,0,0
2026-09-11T14:27:04.863446+00:00,30,12860,128x,300ms,0,0,0,0,0,0,0,0,0,0,0
2026-09-11T14:27:05.558944+00:00,31,13550,128x,300ms,0,0,0,0,0,0,0,0,0,0,0
2026-09-11T14:27:06.367108+00:00,32,14362,256x,300ms,0,0,0,0,0,0,0,0,0,0,0
2026-09-11T14:27:07.054941+00:00,33,15052,256x,300ms,1,0,0,0,0,0,0,0,0,0,0
2026-09-11T14:27:07.742777+00:00,34,15744,256x,300ms,1,0,0,0,0,0,0,0,0,0,3
2026-09-11T14:27:08.438513+00:00,35,16434,256x,300ms,1,0,0,0,0,0,0,0,0,0,0
2026-09-11T14:27:09.127094+00:00,36,17125,256x,300ms,1,0,0,0,0,0,0,0,0,0,0
2026-09-11T14:27:09.822255+00:00,37,17815,256x,300ms,1,0,0,0,0,0,0,0,0,0,0
2026-09-11T14:27:10.510643+00:00,38,18506,256x,300ms,0,0,0,0,0,0,0,0,0,0,0
2026-09-11T14:27:11.198142+00:00,39,19196,256x,300ms,0,0,0,0,0,0,0,0,0,0,0
2026-09-11T14:27:11.886555+00:00,40,19887,256x,300ms,0,0,0,0,0,0,0,0,0,0,0
2026-09-11T14:27:12.582241+00:00,41,20577,256x,300ms,0,0,0,0,0,0,0,0,0,0,0
2026-09-11T14:27:13.270067+00:00,42,21267,256x,300ms,1,0,0,0,0,0,0,0,0,0,0
2026-09-11T14:27:13.958447+00:00,43,21957,256x,300ms,1,0,0,0,0,0,0,0,0,0,0
2026-09-11T14:27:14.647284+00:00,44,22648,256x,300ms,1,0,0,0,0,0,0,0,0,0,0
2026-09-11T14:27:15.342660+00:00,45,23339,256x,300ms,1,0,0,0,0,0,0,0,0,0,0
2026-09-11T14:27:16.030524+00:00,46,24030,256x,300ms,0,0,0,0,0,0,0,0,0,0,3
2026-09-11T14:27:16.718527+00:00,47,24720,256x,300ms,0,0,0,0,0,0,0,0,0,0,0
2026-09-11T14:27:17.407229+00:00,48,25410,256x,300ms,0,0,0,0,0,0,0,0,0,0,0
2026-09-11T14:27:18.101763+00:00,49,26100,256x,300ms,0,0,0,0,0,0,0,0,0,0,0
2026-09-11T14:27:18.790884+00:00,50,26790,256x,300ms,0,0,0,0,0,0,0,0,0,0,0
2026-09-11T14:27:19.478746+00:00,51,27481,256x,300ms,1,0,0,0,0,0,0,0,0,0,0
2026-09-11T14:27:20.167092+00:00,52,28171,256x,300ms,1,0,0,0,0,1,1,1,0,0,6
2026-09-11T14:27:20.863172+00:00,53,28861,256x,300ms,1,0,0,0,0,3,4,2,0,0,12
2026-09-11T14:27:21.550468+00:00,54,29552,256x,300ms,1,0,0,0,0,3,3,2,0,0,11
2026-09-11T14:27:22.246300+00:00,55,30242,256x,300ms,0,0,0,0,0,2,2,2,0,0,10
2026-09-11T14:27:22.934691+00:00,56,30932,256x,300ms,0,0,0,0,0,3,3,2,0,0,11
2026-09-11T14:27:23.622912+00:00,57,31623,256x,300ms,0,0,0,0,0,3,4,3,0,0,12
2026-09-11T14:27:24.310084+00:00,58,32313,256x,300ms,0,0,0,0,0,3,4,3,0,0,12
2026-09-11T14:27:24.999043+00:00,59,33003,256x,300ms,0,0,0,0,0,3,4,3,0,0,12
2026-09-11T14:27:25.694485+00:00,60,33693,256x,300ms,1,0,0,0,0,3,3,2,0,0,12
2026-09-11T14:27:26.382671+00:00,61,34384,256x,300ms,1,0,0,0,0,3,4,2,0,0,12
2026-09-11T14:27:27.070643+00:00,62,35075,256x,300ms,1,0,0,0,0,3,4,2,0,0,12
2026-09-11T14:27:27.767024+00:00,63,35766,256x,300ms,1,0,0,0,0,3,4,3,0,0,12
2026-09-11T14:27:28.454472+00:00,64,36456,256x,300ms,0,0,0,0,0,3,4,3,0,0,12
2026-09-11T14:27:29.142510+00:00,65,37146,256x,300ms,0,0,0,0,0,3,4,3,0,0,12
2026-09-11T14:27:29.830323+00:00,66,37836,256x,300ms,0,0,0,0,0,4,4,3,0,0,12
2026-09-11T14:27:30.518309+00:00,67,38526,256x,300ms,0,0,0,0,0,2,2,2,0,0,8
2026-09-11T14:27:31.214604+00:00,68,39217,256x,300ms,1,0,0,0,0,1,1,1,0,0,6
2026-09-11T14:27:31.902731+00:00,69,39907,256x,300ms,1,0,0,0,0,53,29,33,10,2,110
2026-09-11T14:27:32.599237+00:00,70,40599,256x,300ms,1,0,0,0,0,4205,2149,3105,1010,2772,19447
2026-09-11T14:27:33.294780+00:00,71,41295,256x,300ms,1,0,0,0,0,6510,2595,4415,1222,3994,31096
2026-09-11T14:27:33.999000+00:00,72,41993,256x,300ms,1,0,0,0,0,5635,2400,3360,1107,3808,28241
2026-09-11T14:27:34.686354+00:00,73,42690,256x,300ms,0,0,0,0,0,537,392,592,218,278,1916
2026-09-11T14:27:35.375180+00:00,74,43381,256x,300ms,0,0,0,0,0,34,15,12,2,0,71
2026-09-11T14:27:36.070847+00:00,75,44071,256x,300ms,0,0,0,0,0,90,43,45,14,6,174
2026-09-11T14:27:36.759215+00:00,76,44763,256x,300ms,0,0,0,0,0,707,500,807,259,412,2549
2026-09-11T14:27:37.454437+00:00,77,45454,256x,300ms,1,0,0,0,0,949,744,1059,395,540,3287
2026-09-11T14:27:38.150254+00:00,78,46149,256x,300ms,1,0,0,0,0,949,749,1059,399,542,3276
2026-09-11T14:27:38.838977+00:00,79,46844,256x,300ms,1,0,0,0,0,851,653,952,348,496,2974
2026-09-11T14:27:39.534461+00:00,80,47540,256x,300ms,1,0,0,0,0,761,569,870,313,454,2585
2026-09-11T14:27:40.230266+00:00,81,48235,256x,300ms,0,0,0,0,0,717,531,825,290,438,2505
2026-09-11T14:27:40.918359+00:00,82,48926,256x,300ms,0,0,0,0,0,716,532,822,290,436,2504
2026-09-11T14:27:41.614053+00:00,83,49617,256x,300ms,0,0,0,0,0,685,510,791,276,422,2424
2026-09-11T14:27:42.302690+00:00,84,50309,256x,300ms,0,0,0,0,0,661,487,764,261,408,2357
2026-09-11T14:27:42.990528+00:00,85,51001,256x,300ms,0,0,0,0,0,657,485,761,259,408,2350
2026-09-11T14:27:43.686858+00:00,86,51692,256x,300ms,1,0,0,0,0,682,497,782,267,414,2417
2026-09-11T14:27:44.382301+00:00,87,52386,256x,300ms,1,0,0,0,0,666,467,739,256,406,2401
2026-09-11T14:27:45.079063+00:00,88,53081,256x,300ms,1,0,0,0,0,869,626,868,345,490,2887
2026-09-11T14:27:45.774349+00:00,89,53776,256x,300ms,1,0,0,0,0,812,573,846,317,480,2817
2026-09-11T14:27:46.462336+00:00,90,54471,256x,300ms,0,0,0,0,0,1257,1046,1351,554,746,5776
2026-09-11T14:27:47.158301+00:00,91,55162,256x,300ms,0,0,0,0,0,1185,957,1277,519,694,5358
2026-09-11T14:27:47.846478+00:00,92,55855,256x,300ms,0,0,0,0,0,1150,920,1242,504,662,4925
2026-09-11T14:27:48.534392+00:00,93,56547,256x,300ms,0,0,0,0,0,1131,899,1221,494,644,4708
2026-09-11T14:27:49.230400+00:00,94,57238,256x,300ms,1,0,0,0,0,971,743,1049,417,516,3326
2026-09-11T14:27:49.926487+00:00,95,57933,256x,300ms,1,0,0,0,0,113,77,89,25,16,241
2026-09-11T14:27:50.614461+00:00,96,58626,256x,300ms,1,0,0,0,0,80,44,54,14,8,168
2026-09-11T14:27:51.303152+00:00,97,59318,256x,300ms,1,0,0,0,0,78,42,51,13,8,163
2026-09-11T14:27:51.997900+00:00,98,60010,256x,300ms,1,0,0,0,0,77,42,50,13,4,161
2026-09-11T14:27:52.687040+00:00,99,60702,256x,300ms,0,0,0,0,0,77,42,50,13,8,161
2026-09-11T14:27:53.374716+00:00,100,61392,256x,300ms,0,0,0,0,0,76,40,48,13,8,159
2026-09-11T14:27:54.070011+00:00,101,62084,256x,300ms,0,0,0,0,0,76,40,47,13,6,156
2026-09-11T14:27:54.758899+00:00,102,62774,256x,300ms,0,0,0,0,0,75,40,47,13,8,156
2026-09-11T14:27:55.455179+00:00,103,63465,256x,300ms,1,0,0,0,0,75,40,47,13,4,157
2026-09-11T14:27:56.142055+00:00,104,64156,256x,300ms,1,0,0,0,0,74,39,46,12,4,153
2026-09-11T14:27:56.838490+00:00,105,64848,256x,300ms,1,0,0,0,0,73,38,44,12,6,152
2026-09-11T14:27:57.526541+00:00,106,65541,256x,300ms,1,0,0,0,0,72,37,42,11,6,148
2026-09-11T14:27:58.222298+00:00,107,66233,256x,300ms,0,0,0,0,0,72,37,43,12,6,147
2026-09-11T14:27:58.910537+00:00,108,66923,256x,300ms,0,0,0,0,0,72,37,42,11,6,148
2026-09-11T14:27:59.599089+00:00,109,67614,256x,300ms,0,0,0,0,0,72,37,42,11,6,148
2026-09-11T14:28:00.287018+00:00,110,68304,256x,300ms,0,0,0,0,0,72,37,42,11,6,147
2026-09-11T14:28:00.977646+00:00,111,68996,256x,300ms,0,0,0,0,0,71,36,41,11,6,146
2026-09-11T14:28:01.673454+00:00,112,69686,256x,300ms,1,0,0,0,0,72,37,43,12,6,149
2026-09-11T14:28:02.362402+00:00,113,70378,256x,300ms,1,0,0,0,0,73,37,43,12,6,149
2026-09-11T14:28:03.049643+00:00,114,71070,256x,300ms,1,0,0,0,0,73,37,43,12,6,148
2026-09-11T14:28:03.745910+00:00,115,71762,256x,300ms,1,0,0,0,0,72,36,43,12,6,147
2026-09-11T14:28:04.434744+00:00,116,72455,256x,300ms,0,0,0,0,0,72,37,42,12,6,147
2026-09-11T14:28:05.128867+00:00,117,73145,256x,300ms,0,0,0,0,0,72,36,43,12,4,148
2026-09-11T14:28:05.818241+00:00,118,73836,256x,300ms,0,0,0,0,0,72,37,43,12,4,147
2026-09-11T14:28:06.505562+00:00,119,74526,256x,300ms,0,0,0,0,0,72,36,42,12,6,147
2026-09-11T14:28:07.202524+00:00,120,75217,256x,300ms,1,0,0,0,0,70,35,40,10,4,142
2026-09-11T14:28:07.890261+00:00,121,75910,256x,300ms,1,0,0,0,0,70,35,39,10,6,142
2026-09-11T14:28:08.585976+00:00,122,76602,256x,300ms,1,0,0,0,0,70,35,40,10,6,142
2026-09-11T14:28:09.273917+00:00,123,77294,256x,300ms,1,0,0,0,0,75,40,45,13,6,155
2026-09-11T14:28:09.970089+00:00,124,77987,256x,300ms,1,0,0,0,0,449,350,489,171,192,1173
2026-09-11T14:28:10.665994+00:00,125,78682,256x,300ms,0,0,0,0,0,2695,1779,2625,866,1110,8190
2026-09-11T14:28:11.354181+00:00,126,79374,256x,300ms,0,0,0,0,0,1488,1185,1638,617,618,3554
2026-09-11T14:28:12.050212+00:00,127,80065,256x,300ms,0,0,0,0,0,1487,1181,1651,617,622,3651
2026-09-11T14:28:12.738424+00:00,128,80757,256x,300ms,0,0,0,0,0,1440,1170,1603,612,570,3271
2026-09-11T14:28:13.430595+00:00,129,81448,256x,300ms,1,0,0,0,0,1476,1199,1681,635,580,3333
2026-09-11T14:28:14.126436+00:00,130,82145,256x,300ms,1,0,0,0,0,1622,1224,1827,654,654,3926
2026-09-11T14:28:14.822082+00:00,131,82840,256x,300ms,1,0,0,0,0,1504,1218,1674,611,588,3364
2026-09-11T14:28:15.518163+00:00,132,83535,256x,300ms,1,0,0,0,0,1359,1171,1566,589,452,2759
2026-09-11T14:28:16.213723+00:00,133,84231,256x,300ms,0,0,0,0,0,1364,1176,1552,594,496,2888
2026-09-11T14:28:16.902231+00:00,134,84922,256x,300ms,0,0,0,0,0,1374,1190,1565,602,498,2909
2026-09-11T14:28:17.590991+00:00,135,85614,256x,300ms,0,0,0,0,0,1468,1263,1347,545,534,3634
2026-09-11T14:28:18.286080+00:00,136,86305,256x,300ms,0,0,0,0,0,2496,2044,2034,734,514,4568
2026-09-11T14:28:18.974826+00:00,137,86996,256x,300ms,0,0,0,0,0,1704,1323,1378,518,414,3384
2026-09-11T14:28:19.670585+00:00,138,87689,256x,300ms,1,0,0,0,0,1676,1284,1313,497,412,3355
2026-09-11T14:28:20.366861+00:00,139,88384,256x,300ms,1,0,0,0,0,1601,1214,1216,468,398,3196
2026-09-11T14:28:21.062838+00:00,140,89079,256x,300ms,1,0,0,0,0,1394,1016,1027,408,370,2853
2026-09-11T14:28:21.758662+00:00,141,89775,256x,300ms,1,0,0,0,0,1432,1039,1051,413,370,2909
2026-09-11T14:28:22.446394+00:00,142,90471,256x,300ms,0,0,0,0,0,1437,1036,1048,413,370,2925
2026-09-11T14:28:23.142406+00:00,143,91162,256x,300ms,0,0,0,0,0,1462,1051,1062,417,374,2967
2026-09-11T14:28:23.831138+00:00,144,91854,256x,300ms,0,0,0,0,0,1430,1018,1026,408,372,2921
2026-09-11T14:28:24.519011+00:00,145,92546,256x,300ms,0,0,0,0,0,1429,1017,1023,409,376,2926
2026-09-11T14:28:25.214323+00:00,146,93238,256x,300ms,1,0,0,0,0,1431,1015,1020,408,374,2928
2026-09-11T14:28:25.910885+00:00,147,93933,256x,300ms,1,0,0,0,0,1433,1015,1020,407,374,2933
2026-09-11T14:28:26.607103+00:00,148,94629,256x,300ms,1,0,0,0,0,1429,1009,1013,405,374,2925
2026-09-11T14:28:27.303209+00:00,149,95325,256x,300ms,1,0,0,0,0,1434,1009,1012,404,374,2930
2026-09-11T14:28:27.998472+00:00,150,96021,256x,300ms,1,0,0,0,0,1430,1002,1004,403,372,2923
2026-09-11T14:28:28.694566+00:00,151,96716,256x,300ms,0,0,0,0,0,1427,997,1001,402,372,2918
2026-09-11T14:28:29.381874+00:00,152,97409,256x,300ms,0,0,0,0,0,1414,983,986,397,370,2885
2026-09-11T14:28:30.070971+00:00,153,98100,256x,300ms,0,0,0,0,0,1413,976,976,395,370,2881
2026-09-11T14:28:30.766885+00:00,154,98792,256x,300ms,0,0,0,0,0,1415,977,978,393,368,2886
2026-09-11T14:28:31.462831+00:00,155,99483,256x,300ms,1,0,0,0,0,1436,993,995,399,374,2934
2026-09-11T14:28:32.158131+00:00,156,100178,256x,300ms,1,0,0,0,0,1428,986,987,399,376,2923
2026-09-11T14:28:32.846483+00:00,157,100874,256x,300ms,1,0,0,0,0,1421,974,976,397,374,2906
2026-09-11T14:28:33.542331+00:00,158,101569,256x,300ms,1,0,0,0,0,1430,981,984,397,374,2920
2026-09-11T14:28:34.238123+00:00,159,102263,256x,300ms,0,0,0,0,0,1399,954,956,391,372,2865
2026-09-11T14:28:34.926053+00:00,160,102956,256x,300ms,0,0,0,0,0,1434,975,1029,410,382,2974
2026-09-11T14:29:31.433345+00:00,3,2117,128x,300ms,0,58,150,191,418,719,482,506,204,192,1485
2026-09-11T14:29:32.153380+00:00,4,2836,128x,300ms,0,57,150,191,418,718,481,505,203,192,1484
2026-09-11T14:29:32.873340+00:00,5,3555,128x,300ms,0,57,150,190,417,719,481,506,203,192,1486
2026-09-11T14:29:33.592895+00:00,6,4274,128x,300ms,1,57,150,191,418,717,480,505,203,192,1481
2026-09-11T14:29:34.312832+00:00,7,4995,128x,300ms,1,57,149,190,417,716,479,505,203,192,1481
2026-09-11T14:29:35.032372+00:00,8,5714,128x,300ms,1,57,150,190,417,717,481,505,203,192,1482
2026-09-11T14:29:35.753045+00:00,9,6435,128x,300ms,1,57,150,191,418,717,480,505,203,191,1482
2026-09-11T14:29:36.464380+00:00,10,7155,128x,300ms,1,57,150,190,418,718,481,506,203,191,1483
2026-09-11T14:29:37.185875+00:00,11,7876,128x,300ms,0,57,150,191,418,716,479,504,203,190,1478
2026-09-11T14:29:37.912654+00:00,12,8595,128x,300ms,0,57,150,191,417,777,533,563,223,215,1633
2026-09-11T14:29:38.625048+00:00,13,9313,128x,300ms,0,130,376,461,694,1273,967,926,332,265,2729
2026-09-11T14:29:39.344933+00:00,14,10033,128x,300ms,0,76,217,266,511,886,594,596,216,192,1822
2026-09-11T14:29:40.065493+00:00,15,10753,128x,300ms,0,78,226,276,523,969,661,663,236,209,2028
2026-09-11T14:29:40.785582+00:00,16,11471,128x,300ms,1,82,240,292,540,1003,689,690,245,216,2110
2026-09-11T14:29:41.513695+00:00,17,12192,128x,300ms,1,83,244,298,546,1020,704,704,250,219,2154
2026-09-11T14:29:42.232974+00:00,18,12913,128x,300ms,1,85,250,304,552,1037,720,720,254,223,2198
2026-09-11T14:29:42.945575+00:00,19,13634,128x,300ms,1,89,260,316,563,1444,1100,1062,370,299,3189
2026-09-11T14:29:43.665692+00:00,20,14356,128x,300ms,1,244,737,889,1121,2126,1751,1617,571,428,4589
2026-09-11T14:29:44.385173+00:00,21,15077,128x,300ms,0,57,142,184,406,547,465,565,248,251,1405
2026-09-11T14:29:45.104627+00:00,22,15797,128x,300ms,0,4,13,15,25,17,7,6,2,1,36
2026-09-11T14:29:45.816808+00:00,23,16512,128x,300ms,0,16,36,49,186,597,409,458,182,201,1375
2026-09-11T14:29:46.529127+00:00,24,17229,128x,300ms,0,30,81,101,123,203,155,226,91,75,386
2026-09-11T14:29:47.249131+00:00,25,17948,128x,300ms,0,7,18,20,36,18,9,9,3,0,36
2026-09-11T14:29:47.961408+00:00,26,18664,128x,300ms,1,2,8,9,14,12,7,9,2,0,30
2026-09-11T14:29:48.680582+00:00,27,19379,128x,300ms,1,0,1,2,8,14,5,3,0,0,25
2026-09-11T14:29:49.392816+00:00,28,20093,128x,300ms,1,0,2,3,17,6,1,0,0,0,8
2026-09-11T14:29:50.105390+00:00,29,20808,128x,300ms,1,0,0,0,1,3,0,0,0,0,3
2026-09-11T14:29:50.816799+00:00,30,21522,128x,300ms,1,0,0,0,1,3,0,0,0,0,5
2026-09-11T14:29:51.529077+00:00,31,22237,128x,300ms,0,0,0,0,0,0,0,0,0,0,0
2026-09-11T14:29:52.241726+00:00,32,22949,128x,300ms,0,0,0,0,0,0,0,0,0,0,0
2026-09-11T14:29:52.961378+00:00,33,23663,128x,300ms,0,0,0,0,0,0,0,0,0,0,0
2026-09-11T14:29:53.672566+00:00,34,24377,128x,300ms,0,0,0,0,0,0,0,0,0,0,0
2026-09-11T14:29:54.385456+00:00,35,25091,128x,300ms,0,0,0,0,0,1,0,0,0,0,3
2026-09-11T14:29:55.097486+00:00,36,25804,128x,300ms,1,0,0,0,0,2,3,1,0,0,7
2026-09-11T14:29:55.816393+00:00,37,26518,128x,300ms,1,0,0,0,0,2,3,1,0,0,7
2026-09-11T14:29:56.529005+00:00,38,27233,128x,300ms,1,0,0,0,0,0,0,0,0,0,2
2026-09-11T14:29:57.241411+00:00,39,27947,128x,300ms,1,0,0,0,0,0,0,0,0,0,0
2026-09-11T14:29:57.953808+00:00,40,28661,128x,300ms,1,0,0,0,0,2,3,1,0,0,7
2026-09-11T14:29:58.672871+00:00,41,29375,128x,300ms,0,0,0,0,0,3,3,1,0,0,7
2026-09-11T14:29:59.385000+00:00,42,30089,128x,300ms,0,0,0,0,0,2,3,1,0,0,7
2026-09-11T14:30:00.096653+00:00,43,30803,128x,300ms,0,0,1,0,0,2,3,1,0,0,7
2026-09-11T14:30:00.808767+00:00,44,31516,128x,300ms,0,0,1,0,0,2,3,1,0,0,8
2026-09-11T14:30:01.520606+00:00,45,32231,128x,300ms,0,0,0,0,0,2,3,1,0,0,7
2026-09-11T14:30:02.241229+00:00,46,32945,128x,300ms,1,0,0,0,0,2,3,1,0,0,7
2026-09-11T14:30:02.952373+00:00,47,33658,128x,300ms,1,0,0,0,0,0,0,0,0,0,1
2026-09-11T14:30:03.665090+00:00,48,34372,128x,300ms,1,0,0,0,0,0,0,0,0,0,0
2026-09-11T14:30:04.376299+00:00,49,35087,128x,300ms,1,0,0,0,0,0,0,0,0,0,0
2026-09-11T14:30:05.089501+00:00,50,35801,128x,300ms,1,0,0,0,0,0,0,0,0,0,0
2026-09-11T14:30:05.801602+00:00,51,36515,128x,300ms,0,0,0,0,0,0,0,0,0,0,0
2026-09-11T14:30:06.520627+00:00,52,37230,128x,300ms,0,0,0,0,0,0,0,0,0,0,0
2026-09-11T14:30:07.232732+00:00,53,37944,128x,300ms,0,0,0,0,0,0,0,0,0,0,0
2026-09-11T14:30:07.944610+00:00,54,38658,128x,300ms,0,0,0,0,0,0,0,0,0,0,0
2026-09-11T14:30:08.657013+00:00,55,39371,128x,300ms,0,0,0,0,0,0,0,0,0,0,0
2026-09-11T14:30:09.376817+00:00,56,40086,128x,300ms,1,0,0,0,0,0,0,0,0,0,0
2026-09-11T14:30:10.088958+00:00,57,40800,128x,300ms,1,0,0,0,0,0,0,0,0,0,0
2026-09-11T14:30:10.800748+00:00,58,41515,128x,300ms,1,0,0,0,0,0,0,0,0,0,0
2026-09-11T14:30:11.520540+00:00,59,42229,128x,300ms,1,0,0,0,0,0,0,0,0,0,0
2026-09-11T14:30:12.232013+00:00,60,42943,128x,300ms,1,0,0,0,0,0,0,0,0,0,0
2026-09-11T14:30:12.945629+00:00,61,43658,128x,300ms,0,0,0,0,0,0,0,0,0,0,0
2026-09-11T14:30:13.656682+00:00,62,44371,128x,300ms,0,0,0,0,0,0,0,0,0,0,0
2026-09-11T14:30:14.376481+00:00,63,45086,128x,300ms,0,0,0,0,0,0,0,0,0,0,0
2026-09-11T14:30:15.089283+00:00,64,45800,128x,300ms,0,0,0,0,0,0,0,0,0,0,0
2026-09-11T14:30:15.800743+00:00,65,46514,128x,300ms,0,0,0,0,0,0,0,0,0,0,0
2026-09-11T14:30:16.512980+00:00,66,47227,128x,300ms,1,0,0,0,0,0,0,0,0,0,0
2026-09-11T14:30:17.225536+00:00,67,47942,128x,300ms,1,0,0,0,0,0,0,0,0,0,0
2026-09-11T14:30:17.944957+00:00,68,48657,128x,300ms,1,0,0,0,0,0,0,0,0,0,0
2026-09-11T14:30:18.656865+00:00,69,49371,128x,300ms,1,0,0,0,0,0,0,0,0,0,0
2026-09-11T14:30:19.368798+00:00,70,50085,128x,300ms,1,0,0,0,0,0,0,0,0,0,0
2026-09-11T14:30:20.080418+00:00,71,50800,128x,300ms,0,0,0,0,0,0,0,0,0,0,0
2026-09-11T14:30:20.793653+00:00,72,51514,128x,300ms,0,0,0,0,0,0,0,0,0,0,0
2026-09-11T14:30:21.512093+00:00,73,52228,128x,300ms,0,0,0,0,0,0,0,0,0,0,0
2026-09-11T14:30:22.224637+00:00,74,52941,128x,300ms,0,0,1,0,0,0,0,0,0,0,8
2026-09-11T14:30:22.937118+00:00,75,53656,128x,300ms,0,0,3,0,0,1,1,0,0,0,6
2026-09-11T14:30:23.648773+00:00,76,54369,128x,300ms,1,0,3,1,0,2,3,2,0,0,10
2026-09-11T14:30:24.361063+00:00,77,55085,128x,300ms,1,0,2,0,0,1,2,1,0,0,7
2026-09-11T14:30:25.081417+00:00,78,55798,128x,300ms,1,0,2,0,0,2,2,1,0,0,8
2026-09-11T14:30:25.793569+00:00,79,56512,128x,300ms,1,0,1,0,0,2,2,1,0,0,8
2026-09-11T14:30:26.513156+00:00,80,57227,128x,300ms,1,0,2,0,0,1,1,0,0,0,9
2026-09-11T14:30:27.225149+00:00,81,57940,128x,300ms,0,15,64,5,0,5,8,8,6,0,197
2026-09-11T14:30:27.944813+00:00,82,58655,128x,300ms,0,149,578,52,10,13,20,20,17,0,480
2026-09-11T14:30:28.665250+00:00,83,59373,128x,300ms,0,319,1350,135,26,28,43,41,37,1,1084
2026-09-11T14:30:29.384536+00:00,84,60092,128x,300ms,0,283,1171,116,23,27,42,41,36,0,998
2026-09-11T14:30:30.097257+00:00,85,60810,128x,300ms,0,369,1507,147,30,32,50,48,43,1,1175
2026-09-11T14:30:30.816624+00:00,86,61529,128x,300ms,1,393,1563,150,31,34,53,52,45,1,1219
2026-09-11T14:30:31.537023+00:00,87,62246,128x,300ms,1,405,1598,152,32,33,52,51,45,1,1214
2026-09-11T14:30:32.256663+00:00,88,62963,128x,300ms,1,390,1564,150,32,32,50,48,43,1,1163
2026-09-11T14:30:32.968986+00:00,89,63682,128x,300ms,1,360,1449,139,29,31,49,47,42,0,1128
2026-09-11T14:30:33.689524+00:00,90,64400,128x,300ms,1,376,1497,143,30,35,55,54,47,2,1280
2026-09-11T14:30:34.409400+00:00,91,65118,128x,300ms,0,421,1658,158,33,35,56,54,47,2,1280
2026-09-11T14:30:35.121501+00:00,92,65837,128x,300ms,0,415,1644,157,33,35,55,54,47,1,1268
2026-09-11T14:30:35.849030+00:00,93,66554,128x,300ms,0,410,1623,153,32,34,54,53,46,1,1241
2026-09-11T14:30:36.560683+00:00,94,67273,128x,300ms,0,404,1599,150,32,34,54,53,46,1,1237
2026-09-11T14:30:37.281580+00:00,95,67992,128x,300ms,0,405,1603,150,32,34,54,53,46,1,1230
2026-09-11T14:30:37.992900+00:00,96,68711,128x,300ms,1,386,1536,144,31,32,51,49,43,1,1153
2026-09-11T14:30:38.713210+00:00,97,69429,128x,300ms,1,383,1517,142,30,33,52,50,44,1,1171
2026-09-11T14:30:39.432676+00:00,98,70147,128x,300ms,1,380,1502,140,30,34,53,52,45,1,1210
2026-09-11T14:30:40.153543+00:00,99,70864,128x,300ms,1,407,1622,153,32,34,54,53,46,1,1251
2026-09-11T14:30:40.865378+00:00,100,71582,128x,300ms,1,396,1578,149,31,32,50,49,42,0,1143
2026-09-11T14:30:41.592652+00:00,101,72300,128x,300ms,0,365,1463,141,29,32,50,48,42,0,1161
2026-09-11T14:30:42.304536+00:00,102,73019,128x,300ms,0,452,1889,187,38,49,77,74,66,4,1836
2026-09-11T14:30:43.025353+00:00,103,73738,128x,300ms,0,583,2285,223,47,50,77,75,65,4,1806
2026-09-11T14:30:43.737182+00:00,104,74458,128x,300ms,0,557,2213,216,45,45,70,68,60,3,1677
2026-09-11T14:30:44.456976+00:00,105,75176,128x,300ms,0,507,2019,197,41,26,42,41,35,1,958
2026-09-11T14:30:45.168402+00:00,106,75894,128x,300ms,1,37,147,12,2,0,1,1,0,0,21
2026-09-11T14:30:45.888295+00:00,107,76610,128x,300ms,1,0,0,0,0,1,1,1,0,0,10
2026-09-11T14:30:46.601444+00:00,108,77325,128x,300ms,1,1,5,0,0,1,1,0,0,0,5
2026-09-11T14:30:47.312646+00:00,109,78039,128x,300ms,1,0,0,0,0,0,0,0,0,0,1
2026-09-11T14:30:48.024371+00:00,110,78752,128x,300ms,1,0,0,0,0,0,0,0,0,0,2
2026-09-11T14:30:48.744733+00:00,111,79467,128x,300ms,0,0,2,0,0,0,0,0,0,0,2
2026-09-11T14:30:49.457152+00:00,112,80182,128x,300ms,0,0,1,0,0,0,0,0,0,0,3
2026-09-11T14:30:50.169089+00:00,113,80896,128x,300ms,0,0,3,0,0,0,0,0,0,0,4
2026-09-11T14:30:50.881007+00:00,114,81609,128x,300ms,0,0,3,0,0,0,0,0,0,0,3
2026-09-11T14:30:51.592520+00:00,115,82323,128x,300ms,0,0,0,0,0,0,0,0,0,0,1
2026-09-11T14:30:52.313491+00:00,116,83038,128x,300ms,1,0,0,0,0,0,0,0,0,0,1
2026-09-11T14:30:53.024324+00:00,117,83751,128x,300ms,1,0,0,0,0,0,0,0,0,0,0
2026-09-11T14:30:53.737024+00:00,118,84466,128x,300ms,1,0,0,0,0,0,0,0,0,0,1
2026-09-11T14:30:54.449232+00:00,119,85181,128x,300ms,1,0,0,0,0,0,0,0,0,0,1
2026-09-11T14:30:55.160773+00:00,120,85896,128x,300ms,1,0,0,0,0,0,0,0,0,0,1
2026-09-11T14:30:55.880403+00:00,121,86609,128x,300ms,0,0,0,0,0,0,0,0,0,0,1
2026-09-11T14:30:56.592820+00:00,122,87323,128x,300ms,0,0,0,0,0,0,0,0,0,0,1
2026-09-11T14:30:57.304429+00:00,123,88038,128x,300ms,0,0,0,0,0,0,0,0,0,0,0
2026-09-11T14:30:58.024930+00:00,124,88752,128x,300ms,0,0,0,0,0,0,0,0,0,0,0
2026-09-11T14:30:58.737222+00:00,125,89466,128x,300ms,0,0,0,0,0,0,0,0,0,0,0
2026-09-11T14:30:59.449541+00:00,126,90180,128x,300ms,1,0,0,0,0,0,0,0,0,0,0
2026-09-11T14:31:00.169497+00:00,127,90895,128x,300ms,1,0,0,0,0,0,0,0,0,0,0
2026-09-11T14:31:00.880015+00:00,128,91610,128x,300ms,1,0,0,0,0,0,0,0,0,0,0
2026-09-11T14:31:01.593196+00:00,129,92324,128x,300ms,1,0,0,0,0,0,0,0,0,0,0
2026-09-11T14:31:02.305134+00:00,130,93038,128x,300ms,1,0,0,0,0,0,0,0,0,0,0
2026-09-11T14:31:03.017112+00:00,131,93753,128x,300ms,0,0,0,0,0,0,0,0,0,0,0
2026-09-11T14:31:03.736552+00:00,132,94467,128x,300ms,0,0,0,0,0,0,0,0,0,0,0
2026-09-11T14:31:04.449077+00:00,133,95181,128x,300ms,0,0,0,0,0,0,0,0,0,0,0
2026-09-11T14:31:05.160783+00:00,134,95895,128x,300ms,0,0,0,0,0,0,0,0,0,0,2
2026-09-11T14:31:05.873430+00:00,135,96610,128x,300ms,0,3,14,0,0,0,1,1,0,0,40
2026-09-11T14:31:06.592867+00:00,136,97324,128x,300ms,1,27,113,10,1,0,0,0,0,0,0
2026-09-11T14:31:07.305676+00:00,137,98039,128x,300ms,1,0,0,0,0,0,0,0,0,0,0
2026-09-11T14:31:08.017474+00:00,138,98753,128x,300ms,1,0,0,0,0,0,0,0,0,0,0
2026-09-11T14:31:08.736804+00:00,139,99468,128x,300ms,1,0,0,0,0,0,0,0,0,0,0
2026-09-11T14:31:09.449583+00:00,140,100183,128x,300ms,1,0,0,0,0,0,0,0,0,0,0
2026-09-11T14:31:10.161100+00:00,141,100897,128x,300ms,0,0,0,0,0,0,0,0,0,0,0
2026-09-11T14:31:10.881523+00:00,142,101612,128x,300ms,0,0,0,0,0,0,0,0,0,0,0
2026-09-11T14:31:11.592820+00:00,143,102326,128x,300ms,0,0,0,0,0,0,0,0,0,0,0
2026-09-11T14:31:12.305170+00:00,144,103041,128x,300ms,0,0,0,0,0,0,0,0,0,0,1
2026-09-11T14:31:13.016966+00:00,145,103754,128x,300ms,0,0,0,0,0,0,0,0,0,0,0
2026-09-11T14:31:13.729156+00:00,146,104469,128x,300ms,1,0,0,0,0,0,0,0,0,0,0
2026-09-11T14:31:14.448550+00:00,147,105184,128x,300ms,1,0,0,0,0,0,0,0,0,0,0
2026-09-11T14:31:15.161182+00:00,148,105897,128x,300ms,1,0,0,0,0,0,0,0,0,0,0
2026-09-11T14:31:15.872895+00:00,149,106612,128x,300ms,1,0,0,0,0,0,0,0,0,0,0
2026-09-11T14:31:16.592775+00:00,150,107327,128x,300ms,1,0,0,0,0,0,0,0,0,0,0
2026-09-11T14:31:17.304603+00:00,151,108042,128x,300ms,0,0,0,0,0,0,0,0,0,0,0
2026-09-11T14:31:18.015752+00:00,152,108756,128x,300ms,0,0,0,0,0,0,0,0,0,0,0
2026-09-11T14:31:18.736594+00:00,153,109470,128x,300ms,0,0,0,0,0,0,0,0,0,0,0
2026-09-11T14:31:19.448527+00:00,154,110185,128x,300ms,0,0,0,0,0,0,0,0,0,0,0
2026-09-11T14:31:20.160776+00:00,155,110899,128x,300ms,0,0,0,0,0,0,0,0,0,0,0
2026-09-11T14:31:20.872333+00:00,156,111613,128x,300ms,1,0,0,0,0,0,0,0,0,0,1
2026-09-11T14:31:21.584853+00:00,157,112328,128x,300ms,1,0,0,0,0,0,0,0,0,0,0
2026-09-11T14:31:22.305254+00:00,158,113043,128x,300ms,1,0,0,0,0,0,0,0,0,0,0
2026-09-11T14:31:23.016935+00:00,159,113758,128x,300ms,1,0,0,0,0,0,0,0,0,0,0
2026-09-11T14:31:23.728228+00:00,160,114472,128x,300ms,1,0,0,0,0,0,0,0,0,0,1
2026-09-11T14:31:24.441143+00:00,161,115186,128x,300ms,0,0,0,0,0,0,0,0,0,0,2
2026-09-11T14:31:25.160601+00:00,162,115901,128x,300ms,0,0,0,0,0,0,0,0,0,0,0
2026-09-11T14:31:25.873070+00:00,163,116615,128x,300ms,0,0,0,0,0,0,0,0,0,0,0
2026-09-11T14:31:26.584357+00:00,164,117329,128x,300ms,0,0,0,0,0,0,0,0,0,0,0
2026-09-11T14:31:27.305158+00:00,165,118043,128x,300ms,0,0,0,0,1,1,2,2,0,0,9
2026-09-11T14:31:28.017009+00:00,166,118757,128x,300ms,1,0,0,0,0,1,2,2,0,0,9
2026-09-11T14:31:28.728361+00:00,167,119472,128x,300ms,1,0,0,0,0,1,2,1,0,0,9
2026-09-11T14:31:29.449102+00:00,168,120186,128x,300ms,1,0,1,2,3,9,15,9,4,0,34
2026-09-11T14:31:30.161370+00:00,169,120901,128x,300ms,1,0,2,3,4,9,15,9,4,0,35
2026-09-11T14:31:30.872566+00:00,170,121616,128x,300ms,1,0,2,3,4,9,15,10,4,0,35
2026-09-11T14:31:31.584899+00:00,171,122332,128x,300ms,0,0,1,3,4,9,16,9,4,0,34
2026-09-11T14:31:32.296456+00:00,172,123046,128x,300ms,0,0,2,3,5,9,15,9,4,0,35
2026-09-11T14:31:33.016812+00:00,173,123760,128x,300ms,0,0,2,3,4,9,15,9,4,0,34
2026-09-11T14:31:33.729048+00:00,174,124475,128x,300ms,0,0,1,3,4,9,15,9,4,0,34
2026-09-11T14:31:34.440703+00:00,175,125189,128x,300ms,0,0,2,3,4,9,15,9,3,0,34
2026-09-11T14:31:35.160993+00:00,176,125902,128x,300ms,1,0,1,3,4,2,4,3,1,0,13
2026-09-11T14:31:35.872288+00:00,177,126617,128x,300ms,1,0,0,0,0,2,3,2,1,0,11
2026-09-11T14:31:36.585088+00:00,178,127332,128x,300ms,1,0,0,0,0,1,3,2,0,0,11
2026-09-11T14:31:37.304482+00:00,179,128047,128x,300ms,1,0,0,1,2,7,11,7,2,0,26
2026-09-11T14:31:38.017023+00:00,180,128761,128x,300ms,1,0,0,1,2,3,5,4,1,0,15
2026-09-11T14:31:38.737015+00:00,181,129476,128x,300ms,0,0,0,0,1,2,4,3,1,0,13
2026-09-11T14:31:39.456830+00:00,182,130190,128x,300ms,0,0,4,1,1,62,87,79,68,6,2097
2026-09-11T14:31:40.167971+00:00,183,130905,128x,300ms,0,1493,5470,549,193,235,315,280,246,33,7039
2026-09-11T14:31:40.889710+00:00,184,131627,128x,300ms,0,1268,4460,453,166,67,92,79,66,8,1773
2026-09-11T14:31:41.609217+00:00,185,132346,128x,300ms,0,65,269,32,13,26,38,30,22,1,542
2026-09-11T14:31:42.321772+00:00,186,133063,128x,300ms,1,150,599,65,22,20,27,23,20,0,542
2026-09-11T14:31:43.041774+00:00,187,133781,128x,300ms,1,148,595,64,21,23,32,27,22,0,589
2026-09-11T14:31:43.761995+00:00,188,134499,128x,300ms,1,163,639,69,23,23,33,28,22,0,592
2026-09-11T14:31:44.482032+00:00,189,135218,128x,300ms,1,164,647,70,23,23,32,28,22,0,595
2026-09-11T14:31:45.194667+00:00,190,135936,128x,300ms,1,163,646,70,23,23,32,27,22,0,594
2026-09-11T14:31:45.914798+00:00,191,136653,128x,300ms,0,164,647,70,23,23,32,27,23,0,597
2026-09-11T14:31:46.627775+00:00,192,137371,128x,300ms,0,164,648,70,23,22,31,26,22,0,585
2026-09-11T14:31:47.356003+00:00,193,138089,128x,300ms,0,162,642,69,23,22,30,26,21,0,578
2026-09-11T14:31:48.067525+00:00,194,138807,128x,300ms,0,162,640,68,22,20,28,25,21,0,570
2026-09-11T14:31:48.787623+00:00,195,139525,128x,300ms,0,151,599,65,22,25,36,29,22,0,573
2026-09-11T14:31:49.500167+00:00,196,140242,128x,300ms,1,109,443,48,14,18,25,22,20,0,542
2026-09-11T14:31:50.220189+00:00,197,140960,128x,300ms,1,148,593,63,19,17,24,21,18,0,511
2026-09-11T14:31:50.940411+00:00,198,141678,128x,300ms,1,135,542,58,17,21,29,26,23,0,641
2026-09-11T14:31:51.659641+00:00,199,142396,128x,300ms,1,334,1277,134,46,48,64,58,51,4,1424
2026-09-11T14:31:52.372478+00:00,200,143114,128x,300ms,1,385,1471,154,53,50,67,61,53,4,1471
2026-09-11T14:31:53.093165+00:00,201,143832,128x,300ms,0,463,1804,190,64,52,69,63,55,4,1521
2026-09-11T14:31:53.813395+00:00,202,144551,128x,300ms,0,397,1517,159,55,51,69,62,53,4,1471
2026-09-11T14:31:54.532274+00:00,203,145269,128x,300ms,0,398,1519,162,58,57,79,68,56,5,1492
2026-09-11T14:31:55.252980+00:00,204,145989,128x,300ms,0,398,1519,161,57,51,69,62,54,4,1472
2026-09-11T14:31:55.965934+00:00,205,146707,128x,300ms,0,397,1517,159,55,52,69,62,54,4,1467
2026-09-11T14:31:56.684914+00:00,206,147426,128x,300ms,1,393,1504,158,55,51,68,61,53,4,1452
2026-09-11T14:31:57.404813+00:00,207,148144,128x,300ms,1,387,1488,157,54,51,68,62,53,4,1468
2026-09-11T14:31:58.125738+00:00,208,148862,128x,300ms,1,390,1493,157,54,50,68,61,53,4,1446
2026-09-11T14:31:58.838302+00:00,209,149580,128x,300ms,1,389,1492,157,54,50,68,61,52,4,1437
2026-09-11T14:31:59.557172+00:00,210,150299,128x,300ms,1,385,1482,156,54,52,70,62,54,4,1477
2026-09-11T14:32:00.277858+00:00,211,151017,128x,300ms,0,403,1534,161,56,34,47,40,35,2,955
2026-09-11T14:32:00.998577+00:00,212,151736,128x,300ms,0,167,657,71,24,23,32,27,23,0,606
2026-09-11T14:32:01.709793+00:00,213,152454,128x,300ms,0,165,648,70,24,23,32,27,23,0,602
2026-09-11T14:32:02.429901+00:00,214,153171,128x,300ms,0,163,643,70,24,27,38,31,24,1,607
2026-09-11T14:32:03.142963+00:00,215,153889,128x,300ms,0,171,664,74,26,28,40,32,25,1,634
2026-09-11T14:32:03.862080+00:00,216,154607,128x,300ms,1,168,658,74,27,32,46,35,26,1,636
2026-09-11T14:32:04.582733+00:00,217,155325,128x,300ms,1,170,663,76,29,32,47,36,26,2,639
2026-09-11T14:32:05.293872+00:00,218,156042,128x,300ms,1,167,654,74,28,32,47,36,26,2,633
2026-09-11T14:32:06.015192+00:00,219,156760,128x,300ms,1,166,653,74,29,31,46,36,26,1,629
2026-09-11T14:32:06.734300+00:00,220,157477,128x,300ms,1,161,637,70,24,21,29,25,21,0,578
2026-09-11T14:32:07.454404+00:00,221,158195,128x,300ms,0,156,621,66,22,21,28,25,21,0,568
2026-09-11T14:32:08.166506+00:00,222,158913,128x,300ms,0,152,609,65,21,22,30,26,23,0,608
2026-09-11T14:32:08.887159+00:00,223,159631,128x,300ms,0,175,678,73,24,23,31,27,23,0,620
2026-09-11T14:32:09.599508+00:00,224,160349,128x,300ms,0,170,663,72,23,22,30,26,22,0,602
2026-09-11T14:32:10.326539+00:00,225,161067,128x,300ms,0,163,643,69,22,21,29,25,22,0,583
2026-09-11T14:32:11.038171+00:00,226,161784,128x,300ms,1,159,629,68,22,21,29,25,21,0,582
2026-09-11T14:32:11.758623+00:00,227,162502,128x,300ms,1,157,624,67,22,21,28,25,21,0,570
2026-09-11T14:32:12.470731+00:00,228,163220,128x,300ms,1,161,638,69,22,22,30,26,22,0,589
2026-09-11T14:32:13.191682+00:00,229,163938,128x,300ms,1,160,634,69,23,23,32,27,22,0,593
2026-09-11T14:32:13.911852+00:00,230,164656,128x,300ms,1,160,633,68,22,21,29,25,21,0,580
2026-09-11T14:32:14.630948+00:00,231,165373,128x,300ms,0,155,618,67,22,22,30,26,21,0,575
2026-09-11T14:32:15.342562+00:00,232,166091,128x,300ms,0,158,627,69,23,25,35,29,23,0,586
2026-09-11T14:32:16.062756+00:00,233,166809,128x,300ms,0,159,630,70,24,25,36,29,23,0,586
2026-09-11T14:32:16.775510+00:00,234,167527,128x,300ms,0,155,618,68,24,25,35,28,22,0,576
2026-09-11T14:32:17.495817+00:00,235,168246,128x,300ms,0,153,611,68,23,25,35,29,22,0,576
2026-09-11T14:32:18.215048+00:00,236,168964,128x,300ms,1,155,619,69,24,25,35,28,22,0,563
2026-09-11T14:32:18.935383+00:00,237,169681,128x,300ms,1,169,661,73,26,26,37,31,24,1,619
2026-09-11T14:32:19.655166+00:00,238,170398,128x,300ms,1,171,667,74,26,27,38,31,25,0,634
2026-09-11T14:32:20.367055+00:00,239,171116,128x,300ms,1,173,673,75,26,27,38,31,25,1,636
2026-09-11T14:32:21.086884+00:00,240,171834,128x,300ms,1,172,672,74,26,26,37,31,24,0,629
2026-09-11T14:32:21.798667+00:00,241,172551,128x,300ms,0,171,666,74,26,27,38,31,24,1,628
2026-09-11T14:32:22.520067+00:00,242,173268,128x,300ms,0,169,664,73,26,26,37,30,24,1,619
2026-09-11T14:32:23.239274+00:00,243,173986,128x,300ms,0,167,655,73,25,26,36,30,24,0,611
2026-09-11T14:32:23.959951+00:00,244,174704,128x,300ms,0,169,662,73,26,26,37,31,24,1,624
2026-09-11T14:32:24.671972+00:00,245,175422,128x,300ms,0,170,664,74,25,26,36,30,24,0,618
2026-09-11T14:32:25.391737+00:00,246,176140,128x,300ms,1,175,681,76,26,26,37,31,25,0,639
2026-09-11T14:32:26.103041+00:00,247,176858,128x,300ms,1,173,675,75,25,26,37,30,24,0,627
2026-09-11T14:32:26.823632+00:00,248,177575,128x,300ms,1,172,671,74,26,26,36,30,24,0,630
2026-09-11T14:32:27.543345+00:00,249,178293,128x,300ms,1,172,672,74,25,26,35,29,24,0,627
2026-09-11T14:32:28.263709+00:00,250,179011,128x,300ms,1,169,664,73,25,25,34,29,23,0,616
2026-09-11T14:32:28.975502+00:00,251,179729,128x,300ms,0,171,669,74,25,25,35,29,24,0,626
2026-09-11T14:32:29.695820+00:00,252,180447,128x,300ms,0,169,662,73,24,25,35,29,24,0,621
2026-09-11T14:32:30.415267+00:00,253,181165,128x,300ms,0,169,662,73,24,25,35,29,23,0,614
2026-09-11T14:32:31.127373+00:00,254,181882,128x,300ms,0,169,663,73,25,25,35,29,24,0,614
2026-09-11T14:32:31.847056+00:00,255,182600,128x,300ms,0,165,650,72,24,24,34,28,23,0,598
2026-09-11T14:32:32.567466+00:00,256,183318,128x,300ms,1,160,633,70,23,24,33,28,23,0,588
2026-09-11T14:32:33.279447+00:00,257,184036,128x,300ms,1,162,641,71,24,24,33,28,23,0,602
2026-09-11T14:32:33.998528+00:00,258,184754,128x,300ms,1,165,651,72,24,24,34,28,23,0,606
2026-09-11T14:32:34.720247+00:00,259,185472,128x,300ms,1,163,645,71,24,25,34,29,23,0,611
2026-09-11T14:32:35.430912+00:00,260,186189,128x,300ms,1,165,651,72,24,24,34,28,23,0,604
2026-09-11T14:32:36.151225+00:00,261,186907,128x,300ms,0,163,646,71,24,24,34,28,23,0,601
2026-09-11T14:32:36.871193+00:00,262,187625,128x,300ms,0,161,638,71,24,24,33,28,22,0,591
2026-09-11T14:32:37.592257+00:00,263,188342,128x,300ms,0,161,638,70,24,24,33,27,23,0,596
2026-09-11T14:32:38.303514+00:00,264,189060,128x,300ms,0,161,639,71,24,24,34,28,23,0,600
2026-09-11T14:32:39.023405+00:00,265,189777,128x,300ms,0,163,646,71,24,24,33,28,23,0,600
2026-09-11T14:32:39.736301+00:00,266,190495,128x,300ms,1,164,647,72,24,24,34,28,23,0,602
2026-09-11T14:32:40.455423+00:00,267,191213,128x,300ms,1,162,641,71,24,24,33,28,23,0,596
2026-09-11T14:32:41.175419+00:00,268,191931,128x,300ms,1,162,642,71,24,24,33,28,23,0,596
2026-09-11T14:32:41.895799+00:00,269,192649,128x,300ms,1,160,635,70,23,24,33,28,23,0,593
2026-09-11T14:32:42.607615+00:00,270,193367,128x,300ms,1,159,632,70,23,25,34,28,23,0,601
2026-09-11T14:32:43.328345+00:00,271,194084,128x,300ms,0,163,644,72,24,25,35,29,23,0,596
2026-09-11T14:32:44.047156+00:00,272,194802,128x,300ms,0,160,636,71,24,25,35,29,23,0,595
2026-09-11T14:32:44.759627+00:00,273,195520,128x,300ms,0,160,638,71,24,25,35,29,23,0,600
2026-09-11T14:32:45.480216+00:00,274,196238,128x,300ms,0,160,636,71,24,26,36,29,23,1,598
2026-09-11T14:32:46.199659+00:00,275,196956,128x,300ms,0,162,640,72,25,26,36,30,23,0,602
2026-09-11T14:32:46.911791+00:00,276,197673,128x,300ms,1,160,636,71,24,25,35,28,23,0,595
2026-09-11T14:32:47.632453+00:00,277,198391,128x,300ms,1,161,637,71,24,24,34,28,23,0,594
2026-09-11T14:32:48.351926+00:00,278,199109,128x,300ms,1,161,640,71,24,24,34,28,23,0,591
2026-09-11T14:32:49.064129+00:00,279,199827,128x,300ms,1,158,630,70,24,24,34,28,23,0,588
2026-09-11T14:32:49.783296+00:00,280,200545,128x,300ms,1,157,628,70,24,24,34,28,22,0,587
2026-09-11T14:32:50.503559+00:00,281,201263,128x,300ms,0,157,626,70,23,24,33,28,22,0,585
2026-09-11T14:32:51.223885+00:00,282,201980,128x,300ms,0,156,623,70,23,24,34,28,23,0,591
2026-09-11T14:32:51.935478+00:00,283,202698,128x,300ms,0,168,662,74,25,26,36,30,24,0,637
2026-09-11T14:32:52.655428+00:00,284,203416,128x,300ms,0,176,686,77,26,27,37,31,25,1,641
2026-09-11T14:32:53.376286+00:00,285,204134,128x,300ms,0,175,681,77,26,27,37,31,25,1,642
2026-09-11T14:32:54.087418+00:00,286,204852,128x,300ms,1,175,682,76,26,27,37,31,25,0,640
2026-09-11T14:32:54.808397+00:00,287,205570,128x,300ms,1,176,686,77,26,27,37,31,25,0,643
2026-09-11T14:32:55.526746+00:00,288,206286,128x,300ms,1,175,682,76,26,26,36,30,24,0,636
2026-09-11T14:32:56.240504+00:00,289,207004,128x,300ms,1,171,672,75,25,25,35,29,24,0,628
2026-09-11T14:32:56.959527+00:00,290,207723,128x,300ms,1,172,676,75,25,26,36,30,24,1,635
2026-09-11T14:32:57.680377+00:00,291,208440,128x,300ms,0,172,676,75,25,26,36,30,24,1,635
2026-09-11T14:32:58.392059+00:00,292,209158,128x,300ms,0,172,675,75,25,26,36,30,24,0,631
2026-09-11T14:32:59.111826+00:00,293,209875,128x,300ms,0,171,671,75,25,26,36,29,24,0,630
2026-09-11T14:32:59.831863+00:00,294,210593,128x,300ms,0,170,669,75,25,26,36,30,24,0,629
2026-09-11T14:33:00.551714+00:00,295,211311,128x,300ms,0,172,676,76,26,26,37,31,25,0,634
2026-09-11T14:33:01.263673+00:00,296,212029,128x,300ms,1,172,674,75,25,26,37,30,25,0,634
2026-09-11T14:33:01.983739+00:00,297,212747,128x,300ms,1,173,677,76,26,27,38,31,25,1,635
2026-09-11T14:33:02.695417+00:00,298,213465,128x,300ms,1,170,668,75,26,26,37,30,24,0,624
2026-09-11T14:33:03.415900+00:00,299,214182,128x,300ms,1,167,660,74,25,26,36,30,24,0,616
2026-09-11T14:33:04.135393+00:00,300,214899,128x,300ms,1,167,658,74,25,26,36,30,24,1,617
2026-09-11T14:33:04.855328+00:00,301,215617,128x,300ms,0,165,654,74,25,26,36,29,24,0,613
2026-09-11T14:33:05.567181+00:00,302,216335,128x,300ms,0,164,652,73,25,27,37,30,24,1,617
2026-09-11T14:33:06.287712+00:00,303,217053,128x,300ms,0,165,657,74,25,27,37,30,24,1,617
2026-09-11T14:33:06.999942+00:00,304,217771,128x,300ms,0,162,644,73,25,27,37,30,24,0,613
2026-09-11T14:33:07.719189+00:00,305,218488,128x,300ms,0,165,653,74,25,27,37,31,24,1,618
2026-09-11T14:33:08.439932+00:00,306,219206,128x,300ms,1,169,668,75,26,27,38,31,25,1,646
2026-09-11T14:33:09.152042+00:00,307,219924,128x,300ms,1,173,678,76,26,26,37,30,24,1,629
2026-09-11T14:33:09.878863+00:00,308,220641,128x,300ms,1,167,660,74,25,26,37,30,24,0,623
2026-09-11T14:33:10.592056+00:00,309,221359,128x,300ms,1,170,668,75,26,26,36,30,24,0,619
2026-09-11T14:33:11.311824+00:00,310,222076,128x,300ms,1,194,740,83,28,29,40,33,27,1,693
2026-09-11T14:33:12.024097+00:00,311,222794,128x,300ms,0,183,709,80,27,27,37,30,24,0,631
2026-09-11T14:33:12.743920+00:00,312,223512,128x,300ms,0,171,660,75,25,29,40,33,27,1,695
2026-09-11T14:33:13.455774+00:00,313,224230,128x,300ms,0,192,737,83,28,27,38,31,25,1,652
2026-09-11T14:33:14.184373+00:00,314,224948,128x,300ms,0,174,683,77,26,26,37,30,24,1,631
2026-09-11T14:33:14.895609+00:00,315,225666,128x,300ms,0,168,664,75,25,26,36,30,24,1,614
2026-09-11T14:33:15.615976+00:00,316,226383,128x,300ms,1,164,651,73,25,26,36,29,24,0,608
2026-09-11T14:33:16.327580+00:00,317,227101,128x,300ms,1,161,643,72,24,26,36,30,24,0,613
2026-09-11T14:33:17.047895+00:00,318,227819,128x,300ms,1,163,648,73,24,25,36,29,23,0,602
2026-09-11T14:33:17.767717+00:00,319,228537,128x,300ms,1,157,630,71,24,25,36,29,23,0,591
2026-09-11T14:33:18.487506+00:00,320,229255,128x,300ms,1,158,635,72,25,25,35,29,23,0,593
2026-09-11T14:33:19.199792+00:00,321,229972,128x,300ms,0,159,637,72,24,27,37,30,24,0,621
2026-09-11T14:33:19.919319+00:00,322,230690,128x,300ms,0,162,645,73,25,25,36,29,23,0,593
2026-09-11T14:33:20.639596+00:00,323,231408,128x,300ms,0,156,625,70,24,27,38,31,25,1,638
2026-09-11T14:33:21.351496+00:00,324,232126,128x,300ms,0,162,647,73,25,26,36,29,23,0,589
2026-09-11T14:33:22.071426+00:00,325,232844,128x,300ms,0,153,618,70,24,25,36,29,23,0,591
2026-09-11T14:33:22.791560+00:00,326,233562,128x,300ms,1,155,624,71,24,25,35,29,23,0,583
2026-09-11T14:33:23.503408+00:00,327,234279,128x,300ms,1,149,605,69,23,23,32,27,21,0,559
2026-09-11T14:33:24.223070+00:00,328,234997,128x,300ms,1,148,601,68,22,22,31,26,21,0,555
2026-09-11T14:33:24.943122+00:00,329,235715,128x,300ms,1,146,595,67,22,22,31,26,21,0,557
2026-09-11T14:33:25.656362+00:00,330,236432,128x,300ms,1,167,660,74,24,26,36,31,25,0,652
2026-09-11T14:33:26.375590+00:00,331,237150,128x,300ms,0,175,685,77,26,26,35,30,24,0,632
2026-09-11T14:33:27.095595+00:00,332,237868,128x,300ms,0,170,672,75,25,26,35,30,24,1,619
2026-09-11T14:33:27.815794+00:00,333,238585,128x,300ms,0,165,655,74,25,25,35,29,24,0,610
2026-09-11T14:33:28.528155+00:00,334,239303,128x,300ms,0,162,646,73,24,25,35,29,23,0,606
2026-09-11T14:33:29.248078+00:00,335,240021,128x,300ms,0,178,687,77,26,28,39,33,27,1,708
2026-09-11T14:33:29.960300+00:00,336,240739,128x,300ms,1,199,756,85,29,29,40,34,27,1,711
2026-09-11T14:33:30.679310+00:00,337,241457,128x,300ms,1,198,755,85,29,29,40,33,27,1,710
2026-09-11T14:33:31.400047+00:00,338,242173,128x,300ms,1,199,757,86,29,29,40,34,28,1,712
2026-09-11T14:33:32.111402+00:00,339,242891,128x,300ms,1,199,757,86,29,29,40,34,27,1,713
2026-09-11T14:33:32.830991+00:00,340,243608,128x,300ms,1,199,755,86,29,29,40,34,27,1,712
2026-09-11T14:33:33.551395+00:00,341,244326,128x,300ms,0,199,757,86,29,29,40,34,27,1,714
2026-09-11T14:33:34.271698+00:00,342,245044,128x,300ms,0,199,758,86,29,29,41,34,28,1,714
2026-09-11T14:33:34.984196+00:00,343,245762,128x,300ms,0,199,758,86,29,29,40,34,28,1,715
2026-09-11T14:33:35.703540+00:00,344,246479,128x,300ms,0,199,759,86,29,29,40,34,27,1,714
2026-09-11T14:33:36.415173+00:00,345,247197,128x,300ms,0,199,759,86,29,29,40,34,28,1,714
2026-09-11T14:33:37.135352+00:00,346,247915,128x,300ms,1,199,757,86,29,29,40,34,27,1,712
2026-09-11T14:33:37.855119+00:00,347,248633,128x,300ms,1,198,755,86,29,29,40,34,27,1,712
2026-09-11T14:33:38.567582+00:00,348,249350,128x,300ms,1,199,757,86,29,29,41,34,28,1,714
2026-09-11T14:33:39.287218+00:00,349,250067,128x,300ms,1,198,757,86,29,29,41,34,27,1,714
2026-09-11T14:33:40.005217+00:00,350,250784,128x,300ms,1,199,757,86,29,29,41,35,28,1,714
2026-09-11T14:33:40.725839+00:00,351,251501,128x,300ms,0,198,757,86,29,29,41,34,28,1,713
2026-09-11T14:33:41.437575+00:00,352,252219,128x,300ms,0,198,755,86,29,30,42,35,28,1,713
2026-09-11T14:33:42.157047+00:00,353,252937,128x,300ms,0,198,754,86,29,30,42,35,28,1,713
2026-09-11T14:33:42.872980+00:00,354,253656,128x,300ms,0,197,754,86,29,30,42,35,28,1,713
2026-09-11T14:33:43.593071+00:00,355,254373,128x,300ms,0,197,753,87,29,30,42,35,28,1,714
2026-09-11T14:33:44.305054+00:00,356,255091,128x,300ms,1,197,756,87,30,31,43,35,28,1,716
2026-09-11T14:33:45.025778+00:00,357,255808,128x,300ms,1,198,756,87,30,30,42,35,28,1,716
2026-09-11T14:33:45.737468+00:00,358,256526,128x,300ms,1,197,754,87,30,31,43,35,28,1,714
2026-09-11T14:33:46.459454+00:00,359,257243,128x,300ms,1,197,755,87,30,31,43,35,28,1,714
2026-09-11T14:33:47.177680+00:00,360,257960,128x,300ms,1,197,755,87,30,30,42,35,28,1,714
2026-09-11T14:33:47.895956+00:00,361,258677,128x,300ms,0,197,752,86,30,31,43,36,28,2,714
2026-09-11T14:33:48.616630+00:00,362,259395,128x,300ms,0,197,753,87,30,31,43,36,28,1,713
2026-09-11T14:33:49.328078+00:00,363,260113,128x,300ms,0,196,753,86,29,30,41,35,27,1,710
2026-09-11T14:33:50.048499+00:00,364,260832,128x,300ms,0,197,755,86,29,30,41,35,28,1,712
2026-09-11T14:33:50.760569+00:00,365,261550,128x,300ms,0,197,755,86,29,30,42,35,27,1,712
2026-09-11T14:33:51.480067+00:00,366,262267,128x,300ms,1,197,754,86,29,30,41,35,28,1,711
2026-09-11T14:33:52.193248+00:00,367,262984,128x,300ms,1,196,751,86,29,30,41,34,27,1,707
2026-09-11T14:33:52.912242+00:00,368,263701,128x,300ms,1,196,753,87,29,30,41,34,28,1,711
2026-09-11T14:33:53.632124+00:00,369,264419,128x,300ms,1,196,753,86,29,30,41,35,27,1,711
2026-09-11T14:33:54.353481+00:00,370,265136,128x,300ms,1,197,755,87,29,30,42,35,28,1,713
2026-09-11T14:33:55.072765+00:00,371,265852,128x,300ms,0,196,754,87,29,30,41,35,28,0,708
2026-09-11T14:33:55.786004+00:00,372,266570,128x,300ms,0,196,752,87,29,30,42,35,27,1,709
2026-09-11T14:33:56.504867+00:00,373,267289,128x,300ms,0,197,754,87,29,30,41,34,28,1,713
2026-09-11T14:33:57.221084+00:00,374,268007,128x,300ms,0,197,755,87,29,30,42,35,28,1,713
2026-09-11T14:33:58.040099+00:00,375,268725,128x,300ms,0,198,757,87,29,30,42,35,28,1,715
2026-09-11T14:33:58.708749+00:00,376,269443,128x,300ms,1,198,757,87,29,30,42,35,28,1,715
2026-09-11T14:33:59.391117+00:00,377,270159,128x,300ms,1,198,757,88,29,30,42,35,28,1,715
2026-09-11T14:34:00.187825+00:00,378,270877,128x,300ms,1,197,756,87,29,30,42,35,28,1,715
2026-09-11T14:34:00.808172+00:00,379,271594,128x,300ms,1,198,758,87,29,30,42,35,28,1,716
2026-09-11T14:34:01.527948+00:00,380,272312,128x,300ms,1,197,758,87,29,30,42,35,28,1,716
2026-09-11T14:34:02.240061+00:00,381,273030,128x,300ms,0,197,756,88,29,30,42,35,28,1,714
2026-09-11T14:34:02.979874+00:00,382,273747,128x,300ms,0,197,756,87,29,30,42,35,28,1,715
2026-09-11T14:34:03.675692+00:00,383,274465,128x,300ms,0,197,757,88,29,30,42,35,28,1,717
2026-09-11T14:34:04.401337+00:00,384,275183,128x,300ms,0,198,759,87,29,30,42,35,28,1,716
2026-09-11T14:34:05.109494+00:00,385,275901,128x,300ms,0,198,759,88,29,31,42,35,28,1,716
2026-09-11T14:34:05.826447+00:00,386,276619,128x,300ms,1,197,759,87,30,30,42,35,28,1,717
2026-09-11T14:34:06.546556+00:00,387,277336,128x,300ms,1,198,760,88,29,30,42,35,28,1,715
2026-09-11T14:34:07.266615+00:00,388,278053,128x,300ms,1,198,759,88,29,29,41,34,28,1,713
2026-09-11T14:34:07.979305+00:00,389,278770,128x,300ms,1,197,759,87,29,29,41,34,28,1,714
2026-09-11T14:34:08.693658+00:00,390,279488,128x,300ms,1,197,759,88,29,29,41,34,27,1,714
2026-09-11T14:34:09.416694+00:00,391,280205,128x,300ms,0,197,759,88,29,30,42,35,28,1,715
2026-09-11T14:34:10.129591+00:00,392,280923,128x,300ms,0,197,759,88,29,30,41,35,27,1,716
2026-09-11T14:34:10.849004+00:00,393,281640,128x,300ms,0,197,759,88,29,30,42,35,28,1,715
2026-09-11T14:34:11.569197+00:00,394,282358,128x,300ms,0,197,759,88,30,30,42,35,28,1,715
2026-09-11T14:34:12.289006+00:00,395,283076,128x,300ms,0,197,758,88,29,30,42,35,27,1,711
2026-09-11T14:34:12.999926+00:00,396,283794,128x,300ms,1,196,755,88,29,30,42,35,28,1,713
2026-09-11T14:34:13.720313+00:00,397,284512,128x,300ms,1,197,757,87,29,30,42,35,28,1,714
2026-09-11T14:34:14.433177+00:00,398,285230,128x,300ms,1,196,756,88,29,30,42,35,28,1,713
2026-09-11T14:34:15.152881+00:00,399,285946,128x,300ms,1,195,753,88,29,30,42,35,27,1,712
2026-09-11T14:34:15.872734+00:00,400,286664,128x,300ms,1,195,755,88,29,30,42,35,28,1,713
2026-09-11T14:34:16.584078+00:00,401,287381,128x,300ms,0,196,757,88,29,30,42,35,28,1,711
2026-09-11T14:34:17.303575+00:00,402,288099,128x,300ms,0,196,756,88,30,30,42,35,28,1,715
2026-09-11T14:34:18.024378+00:00,403,288818,128x,300ms,0,196,759,88,29,30,41,35,28,1,715
2026-09-11T14:34:18.743395+00:00,404,289536,128x,300ms,0,197,759,88,29,30,42,35,28,1,716
2026-09-11T14:34:19.455778+00:00,405,290253,128x,300ms,0,197,759,88,30,30,42,35,28,1,716
2026-09-11T14:34:20.175395+00:00,406,290971,128x,300ms,1,197,759,88,30,30,42,35,28,1,717
2026-09-11T14:34:20.887934+00:00,407,291689,128x,300ms,1,197,759,89,30,31,43,36,28,1,718
2026-09-11T14:34:21.607902+00:00,408,292406,128x,300ms,1,197,759,88,29,31,43,36,28,1,719
2026-09-11T14:34:22.328068+00:00,409,293124,128x,300ms,1,197,758,88,30,31,43,36,28,1,718
2026-09-11T14:34:23.040837+00:00,410,293840,128x,300ms,1,197,760,89,30,31,43,36,28,1,719
2026-09-11T14:34:23.759999+00:00,411,294558,128x,300ms,0,197,760,89,30,31,43,36,28,1,720
2026-09-11T14:34:24.480778+00:00,412,295276,128x,300ms,0,197,761,89,30,31,43,36,28,1,720
2026-09-11T14:34:25.192687+00:00,413,295994,128x,300ms,0,197,759,89,29,31,42,35,28,1,717
2026-09-11T14:34:25.911884+00:00,414,296711,128x,300ms,0,197,760,89,30,31,43,35,28,1,719
2026-09-11T14:34:26.632573+00:00,415,297428,128x,300ms,0,197,760,89,30,31,43,35,28,1,719
2026-09-11T14:34:27.344562+00:00,416,298146,128x,300ms,1,197,761,89,29,31,43,35,28,1,719
2026-09-11T14:34:28.063362+00:00,417,298864,128x,300ms,1,197,759,89,29,31,43,35,28,1,719
2026-09-11T14:34:28.783643+00:00,418,299582,128x,300ms,1,197,760,89,30,31,42,35,28,1,718
2026-09-11T14:34:29.504524+00:00,419,300299,128x,300ms,1,197,761,89,29,30,42,35,28,1,718
2026-09-11T14:34:30.216306+00:00,420,301017,128x,300ms,1,197,761,89,29,31,42,35,28,1,718
2026-09-11T14:34:30.935791+00:00,421,301733,128x,300ms,0,197,758,89,29,30,42,35,28,1,715
2026-09-11T14:34:31.648947+00:00,422,302451,128x,300ms,0,196,757,89,29,31,42,35,28,1,717
2026-09-11T14:34:32.368613+00:00,423,303169,128x,300ms,0,196,758,89,29,31,42,35,28,1,716
2026-09-11T14:34:33.088322+00:00,424,303888,128x,300ms,0,196,758,89,30,31,42,35,28,1,716
2026-09-11T14:34:33.799599+00:00,425,304606,128x,300ms,0,195,756,88,29,31,42,35,28,1,714
2026-09-11T14:34:34.520828+00:00,426,305324,128x,300ms,1,196,759,89,30,31,42,35,28,1,716
2026-09-11T14:34:35.240932+00:00,427,306040,128x,300ms,1,195,757,88,29,31,42,35,28,1,711
2026-09-11T14:34:35.952181+00:00,428,306758,128x,300ms,1,195,756,89,29,31,43,35,28,1,718
2026-09-11T14:34:36.672568+00:00,429,307475,128x,300ms,1,196,760,89,30,31,43,35,28,1,718
2026-09-11T14:34:37.391877+00:00,430,308193,128x,300ms,1,195,756,89,29,29,40,34,27,1,711
2026-09-11T14:34:38.103976+00:00,431,308910,128x,300ms,0,195,757,89,30,29,39,33,27,1,706
2026-09-11T14:34:38.823891+00:00,432,309627,128x,300ms,0,194,753,86,27,26,35,31,26,0,702
2026-09-11T14:34:39.544090+00:00,433,310345,128x,300ms,0,196,757,87,27,27,36,31,26,0,704
2026-09-11T14:34:40.256909+00:00,434,311063,128x,300ms,0,195,757,87,27,26,35,30,26,0,701
2026-09-11T14:34:40.976072+00:00,435,311781,128x,300ms,0,195,756,87,27,26,35,31,26,1,702
2026-09-11T14:34:41.687673+00:00,436,312499,128x,300ms,1,195,757,88,28,32,45,37,29,1,721
2026-09-11T14:34:42.415926+00:00,437,313216,128x,300ms,1,197,761,91,32,34,48,38,30,1,727
2026-09-11T14:34:43.128129+00:00,438,313933,128x,300ms,1,196,760,90,30,32,45,37,29,1,721
2026-09-11T14:34:43.848146+00:00,439,314650,128x,300ms,1,196,761,90,31,34,49,39,29,2,729
2026-09-11T14:34:44.559422+00:00,440,315368,128x,300ms,1,196,761,92,32,35,50,40,30,2,731
2026-09-11T14:34:45.279872+00:00,441,316086,128x,300ms,0,197,763,92,32,35,50,40,30,2,734
2026-09-11T14:34:46.000146+00:00,442,316804,128x,300ms,0,197,762,92,32,34,49,39,29,1,729
2026-09-11T14:34:46.719212+00:00,443,317521,128x,300ms,0,196,760,90,31,31,44,36,28,1,721
2026-09-11T14:34:47.431722+00:00,444,318239,128x,300ms,0,197,762,89,29,29,39,34,27,1,715
2026-09-11T14:34:48.152944+00:00,445,318957,128x,300ms,0,197,762,89,29,28,39,33,27,1,714
2026-09-11T14:34:48.871999+00:00,446,319675,128x,300ms,1,197,764,88,28,27,37,32,27,0,712
2026-09-11T14:34:49.584944+00:00,447,320393,128x,300ms,1,197,764,88,28,27,36,31,26,1,709
2026-09-11T14:34:50.303609+00:00,448,321110,128x,300ms,1,197,762,88,28,27,37,32,27,1,710
2026-09-11T14:34:51.015637+00:00,449,321827,128x,300ms,1,197,764,89,28,28,38,33,27,1,714
2026-09-11T14:34:51.735162+00:00,450,322544,128x,300ms,1,197,763,89,28,29,39,34,27,1,714
2026-09-11T14:34:52.456025+00:00,451,323261,128x,300ms,0,197,764,89,29,29,39,34,27,1,716
2026-09-11T14:34:53.168296+00:00,452,323979,128x,300ms,0,198,765,90,28,29,40,34,28,1,726
2026-09-11T14:34:53.887590+00:00,453,324698,128x,300ms,0,202,778,91,29,29,40,34,28,1,729
2026-09-11T14:34:54.607967+00:00,454,325415,128x,300ms,0,202,778,91,29,29,39,34,28,1,729
2026-09-11T14:34:55.320905+00:00,455,326133,128x,300ms,0,201,777,91,29,29,39,34,28,1,727
2026-09-11T14:34:56.039726+00:00,456,326851,128x,300ms,1,201,776,90,29,29,39,33,28,1,724
2026-09-11T14:34:56.759386+00:00,457,327568,128x,300ms,1,201,774,91,29,29,40,34,28,1,726
2026-09-11T14:34:57.471942+00:00,458,328286,128x,300ms,1,200,772,90,29,29,39,33,27,1,723
2026-09-11T14:34:58.192735+00:00,459,329004,128x,300ms,1,199,772,90,29,29,40,34,27,1,724
2026-09-11T14:34:58.904175+00:00,460,329720,128x,300ms,1,201,775,91,29,29,39,34,28,1,728
2026-09-11T14:34:59.632462+00:00,461,330438,128x,300ms,0,201,778,91,29,29,39,34,28,1,728
2026-09-11T14:35:00.344548+00:00,462,331156,128x,300ms,0,201,778,91,29,29,40,34,28,1,728
2026-09-11T14:35:01.064424+00:00,463,331874,128x,300ms,0,200,775,91,29,29,39,34,27,1,725
2026-09-11T14:35:01.776462+00:00,464,332592,128x,300ms,0,200,774,90,29,29,39,34,28,1,725
2026-09-11T14:35:02.495795+00:00,465,333309,128x,300ms,0,200,775,91,29,29,39,34,27,1,720
2026-09-11T14:35:03.216551+00:00,466,334027,128x,300ms,1,200,775,90,29,29,40,34,28,1,728
2026-09-11T14:35:03.928691+00:00,467,334745,128x,300ms,1,201,776,91,29,29,40,34,28,1,728
2026-09-11T14:35:04.647613+00:00,468,335463,128x,300ms,1,202,778,91,29,29,39,34,28,1,728
2026-09-11T14:35:05.368864+00:00,469,336181,128x,300ms,1,201,777,91,29,29,40,34,28,1,728
2026-09-11T14:35:06.087401+00:00,470,336898,128x,300ms,1,201,778,91,29,30,40,34,28,1,728
2026-09-11T14:35:06.799927+00:00,471,337615,128x,300ms,0,200,775,91,29,30,40,34,28,1,727
2026-09-11T14:35:07.520411+00:00,472,338333,128x,300ms,0,200,774,91,29,29,40,34,28,1,727
2026-09-11T14:35:08.233439+00:00,473,339051,128x,300ms,0,201,777,92,29,29,40,34,28,1,728
2026-09-11T14:35:08.949120+00:00,474,339769,128x,300ms,0,199,772,91,29,29,40,34,28,1,724
2026-09-11T14:35:09.670092+00:00,475,340487,128x,300ms,0,199,772,91,29,30,41,34,28,1,730
2026-09-11T14:35:10.389544+00:00,476,341204,128x,300ms,1,201,778,91,30,30,41,34,29,1,733
2026-09-11T14:35:11.110174+00:00,477,341921,128x,300ms,1,201,778,92,30,30,41,35,28,1,731
2026-09-11T14:35:11.829221+00:00,478,342639,128x,300ms,1,202,780,92,29,30,41,35,28,1,733
2026-09-11T14:35:12.542058+00:00,479,343356,128x,300ms,1,202,780,92,30,32,45,37,29,1,739
2026-09-11T14:35:13.254864+00:00,480,344074,128x,300ms,1,202,780,93,31,32,44,36,29,1,739
2026-09-11T14:35:13.971291+00:00,481,344792,128x,300ms,0,202,780,93,31,32,45,37,29,1,739
2026-09-11T14:35:14.691556+00:00,482,345509,128x,300ms,0,201,780,93,31,32,44,36,29,1,738
2026-09-11T14:35:15.411842+00:00,483,346227,128x,300ms,0,202,780,92,30,31,43,36,29,1,736
2026-09-11T14:35:16.131143+00:00,484,346945,128x,300ms,0,202,781,93,30,32,43,36,28,1,737
2026-09-11T14:35:16.843541+00:00,485,347663,128x,300ms,0,202,780,93,30,31,42,35,28,1,735
2026-09-11T14:35:17.563045+00:00,486,348382,128x,300ms,1,201,780,93,30,30,41,35,28,1,734
2026-09-11T14:35:18.276391+00:00,487,349099,128x,300ms,1,202,779,92,29,30,41,35,28,1,731
2026-09-11T14:35:18.995428+00:00,488,349816,128x,300ms,1,202,781,92,30,31,42,35,28,1,735
2026-09-11T14:35:19.715718+00:00,489,350533,128x,300ms,1,202,781,93,30,30,42,35,28,1,735
2026-09-11T14:35:20.437334+00:00,490,351251,128x,300ms,1,201,778,92,29,30,42,35,28,1,732
2026-09-11T14:35:21.148890+00:00,491,351969,128x,300ms,0,201,779,92,30,31,42,35,29,1,734
2026-09-11T14:35:21.866633+00:00,492,352687,128x,300ms,0,201,780,93,30,30,42,35,28,1,734
2026-09-11T14:35:22.586167+00:00,493,353404,128x,300ms,0,201,780,93,30,31,41,35,28,1,731
2026-09-11T14:35:23.299047+00:00,494,354122,128x,300ms,0,199,774,92,29,30,42,35,28,1,730
2026-09-11T14:35:24.017471+00:00,495,354840,128x,300ms,0,201,779,93,30,31,42,35,28,1,733
2026-09-11T14:35:24.737377+00:00,496,355558,128x,300ms,1,201,780,93,30,31,43,35,28,1,735
2026-09-11T14:35:25.449785+00:00,497,356276,128x,300ms,1,202,781,93,30,31,43,36,28,1,735
2026-09-11T14:35:26.169631+00:00,498,356994,128x,300ms,1,202,781,93,30,31,43,35,29,1,737
2026-09-11T14:35:26.889150+00:00,499,357710,128x,300ms,1,202,782,93,30,32,44,36,29,1,739
2026-09-11T14:35:27.608248+00:00,500,358428,128x,300ms,1,201,780,93,30,32,44,36,29,1,737
2026-09-11T14:35:28.320535+00:00,501,359145,128x,300ms,0,202,782,93,30,32,44,36,29,1,739
2026-09-11T14:35:29.039862+00:00,502,359864,128x,300ms,0,201,781,93,30,32,44,36,29,1,739
2026-09-11T14:35:29.760694+00:00,503,360582,128x,300ms,0,202,782,93,30,32,44,36,29,1,738
2026-09-11T14:35:30.479183+00:00,504,361299,128x,300ms,0,201,781,93,30,32,44,36,29,1,739
2026-09-11T14:35:31.192792+00:00,505,362017,128x,300ms,0,201,782,94,30,32,44,36,29,1,739
2026-09-11T14:35:31.912145+00:00,506,362735,128x,300ms,1,202,782,94,31,32,44,36,29,1,740
2026-09-11T14:35:32.623895+00:00,507,363453,128x,300ms,1,202,782,94,30,32,44,36,29,1,739
2026-09-11T14:35:33.346091+00:00,508,364171,128x,300ms,1,201,782,93,31,32,45,37,29,2,739
2026-09-11T14:35:34.064553+00:00,509,364888,128x,300ms,1,202,781,94,31,32,45,37,29,2,740
2026-09-11T14:35:34.776197+00:00,510,365605,128x,300ms,1,201,782,94,31,32,45,37,29,1,741
2026-09-11T14:35:35.497451+00:00,511,366323,128x,300ms,0,202,782,94,31,33,45,37,29,1,741
2026-09-11T14:35:36.208082+00:00,512,367041,128x,300ms,0,201,780,94,31,33,45,37,29,1,738
2026-09-11T14:35:36.937547+00:00,513,367757,128x,300ms,0,200,779,94,31,32,44,37,29,1,738
2026-09-11T14:35:37.648989+00:00,514,368475,128x,300ms,0,200,778,93,30,32,44,36,29,1,734
2026-09-11T14:35:38.368875+00:00,515,369193,128x,300ms,0,201,781,94,30,32,44,36,29,1,739
2026-09-11T14:35:39.081013+00:00,516,369911,128x,300ms,1,201,780,93,31,32,43,36,29,1,735
2026-09-11T14:35:39.801235+00:00,517,370628,128x,300ms,1,200,779,93,30,32,43,36,29,1,736
2026-09-11T14:35:40.520484+00:00,518,371346,128x,300ms,1,200,778,93,30,32,44,36,29,1,739
2026-09-11T14:35:41.232628+00:00,519,372064,128x,300ms,1,200,779,94,30,32,44,36,29,1,736
2026-09-11T14:35:41.953451+00:00,520,372781,128x,300ms,1,200,777,94,31,32,45,37,29,2,737
2026-09-11T14:35:42.672193+00:00,521,373498,128x,300ms,0,201,780,94,31,32,45,37,29,2,740
2026-09-11T14:35:43.385598+00:00,522,374216,128x,300ms,0,201,780,94,31,32,45,37,29,1,739
2026-09-11T14:35:44.105379+00:00,523,374934,128x,300ms,0,200,780,94,31,32,45,37,29,1,739
2026-09-11T14:35:44.820230+00:00,524,375652,128x,300ms,0,200,778,94,31,33,45,37,29,2,741
2026-09-11T14:35:45.540687+00:00,525,376370,128x,300ms,0,201,781,94,31,32,45,37,29,2,740
2026-09-11T14:35:46.252502+00:00,526,377088,128x,300ms,1,200,779,94,31,32,45,37,29,2,739
2026-09-11T14:35:46.972830+00:00,527,377805,128x,300ms,1,200,781,94,31,33,46,37,29,2,741
2026-09-11T14:35:47.691806+00:00,528,378522,128x,300ms,1,200,780,94,31,32,45,37,29,2,741
2026-09-11T14:35:48.403592+00:00,529,379240,128x,300ms,1,200,779,94,31,33,46,37,29,1,740
2026-09-11T14:35:49.123952+00:00,530,379957,128x,300ms,1,200,780,94,31,33,46,38,30,2,741
2026-09-11T14:35:49.843871+00:00,531,380675,128x,300ms,0,199,777,94,31,33,46,37,29,2,737
2026-09-11T14:35:50.564082+00:00,532,381392,128x,300ms,0,200,778,94,31,33,46,37,30,1,739
2026-09-11T14:35:51.276200+00:00,533,382110,128x,300ms,0,200,780,94,31,33,46,37,29,2,740
2026-09-11T14:35:51.996818+00:00,534,382828,128x,300ms,0,199,779,94,31,33,46,37,29,2,739
2026-09-11T14:35:52.708844+00:00,535,383546,128x,300ms,0,199,778,95,31,33,46,37,29,2,738
2026-09-11T14:35:53.427645+00:00,536,384264,128x,300ms,1,199,777,94,31,33,46,38,30,2,740
2026-09-11T14:35:54.147980+00:00,537,384982,128x,300ms,1,200,778,94,31,33,46,38,29,2,741
2026-09-11T14:35:54.868900+00:00,538,385698,128x,300ms,1,200,779,94,31,32,45,37,29,1,740
2026-09-11T14:35:55.580818+00:00,539,386416,128x,300ms,1,201,782,95,31,34,48,39,30,2,747
2026-09-11T14:35:56.300652+00:00,540,387134,128x,300ms,1,200,782,95,32,34,48,38,30,2,745
2026-09-11T14:35:57.012877+00:00,541,387852,128x,300ms,0,200,781,95,32,34,47,38,30,2,743
2026-09-11T14:35:57.732252+00:00,542,388570,128x,300ms,0,200,779,94,31,33,46,37,29,2,739
2026-09-11T14:35:58.452068+00:00,543,389287,128x,300ms,0,198,773,94,31,33,47,38,30,1,740
2026-09-11T14:35:59.172912+00:00,544,390005,128x,300ms,0,199,775,95,32,34,48,38,30,1,736
2026-09-11T14:35:59.884259+00:00,545,390723,128x,300ms,0,199,776,95,31,33,47,38,29,2,739
2026-09-11T14:36:00.604711+00:00,546,391440,128x,300ms,1,198,776,94,31,33,47,38,29,1,738
2026-09-11T14:36:01.324391+00:00,547,392158,128x,300ms,1,199,778,94,31,34,47,38,30,2,740
2026-09-11T14:36:02.036131+00:00,548,392876,128x,300ms,1,199,774,94,31,33,46,37,29,2,737
2026-09-11T14:36:02.757033+00:00,549,393592,128x,300ms,1,199,779,95,31,33,47,38,30,1,740
2026-09-11T14:36:03.476440+00:00,550,394310,128x,300ms,1,199,779,95,31,33,47,38,29,2,741
2026-09-11T14:36:04.189007+00:00,551,395028,128x,300ms,0,200,779,95,31,32,46,37,29,2,739
2026-09-11T14:36:04.908381+00:00,552,395746,128x,300ms,0,199,777,94,30,31,43,36,28,1,734
2026-09-11T14:36:05.628306+00:00,553,396464,128x,300ms,0,199,777,94,30,31,43,36,28,1,734
2026-09-11T14:36:06.339949+00:00,554,397180,128x,300ms,0,199,779,94,30,31,43,36,28,1,734
2026-09-11T14:36:07.060773+00:00,555,397898,128x,300ms,0,199,779,94,30,31,43,36,28,1,734
2026-09-11T14:36:07.779923+00:00,556,398616,128x,300ms,1,199,778,94,29,31,43,36,29,1,733
2026-09-11T14:36:08.492576+00:00,557,399334,128x,300ms,1,198,776,94,30,31,43,36,29,2,734
2026-09-11T14:36:09.211729+00:00,558,400051,128x,300ms,1,198,776,94,30,32,45,37,29,1,735
2026-09-11T14:36:09.924486+00:00,559,400769,128x,300ms,1,198,776,94,30,32,45,37,29,1,737
2026-09-11T14:36:10.645095+00:00,560,401485,128x,300ms,1,199,775,94,30,32,44,36,29,1,734
2026-09-11T14:36:11.363991+00:00,561,402203,128x,300ms,0,198,776,94,30,32,45,37,29,2,736
2026-09-11T14:36:12.084993+00:00,562,402921,128x,300ms,0,199,778,94,31,32,44,36,29,2,736
2026-09-11T14:36:12.797020+00:00,563,403639,128x,300ms,0,199,778,94,30,32,45,37,28,1,735
2026-09-11T14:36:13.515831+00:00,564,404357,128x,300ms,0,199,779,95,30,32,44,36,29,1,738
2026-09-11T14:36:14.236063+00:00,565,405074,128x,300ms,0,199,778,94,31,32,45,36,29,1,735
2026-09-11T14:36:14.948170+00:00,566,405792,128x,300ms,1,199,778,94,30,32,44,36,29,1,736
2026-09-11T14:36:15.668849+00:00,567,406509,128x,300ms,1,199,778,94,31,32,44,37,29,1,737
2026-09-11T14:36:16.381269+00:00,568,407227,128x,300ms,1,199,777,95,31,32,45,37,29,1,736
2026-09-11T14:36:17.099216+00:00,569,407944,128x,300ms,1,198,777,94,31,32,45,37,29,1,735
2026-09-11T14:36:17.819975+00:00,570,408662,128x,300ms,1,198,776,95,31,32,44,36,29,2,732
2026-09-11T14:36:18.540162+00:00,571,409378,128x,300ms,0,199,778,95,31,32,45,37,29,1,737
2026-09-11T14:36:19.252397+00:00,572,410096,128x,300ms,0,199,778,95,30,32,45,37,29,1,738
2026-09-11T14:36:19.972077+00:00,573,410814,128x,300ms,0,199,780,95,31,32,45,37,29,1,738
2026-09-11T14:36:20.692459+00:00,574,411533,128x,300ms,0,199,780,95,31,32,44,36,29,2,736
2026-09-11T14:36:21.404343+00:00,575,412251,128x,300ms,0,198,778,95,30,32,44,36,29,2,735
2026-09-11T14:36:22.125216+00:00,576,412968,128x,300ms,1,198,778,95,31,32,44,36,29,1,735
2026-09-11T14:36:22.836018+00:00,577,413685,128x,300ms,1,199,779,95,30,32,44,36,29,2,737
2026-09-11T14:36:23.556115+00:00,578,414403,128x,300ms,1,198,776,95,31,32,45,37,29,2,735
2026-09-11T14:36:24.277028+00:00,579,415121,128x,300ms,1,198,779,95,31,33,45,37,29,1,739
2026-09-11T14:36:24.996384+00:00,580,415838,128x,300ms,1,199,779,95,31,32,45,37,29,1,739
2026-09-11T14:36:25.708107+00:00,581,416556,128x,300ms,0,199,778,95,31,32,45,37,29,2,737
2026-09-11T14:36:26.427984+00:00,582,417273,128x,300ms,0,199,779,95,30,32,44,37,29,2,737
2026-09-11T14:36:27.140801+00:00,583,417991,128x,300ms,0,198,778,95,31,32,45,37,29,2,736
2026-09-11T14:36:27.860033+00:00,584,418709,128x,300ms,0,198,778,95,31,33,45,37,29,2,739
2026-09-11T14:36:28.580857+00:00,585,419427,128x,300ms,0,199,780,95,31,33,45,37,29,1,739
2026-09-11T14:36:29.292445+00:00,586,420145,128x,300ms,1,199,779,95,31,32,45,37,29,2,737
2026-09-11T14:36:30.011658+00:00,587,420861,128x,300ms,1,198,778,94,30,32,44,36,29,2,736
2026-09-11T14:36:30.732277+00:00,588,421579,128x,300ms,1,198,779,95,30,32,45,37,29,1,737
2026-09-11T14:36:31.451369+00:00,589,422296,128x,300ms,1,198,778,95,30,32,45,37,29,2,737
2026-09-11T14:36:32.164344+00:00,590,423014,128x,300ms,1,198,777,95,30,31,43,36,28,1,730
2026-09-11T14:36:32.884729+00:00,591,423732,128x,300ms,0,198,779,94,30,32,44,36,29,2,737
2026-09-11T14:36:33.596847+00:00,592,424450,128x,300ms,0,199,782,95,30,32,44,36,29,2,738
2026-09-11T14:36:34.316496+00:00,593,425167,128x,300ms,0,200,783,95,31,32,45,37,29,1,741
2026-09-11T14:36:35.036595+00:00,594,425885,128x,300ms,0,199,781,96,31,32,44,36,29,1,737
2026-09-11T14:36:35.756710+00:00,595,426603,128x,300ms,0,199,781,95,31,32,44,36,29,1,738
2026-09-11T14:36:36.468152+00:00,596,427321,128x,300ms,1,199,781,95,30,32,44,36,29,2,736
2026-09-11T14:36:37.188729+00:00,597,428039,128x,300ms,1,199,782,95,30,32,44,36,29,2,738
2026-09-11T14:36:37.908823+00:00,598,428755,128x,300ms,1,199,781,95,30,32,44,36,29,2,738
2026-09-11T14:36:38.620649+00:00,599,429473,128x,300ms,1,199,780,95,30,32,44,36,29,1,739
2026-09-11T14:36:39.340407+00:00,600,430191,128x,300ms,1,199,781,95,31,31,43,36,28,1,733
2026-09-11T14:36:40.060269+00:00,601,430908,128x,300ms,0,199,781,95,30,32,44,36,28,2,737
2026-09-11T14:36:40.780091+00:00,602,431626,128x,300ms,0,199,782,95,30,32,43,36,29,1,736
2026-09-11T14:36:41.492483+00:00,603,432345,128x,300ms,0,199,782,96,30,32,44,36,29,1,735
2026-09-11T14:36:42.212909+00:00,604,433062,128x,300ms,0,195,770,94,30,31,42,35,28,1,725
2026-09-11T14:36:42.924540+00:00,605,433780,128x,300ms,0,195,771,94,30,31,42,35,28,1,728
2026-09-11T14:36:43.643546+00:00,606,434497,128x,300ms,1,196,772,94,29,31,42,35,28,1,725
2026-09-11T14:36:44.364705+00:00,607,435215,128x,300ms,1,197,775,94,30,30,42,35,28,1,729
2026-09-11T14:36:45.075620+00:00,608,435933,128x,300ms,1,198,778,94,29,30,41,35,28,1,727
2026-09-11T14:36:45.107845+00:00,609,436649,128x,300ms,1,196,772,93,29,29,40,34,28,1,722
2026-09-11T14:36:45.828611+00:00,610,437367,128x,300ms,1,197,774,94,29,30,40,34,28,1,727
2026-09-11T14:36:46.579589+00:00,611,438115,128x,300ms,0,197,777,94,29,30,40,35,28,1,728
2026-09-11T14:36:47.323575+00:00,612,438863,128x,300ms,1,197,776,94,30,30,41,34,28,1,724
2026-09-11T14:36:48.756579+00:00,613,439610,128x,300ms,0,195,772,93,29,30,41,34,28,1,723
2026-09-11T14:36:49.468750+00:00,614,440329,128x,300ms,0,197,777,94,29,30,41,35,28,1,728
2026-09-11T14:36:50.188763+00:00,615,441046,128x,300ms,0,197,776,95,30,32,44,36,29,2,730
2026-09-11T14:36:50.908845+00:00,616,441763,128x,300ms,0,196,771,94,29,30,41,35,28,1,727
2026-09-11T14:36:51.620213+00:00,617,442481,128x,300ms,0,197,776,94,29,32,44,36,29,1,732
2026-09-11T14:36:52.340699+00:00,618,443199,128x,300ms,1,198,778,95,30,31,42,35,28,1,731
2026-09-11T14:36:53.060262+00:00,619,443917,128x,300ms,1,198,779,95,30,31,42,35,28,1,733
2026-09-11T14:36:53.780507+00:00,620,444634,128x,300ms,1,198,778,94,30,31,43,35,29,1,732
2026-09-11T14:36:54.493007+00:00,621,445351,128x,300ms,1,198,780,95,30,32,43,36,29,1,737
2026-09-11T14:36:55.212574+00:00,622,446069,128x,300ms,1,199,782,96,31,31,43,36,29,1,737
2026-09-11T14:36:55.924365+00:00,623,446786,128x,300ms,0,199,780,95,30,31,43,35,29,1,734
2026-09-11T14:36:56.644666+00:00,624,447504,128x,300ms,0,198,780,95,30,31,43,36,28,1,733
2026-09-11T14:36:57.365315+00:00,625,448222,128x,300ms,0,197,776,95,30,31,42,35,28,1,728
2026-09-11T14:36:58.085375+00:00,626,448940,128x,300ms,0,199,781,95,30,31,43,36,28,1,731
2026-09-11T14:36:58.796587+00:00,627,449657,128x,300ms,0,198,779,95,30,31,43,36,29,1,736
2026-09-11T14:36:59.516490+00:00,628,450375,128x,300ms,1,198,780,95,30,32,44,36,28,1,733
2026-09-11T14:37:00.235510+00:00,629,451093,128x,300ms,1,198,779,95,30,32,44,36,29,1,734
2026-09-11T14:37:00.948139+00:00,630,451810,128x,300ms,1,198,779,95,30,31,44,36,28,2,730
2026-09-11T14:37:01.668060+00:00,631,452528,128x,300ms,1,199,780,96,30,31,43,36,29,1,734
2026-09-11T14:37:02.380734+00:00,632,453245,128x,300ms,1,198,781,95,30,32,44,36,29,1,734
2026-09-11T14:37:03.100787+00:00,633,453962,128x,300ms,0,197,777,95,30,32,43,36,29,2,734
2026-09-11T14:37:03.820801+00:00,634,454680,128x,300ms,0,198,779,95,30,32,43,36,29,1,734
2026-09-11T14:37:04.540393+00:00,635,455398,128x,300ms,0,198,779,96,30,32,44,36,29,1,736
2026-09-11T14:37:05.252630+00:00,636,456117,128x,300ms,0,198,780,96,30,32,44,37,29,1,737
2026-09-11T14:37:05.972844+00:00,637,456835,128x,300ms,0,198,780,96,31,33,46,37,29,2,738
2026-09-11T14:37:06.693071+00:00,638,457552,128x,300ms,1,197,779,95,31,32,45,37,29,2,736
2026-09-11T14:37:07.405111+00:00,639,458269,128x,300ms,1,197,778,96,30,32,44,36,29,1,735
2026-09-11T14:37:08.125386+00:00,640,458987,128x,300ms,1,198,779,96,31,32,44,36,29,2,735
2026-09-11T14:37:08.844514+00:00,641,459705,128x,300ms,1,196,774,95,30,32,43,36,29,1,728
2026-09-11T14:37:09.557014+00:00,642,460423,128x,300ms,1,197,777,95,30,32,43,36,29,2,732
2026-09-11T14:37:10.275718+00:00,643,461139,128x,300ms,0,196,773,94,30,31,43,36,29,1,729
2026-09-11T14:37:10.996647+00:00,644,461857,128x,300ms,0,197,776,95,30,31,43,36,28,1,730
2026-09-11T14:37:11.714369+00:00,645,462575,128x,300ms,0,198,781,95,30,31,43,36,29,1,732
2026-09-11T14:37:12.426717+00:00,646,463293,128x,300ms,0,198,780,95,30,31,42,35,28,1,732
2026-09-11T14:37:13.146951+00:00,647,464011,128x,300ms,0,195,772,94,30,31,42,35,28,1,727
2026-09-11T14:37:13.866210+00:00,648,464729,128x,300ms,1,195,773,94,29,31,42,35,28,1,725
2026-09-11T14:37:14.578421+00:00,649,465446,128x,300ms,1,197,777,95,30,31,43,36,28,1,729
2026-09-11T14:37:15.298640+00:00,650,466163,128x,300ms,1,196,773,95,30,31,42,35,28,1,730
2026-09-11T14:37:16.018101+00:00,651,466881,128x,300ms,1,196,776,94,30,31,42,35,28,1,729
2026-09-11T14:37:16.730855+00:00,652,467599,128x,300ms,1,195,773,94,29,30,42,35,28,1,727
2026-09-11T14:37:17.451253+00:00,653,468317,128x,300ms,0,197,777,95,30,31,42,36,28,1,729
2026-09-11T14:37:18.162993+00:00,654,469033,128x,300ms,0,197,778,95,30,31,42,35,28,1,734
2026-09-11T14:37:18.882449+00:00,655,469751,128x,300ms,0,198,781,96,30,31,43,36,29,1,733
2026-09-11T14:37:19.602771+00:00,656,470469,128x,300ms,0,197,779,95,30,31,43,36,29,1,734
2026-09-11T14:37:20.314896+00:00,657,471187,128x,300ms,0,197,779,95,30,31,42,35,28,1,728
2026-09-11T14:37:21.035219+00:00,658,471905,128x,300ms,1,196,776,95,30,31,43,36,28,1,731
2026-09-11T14:37:21.755551+00:00,659,472622,128x,300ms,1,195,772,95,30,32,45,37,29,1,733
2026-09-11T14:37:22.474818+00:00,660,473339,128x,300ms,1,197,776,96,31,32,45,37,29,1,736
2026-09-11T14:37:23.187268+00:00,661,474056,128x,300ms,1,196,774,96,30,32,44,36,29,1,734
2026-09-11T14:37:23.906853+00:00,662,474774,128x,300ms,1,196,774,95,30,31,43,36,28,1,729
2026-09-11T14:37:24.618759+00:00,663,475492,128x,300ms,0,196,776,95,30,32,43,36,28,1,732
2026-09-11T14:37:25.339221+00:00,664,476210,128x,300ms,0,197,778,95,30,31,43,36,28,1,730
2026-09-11T14:37:26.058133+00:00,665,476928,128x,300ms,0,196,774,95,30,31,42,35,28,1,732
2026-09-11T14:37:26.778969+00:00,666,477644,128x,300ms,0,198,781,96,30,31,42,36,29,1,735
2026-09-11T14:37:27.490185+00:00,667,478362,128x,300ms,0,198,783,96,30,31,42,35,28,1,733
2026-09-11T14:37:28.210588+00:00,668,479081,128x,300ms,1,198,782,96,30,31,42,35,28,1,735
2026-09-11T14:37:28.931050+00:00,669,479798,128x,300ms,1,199,785,96,30,31,43,36,29,1,739
2026-09-11T14:37:29.642829+00:00,670,480516,128x,300ms,1,199,783,96,30,31,43,36,28,1,734
2026-09-11T14:37:30.362590+00:00,671,481233,128x,300ms,1,199,785,96,30,31,43,35,29,1,739
2026-09-11T14:37:31.075194+00:00,672,481950,128x,300ms,1,199,785,97,30,32,43,36,29,1,741
2026-09-11T14:37:31.794987+00:00,673,482668,128x,300ms,0,200,785,97,31,32,44,36,29,1,741
2026-09-11T14:37:32.514250+00:00,674,483386,128x,300ms,0,199,784,97,30,32,44,36,29,2,742
2026-09-11T14:37:33.234869+00:00,675,484104,128x,300ms,0,200,788,97,31,32,44,36,29,1,737
2026-09-11T14:37:33.946776+00:00,676,484822,128x,300ms,0,196,776,96,30,32,44,36,29,2,731
2026-09-11T14:37:34.666548+00:00,677,485539,128x,300ms,0,197,779,96,30,32,44,37,29,1,735
2026-09-11T14:37:35.379531+00:00,678,486257,128x,300ms,1,197,779,96,31,32,44,37,29,1,736
2026-09-11T14:37:36.099307+00:00,679,486975,128x,300ms,1,197,782,96,31,32,45,37,29,1,743
2026-09-11T14:37:36.818217+00:00,680,487692,128x,300ms,1,200,786,97,31,32,45,37,29,2,745
2026-09-11T14:37:37.530632+00:00,681,488410,128x,300ms,1,200,790,97,31,32,45,37,30,1,747
2026-09-11T14:37:38.251490+00:00,682,489126,128x,300ms,1,201,792,98,31,32,45,37,29,2,750
2026-09-11T14:37:38.971285+00:00,683,489844,128x,300ms,0,202,793,98,31,33,45,37,29,1,748
2026-09-11T14:37:39.690068+00:00,684,490562,128x,300ms,0,201,792,98,31,33,45,37,29,2,746
2026-09-11T14:37:40.402586+00:00,685,491280,128x,300ms,0,201,790,98,31,33,45,37,30,2,744
2026-09-11T14:37:41.122042+00:00,686,491999,128x,300ms,0,200,791,98,31,33,46,38,29,1,749
2026-09-11T14:37:41.843356+00:00,687,492717,128x,300ms,0,202,792,98,31,32,45,37,29,1,749
2026-09-11T14:37:42.554128+00:00,688,493434,128x,300ms,1,201,791,98,31,33,45,37,29,2,747
2026-09-11T14:37:43.275192+00:00,689,494151,128x,300ms,1,202,794,98,31,33,45,37,29,2,751
2026-09-11T14:37:43.995511+00:00,690,494869,128x,300ms,1,200,788,97,31,32,44,37,29,2,741
2026-09-11T14:37:44.707566+00:00,691,495587,128x,300ms,1,201,789,97,31,32,45,37,29,2,744
2026-09-11T14:37:45.426831+00:00,692,496304,128x,300ms,1,200,789,98,31,34,48,39,30,2,750
2026-09-11T14:37:46.146858+00:00,693,497021,128x,300ms,0,201,793,98,31,33,46,38,29,2,751
2026-09-11T14:37:46.866804+00:00,694,497739,128x,300ms,0,201,793,98,31,33,46,38,29,1,748
2026-09-11T14:37:47.578431+00:00,695,498457,128x,300ms,0,200,790,98,31,32,43,36,29,1,742
2026-09-11T14:37:48.298800+00:00,696,499176,128x,300ms,0,200,789,96,29,27,36,32,27,0,732
2026-09-11T14:37:49.019145+00:00,697,499894,128x,300ms,0,200,791,95,27,26,34,31,27,1,727
2026-09-11T14:37:49.731204+00:00,698,500612,128x,300ms,1,200,789,95,28,27,35,31,27,0,727
2026-09-11T14:37:50.450560+00:00,699,501329,128x,300ms,1,199,785,95,28,28,39,33,28,0,734
2026-09-11T14:37:51.162930+00:00,700,502047,128x,300ms,1,200,790,96,29,29,40,34,28,1,738
2026-09-11T14:37:51.882708+00:00,701,502764,128x,300ms,1,200,790,97,29,29,39,33,28,1,737
2026-09-11T14:37:52.602805+00:00,702,503482,128x,300ms,1,200,787,96,29,29,39,34,28,1,738
2026-09-11T14:37:53.323565+00:00,703,504200,128x,300ms,0,200,791,96,29,29,39,34,28,1,737
2026-09-11T14:37:54.034921+00:00,704,504918,128x,300ms,0,200,789,96,29,28,38,33,28,1,737
2026-09-11T14:37:54.754403+00:00,705,505635,128x,300ms,0,199,786,96,29,28,38,33,28,1,737
2026-09-11T14:37:55.475036+00:00,706,506354,128x,300ms,0,201,790,96,28,28,37,32,27,0,728
2026-09-11T14:37:56.195147+00:00,707,507072,128x,300ms,0,199,784,95,28,28,38,32,27,1,730
2026-09-11T14:37:56.905925+00:00,708,507790,128x,300ms,1,199,787,96,29,29,38,33,28,1,728
2026-09-11T14:37:57.626981+00:00,709,508508,128x,300ms,1,199,788,96,29,29,38,33,28,1,734
2026-09-11T14:37:58.338984+00:00,710,509225,128x,300ms,1,200,791,97,29,30,40,34,28,1,736
2026-09-11T14:37:59.058712+00:00,711,509942,128x,300ms,1,200,790,97,29,30,40,34,28,1,739
2026-09-11T14:37:59.778759+00:00,712,510660,128x,300ms,1,201,791,97,30,30,41,35,29,1,743
2026-09-11T14:38:00.498396+00:00,713,511378,128x,300ms,0,202,797,97,29,30,41,34,29,1,745
2026-09-11T14:38:01.211391+00:00,714,512096,128x,300ms,0,203,797,98,30,30,41,35,29,1,742
2026-09-11T14:38:01.930253+00:00,715,512814,128x,300ms,0,201,792,97,29,30,41,35,28,1,742
2026-09-11T14:38:02.651067+00:00,716,513531,128x,300ms,0,201,793,97,30,30,41,34,28,1,743
2026-09-11T14:38:03.362705+00:00,717,514250,128x,300ms,0,201,794,97,30,30,40,35,28,1,742
2026-09-11T14:38:04.082058+00:00,718,514968,128x,300ms,1,202,795,98,30,31,42,35,29,1,746
2026-09-11T14:38:04.794910+00:00,719,515685,128x,300ms,1,201,793,97,30,31,42,36,28,1,744
2026-09-11T14:38:05.515340+00:00,720,516403,128x,300ms,1,202,797,98,30,31,42,35,29,1,744
2026-09-11T14:38:06.234330+00:00,721,517121,128x,300ms,1,201,794,97,30,31,42,35,28,1,744
2026-09-11T14:38:06.954594+00:00,722,517837,128x,300ms,1,202,797,98,30,31,42,36,29,1,747
2026-09-11T14:38:07.666464+00:00,723,518555,128x,300ms,0,202,794,98,30,30,41,35,29,1,745
2026-09-11T14:38:08.387338+00:00,724,519273,128x,300ms,0,202,795,98,30,30,41,35,28,1,742
2026-09-11T14:38:09.106888+00:00,725,519992,128x,300ms,0,201,791,97,30,30,41,35,28,1,742
2026-09-11T14:38:09.827286+00:00,726,520710,128x,300ms,0,201,792,97,29,30,41,35,28,1,740
2026-09-11T14:38:10.538845+00:00,727,521427,128x,300ms,0,200,790,97,30,31,41,35,29,1,741
2026-09-11T14:38:11.258773+00:00,728,522145,128x,300ms,1,202,795,98,30,30,41,35,29,1,743
2026-09-11T14:38:11.971216+00:00,729,522863,128x,300ms,1,202,797,98,30,31,41,35,29,1,745
2026-09-11T14:38:12.691403+00:00,730,523580,128x,300ms,1,201,794,98,30,31,41,35,28,1,741
2026-09-11T14:38:13.410597+00:00,731,524298,128x,300ms,1,198,786,96,29,31,41,35,29,1,744
2026-09-11T14:38:14.130794+00:00,732,525015,128x,300ms,1,201,794,98,30,30,41,35,28,1,742
2026-09-11T14:38:14.843363+00:00,733,525732,128x,300ms,0,200,793,98,30,30,41,35,28,1,743
2026-09-11T14:38:15.561863+00:00,734,526450,128x,300ms,0,203,799,98,30,31,43,36,29,2,751
2026-09-11T14:38:16.282553+00:00,735,527169,128x,300ms,0,203,799,98,30,31,42,35,29,1,749
2026-09-11T14:38:16.994525+00:00,736,527887,128x,300ms,0,202,797,98,30,30,41,35,28,1,746
2026-09-11T14:38:17.715450+00:00,737,528605,128x,300ms,0,201,797,98,30,32,43,36,29,1,748
2026-09-11T14:38:18.434787+00:00,738,529324,128x,300ms,1,202,797,99,30,31,43,36,29,1,748
2026-09-11T14:38:19.154813+00:00,739,530040,128x,300ms,1,201,794,98,30,31,42,36,29,1,746
2026-09-11T14:38:19.866972+00:00,740,530758,128x,300ms,1,202,796,98,30,31,42,35,29,1,745
2026-09-11T14:38:20.586682+00:00,741,531476,128x,300ms,1,202,797,98,30,31,43,36,29,1,748
2026-09-11T14:38:21.299358+00:00,742,532193,128x,300ms,1,202,797,99,31,32,44,36,29,1,746
2026-09-11T14:38:22.018659+00:00,743,532911,128x,300ms,0,200,794,98,31,32,43,36,29,1,748
2026-09-11T14:38:22.738818+00:00,744,533628,128x,300ms,0,202,796,99,31,31,43,36,29,1,747
2026-09-11T14:38:23.458442+00:00,745,534346,128x,300ms,0,200,794,98,30,31,42,35,28,1,743
2026-09-11T14:38:24.171240+00:00,746,535064,128x,300ms,0,200,793,98,30,31,43,36,29,2,746
2026-09-11T14:38:24.891178+00:00,747,535783,128x,300ms,0,201,793,98,30,31,42,36,29,1,744
2026-09-11T14:38:25.610053+00:00,748,536501,128x,300ms,1,201,794,98,30,31,43,36,29,1,744
2026-09-11T14:38:26.321909+00:00,749,537218,128x,300ms,1,201,795,98,30,31,43,36,29,1,749
2026-09-11T14:38:27.042489+00:00,750,537935,128x,300ms,1,202,798,99,31,31,43,36,29,1,749
2026-09-11T14:38:27.754943+00:00,751,538653,128x,300ms,1,202,798,98,30,31,42,36,29,1,749
2026-09-11T14:38:28.475085+00:00,752,539370,128x,300ms,1,202,797,99,30,31,43,36,29,1,750
2026-09-11T14:38:29.194714+00:00,753,540088,128x,300ms,0,202,799,99,30,31,43,36,29,2,750
2026-09-11T14:38:29.915328+00:00,754,540806,128x,300ms,0,202,799,99,30,32,43,36,29,1,752
2026-09-11T14:38:30.634698+00:00,755,541524,128x,300ms,0,202,799,99,30,31,42,36,29,1,751
2026-09-11T14:38:31.346875+00:00,756,542242,128x,300ms,0,203,800,99,30,32,43,36,29,1,752
2026-09-11T14:38:32.066296+00:00,757,542961,128x,300ms,0,203,800,99,31,31,43,36,29,2,753
2026-09-11T14:38:32.786995+00:00,758,543679,128x,300ms,1,203,801,99,30,32,43,36,29,1,752
2026-09-11T14:38:33.497919+00:00,759,544397,128x,300ms,1,202,801,99,31,32,43,36,29,1,753
2026-09-11T14:38:34.218621+00:00,760,545115,128x,300ms,1,203,799,99,31,32,43,36,29,1,752
2026-09-11T14:38:34.930900+00:00,761,545831,128x,300ms,1,202,798,99,31,31,43,36,29,1,749
2026-09-11T14:38:35.649382+00:00,762,546549,128x,300ms,1,202,800,99,30,31,41,35,28,1,747
2026-09-11T14:38:36.369617+00:00,763,547266,128x,300ms,0,201,796,98,29,30,40,35,28,1,741
2026-09-11T14:38:37.090399+00:00,764,547985,128x,300ms,0,199,788,97,29,30,41,35,29,1,743
2026-09-11T14:38:37.802030+00:00,765,548703,128x,300ms,0,201,795,98,30,31,42,35,29,1,748
2026-09-11T14:38:38.521531+00:00,766,549421,128x,300ms,0,203,800,99,30,31,43,36,29,1,751
2026-09-11T14:38:39.242345+00:00,767,550138,128x,300ms,0,203,801,99,30,31,42,36,29,1,749
2026-09-11T14:38:39.954406+00:00,768,550857,128x,300ms,1,202,801,99,30,30,41,35,28,1,747
2026-09-11T14:38:40.673762+00:00,769,551574,128x,300ms,1,202,800,99,30,31,41,35,29,1,749
2026-09-11T14:38:41.386738+00:00,770,552292,128x,300ms,1,203,801,99,30,30,41,35,29,1,749
2026-09-11T14:38:42.106161+00:00,771,553009,128x,300ms,1,203,799,99,30,30,41,35,29,1,746
2026-09-11T14:38:42.825698+00:00,772,553726,128x,300ms,1,202,800,99,30,29,39,34,28,1,744
2026-09-11T14:38:43.546020+00:00,773,554443,128x,300ms,0,202,801,98,29,28,38,34,28,1,744
2026-09-11T14:38:44.265788+00:00,774,555162,128x,300ms,0,202,800,98,29,29,39,34,28,1,744
2026-09-11T14:38:44.977993+00:00,775,555881,128x,300ms,0,202,799,98,29,29,39,34,28,1,744
2026-09-11T14:38:45.697122+00:00,776,556599,128x,300ms,0,202,798,98,29,29,39,33,28,1,742
2026-09-11T14:38:46.418300+00:00,777,557317,128x,300ms,0,202,798,98,29,30,40,34,28,1,748
2026-09-11T14:38:46.449950+00:00,778,558035,128x,300ms,1,203,801,99,30,29,40,34,28,0,744
2026-09-11T14:38:47.160849+00:00,779,558753,128x,300ms,1,201,798,98,29,29,39,34,28,0,744
2026-09-11T14:38:48.601928+00:00,780,559501,128x,300ms,0,202,799,99,30,30,41,35,29,1,747
2026-09-11T14:38:49.321838+00:00,781,560220,128x,300ms,0,201,798,98,29,30,41,35,28,1,744
2026-09-11T14:38:50.033809+00:00,782,560937,128x,300ms,0,201,796,98,30,30,40,35,28,1,742
2026-09-11T14:38:50.754356+00:00,783,561655,128x,300ms,0,202,800,99,30,30,41,35,29,1,747
2026-09-11T14:38:51.473322+00:00,784,562374,128x,300ms,0,203,801,99,30,30,40,35,29,1,749
2026-09-11T14:38:52.185257+00:00,785,563092,128x,300ms,1,203,802,99,30,30,40,35,28,1,750
2026-09-11T14:38:52.906075+00:00,786,563810,128x,300ms,1,203,805,99,30,30,40,34,28,1,748
2026-09-11T14:38:53.626238+00:00,787,564528,128x,300ms,1,201,797,98,29,29,39,34,28,1,747
2026-09-11T14:38:54.338074+00:00,788,565245,128x,300ms,1,203,801,99,29,29,39,33,28,1,746
2026-09-11T14:38:55.057999+00:00,789,565962,128x,300ms,1,203,803,99,29,29,39,34,28,1,745
2026-09-11T14:38:55.778049+00:00,790,566680,128x,300ms,0,203,803,99,29,29,39,34,28,0,747
2026-09-11T14:38:56.498676+00:00,791,567398,128x,300ms,0,203,803,99,29,30,39,34,28,1,749
2026-09-11T14:38:57.209944+00:00,792,568117,128x,300ms,0,203,803,99,29,29,39,34,28,1,748
2026-09-11T14:38:57.930583+00:00,793,568836,128x,300ms,0,203,802,99,29,29,38,33,28,1,745
2026-09-11T14:38:58.642579+00:00,794,569553,128x,300ms,0,202,801,98,29,28,38,33,28,0,741
2026-09-11T14:38:59.361284+00:00,795,570272,128x,300ms,1,202,801,99,30,29,40,34,28,1,747
2026-09-11T14:39:00.082102+00:00,796,570989,128x,300ms,1,203,803,99,29,29,39,34,28,0,748
2026-09-11T14:39:00.801833+00:00,797,571707,128x,300ms,1,203,804,99,30,31,41,35,29,1,753
2026-09-11T14:39:01.514104+00:00,798,572425,128x,300ms,1,203,804,100,30,32,43,36,29,2,755
2026-09-11T14:39:02.234265+00:00,799,573143,128x,300ms,1,203,804,100,30,31,42,36,29,1,755
2026-09-11T14:39:02.954598+00:00,800,573859,128x,300ms,0,204,804,100,30,31,42,35,29,1,753
2026-09-11T14:39:03.674528+00:00,801,574578,128x,300ms,0,203,805,100,30,31,42,35,29,1,754
2026-09-11T14:39:04.394535+00:00,802,575297,128x,300ms,0,203,805,100,30,31,42,36,29,1,754
2026-09-11T14:39:05.113893+00:00,803,576016,128x,300ms,0,203,804,100,30,30,41,35,29,1,752
2026-09-11T14:39:05.825813+00:00,804,576735,128x,300ms,0,203,804,99,30,29,40,34,28,1,749
2026-09-11T14:39:06.546624+00:00,805,577454,128x,300ms,1,203,804,99,29,29,39,34,28,0,748
2026-09-11T14:39:07.258420+00:00,806,578171,128x,300ms,1,203,805,99,29,29,39,34,28,1,749
2026-09-11T14:39:07.977903+00:00,807,578888,128x,300ms,1,203,805,99,29,29,39,34,28,1,747
2026-09-11T14:39:08.697983+00:00,808,579606,128x,300ms,1,203,804,99,29,29,39,34,28,1,748
2026-09-11T14:39:09.418152+00:00,809,580323,128x,300ms,1,203,804,99,29,29,38,34,28,0,747
2026-09-11T14:39:10.129827+00:00,810,581041,128x,300ms,0,203,802,99,29,29,39,34,28,1,746
2026-09-11T14:39:10.850475+00:00,811,581760,128x,300ms,0,203,804,99,29,29,39,34,28,1,747
2026-09-11T14:39:11.569782+00:00,812,582477,128x,300ms,0,203,804,99,29,29,39,34,28,1,748
2026-09-11T14:39:12.290397+00:00,813,583196,128x,300ms,0,203,804,99,30,28,37,32,27,1,743
2026-09-11T14:39:13.001781+00:00,814,583914,128x,300ms,0,203,803,99,29,29,39,34,28,1,747
2026-09-11T14:39:13.721895+00:00,815,584633,128x,300ms,1,201,797,99,29,30,41,35,28,1,745
2026-09-11T14:39:14.434386+00:00,816,585350,128x,300ms,1,201,796,99,30,31,42,36,29,1,749
2026-09-11T14:39:15.154275+00:00,817,586067,128x,300ms,1,201,798,99,30,31,42,36,29,1,747
2026-09-11T14:39:15.874319+00:00,818,586784,128x,300ms,1,202,800,99,30,31,42,35,29,1,748
2026-09-11T14:39:16.586741+00:00,819,587502,128x,300ms,1,200,796,99,30,31,42,35,29,1,742
2026-09-11T14:39:17.306252+00:00,820,588220,128x,300ms,0,198,788,98,30,30,41,35,28,1,738
2026-09-11T14:39:18.025695+00:00,821,588938,128x,300ms,0,198,788,98,29,31,42,35,28,1,735
2026-09-11T14:39:18.746405+00:00,822,589656,128x,300ms,0,199,790,99,30,31,43,36,28,1,742
2026-09-11T14:39:19.457822+00:00,823,590373,128x,300ms,0,200,792,99,30,31,42,36,29,1,741
2026-09-11T14:39:20.177274+00:00,824,591092,128x,300ms,0,198,789,98,30,31,42,35,29,1,742
2026-09-11T14:39:20.889682+00:00,825,591810,128x,300ms,1,201,796,99,30,30,42,35,29,1,747
2026-09-11T14:39:21.609970+00:00,826,592527,128x,300ms,1,202,801,100,30,31,43,36,29,1,750
2026-09-11T14:39:22.329629+00:00,827,593245,128x,300ms,1,201,799,100,30,32,43,36,29,1,752
2026-09-11T14:39:23.048946+00:00,828,593963,128x,300ms,1,202,801,100,30,32,43,36,29,1,753
2026-09-11T14:39:23.761469+00:00,829,594680,128x,300ms,1,202,800,100,30,32,43,36,29,1,752
2026-09-11T14:39:24.488658+00:00,830,595397,128x,300ms,0,202,802,100,31,32,44,36,29,2,751
2026-09-11T14:39:25.201169+00:00,831,596116,128x,300ms,0,202,798,100,30,32,44,37,29,2,745
2026-09-11T14:39:25.921278+00:00,832,596835,128x,300ms,0,200,795,100,31,32,44,37,29,1,745
2026-09-11T14:39:26.633751+00:00,833,597554,128x,300ms,0,200,796,100,31,32,44,37,29,2,753
2026-09-11T14:39:27.353011+00:00,834,598273,128x,300ms,0,201,799,100,31,32,44,37,29,1,750
2026-09-11T14:39:28.072430+00:00,835,598990,128x,300ms,1,201,796,100,31,32,44,36,29,1,749
2026-09-11T14:39:28.792625+00:00,836,599708,128x,300ms,1,201,798,100,31,32,44,36,30,1,751
2026-09-11T14:39:29.505083+00:00,837,600426,128x,300ms,1,201,799,100,31,32,44,37,29,1,753
2026-09-11T14:39:30.224839+00:00,838,601143,128x,300ms,1,202,803,100,31,32,44,37,30,1,754
2026-09-11T14:39:30.937569+00:00,839,601861,128x,300ms,1,202,802,100,31,32,44,37,29,1,753
2026-09-11T14:39:31.665937+00:00,840,602578,128x,300ms,0,202,802,100,31,32,44,37,29,2,755
2026-09-11T14:39:32.377319+00:00,841,603297,128x,300ms,0,202,801,101,31,33,45,37,30,1,760
2026-09-11T14:39:33.097133+00:00,842,604015,128x,300ms,0,203,805,101,31,32,45,37,30,2,758
2026-09-11T14:39:33.817179+00:00,843,604734,128x,300ms,0,203,806,101,31,33,45,38,30,2,760
2026-09-11T14:39:34.536460+00:00,844,605452,128x,300ms,0,203,806,101,31,33,45,38,30,1,760
2026-09-11T14:39:35.249196+00:00,845,606171,128x,300ms,1,203,805,101,31,33,46,38,30,1,760
2026-09-11T14:39:35.969293+00:00,846,606888,128x,300ms,1,203,806,101,31,32,45,37,30,1,759
2026-09-11T14:39:36.681198+00:00,847,607606,128x,300ms,1,203,806,101,31,33,45,37,29,1,757
2026-09-11T14:39:37.401655+00:00,848,608323,128x,300ms,1,203,804,101,31,33,45,38,30,1,759
2026-09-11T14:39:38.121047+00:00,849,609041,128x,300ms,1,203,806,101,31,33,45,37,30,1,760
2026-09-11T14:39:38.841739+00:00,850,609759,128x,300ms,0,203,806,101,31,33,45,37,30,2,759
2026-09-11T14:39:39.553450+00:00,851,610477,128x,300ms,0,203,805,101,31,33,45,37,30,2,759
2026-09-11T14:39:40.275838+00:00,852,611195,128x,300ms,0,203,804,101,31,33,45,37,30,2,759
2026-09-11T14:39:40.993048+00:00,853,611914,128x,300ms,0,203,804,101,31,32,45,37,30,1,758
2026-09-11T14:39:41.716915+00:00,854,612632,128x,300ms,0,203,803,101,31,32,45,37,29,1,755
2026-09-11T14:39:42.430605+00:00,855,613351,128x,300ms,1,203,804,101,31,32,44,37,29,1,755
2026-09-11T14:39:43.143104+00:00,856,614068,128x,300ms,1,203,802,101,31,32,44,37,29,1,757
2026-09-11T14:39:43.863271+00:00,857,614786,128x,300ms,1,203,804,101,31,32,44,37,29,2,756
2026-09-11T14:39:44.575454+00:00,858,615503,128x,300ms,1,203,804,101,31,32,44,37,29,1,756
2026-09-11T14:39:45.295058+00:00,859,616220,128x,300ms,1,201,800,101,31,32,44,37,30,1,753
2026-09-11T14:39:46.015217+00:00,860,616938,128x,300ms,0,203,804,101,31,32,44,37,29,1,758
2026-09-11T14:39:46.735295+00:00,861,617657,128x,300ms,0,202,801,101,31,33,45,37,30,1,756
2026-09-11T14:39:47.454395+00:00,862,618375,128x,300ms,0,201,799,101,31,32,44,37,30,2,755
2026-09-11T14:39:48.167218+00:00,863,619092,128x,300ms,0,201,800,101,31,32,44,37,29,1,753
2026-09-11T14:39:48.887604+00:00,864,619811,128x,300ms,0,202,802,101,31,32,44,37,30,1,755
2026-09-11T14:39:49.607209+00:00,865,620530,128x,300ms,1,203,806,101,31,32,45,37,30,2,758
2026-09-11T14:39:50.318968+00:00,866,621248,128x,300ms,1,202,804,101,31,32,44,37,29,1,755
2026-09-11T14:39:51.038857+00:00,867,621965,128x,300ms,1,202,802,101,31,33,44,37,29,1,756
2026-09-11T14:39:51.751825+00:00,868,622683,128x,300ms,1,202,803,101,31,32,44,37,30,1,755
2026-09-11T14:39:52.471036+00:00,869,623400,128x,300ms,1,202,802,101,31,32,44,37,29,1,755
2026-09-11T14:39:53.191948+00:00,870,624117,128x,300ms,0,201,801,101,31,32,44,37,29,2,752
2026-09-11T14:39:53.911170+00:00,871,624836,128x,300ms,0,202,802,101,31,33,45,37,30,2,755
2026-09-11T14:39:54.630480+00:00,872,625554,128x,300ms,0,202,802,101,31,32,45,37,29,1,756
2026-09-11T14:39:55.343414+00:00,873,626273,128x,300ms,0,201,801,101,31,33,45,38,30,1,757
2026-09-11T14:39:56.063797+00:00,874,626991,128x,300ms,0,201,801,101,31,32,45,37,29,1,755
2026-09-11T14:39:56.783330+00:00,875,627709,128x,300ms,1,201,802,101,31,33,45,37,30,1,755
2026-09-11T14:39:57.495374+00:00,876,628426,128x,300ms,1,202,801,101,31,33,45,37,30,2,755
2026-09-11T14:39:58.214459+00:00,877,629144,128x,300ms,1,201,801,101,31,32,45,37,29,1,753
2026-09-11T14:39:58.927544+00:00,878,629862,128x,300ms,1,201,800,101,31,33,45,37,30,1,755
2026-09-11T14:39:59.655254+00:00,879,630580,128x,300ms,1,201,801,101,31,33,45,37,29,1,754
2026-09-11T14:40:00.367046+00:00,880,631297,128x,300ms,0,201,801,101,31,33,45,37,30,2,754
2026-09-11T14:40:01.087743+00:00,881,632015,128x,300ms,0,201,801,101,31,33,45,37,30,1,755
2026-09-11T14:40:01.799556+00:00,882,632733,128x,300ms,0,201,801,101,31,33,45,37,30,2,754
2026-09-11T14:40:02.519851+00:00,883,633451,128x,300ms,0,201,801,101,31,32,45,37,29,2,755
2026-09-11T14:40:03.239424+00:00,884,634170,128x,300ms,0,201,799,101,31,33,45,37,29,2,752
2026-09-11T14:40:03.959558+00:00,885,634888,128x,300ms,1,201,799,101,31,33,45,37,29,1,752
2026-09-11T14:40:04.671569+00:00,886,635606,128x,300ms,1,200,798,101,31,33,45,37,29,2,755
2026-09-11T14:40:05.391656+00:00,887,636322,128x,300ms,1,201,801,101,31,33,45,37,29,1,754
2026-09-11T14:40:06.103665+00:00,888,637040,128x,300ms,1,201,802,101,31,32,44,37,29,1,754
2026-09-11T14:40:06.823501+00:00,889,637758,128x,300ms,1,202,803,101,31,33,44,37,29,1,756
2026-09-11T14:40:07.542881+00:00,890,638475,128x,300ms,0,202,804,101,31,33,45,37,29,1,755
2026-09-11T14:40:08.263709+00:00,891,639194,128x,300ms,0,202,804,101,31,33,44,37,29,1,757
2026-09-11T14:40:08.976166+00:00,892,639912,128x,300ms,0,202,804,101,31,33,45,37,30,2,758
2026-09-11T14:40:09.695943+00:00,893,640630,128x,300ms,0,196,786,100,31,33,46,38,30,1,752
2026-09-11T14:40:10.415650+00:00,894,641349,128x,300ms,0,200,799,101,31,32,44,37,29,2,754
2026-09-11T14:40:11.135058+00:00,895,642067,128x,300ms,1,201,801,101,31,32,44,37,29,1,752
2026-09-11T14:40:11.847849+00:00,896,642785,128x,300ms,1,200,799,101,31,32,43,36,29,1,740
2026-09-11T14:40:12.567427+00:00,897,643503,128x,300ms,1,197,787,99,30,31,43,36,28,1,738
2026-09-11T14:40:13.288495+00:00,898,644219,128x,300ms,1,195,781,98,29,31,42,35,28,2,734
2026-09-11T14:40:13.999186+00:00,899,644937,128x,300ms,1,196,784,98,29,31,41,35,28,1,734
2026-09-11T14:40:14.720115+00:00,900,645655,128x,300ms,0,196,786,99,30,31,42,35,28,1,735
2026-09-11T14:40:15.439602+00:00,901,646373,128x,300ms,0,196,786,99,30,31,42,35,28,1,739
2026-09-11T14:40:16.151951+00:00,902,647091,128x,300ms,0,198,790,99,30,31,43,35,28,1,738
2026-09-11T14:40:16.871967+00:00,903,647809,128x,300ms,0,197,790,99,30,31,42,35,28,1,742
2026-09-11T14:40:17.592418+00:00,904,648526,128x,300ms,0,197,789,99,30,31,42,36,29,1,740
2026-09-11T14:40:18.304440+00:00,905,649244,128x,300ms,1,197,788,99,30,31,43,36,29,1,743
2026-09-11T14:40:19.024418+00:00,906,649962,128x,300ms,1,199,794,100,30,31,43,36,29,1,746
2026-09-11T14:40:19.736759+00:00,907,650679,128x,300ms,1,196,786,99,30,31,43,36,29,1,738
2026-09-11T14:40:20.456689+00:00,908,651397,128x,300ms,1,198,792,100,30,32,43,36,29,1,744
2026-09-11T14:40:21.177207+00:00,909,652114,128x,300ms,1,197,790,100,30,31,43,36,28,1,737
2026-09-11T14:40:21.896501+00:00,910,652831,128x,300ms,0,193,779,98,30,31,43,36,29,1,736
2026-09-11T14:40:22.608778+00:00,911,653549,128x,300ms,0,195,782,99,30,31,43,35,28,1,731
2026-09-11T14:40:23.329136+00:00,912,654267,128x,300ms,0,194,783,98,30,31,42,35,28,1,728
2026-09-11T14:40:24.040729+00:00,913,654985,128x,300ms,0,195,784,98,30,31,43,36,29,1,742
2026-09-11T14:40:24.761251+00:00,914,655703,128x,300ms,0,198,791,99,30,31,43,36,28,1,743
2026-09-11T14:40:25.480154+00:00,915,656420,128x,300ms,1,198,791,100,30,31,42,36,29,1,743
2026-09-11T14:40:26.192711+00:00,916,657138,128x,300ms,1,198,792,100,30,31,43,36,29,1,742
2026-09-11T14:40:26.912959+00:00,917,657856,128x,300ms,1,196,787,99,30,32,43,36,28,1,738
2026-09-11T14:40:27.632646+00:00,918,658573,128x,300ms,1,199,795,100,30,31,43,36,29,1,742
2026-09-11T14:40:28.352735+00:00,919,659291,128x,300ms,1,196,786,99,30,31,42,36,29,1,741
2026-09-11T14:40:29.063830+00:00,920,660007,128x,300ms,0,199,797,100,30,31,43,36,29,1,748
2026-09-11T14:40:29.784358+00:00,921,660726,128x,300ms,0,199,795,100,30,31,42,36,28,1,741
2026-09-11T14:40:30.505123+00:00,922,661444,128x,300ms,0,198,792,99,30,31,42,36,29,1,746
2026-09-11T14:40:31.224373+00:00,923,662162,128x,300ms,0,199,796,100,30,31,42,36,29,1,743
2026-09-11T14:40:31.936997+00:00,924,662881,128x,300ms,0,198,793,100,30,31,42,36,29,1,742
2026-09-11T14:40:32.656676+00:00,925,663599,128x,300ms,1,198,791,100,30,32,43,36,29,1,745
2026-09-11T14:40:33.367649+00:00,926,664316,128x,300ms,1,200,801,101,31,32,43,36,29,1,753
2026-09-11T14:40:34.088444+00:00,927,665034,128x,300ms,1,201,801,101,30,31,43,36,29,1,748
2026-09-11T14:40:34.805350+00:00,928,665752,128x,300ms,1,198,792,100,30,31,42,35,28,1,740
2026-09-11T14:40:35.524642+00:00,929,666469,128x,300ms,1,199,795,100,30,31,42,35,29,1,746
2026-09-11T14:40:36.244379+00:00,930,667187,128x,300ms,0,199,798,101,30,31,43,36,29,2,750
2026-09-11T14:40:36.964871+00:00,931,667906,128x,300ms,0,200,798,101,30,32,44,36,29,1,750
2026-09-11T14:40:37.685357+00:00,932,668623,128x,300ms,0,200,798,101,31,32,44,36,29,1,749
2026-09-11T14:40:38.396175+00:00,933,669342,128x,300ms,0,200,796,101,31,32,44,37,29,1,749
2026-09-11T14:40:39.117329+00:00,934,670060,128x,300ms,0,199,796,101,31,32,44,37,29,2,750
2026-09-11T14:40:39.829193+00:00,935,670778,128x,300ms,1,199,798,101,30,32,44,37,29,1,748
2026-09-11T14:40:40.549240+00:00,936,671496,128x,300ms,1,192,775,98,29,29,40,33,26,1,665
2026-09-11T14:40:41.261278+00:00,937,672214,128x,300ms,1,174,717,91,27,31,42,35,28,1,713
2026-09-11T14:40:41.988693+00:00,938,672931,128x,300ms,1,201,800,101,31,33,44,37,29,2,753
2026-09-11T14:40:42.700733+00:00,939,673649,128x,300ms,1,200,800,101,31,33,44,37,30,2,752
2026-09-11T14:40:43.420033+00:00,940,674367,128x,300ms,0,200,799,101,31,32,44,37,29,1,752
2026-09-11T14:40:44.140049+00:00,941,675085,128x,300ms,0,200,801,101,31,33,45,37,29,1,755
2026-09-11T14:40:44.853719+00:00,942,675804,128x,300ms,0,201,804,102,31,33,45,37,29,1,757
2026-09-11T14:40:45.572476+00:00,943,676521,128x,300ms,0,201,803,102,31,33,44,37,29,2,756
2026-09-11T14:40:46.293451+00:00,944,677240,128x,300ms,0,201,802,102,31,32,44,37,29,2,754
2026-09-11T14:40:47.005003+00:00,945,677958,128x,300ms,1,201,802,102,31,33,45,37,30,1,756
2026-09-11T14:40:47.724980+00:00,946,678676,128x,300ms,1,201,802,101,31,33,45,37,30,2,754
2026-09-11T14:40:48.444551+00:00,947,679394,128x,300ms,1,201,802,101,31,32,45,37,29,2,754
2026-09-11T14:40:49.165296+00:00,948,680112,128x,300ms,1,200,801,101,31,32,44,37,29,1,753
2026-09-11T14:40:49.876360+00:00,949,680829,128x,300ms,1,200,799,102,31,33,45,37,29,2,754
2026-09-11T14:40:50.596661+00:00,950,681546,128x,300ms,0,201,801,101,31,33,45,37,29,2,754
2026-09-11T14:40:51.317487+00:00,951,682265,128x,300ms,0,201,801,101,31,33,45,38,30,2,754
2026-09-11T14:40:52.036644+00:00,952,682983,128x,300ms,0,200,799,102,31,33,45,37,29,1,754
2026-09-11T14:40:52.749122+00:00,953,683702,128x,300ms,0,200,798,101,31,33,45,37,29,2,752
2026-09-11T14:40:53.468771+00:00,954,684420,128x,300ms,0,200,799,101,31,32,44,37,29,1,750
2026-09-11T14:40:54.181453+00:00,955,685138,128x,300ms,1,200,799,101,31,32,45,37,29,1,752
2026-09-11T14:40:54.909590+00:00,956,685855,128x,300ms,1,199,796,101,31,32,45,37,29,2,750
2026-09-11T14:40:55.621609+00:00,957,686573,128x,300ms,1,199,797,101,31,33,44,37,29,2,750
2026-09-11T14:40:56.341590+00:00,958,687291,128x,300ms,1,200,798,101,31,32,44,37,29,1,752
2026-09-11T14:40:57.052739+00:00,959,688009,128x,300ms,1,201,800,101,31,33,46,38,30,1,759
2026-09-11T14:40:57.780464+00:00,960,688727,128x,300ms,0,200,800,102,31,34,46,38,30,2,755
2026-09-11T14:40:58.492409+00:00,961,689445,128x,300ms,0,201,802,102,32,34,47,39,30,2,757
2026-09-11T14:40:59.213242+00:00,962,690163,128x,300ms,0,200,798,102,31,34,46,38,30,2,755
2026-09-11T14:40:59.932707+00:00,963,690882,128x,300ms,0,200,798,101,31,34,47,38,30,2,752
2026-09-11T14:41:00.644144+00:00,964,691601,128x,300ms,0,198,793,102,32,34,48,39,30,2,752
2026-09-11T14:41:01.364924+00:00,965,692319,128x,300ms,1,199,795,101,32,34,47,38,30,2,752
2026-09-11T14:41:02.084567+00:00,966,693037,128x,300ms,1,199,796,102,32,35,48,39,30,2,761
2026-09-11T14:41:02.797264+00:00,967,693754,128x,300ms,1,200,799,102,32,34,47,39,30,2,756
2026-09-11T14:41:03.516257+00:00,968,694471,128x,300ms,1,201,803,103,32,34,48,39,30,2,759
2026-09-11T14:41:04.236937+00:00,969,695190,128x,300ms,1,200,798,102,32,35,48,39,30,2,759
2026-09-11T14:41:04.956394+00:00,970,695908,128x,300ms,0,201,803,103,32,35,49,39,31,1,765
2026-09-11T14:41:05.669489+00:00,971,696626,128x,300ms,0,201,803,103,32,34,48,39,30,1,753
2026-09-11T14:41:06.388191+00:00,972,697345,128x,300ms,0,202,807,103,32,35,49,39,30,2,762
2026-09-11T14:41:07.108454+00:00,973,698063,128x,300ms,0,196,787,101,32,34,48,39,30,2,749
2026-09-11T14:41:07.821056+00:00,974,698781,128x,300ms,0,197,790,101,32,34,48,39,30,2,756
2026-09-11T14:41:08.540520+00:00,975,699499,128x,300ms,1,198,793,102,32,34,48,39,30,2,754
2026-09-11T14:41:09.260715+00:00,976,700217,128x,300ms,1,199,797,102,32,34,47,38,30,2,753
2026-09-11T14:41:09.973310+00:00,977,700935,128x,300ms,1,198,794,101,32,34,47,38,30,1,747
2026-09-11T14:41:10.692296+00:00,978,701652,128x,300ms,1,196,788,101,31,34,47,38,30,2,749
2026-09-11T14:41:11.413202+00:00,979,702370,128x,300ms,1,195,785,100,31,33,46,38,29,2,740
2026-09-11T14:41:12.132574+00:00,980,703088,128x,300ms,0,194,780,100,31,34,48,39,30,2,742
2026-09-11T14:41:12.844945+00:00,981,703806,128x,300ms,0,194,783,100,32,34,48,39,30,2,743
2026-09-11T14:41:13.564543+00:00,982,704525,128x,300ms,0,195,784,100,31,34,48,38,29,2,744
2026-09-11T14:41:14.284430+00:00,983,705243,128x,300ms,0,195,786,101,31,34,48,38,30,2,745
2026-09-11T14:41:15.004773+00:00,984,705960,128x,300ms,0,196,787,101,31,33,46,37,29,2,743
2026-09-11T14:41:15.716255+00:00,985,706678,128x,300ms,1,196,789,102,32,36,51,40,31,2,752
2026-09-11T14:41:16.437133+00:00,986,707396,128x,300ms,1,196,785,101,33,36,51,40,31,2,749
2026-09-11T14:41:17.148462+00:00,987,708114,128x,300ms,1,196,788,102,33,36,51,40,31,3,752
2026-09-11T14:41:17.867727+00:00,988,708831,128x,300ms,1,195,785,101,33,35,51,40,31,2,750
2026-09-11T14:41:18.588058+00:00,989,709549,128x,300ms,1,195,785,101,32,36,51,40,31,2,749
2026-09-11T14:41:19.308455+00:00,990,710266,128x,300ms,0,194,782,101,32,36,51,40,31,2,747
2026-09-11T14:41:20.019965+00:00,991,710984,128x,300ms,0,194,782,101,32,36,50,40,31,2,749
2026-09-11T14:41:20.741196+00:00,992,711703,128x,300ms,0,195,782,101,32,36,51,40,31,2,750
2026-09-11T14:41:21.460706+00:00,993,712421,128x,300ms,0,196,786,101,33,36,50,40,31,2,748
2026-09-11T14:41:22.181067+00:00,994,713139,128x,300ms,0,195,784,101,32,36,50,40,30,2,750
2026-09-11T14:41:22.892708+00:00,995,713858,128x,300ms,1,196,787,101,33,36,51,40,31,2,751
2026-09-11T14:41:23.613000+00:00,996,714574,128x,300ms,1,196,784,101,33,36,51,40,30,2,750
2026-09-11T14:41:24.325075+00:00,997,715292,128x,300ms,1,195,786,101,32,36,51,40,31,2,751
2026-09-11T14:41:25.044778+00:00,998,716010,128x,300ms,1,194,784,101,32,36,50,40,30,2,750
2026-09-11T14:41:25.765355+00:00,999,716728,128x,300ms,1,195,785,101,32,36,51,40,30,1,749
2026-09-11T14:41:26.484459+00:00,1000,717446,128x,300ms,0,195,784,101,32,36,50,40,30,2,747
2026-09-11T14:41:27.196344+00:00,1001,718164,128x,300ms,0,194,782,101,32,36,50,40,31,2,747
2026-09-11T14:41:27.925110+00:00,1002,718882,128x,300ms,0,194,782,101,32,36,51,40,30,2,748
2026-09-11T14:41:28.636949+00:00,1003,719601,128x,300ms,0,195,784,101,32,36,51,40,30,2,752
2026-09-11T14:41:29.356914+00:00,1004,720319,128x,300ms,0,195,786,102,33,36,50,40,30,2,752
2026-09-11T14:41:30.069271+00:00,1005,721038,128x,300ms,1,195,785,101,32,36,51,40,30,2,750
2026-09-11T14:41:30.787945+00:00,1006,721756,128x,300ms,1,196,785,102,33,36,50,40,30,1,749
2026-09-11T14:41:31.508147+00:00,1007,722473,128x,300ms,1,195,784,101,32,36,50,40,30,2,748
2026-09-11T14:41:32.228439+00:00,1008,723191,128x,300ms,1,195,782,101,32,36,51,40,31,2,747
2026-09-11T14:41:32.940788+00:00,1009,723909,128x,300ms,1,194,781,101,32,35,51,40,30,2,746
2026-09-11T14:41:33.660610+00:00,1010,724627,128x,300ms,0,194,782,101,33,36,50,40,31,2,747
2026-09-11T14:41:34.381357+00:00,1011,725346,128x,300ms,0,194,782,101,32,36,50,40,31,2,747
2026-09-11T14:41:35.100382+00:00,1012,726064,128x,300ms,0,194,782,101,32,35,50,40,30,1,748
2026-09-11T14:41:35.812001+00:00,1013,726782,128x,300ms,0,194,780,101,32,35,51,40,30,2,745
2026-09-11T14:41:36.531982+00:00,1014,727500,128x,300ms,0,194,783,101,32,36,51,40,30,2,746
2026-09-11T14:41:37.252654+00:00,1015,728219,128x,300ms,1,194,782,101,32,36,51,40,30,2,747
2026-09-11T14:41:37.964842+00:00,1016,728937,128x,300ms,1,194,781,101,32,36,50,40,30,2,746
2026-09-11T14:41:38.684212+00:00,1017,729655,128x,300ms,1,194,783,101,32,36,50,40,30,1,747
2026-09-11T14:41:39.404551+00:00,1018,730373,128x,300ms,1,194,782,101,32,36,50,40,31,2,749
2026-09-11T14:41:40.124961+00:00,1019,731090,128x,300ms,1,195,783,101,32,36,50,40,30,2,749
2026-09-11T14:41:40.836261+00:00,1020,731808,128x,300ms,0,195,783,101,32,35,51,40,30,2,747
2026-09-11T14:41:41.557034+00:00,1021,732527,128x,300ms,0,195,784,101,32,36,51,40,30,2,749
2026-09-11T14:41:42.276826+00:00,1022,733246,128x,300ms,0,195,785,101,33,36,50,40,31,2,750
2026-09-11T14:41:42.997174+00:00,1023,733964,128x,300ms,0,195,786,101,32,35,50,40,31,2,751
2026-09-11T14:41:43.709163+00:00,1024,734683,128x,300ms,0,195,786,101,32,36,51,40,31,2,751
2026-09-11T14:41:44.429075+00:00,1025,735400,128x,300ms,1,195,785,102,32,36,51,40,31,2,750
2026-09-11T14:41:45.148007+00:00,1026,736118,128x,300ms,1,195,787,102,32,36,51,40,30,2,751
2026-09-11T14:41:45.869116+00:00,1027,736836,128x,300ms,1,196,786,102,33,36,50,40,30,2,751
2026-09-11T14:41:46.581273+00:00,1028,737554,128x,300ms,1,195,786,101,32,36,51,40,31,2,752
2026-09-11T14:41:47.300265+00:00,1029,738273,128x,300ms,1,196,788,101,33,36,51,40,31,2,752
2026-09-11T14:41:48.021103+00:00,1030,738990,128x,300ms,0,195,787,101,32,36,51,40,30,2,751
2026-09-11T14:41:48.740639+00:00,1031,739708,128x,300ms,0,196,788,102,33,36,51,40,31,2,753
2026-09-11T14:41:49.452384+00:00,1032,740426,128x,300ms,0,195,787,102,33,35,51,40,31,2,752
2026-09-11T14:41:50.173045+00:00,1033,741145,128x,300ms,0,196,787,102,33,36,51,40,31,2,753
2026-09-11T14:41:50.884085+00:00,1034,741864,128x,300ms,0,196,788,102,33,36,51,40,31,2,752
2026-09-11T14:41:51.612307+00:00,1035,742583,128x,300ms,1,195,787,102,32,36,51,40,31,2,751
2026-09-11T14:41:52.324783+00:00,1036,743300,128x,300ms,1,196,787,102,33,36,51,40,31,2,752
2026-09-11T14:41:53.044268+00:00,1037,744017,128x,300ms,1,196,788,102,33,36,51,40,31,2,753
2026-09-11T14:41:53.757199+00:00,1038,744735,128x,300ms,1,196,788,102,33,36,51,40,31,1,753
2026-09-11T14:41:54.484045+00:00,1039,745453,128x,300ms,1,195,788,102,32,36,51,40,31,2,753
2026-09-11T14:41:55.196953+00:00,1040,746171,128x,300ms,0,195,786,102,32,36,50,40,31,2,751
2026-09-11T14:41:55.916874+00:00,1041,746890,128x,300ms,0,196,788,102,32,36,51,40,31,2,753
2026-09-11T14:41:56.636390+00:00,1042,747608,128x,300ms,0,196,788,102,33,36,50,40,31,2,753
2026-09-11T14:41:57.348022+00:00,1043,748326,128x,300ms,0,195,786,102,33,36,51,40,31,2,753
2026-09-11T14:41:58.068277+00:00,1044,749045,128x,300ms,0,195,786,102,32,36,51,40,31,2,750
2026-09-11T14:41:58.787653+00:00,1045,749764,128x,300ms,1,196,788,102,33,36,51,40,31,2,753
2026-09-11T14:41:59.500675+00:00,1046,750481,128x,300ms,1,195,787,102,33,36,51,40,31,2,752
2026-09-11T14:42:00.219812+00:00,1047,751199,128x,300ms,1,195,785,101,32,36,51,40,31,2,750
2026-09-11T14:42:00.941226+00:00,1048,751917,128x,300ms,1,195,787,102,33,36,51,40,31,2,752
2026-09-11T14:42:01.660499+00:00,1049,752634,128x,300ms,1,195,787,102,32,36,51,40,31,2,751
2026-09-11T14:42:02.372272+00:00,1050,753352,128x,300ms,0,195,787,101,32,36,50,40,30,2,751
2026-09-11T14:42:03.092303+00:00,1051,754070,128x,300ms,0,194,783,101,32,36,50,40,30,2,749
2026-09-11T14:42:03.812603+00:00,1052,754789,128x,300ms,0,195,786,102,32,36,51,40,30,2,750
2026-09-11T14:42:04.525093+00:00,1053,755508,128x,300ms,0,195,784,101,32,36,51,40,30,2,750
2026-09-11T14:42:05.244359+00:00,1054,756226,128x,300ms,0,195,784,101,33,36,51,40,31,2,748
2026-09-11T14:42:05.964573+00:00,1055,756944,128x,300ms,1,195,786,102,32,36,50,40,30,2,751
2026-09-11T14:42:06.683926+00:00,1056,757662,128x,300ms,1,195,787,102,32,36,51,40,31,2,750
2026-09-11T14:42:07.396273+00:00,1057,758380,128x,300ms,1,195,785,101,32,36,51,40,30,2,749
2026-09-11T14:42:08.116336+00:00,1058,759098,128x,300ms,1,195,784,101,33,35,51,40,31,2,748
2026-09-11T14:42:08.836789+00:00,1059,759816,128x,300ms,1,195,787,102,32,36,51,40,30,2,751
2026-09-11T14:42:09.556190+00:00,1060,760534,128x,300ms,0,195,786,102,33,36,51,40,30,2,752
2026-09-11T14:42:10.268263+00:00,1061,761252,128x,300ms,0,195,784,101,32,36,51,41,31,2,751
2026-09-11T14:42:10.988849+00:00,1062,761970,128x,300ms,0,195,784,101,32,36,51,40,30,2,749
2026-09-11T14:42:11.708390+00:00,1063,762689,128x,300ms,0,195,787,101,32,36,50,40,30,2,752
2026-09-11T14:42:12.428212+00:00,1064,763407,128x,300ms,0,196,787,102,33,35,51,40,31,2,752
2026-09-11T14:42:13.140840+00:00,1065,764126,128x,300ms,1,195,788,102,32,36,51,40,31,2,752
2026-09-11T14:42:13.860765+00:00,1066,764844,128x,300ms,1,196,787,102,32,36,51,40,31,2,750
2026-09-11T14:42:14.581144+00:00,1067,765561,128x,300ms,1,195,787,102,33,35,51,40,30,2,752
2026-09-11T14:42:15.300510+00:00,1068,766279,128x,300ms,1,195,787,102,32,35,50,40,30,2,749
2026-09-11T14:42:16.012495+00:00,1069,766997,128x,300ms,1,195,786,102,32,36,51,40,31,2,751
2026-09-11T14:42:16.733126+00:00,1070,767715,128x,300ms,0,195,785,102,32,36,51,40,30,2,750
2026-09-11T14:42:17.452904+00:00,1071,768434,128x,300ms,0,195,786,102,32,35,51,40,30,2,749
2026-09-11T14:42:18.172233+00:00,1072,769152,128x,300ms,0,195,786,101,32,36,50,40,30,2,750
2026-09-11T14:42:18.883817+00:00,1073,769870,128x,300ms,0,195,786,102,32,36,51,40,31,2,752
2026-09-11T14:42:19.604117+00:00,1074,770589,128x,300ms,0,195,785,101,33,36,51,40,31,2,751
2026-09-11T14:42:20.324928+00:00,1075,771307,128x,300ms,1,195,785,102,32,36,51,41,31,1,750
2026-09-11T14:42:21.036779+00:00,1076,772025,128x,300ms,1,195,786,102,33,36,51,40,30,2,750
2026-09-11T14:42:21.756866+00:00,1077,772743,128x,300ms,1,195,786,101,32,36,50,40,31,2,751
2026-09-11T14:42:22.476463+00:00,1078,773460,128x,300ms,1,195,786,101,32,36,51,40,30,2,751
2026-09-11T14:42:23.195762+00:00,1079,774178,128x,300ms,1,194,785,102,32,36,50,40,30,2,750
2026-09-11T14:42:23.908267+00:00,1080,774897,128x,300ms,0,195,786,101,32,36,51,40,30,2,751
2026-09-11T14:42:24.628856+00:00,1081,775615,128x,300ms,0,195,786,102,33,36,51,40,31,2,751
2026-09-11T14:42:25.348798+00:00,1082,776334,128x,300ms,0,195,785,102,32,36,50,40,30,2,750
2026-09-11T14:42:26.068877+00:00,1083,777053,128x,300ms,0,195,786,102,32,36,50,40,30,2,750
2026-09-11T14:42:26.781030+00:00,1084,777771,128x,300ms,0,195,786,101,32,36,51,40,30,2,751
2026-09-11T14:42:27.500397+00:00,1085,778489,128x,300ms,1,195,786,102,32,36,50,40,31,2,751
2026-09-11T14:42:28.219824+00:00,1086,779207,128x,300ms,1,195,786,102,32,35,50,40,30,2,750
2026-09-11T14:42:28.939950+00:00,1087,779925,128x,300ms,1,195,785,101,32,36,50,40,30,2,750
2026-09-11T14:42:29.652226+00:00,1088,780644,128x,300ms,1,195,787,102,32,36,50,40,30,2,751
2026-09-11T14:42:30.372244+00:00,1089,781362,128x,300ms,1,195,786,102,32,35,51,40,30,2,751
2026-09-11T14:42:31.092024+00:00,1090,782080,128x,300ms,0,195,787,102,32,36,51,40,30,2,751
2026-09-11T14:42:31.805283+00:00,1091,782798,128x,300ms,0,195,786,102,32,36,50,40,30,2,751
2026-09-11T14:42:32.532746+00:00,1092,783516,128x,300ms,0,195,785,101,32,36,51,40,30,2,750
2026-09-11T14:42:33.244926+00:00,1093,784235,128x,300ms,0,195,788,102,32,36,50,40,30,2,750
2026-09-11T14:42:33.965002+00:00,1094,784954,128x,300ms,0,195,786,102,32,35,51,40,31,2,751
2026-09-11T14:42:34.685231+00:00,1095,785673,128x,300ms,1,195,786,102,32,36,51,40,30,2,750
2026-09-11T14:42:35.396967+00:00,1096,786391,128x,300ms,1,195,786,102,32,36,51,40,31,2,753
2026-09-11T14:42:36.116980+00:00,1097,787108,128x,300ms,1,196,790,102,32,36,51,40,30,2,752
2026-09-11T14:42:36.836264+00:00,1098,787826,128x,300ms,1,195,786,101,33,36,50,40,30,2,749
2026-09-11T14:42:37.548489+00:00,1099,788544,128x,300ms,1,194,784,102,32,35,50,40,30,2,748
2026-09-11T14:42:38.276267+00:00,1100,789262,128x,300ms,0,194,785,102,32,35,50,40,31,2,750
2026-09-11T14:42:38.988355+00:00,1101,789981,128x,300ms,0,195,786,102,32,36,50,40,31,2,751
2026-09-11T14:42:39.708098+00:00,1102,790700,128x,300ms,0,195,786,102,32,36,51,40,31,1,751
2026-09-11T14:42:40.420597+00:00,1103,791418,128x,300ms,0,194,786,101,32,36,51,40,30,2,751
2026-09-11T14:42:41.140632+00:00,1104,792136,128x,300ms,0,195,787,102,32,35,50,40,31,2,752
2026-09-11T14:42:41.860507+00:00,1105,792855,128x,300ms,1,195,787,102,32,36,50,40,31,2,751
2026-09-11T14:42:42.580058+00:00,1106,793573,128x,300ms,1,195,787,102,32,36,51,40,30,2,751
2026-09-11T14:42:43.291910+00:00,1107,794291,128x,300ms,1,194,787,102,32,36,50,40,30,2,751
2026-09-11T14:42:44.012211+00:00,1108,795009,128x,300ms,1,195,787,102,32,36,50,40,30,2,751
2026-09-11T14:42:44.732695+00:00,1109,795726,128x,300ms,1,195,787,102,32,36,51,40,30,2,752
2026-09-11T14:42:45.452049+00:00,1110,796444,128x,300ms,0,195,786,102,32,36,50,40,30,2,749
2026-09-11T14:42:46.173203+00:00,1111,797163,128x,300ms,0,195,788,102,32,36,51,40,31,2,752
2026-09-11T14:42:46.884833+00:00,1112,797882,128x,300ms,0,195,788,102,32,36,50,40,31,2,753
2026-09-11T14:42:47.603825+00:00,1113,798601,128x,300ms,0,195,786,102,32,36,50,40,30,2,752
2026-09-11T14:42:48.324246+00:00,1114,799319,128x,300ms,0,195,786,102,32,36,50,40,31,2,751
2026-09-11T14:42:49.044490+00:00,1115,800037,128x,300ms,1,195,788,102,32,35,51,40,31,2,752
2026-09-11T14:42:49.756710+00:00,1116,800755,128x,300ms,1,195,788,102,32,36,50,40,31,2,751
2026-09-11T14:42:50.476184+00:00,1117,801473,128x,300ms,1,195,788,102,32,36,50,40,30,2,751
2026-09-11T14:42:51.188677+00:00,1118,802191,128x,300ms,1,194,787,101,33,36,50,40,30,2,751
2026-09-11T14:42:51.916320+00:00,1119,802909,128x,300ms,1,196,789,102,32,36,51,40,31,2,752
2026-09-11T14:42:52.628264+00:00,1120,803627,128x,300ms,0,195,789,102,33,36,50,40,31,2,752
2026-09-11T14:42:53.348228+00:00,1121,804345,128x,300ms,0,196,789,102,32,36,51,40,31,2,753
2026-09-11T14:42:54.069145+00:00,1122,805064,128x,300ms,0,196,789,102,32,36,51,40,30,2,753
2026-09-11T14:42:54.788485+00:00,1123,805782,128x,300ms,0,196,790,102,32,36,51,40,31,2,754
2026-09-11T14:42:55.500126+00:00,1124,806501,128x,300ms,0,196,790,102,32,36,51,40,30,2,753
2026-09-11T14:42:56.220443+00:00,1125,807220,128x,300ms,1,196,789,102,32,35,51,40,31,2,754
2026-09-11T14:42:56.940404+00:00,1126,807938,128x,300ms,1,196,789,102,32,36,50,40,30,2,753
2026-09-11T14:42:57.652946+00:00,1127,808655,128x,300ms,1,195,787,102,32,36,50,40,30,1,751
2026-09-11T14:42:58.372158+00:00,1128,809373,128x,300ms,1,196,790,102,33,36,50,40,30,2,753
2026-09-11T14:42:59.091757+00:00,1129,810092,128x,300ms,1,195,788,102,32,36,51,40,31,2,752
2026-09-11T14:42:59.812056+00:00,1130,810809,128x,300ms,0,196,790,102,32,36,50,40,31,2,754
2026-09-11T14:43:00.524579+00:00,1131,811528,128x,300ms,0,196,788,102,32,36,51,40,31,2,753
2026-09-11T14:43:01.245196+00:00,1132,812247,128x,300ms,0,196,791,102,33,36,51,40,31,2,753
2026-09-11T14:43:01.964028+00:00,1133,812964,128x,300ms,0,196,791,102,32,36,51,40,31,2,755
2026-09-11T14:43:02.684788+00:00,1134,813683,128x,300ms,0,196,791,102,33,36,51,41,31,2,755
2026-09-11T14:43:03.396016+00:00,1135,814402,128x,300ms,1,196,791,102,32,36,51,40,31,2,756
2026-09-11T14:43:04.116211+00:00,1136,815119,128x,300ms,1,197,792,102,32,36,51,40,31,2,756
2026-09-11T14:43:04.836085+00:00,1137,815837,128x,300ms,1,196,792,102,33,36,51,40,31,2,756
2026-09-11T14:43:05.548798+00:00,1138,816555,128x,300ms,1,196,791,102,32,36,51,40,31,2,754
2026-09-11T14:43:06.268275+00:00,1139,817272,128x,300ms,1,196,790,102,33,36,51,40,31,2,756
2026-09-11T14:43:06.988544+00:00,1140,817990,128x,300ms,0,197,793,103,33,36,51,40,31,2,756
2026-09-11T14:43:07.708340+00:00,1141,818709,128x,300ms,0,196,791,102,32,36,51,40,31,1,757
2026-09-11T14:43:08.428255+00:00,1142,819427,128x,300ms,0,196,790,103,33,36,51,40,31,2,755
2026-09-11T14:43:09.140726+00:00,1143,820146,128x,300ms,0,196,792,102,32,36,51,40,31,2,756
2026-09-11T14:43:09.860712+00:00,1144,820864,128x,300ms,0,196,792,103,32,36,51,40,30,2,757
2026-09-11T14:43:10.572132+00:00,1145,821582,128x,300ms,1,197,793,103,33,36,51,40,31,2,756
2026-09-11T14:43:11.292921+00:00,1146,822300,128x,300ms,1,197,793,103,32,36,51,40,30,2,756
2026-09-11T14:43:12.011970+00:00,1147,823018,128x,300ms,1,197,793,102,32,36,51,40,30,2,756
2026-09-11T14:43:12.732767+00:00,1148,823736,128x,300ms,1,196,793,103,32,36,51,40,31,2,756
2026-09-11T14:43:13.444134+00:00,1149,824454,128x,300ms,1,196,792,103,32,36,51,41,31,2,755
2026-09-11T14:43:14.164366+00:00,1150,825171,128x,300ms,0,196,790,102,33,36,50,40,30,2,755
2026-09-11T14:43:14.884317+00:00,1151,825890,128x,300ms,0,197,792,102,33,36,51,40,31,2,757
2026-09-11T14:43:15.603567+00:00,1152,826608,128x,300ms,0,197,793,103,33,36,51,41,31,2,757
2026-09-11T14:43:16.316069+00:00,1153,827327,128x,300ms,0,197,794,103,32,36,51,40,31,2,757
2026-09-11T14:43:17.036942+00:00,1154,828045,128x,300ms,0,197,794,103,32,36,51,40,31,2,757
2026-09-11T14:43:17.756735+00:00,1155,828764,128x,300ms,1,197,794,103,33,36,51,40,30,2,757
2026-09-11T14:43:18.476688+00:00,1156,829480,128x,300ms,1,197,794,102,32,36,51,41,31,2,757
2026-09-11T14:43:19.188081+00:00,1157,830198,128x,300ms,1,197,793,103,32,36,51,40,31,2,757
2026-09-11T14:43:19.908218+00:00,1158,830916,128x,300ms,1,197,791,102,32,36,51,40,31,2,757
2026-09-11T14:43:20.620181+00:00,1159,831634,128x,300ms,1,197,791,102,32,36,51,40,31,2,755
2026-09-11T14:43:21.348490+00:00,1160,832352,128x,300ms,0,197,793,103,33,36,51,40,30,2,757
2026-09-11T14:43:22.060139+00:00,1161,833070,128x,300ms,0,197,794,102,33,36,51,40,30,2,756
2026-09-11T14:43:22.780477+00:00,1162,833788,128x,300ms,0,197,791,103,32,36,51,40,31,2,758
2026-09-11T14:43:23.492839+00:00,1163,834506,128x,300ms,0,197,792,102,33,36,51,40,30,2,757
2026-09-11T14:43:24.220168+00:00,1164,835225,128x,300ms,0,197,792,102,33,36,51,40,30,2,755
2026-09-11T14:43:24.931578+00:00,1165,835943,128x,300ms,1,196,794,103,33,36,51,40,31,2,757
2026-09-11T14:43:25.652204+00:00,1166,836661,128x,300ms,1,197,792,103,32,36,51,40,30,2,755
2026-09-11T14:43:26.364897+00:00,1167,837379,128x,300ms,1,196,790,102,32,36,51,40,31,2,754
2026-09-11T14:43:27.084135+00:00,1168,838096,128x,300ms,1,197,794,103,32,36,51,40,31,2,758
2026-09-11T14:43:27.804702+00:00,1169,838814,128x,300ms,1,197,794,103,33,36,51,40,30,2,758
2026-09-11T14:43:28.524270+00:00,1170,839532,128x,300ms,0,197,794,103,33,36,51,40,31,2,758
2026-09-11T14:43:29.236020+00:00,1171,840251,128x,300ms,0,197,794,103,32,36,51,40,31,2,758
2026-09-11T14:43:29.956162+00:00,1172,840969,128x,300ms,0,197,794,103,33,36,51,40,30,2,758
2026-09-11T14:43:30.676963+00:00,1173,841688,128x,300ms,0,197,792,103,32,36,51,40,31,2,757
2026-09-11T14:43:31.396230+00:00,1174,842405,128x,300ms,0,197,793,103,33,36,51,40,31,2,755
2026-09-11T14:43:32.108099+00:00,1175,843124,128x,300ms,1,197,793,102,33,36,51,40,31,2,757
2026-09-11T14:43:32.828395+00:00,1176,843841,128x,300ms,1,197,794,103,33,36,51,40,31,2,759
2026-09-11T14:43:33.540633+00:00,1177,844559,128x,300ms,1,197,794,103,32,36,50,41,31,2,758
2026-09-11T14:43:34.261113+00:00,1178,845277,128x,300ms,1,197,794,103,32,36,51,41,31,2,758
2026-09-11T14:43:34.981072+00:00,1179,845995,128x,300ms,1,197,795,103,32,36,50,40,31,2,758
2026-09-11T14:43:35.699718+00:00,1180,846712,128x,300ms,0,197,794,103,33,36,51,40,31,2,758
2026-09-11T14:43:36.420051+00:00,1181,847431,128x,300ms,0,197,795,103,33,36,50,40,31,2,758
2026-09-11T14:43:37.131900+00:00,1182,848149,128x,300ms,0,197,795,103,33,36,51,40,30,2,758
2026-09-11T14:43:37.853011+00:00,1183,848868,128x,300ms,0,197,794,103,33,36,51,40,31,2,757
2026-09-11T14:43:38.572000+00:00,1184,849586,128x,300ms,0,196,791,102,32,36,51,40,31,2,757
2026-09-11T14:43:39.284726+00:00,1185,850305,128x,300ms,1,196,791,102,33,36,51,40,31,2,755
2026-09-11T14:43:40.003404+00:00,1186,851022,128x,300ms,1,197,792,103,32,36,51,41,31,2,758
2026-09-11T14:43:40.724170+00:00,1187,851740,128x,300ms,1,197,795,103,32,36,51,40,31,2,759
2026-09-11T14:43:41.444591+00:00,1188,852457,128x,300ms,1,197,795,103,33,36,51,41,31,2,759
2026-09-11T14:43:42.156640+00:00,1189,853175,128x,300ms,1,197,795,103,33,36,51,40,31,2,759
2026-09-11T14:43:42.876133+00:00,1190,853893,128x,300ms,0,197,792,102,33,36,51,40,31,2,756
2026-09-11T14:43:43.595984+00:00,1191,854611,128x,300ms,0,197,795,103,33,36,51,41,31,2,758
2026-09-11T14:43:44.307986+00:00,1192,855329,128x,300ms,0,197,795,103,33,36,51,40,31,2,758
2026-09-11T14:43:45.028315+00:00,1193,856048,128x,300ms,0,197,795,103,33,36,51,40,31,2,758
2026-09-11T14:43:45.748701+00:00,1194,856766,128x,300ms,0,197,794,103,33,36,51,40,31,1,758
2026-09-11T14:43:46.468917+00:00,1195,857485,128x,300ms,1,198,795,103,33,36,51,40,31,2,759
2026-09-11T14:43:47.180152+00:00,1196,858203,128x,300ms,1,197,795,103,32,36,51,40,31,2,759
2026-09-11T14:43:47.899627+00:00,1197,858920,128x,300ms,1,197,795,103,32,36,51,40,31,2,759
2026-09-11T14:43:48.619920+00:00,1198,859637,128x,300ms,1,197,796,103,33,36,51,40,31,2,760
2026-09-11T14:43:49.332941+00:00,1199,860356,128x,300ms,1,197,795,103,33,36,51,40,31,2,759
2026-09-11T14:43:50.053084+00:00,1200,861073,128x,300ms,0,197,794,103,32,36,51,40,31,1,760
2026-09-11T14:43:50.772759+00:00,1201,861792,128x,300ms,0,197,795,103,33,36,51,40,31,2,757
2026-09-11T14:43:51.493042+00:00,1202,862510,128x,300ms,0,198,796,103,32,36,51,40,31,2,759
2026-09-11T14:43:52.213001+00:00,1203,863228,128x,300ms,0,197,796,103,33,36,51,40,31,2,759
2026-09-11T14:43:52.924071+00:00,1204,863947,128x,300ms,0,198,796,103,33,36,51,41,31,2,760
2026-09-11T14:43:53.644857+00:00,1205,864665,128x,300ms,1,197,796,103,32,36,51,40,31,2,759
2026-09-11T14:43:54.356966+00:00,1206,865383,128x,300ms,1,197,796,103,33,36,50,40,31,2,759
2026-09-11T14:43:55.076043+00:00,1207,866101,128x,300ms,1,197,795,103,33,36,50,40,31,2,758
2026-09-11T14:43:55.796832+00:00,1208,866819,128x,300ms,1,197,795,103,33,36,51,40,31,2,758
2026-09-11T14:43:56.516183+00:00,1209,867537,128x,300ms,1,197,795,103,33,36,51,40,31,2,758
2026-09-11T14:43:57.228202+00:00,1210,868254,128x,300ms,0,197,795,103,33,36,51,40,31,2,758
2026-09-11T14:43:57.948597+00:00,1211,868973,128x,300ms,0,197,796,103,33,36,51,41,31,2,758
2026-09-11T14:43:58.668529+00:00,1212,869691,128x,300ms,0,197,795,103,32,36,51,40,31,2,759
2026-09-11T14:43:59.387770+00:00,1213,870410,128x,300ms,0,197,795,103,33,36,51,40,31,2,758
2026-09-11T14:44:00.099500+00:00,1214,871128,128x,300ms,0,197,793,103,33,36,51,40,31,1,758
2026-09-11T14:44:00.819812+00:00,1215,871846,128x,300ms,1,197,792,103,33,36,51,40,31,2,757
2026-09-11T14:44:01.540647+00:00,1216,872564,128x,300ms,1,197,795,103,32,36,50,40,31,2,758
2026-09-11T14:44:02.260394+00:00,1217,873282,128x,300ms,1,197,795,103,33,36,51,40,31,2,759
2026-09-11T14:44:02.972247+00:00,1218,874000,128x,300ms,1,197,795,103,32,36,51,40,31,2,759
2026-09-11T14:44:03.692282+00:00,1219,874718,128x,300ms,1,197,795,103,32,36,51,40,31,2,758
2026-09-11T14:44:04.412548+00:00,1220,875436,128x,300ms,0,197,795,103,33,35,50,40,31,2,756
2026-09-11T14:44:05.132775+00:00,1221,876154,128x,300ms,0,197,795,103,32,36,51,40,31,2,759
2026-09-11T14:44:05.844331+00:00,1222,876872,128x,300ms,0,197,795,103,33,36,51,41,31,2,759
2026-09-11T14:44:06.564714+00:00,1223,877591,128x,300ms,0,197,796,103,33,36,51,40,31,2,759
2026-09-11T14:44:07.284443+00:00,1224,878309,128x,300ms,0,198,796,103,33,36,51,40,31,1,759
2026-09-11T14:44:08.004086+00:00,1225,879028,128x,300ms,1,196,793,103,32,36,51,41,31,2,756
2026-09-11T14:44:08.716076+00:00,1226,879745,128x,300ms,1,197,796,103,33,36,51,40,31,2,759
2026-09-11T14:44:09.435997+00:00,1227,880463,128x,300ms,1,197,795,103,32,36,51,41,31,2,759
2026-09-11T14:44:10.148936+00:00,1228,881180,128x,300ms,1,197,795,103,32,36,51,40,31,1,758
2026-09-11T14:44:10.868405+00:00,1229,881898,128x,300ms,1,197,792,103,32,36,51,40,31,2,758
2026-09-11T14:44:11.588261+00:00,1230,882616,128x,300ms,0,197,793,103,32,36,51,40,31,2,758
2026-09-11T14:44:12.308604+00:00,1231,883335,128x,300ms,0,197,794,103,32,36,51,40,31,2,756
2026-09-11T14:44:13.019691+00:00,1232,884052,128x,300ms,0,197,795,103,32,36,51,40,31,1,759
2026-09-11T14:44:13.740084+00:00,1233,884771,128x,300ms,0,198,795,103,33,36,51,40,30,2,759
2026-09-11T14:44:14.460063+00:00,1234,885489,128x,300ms,0,197,796,103,32,36,51,40,31,1,758
2026-09-11T14:44:15.180757+00:00,1235,886208,128x,300ms,1,197,796,103,33,36,51,41,31,1,759
2026-09-11T14:44:15.892559+00:00,1236,886925,128x,300ms,1,197,796,103,33,36,51,40,31,2,759
2026-09-11T14:44:16.612948+00:00,1237,887643,128x,300ms,1,197,796,103,33,36,51,40,31,2,759
2026-09-11T14:44:17.324362+00:00,1238,888360,128x,300ms,1,197,793,103,32,36,51,40,31,2,758
2026-09-11T14:44:18.051883+00:00,1239,889078,128x,300ms,1,197,795,103,33,36,51,40,31,2,758
2026-09-11T14:44:18.763276+00:00,1240,889796,128x,300ms,0,197,797,103,32,36,50,40,31,2,759
2026-09-11T14:44:19.483843+00:00,1241,890514,128x,300ms,0,198,796,103,33,36,51,41,31,2,759
2026-09-11T14:44:20.204037+00:00,1242,891233,128x,300ms,0,197,794,103,33,36,51,40,31,2,758
2026-09-11T14:44:20.915958+00:00,1243,891952,128x,300ms,0,197,797,103,32,36,51,40,31,2,759
2026-09-11T14:44:21.636272+00:00,1244,892669,128x,300ms,0,197,794,103,32,36,51,40,31,2,760
2026-09-11T14:44:22.356237+00:00,1245,893387,128x,300ms,1,198,797,103,33,36,51,40,31,2,760
2026-09-11T14:44:23.069007+00:00,1246,894105,128x,300ms,1,198,797,103,32,36,50,40,31,2,758
2026-09-11T14:44:23.788282+00:00,1247,894824,128x,300ms,1,198,797,103,33,36,51,40,31,2,759
2026-09-11T14:44:24.508406+00:00,1248,895541,128x,300ms,1,197,795,103,32,36,51,40,31,2,760
2026-09-11T14:44:25.227909+00:00,1249,896260,128x,300ms,1,198,795,103,32,36,51,40,31,3,759
2026-09-11T14:44:25.939492+00:00,1250,896976,128x,300ms,0,198,797,103,32,35,51,40,31,2,760
2026-09-11T14:44:26.660117+00:00,1251,897695,128x,300ms,0,197,795,103,32,36,51,40,31,2,760
2026-09-11T14:44:27.380147+00:00,1252,898414,128x,300ms,0,197,794,103,32,36,51,41,31,2,758
2026-09-11T14:44:28.092637+00:00,1253,899132,128x,300ms,0,198,797,103,33,36,51,40,31,2,759
2026-09-11T14:44:28.812159+00:00,1254,899851,128x,300ms,0,198,797,103,33,36,51,40,31,1,760
2026-09-11T14:44:29.532037+00:00,1255,900569,128x,300ms,1,198,797,103,33,36,51,40,31,2,760
2026-09-11T14:44:30.252011+00:00,1256,901286,128x,300ms,1,197,798,103,33,36,51,40,31,2,760
2026-09-11T14:44:30.964483+00:00,1257,902004,128x,300ms,1,198,797,103,33,36,51,40,31,1,760
2026-09-11T14:44:31.684171+00:00,1258,902722,128x,300ms,1,197,795,103,32,36,51,40,31,1,760
2026-09-11T14:44:32.403997+00:00,1259,903440,128x,300ms,1,197,797,103,32,36,51,40,31,2,760
2026-09-11T14:44:33.124160+00:00,1260,904158,128x,300ms,0,198,797,104,33,36,51,40,31,2,760
2026-09-11T14:44:33.836148+00:00,1261,904876,128x,300ms,0,198,796,103,32,36,51,40,31,2,761
2026-09-11T14:44:34.556523+00:00,1262,905594,128x,300ms,0,197,795,103,33,36,51,41,31,2,758
2026-09-11T14:44:35.276492+00:00,1263,906313,128x,300ms,0,198,798,103,32,36,51,40,31,2,759
2026-09-11T14:44:35.996015+00:00,1264,907031,128x,300ms,0,198,797,104,32,36,51,41,31,1,758
2026-09-11T14:44:36.707470+00:00,1265,907750,128x,300ms,1,198,797,103,33,36,51,40,31,2,760
2026-09-11T14:44:37.427794+00:00,1266,908468,128x,300ms,1,198,798,103,32,36,51,40,31,2,761
2026-09-11T14:44:38.140798+00:00,1267,909186,128x,300ms,1,197,796,103,32,36,51,41,31,2,759
2026-09-11T14:44:38.860468+00:00,1268,909902,128x,300ms,1,198,796,103,32,36,51,41,31,2,761
2026-09-11T14:44:39.579737+00:00,1269,910620,128x,300ms,1,198,797,103,32,36,51,40,31,2,760
2026-09-11T14:44:40.300145+00:00,1270,911338,128x,300ms,0,198,797,103,32,36,51,41,31,2,761
2026-09-11T14:44:41.012737+00:00,1271,912056,128x,300ms,0,198,797,104,33,36,51,40,31,2,761
2026-09-11T14:44:41.740765+00:00,1272,912775,128x,300ms,0,198,798,103,32,36,51,40,31,2,761
2026-09-11T14:44:42.452752+00:00,1273,913492,128x,300ms,0,198,798,104,33,36,51,40,31,2,761
2026-09-11T14:44:43.171940+00:00,1274,914211,128x,300ms,0,198,795,103,33,36,51,40,31,2,759
2026-09-11T14:44:43.883905+00:00,1275,914930,128x,300ms,1,198,798,104,33,36,51,41,30,2,762
2026-09-11T14:44:44.604323+00:00,1276,915648,128x,300ms,1,197,796,103,32,36,51,40,31,1,759
2026-09-11T14:44:45.324045+00:00,1277,916366,128x,300ms,1,198,797,104,32,36,51,41,31,2,760
2026-09-11T14:44:46.036036+00:00,1278,917083,128x,300ms,1,198,798,103,32,36,51,40,31,2,761
2026-09-11T14:44:46.756439+00:00,1279,917800,128x,300ms,1,198,798,103,33,36,51,41,31,2,761
2026-09-11T14:44:47.476052+00:00,1280,918517,128x,300ms,0,197,797,103,33,36,51,40,31,2,759
2026-09-11T14:44:48.196983+00:00,1281,919236,128x,300ms,0,198,798,103,33,36,51,40,31,2,761
2026-09-11T14:44:48.915674+00:00,1282,919955,128x,300ms,0,198,799,103,33,36,51,40,31,2,762
2026-09-11T14:44:49.627658+00:00,1283,920673,128x,300ms,0,198,799,104,32,36,51,41,31,2,762
2026-09-11T14:44:50.347424+00:00,1284,921392,128x,300ms,0,198,798,103,33,36,51,40,31,2,762
2026-09-11T14:44:51.059913+00:00,1285,922110,128x,300ms,1,198,796,103,32,36,51,40,31,2,760
2026-09-11T14:44:51.779619+00:00,1286,922827,128x,300ms,1,198,799,104,33,36,51,40,31,2,761
2026-09-11T14:44:52.500516+00:00,1287,923545,128x,300ms,1,198,798,103,33,36,51,40,31,1,762
2026-09-11T14:44:53.219295+00:00,1288,924263,128x,300ms,1,198,799,103,32,36,51,41,31,2,761
2026-09-11T14:44:53.932310+00:00,1289,924981,128x,300ms,1,198,797,103,33,36,51,40,31,2,759
2026-09-11T14:44:54.652194+00:00,1290,925698,128x,300ms,0,198,798,104,33,36,51,41,31,2,762
2026-09-11T14:44:55.372339+00:00,1291,926416,128x,300ms,0,198,797,103,32,36,51,40,31,2,760
2026-09-11T14:44:56.092009+00:00,1292,927135,128x,300ms,0,198,796,103,32,36,51,40,31,2,759
2026-09-11T14:44:56.804127+00:00,1293,927854,128x,300ms,0,198,798,103,32,36,51,40,31,1,761
2026-09-11T14:44:57.523919+00:00,1294,928572,128x,300ms,0,198,799,103,32,36,51,40,31,2,760
2026-09-11T14:44:58.244256+00:00,1295,929291,128x,300ms,1,198,798,103,33,36,51,40,31,1,761
2026-09-11T14:44:58.964938+00:00,1296,930008,128x,300ms,1,198,798,103,33,36,50,40,31,2,761
2026-09-11T14:44:59.676955+00:00,1297,930726,128x,300ms,1,198,798,103,33,36,51,40,31,2,761
2026-09-11T14:45:00.396073+00:00,1298,931443,128x,300ms,1,198,797,103,32,36,50,40,31,2,758
2026-09-11T14:45:01.115559+00:00,1299,932162,128x,300ms,1,198,797,103,32,35,50,40,31,2,760
2026-09-11T14:45:01.835870+00:00,1300,932880,128x,300ms,0,198,798,103,32,36,51,40,31,2,760
2026-09-11T14:45:02.547932+00:00,1301,933598,128x,300ms,0,198,799,104,32,36,51,40,31,2,761
2026-09-11T14:45:03.268847+00:00,1302,934317,128x,300ms,0,198,798,103,32,35,49,40,31,2,759
2026-09-11T14:45:03.988300+00:00,1303,935035,128x,300ms,0,198,798,103,32,35,50,40,31,2,759
2026-09-11T14:45:04.708946+00:00,1304,935753,128x,300ms,0,198,796,103,32,35,49,39,31,2,756
2026-09-11T14:45:05.420277+00:00,1305,936472,128x,300ms,1,198,798,103,32,35,50,40,30,1,759
2026-09-11T14:45:06.140017+00:00,1306,937190,128x,300ms,1,198,798,103,32,35,50,40,31,2,758
2026-09-11T14:45:06.859986+00:00,1307,937909,128x,300ms,1,198,797,103,32,35,50,40,30,2,759
2026-09-11T14:45:07.571957+00:00,1308,938627,128x,300ms,1,198,798,103,32,36,50,40,31,2,761
2026-09-11T14:45:08.292036+00:00,1309,939344,128x,300ms,1,198,798,103,33,36,51,40,31,2,760
2026-09-11T14:45:09.011745+00:00,1310,940062,128x,300ms,0,197,796,103,33,36,51,41,31,2,759
2026-09-11T14:45:09.732139+00:00,1311,940781,128x,300ms,0,198,798,103,33,36,51,41,31,2,759
2026-09-11T14:45:10.444140+00:00,1312,941499,128x,300ms,0,198,799,104,33,36,51,41,31,2,762
2026-09-11T14:45:11.164325+00:00,1313,942218,128x,300ms,0,198,799,103,33,36,51,40,31,2,762
2026-09-11T14:45:11.884462+00:00,1314,942937,128x,300ms,0,198,798,102,31,32,44,36,29,1,749
2026-09-11T14:45:12.604120+00:00,1315,943654,128x,300ms,1,197,796,102,32,35,49,39,30,1,756
2026-09-11T14:45:13.315473+00:00,1316,944372,128x,300ms,1,198,798,103,31,34,48,39,30,2,756
2026-09-11T14:45:14.035770+00:00,1317,945090,128x,300ms,1,198,799,102,31,32,44,37,29,1,750
2026-09-11T14:45:14.756569+00:00,1318,945808,128x,300ms,1,198,799,102,31,33,47,38,30,1,755
2026-09-11T14:45:15.475564+00:00,1319,946526,128x,300ms,1,198,799,103,31,34,47,39,30,2,756
2026-09-11T14:45:16.188072+00:00,1320,947244,128x,300ms,0,198,800,103,31,34,47,38,30,1,756
2026-09-11T14:45:16.907150+00:00,1321,947962,128x,300ms,0,198,800,103,32,34,47,38,30,1,756
2026-09-11T14:45:17.627422+00:00,1322,948681,128x,300ms,0,198,798,103,32,34,47,38,30,2,755
2026-09-11T14:45:18.348761+00:00,1323,949400,128x,300ms,0,198,800,103,32,34,47,38,30,1,757
2026-09-11T14:45:19.068068+00:00,1324,950119,128x,300ms,0,199,801,103,32,34,47,39,30,2,758
2026-09-11T14:45:19.780942+00:00,1325,950837,128x,300ms,1,199,800,103,32,34,48,39,30,2,758
